v 0.5794579386711121 0.3970946967601776 0.17563630640506744
v 0.5794579386711121 0.406255841255188 0.17563630640506744
v 0.5771752595901489 0.406255841255188 0.17502467334270477
v 0.5771752595901489 0.3970946967601776 0.17502467334270477
v 0.5771752595901489 0.3970946967601776 0.17502467334270477
v 0.5771752595901489 0.406255841255188 0.17502467334270477
v 0.5755042433738708 0.406255841255188 0.1733536571264267
v 0.5755042433738708 0.3970946967601776 0.1733536571264267
v 0.5748926401138306 0.406255841255188 0.17107100784778595
v 0.5748926401138306 0.3970946967601776 0.17107100784778595
v 0.5755042433738708 0.406255841255188 0.1687883585691452
v 0.5755042433738708 0.3970946967601776 0.1687883585691452
v 0.5771752595901489 0.406255841255188 0.16711734235286713
v 0.5771752595901489 0.3970946967601776 0.16711734235286713
v 0.5771752595901489 0.3970946967601776 0.16711734235286713
v 0.5771752595901489 0.406255841255188 0.16711734235286713
v 0.5794579386711121 0.406255841255188 0.16650570929050446
v 0.5794579386711121 0.3970946967601776 0.16650570929050446
v 0.569325864315033 0.4061957001686096 0.1757884919643402
v 0.569325864315033 0.409649133682251 0.17924192547798157
v 0.5695968866348267 0.409649133682251 0.17924192547798157
v 0.5695968866348267 0.4061957001686096 0.1757884919643402
v 0.569325864315033 0.4049316644668579 0.17107100784778595
v 0.569325864315033 0.4061957001686096 0.1757884919643402
v 0.5695968866348267 0.4061957001686096 0.1757884919643402
v 0.5695968866348267 0.4049316644668579 0.17107100784778595
v 0.5794579386711121 0.43069881200790405 0.16650570929050446
v 0.5794579386711121 0.43110617995262146 0.16650570929050446
v 0.5756534934043884 0.43110617995262146 0.16548632085323334
v 0.5756534934043884 0.43069881200790405 0.16548632085323334
v 0.5756534934043884 0.43069881200790405 0.16548632085323334
v 0.5756534934043884 0.43110617995262146 0.16548632085323334
v 0.5728684663772583 0.43110617995262146 0.1627012938261032
v 0.5728684663772583 0.43069881200790405 0.1627012938261032
v 0.5718491077423096 0.43110617995262146 0.15889687836170197
v 0.5718491077423096 0.43069881200790405 0.15889687836170197
v 0.5728684663772583 0.43110617995262146 0.15509246289730072
v 0.5728684663772583 0.43069881200790405 0.15509246289730072
v 0.5756534934043884 0.43110617995262146 0.1523074358701706
v 0.5756534934043884 0.43069881200790405 0.1523074358701706
v 0.5756534934043884 0.43069881200790405 0.1523074358701706
v 0.5756534934043884 0.43110617995262146 0.1523074358701706
v 0.5794579386711121 0.43110617995262146 0.15128804743289948
v 0.5794579386711121 0.43069881200790405 0.15128804743289948
v 0.5756534934043884 0.4259321689605713 0.1523074358701706
v 0.5794579386711121 0.4259321689605713 0.15128804743289948
v 0.5794579386711121 0.4259321689605713 0.15092794597148895
v 0.5754734873771667 0.4259321689605713 0.15199558436870575
v 0.5728684663772583 0.4259321689605713 0.15509246289730072
v 0.5725566148757935 0.4259321689605713 0.15491241216659546
v 0.5718491077423096 0.4259321689605713 0.15889687836170197
v 0.5714889764785767 0.4259321689605713 0.15889687836170197
v 0.5728684663772583 0.4259321689605713 0.1627012938261032
v 0.5725566148757935 0.4259321689605713 0.16288134455680847
v 0.5756534934043884 0.4259321689605713 0.16548632085323334
v 0.5754734873771667 0.4259321689605713 0.16579817235469818
v 0.5794579386711121 0.4259321689605713 0.16650570929050446
v 0.5794579386711121 0.4259321689605713 0.16686581075191498
v 0.5728684663772583 0.4259321689605713 0.15509246289730072
v 0.5728684663772583 0.4263395071029663 0.15509246289730072
v 0.5756534934043884 0.4263395071029663 0.1523074358701706
v 0.5756534934043884 0.4259321689605713 0.1523074358701706
v 0.5718491077423096 0.4263395071029663 0.15889687836170197
v 0.5718491077423096 0.4259321689605713 0.15889687836170197
v 0.5728684663772583 0.4263395071029663 0.1627012938261032
v 0.5728684663772583 0.4259321689605713 0.1627012938261032
v 0.5756534934043884 0.4263395071029663 0.16548632085323334
v 0.5756534934043884 0.4259321689605713 0.16548632085323334
v 0.5794579386711121 0.4263395071029663 0.16650570929050446
v 0.5756534934043884 0.4263395071029663 0.16548632085323334
v 0.5794579386711121 0.4259321689605713 0.16650570929050446
v 0.5756534934043884 0.4259321689605713 0.16548632085323334
v 0.5794579386711121 0.43110617995262146 0.15128804743289948
v 0.5756534934043884 0.43110617995262146 0.1523074358701706
v 0.5759194493293762 0.43110617995262146 0.15276804566383362
v 0.5794579386711121 0.43110617995262146 0.15181989967823029
v 0.5728684663772583 0.43110617995262146 0.15509246289730072
v 0.5733290910720825 0.43110617995262146 0.15535838901996613
v 0.5718491077423096 0.43110617995262146 0.15889687836170197
v 0.5723809599876404 0.43110617995262146 0.15889687836170197
v 0.5728684663772583 0.43110617995262146 0.1627012938261032
v 0.5733290910720825 0.43110617995262146 0.1624353677034378
v 0.5756534934043884 0.43110617995262146 0.16548632085323334
v 0.5759194493293762 0.43110617995262146 0.1650257110595703
v 0.5794579386711121 0.43110617995262146 0.16650570929050446
v 0.5794579386711121 0.43110617995262146 0.16597384214401245
v 0.5756534934043884 0.4259321689605713 0.1523074358701706
v 0.5756534934043884 0.4263395071029663 0.1523074358701706
v 0.5794579386711121 0.4263395071029663 0.15128804743289948
v 0.5794579386711121 0.4259321689605713 0.15128804743289948
v 0.5677464604377747 0.42558470368385315 0.1467227339744568
v 0.5677464604377747 0.4259321689605713 0.1467227339744568
v 0.5794579386711121 0.4259321689605713 0.1467227339744568
v 0.5794579386711121 0.42558470368385315 0.1467227339744568
v 0.5769240856170654 0.4311061501502991 0.15450817346572876
v 0.5771752595901489 0.4311061501502991 0.15494321286678314
v 0.5794579386711121 0.4311061501502991 0.15433157980442047
v 0.5794579386711121 0.4311061501502991 0.15382924675941467
v 0.5750692486763 0.4311061501502991 0.15636305510997772
v 0.5755042433738708 0.4311061501502991 0.15661422908306122
v 0.5743902921676636 0.4311061501502991 0.15889687836170197
v 0.5748926401138306 0.4311061501502991 0.15889687836170197
v 0.5677464604377747 0.4259321689605713 0.14712263643741608
v 0.5794579386711121 0.4259321689605713 0.14712263643741608
v 0.5794579386711121 0.4259321689605713 0.1467227339744568
v 0.5677464604377747 0.4259321689605713 0.1467227339744568
v 0.5672838091850281 0.42558470368385315 0.14712263643741608
v 0.5672838091850281 0.4259321689605713 0.14712263643741608
v 0.5672838091850281 0.4259321689605713 0.1467227339744568
v 0.5672838091850281 0.42558470368385315 0.1467227339744568
v 0.5672838091850281 0.42558470368385315 0.17107100784778595
v 0.5672838091850281 0.4259321689605713 0.17107100784778595
v 0.5672838091850281 0.4259321689605713 0.15889686346054077
v 0.5672838091850281 0.42558470368385315 0.15889687836170197
v 0.5672838091850281 0.3967142403125763 0.14712263643741608
v 0.5672838091850281 0.3967142403125763 0.1467227339744568
v 0.5677464604377747 0.3967142403125763 0.1467227339744568
v 0.5677464604377747 0.3967142403125763 0.14712263643741608
v 0.5672838091850281 0.42558470368385315 0.1467227339744568
v 0.5672838091850281 0.4259321689605713 0.1467227339744568
v 0.5672838091850281 0.4259321689605713 0.14712263643741608
v 0.5672838091850281 0.4259321689605713 0.1467227339744568
v 0.5672838091850281 0.4259321689605713 0.15889686346054077
v 0.5677464604377747 0.4259321689605713 0.15889686346054077
v 0.5750692486763 0.4311061501502991 0.16143068671226501
v 0.5755042433738708 0.4311061501502991 0.1611795276403427
v 0.5769240856170654 0.4311061501502991 0.16328558325767517
v 0.5771752595901489 0.4311061501502991 0.1628505438566208
v 0.5794579386711121 0.4311061501502991 0.16396450996398926
v 0.5794579386711121 0.4311061501502991 0.16346217691898346
v 0.5672838091850281 0.41436734795570374 0.15889687836170197
v 0.5672838091850281 0.41436660289764404 0.16109824180603027
v 0.5672838091850281 0.4193529784679413 0.16243433952331543
v 0.5672838091850281 0.3967142403125763 0.14712263643741608
v 0.5672838091850281 0.39706170558929443 0.14712263643741608
v 0.5672838091850281 0.39706170558929443 0.1467227339744568
v 0.5672838091850281 0.3967142403125763 0.1467227339744568
v 0.5672838091850281 0.3967142403125763 0.1467227339744568
v 0.5672838091850281 0.39706170558929443 0.1467227339744568
v 0.5677464604377747 0.39706170558929443 0.1467227339744568
v 0.5677464604377747 0.3967142403125763 0.1467227339744568
v 0.569325864315033 0.41436660289764404 0.18050596117973328
v 0.569325864315033 0.4190840721130371 0.17924192547798157
v 0.5695968866348267 0.4190840721130371 0.17924192547798157
v 0.5695968866348267 0.41436660289764404 0.18050596117973328
v 0.5794579386711121 0.3967142403125763 0.1513175517320633
v 0.5722610950469971 0.3967142403125763 0.1513175517320633
v 0.5718823075294495 0.3967142403125763 0.1513175517320633
v 0.5794579386711121 0.3967142403125763 0.14712263643741608
v 0.5672838091850281 0.41436734795570374 0.1467227339744568
v 0.5677464604377747 0.41436734795570374 0.1467227339744568
v 0.569325864315033 0.42253750562667847 0.1757884919643402
v 0.5695968866348267 0.42253750562667847 0.1757884919643402
v 0.569325864315033 0.42253750562667847 0.1757884919643402
v 0.569325864315033 0.42380157113075256 0.17107100784778595
v 0.5695968866348267 0.42380157113075256 0.17107100784778595
v 0.5695968866348267 0.42253750562667847 0.1757884919643402
v 0.569325864315033 0.42253750562667847 0.16635353863239288
v 0.5695968866348267 0.42253750562667847 0.16635353863239288
v 0.569325864315033 0.42253750562667847 0.16635353863239288
v 0.569325864315033 0.4190840721130371 0.16290010511875153
v 0.5695968866348267 0.4190840721130371 0.16290010511875153
v 0.5695968866348267 0.42253750562667847 0.16635353863239288
v 0.569325864315033 0.41436660289764404 0.16163605451583862
v 0.5695968866348267 0.41436660289764404 0.16163605451583862
v 0.569325864315033 0.409649133682251 0.16290010511875153
v 0.5695968866348267 0.409649133682251 0.16290010511875153
v 0.569325864315033 0.4061957001686096 0.1663535237312317
v 0.5695968866348267 0.4061957001686096 0.1663535237312317
v 0.569325864315033 0.4061957001686096 0.1663535237312317
v 0.5695968866348267 0.4061957001686096 0.1663535237312317
v 0.5695968866348267 0.4051579535007477 0.17107100784778595
v 0.5695968866348267 0.4063916802406311 0.16646666824817657
v 0.5695968866348267 0.4061957001686096 0.1663535237312317
v 0.5695968866348267 0.4049316644668579 0.17107100784778595
v 0.5695968866348267 0.40976229310035706 0.16309607028961182
v 0.5695968866348267 0.409649133682251 0.16290010511875153
v 0.5695968866348267 0.41436660289764404 0.1618623435497284
v 0.5695968866348267 0.41436660289764404 0.16163605451583862
v 0.5695968866348267 0.4189709424972534 0.16309607028961182
v 0.5695968866348267 0.4190840721130371 0.16290010511875153
v 0.5695968866348267 0.42234155535697937 0.16646668314933777
v 0.5695968866348267 0.42253750562667847 0.16635353863239288
v 0.5695968866348267 0.4235752820968628 0.17107100784778595
v 0.5695968866348267 0.42380157113075256 0.17107100784778595
v 0.5695968866348267 0.42234155535697937 0.17567534744739532
v 0.5695968866348267 0.42253750562667847 0.1757884919643402
v 0.5695968866348267 0.4189709424972534 0.17904594540596008
v 0.5695968866348267 0.4190840721130371 0.17924192547798157
v 0.5695968866348267 0.41436660289764404 0.1802796721458435
v 0.5695968866348267 0.41436660289764404 0.18050596117973328
v 0.5695968866348267 0.40976226329803467 0.17904594540596008
v 0.5695968866348267 0.409649133682251 0.17924192547798157
v 0.5695968866348267 0.4063916802406311 0.17567534744739532
v 0.5695968866348267 0.4061957001686096 0.1757884919643402
v 0.5672838091850281 0.39706170558929443 0.15889687836170197
v 0.5672838091850281 0.4093802273273468 0.16243433952331543
v 0.5672838091850281 0.4061957001686096 0.1663535237312317
v 0.5672838091850281 0.4057299494743347 0.16608461737632751
v 0.5672838091850281 0.40439385175704956 0.17107100784778595
v 0.5672838091850281 0.4049316644668579 0.17107100784778595
v 0.5672838091850281 0.409649133682251 0.16290010511875153
v 0.5672838091850281 0.41436660289764404 0.16163605451583862
v 0.5672838091850281 0.4190840721130371 0.16290010511875153
v 0.5672838091850281 0.42253750562667847 0.16635353863239288
v 0.5672838091850281 0.42300328612327576 0.1660846322774887
v 0.5672838091850281 0.42380157113075256 0.17107100784778595
v 0.5672838091850281 0.4243393838405609 0.17107100784778595
v 0.5672838091850281 0.42253750562667847 0.1757884919643402
v 0.5672838091850281 0.42300328612327576 0.17605739831924438
v 0.5672838091850281 0.4190840721130371 0.17924192547798157
v 0.5672838091850281 0.4193529784679413 0.17970767617225647
v 0.5672838091850281 0.41436660289764404 0.18050596117973328
v 0.5672838091850281 0.41436660289764404 0.18104377388954163
v 0.5672838091850281 0.409649133682251 0.17924192547798157
v 0.5672838091850281 0.4093802273273468 0.17970767617225647
v 0.5672838091850281 0.4061957001686096 0.1757884919643402
v 0.5672838091850281 0.4057299494743347 0.17605739831924438
v 0.5672838091850281 0.4061957001686096 0.1757884919643402
v 0.5672838091850281 0.409649133682251 0.17924192547798157
v 0.5675849318504333 0.409649133682251 0.17924192547798157
v 0.5675849318504333 0.4061957001686096 0.1757884919643402
v 0.5672838091850281 0.4049316644668579 0.17107100784778595
v 0.5672838091850281 0.4061957001686096 0.1757884919643402
v 0.5675849318504333 0.4061957001686096 0.1757884919643402
v 0.5675849318504333 0.4049316644668579 0.17107100784778595
v 0.5672838091850281 0.41436660289764404 0.18050596117973328
v 0.5672838091850281 0.4190840721130371 0.17924192547798157
v 0.5675849318504333 0.4190840721130371 0.17924192547798157
v 0.5675849318504333 0.41436660289764404 0.18050596117973328
v 0.5672838091850281 0.42253750562667847 0.1757884919643402
v 0.5675849318504333 0.42253750562667847 0.1757884919643402
v 0.5672838091850281 0.42253750562667847 0.1757884919643402
v 0.5672838091850281 0.42380157113075256 0.17107100784778595
v 0.5675849318504333 0.42380157113075256 0.17107100784778595
v 0.5675849318504333 0.42253750562667847 0.1757884919643402
v 0.5672838091850281 0.42253750562667847 0.16635353863239288
v 0.5675849318504333 0.42253750562667847 0.16635353863239288
v 0.5672838091850281 0.42253750562667847 0.16635353863239288
v 0.5672838091850281 0.4190840721130371 0.16290010511875153
v 0.5675849318504333 0.4190840721130371 0.16290010511875153
v 0.5675849318504333 0.42253750562667847 0.16635353863239288
v 0.5672838091850281 0.41436660289764404 0.16163605451583862
v 0.5675849318504333 0.41436660289764404 0.16163605451583862
v 0.5672838091850281 0.409649133682251 0.16290010511875153
v 0.5675849318504333 0.409649133682251 0.16290010511875153
v 0.5672838091850281 0.4061957001686096 0.1663535237312317
v 0.5675849318504333 0.4061957001686096 0.1663535237312317
v 0.5672838091850281 0.4061957001686096 0.1663535237312317
v 0.5675849318504333 0.4061957001686096 0.1663535237312317
v 0.5695968866348267 0.4068963825702667 0.17107100784778595
v 0.5695968866348267 0.4078972041606903 0.1673358976840973
v 0.5695968866348267 0.4106315076351166 0.16460159420967102
v 0.5695968866348267 0.41436660289764404 0.16360077261924744
v 0.5695968866348267 0.4181017279624939 0.16460159420967102
v 0.5695968866348267 0.42083603143692017 0.1673358976840973
v 0.5695968866348267 0.42183685302734375 0.17107100784778595
v 0.5695968866348267 0.42083603143692017 0.1748061329126358
v 0.5695968866348267 0.4181017279624939 0.17754042148590088
v 0.5695968866348267 0.41436660289764404 0.17854124307632446
v 0.5695968866348267 0.4106314778327942 0.17754042148590088
v 0.5695968866348267 0.4078972041606903 0.1748061329126358
v 0.5695968866348267 0.4070621132850647 0.17107100784778595
v 0.5695968866348267 0.40804073214530945 0.16741876304149628
v 0.5695968866348267 0.41071435809135437 0.16474513709545135
v 0.5695968866348267 0.41436660289764404 0.1637665331363678
v 0.5695968866348267 0.4180188477039337 0.16474515199661255
v 0.5695968866348267 0.42069247364997864 0.16741877794265747
v 0.5695968866348267 0.4216710925102234 0.17107100784778595
v 0.5695968866348267 0.42069247364997864 0.17472325265407562
v 0.5695968866348267 0.4180188477039337 0.17739687860012054
v 0.5695968866348267 0.41436660289764404 0.1783754974603653
v 0.5695968866348267 0.41071435809135437 0.17739687860012054
v 0.5695968866348267 0.40804073214530945 0.17472325265407562
v 0.5794579386711121 0.41436660289764404 0.1783754974603653
v 0.5794579386711121 0.41071435809135437 0.17739687860012054
v 0.5700923800468445 0.41071435809135437 0.17739687860012054
v 0.5700923800468445 0.41436660289764404 0.1783754974603653
v 0.5794579386711121 0.4180188477039337 0.17739687860012054
v 0.5700923800468445 0.4180188477039337 0.17739687860012054
v 0.5794579386711121 0.42069247364997864 0.17472325265407562
v 0.5700923800468445 0.42069247364997864 0.17472325265407562
v 0.5794579386711121 0.4216710925102234 0.17107100784778595
v 0.5794579386711121 0.42069247364997864 0.17472325265407562
v 0.5700923800468445 0.42069247364997864 0.17472325265407562
v 0.5700923800468445 0.4216710925102234 0.17107100784778595
v 0.5695968866348267 0.4070621132850647 0.17107100784778595
v 0.5695968866348267 0.40804073214530945 0.17472325265407562
v 0.5700923800468445 0.40804073214530945 0.17472325265407562
v 0.5700923800468445 0.4070621132850647 0.17107100784778595
v 0.5695968866348267 0.40804073214530945 0.17472325265407562
v 0.5695968866348267 0.41071435809135437 0.17739687860012054
v 0.5700923800468445 0.40804073214530945 0.17472325265407562
v 0.5695968866348267 0.41436660289764404 0.1783754974603653
v 0.5695968866348267 0.4180188477039337 0.17739687860012054
v 0.5695968866348267 0.42069247364997864 0.17472325265407562
v 0.5695968866348267 0.42069247364997864 0.17472325265407562
v 0.5695968866348267 0.4216710925102234 0.17107100784778595
v 0.5695968866348267 0.42069247364997864 0.16741877794265747
v 0.5700923800468445 0.42069247364997864 0.16741877794265747
v 0.5695968866348267 0.42069247364997864 0.16741877794265747
v 0.5695968866348267 0.4180188477039337 0.16474515199661255
v 0.5700923800468445 0.4180188477039337 0.16474515199661255
v 0.5700923800468445 0.42069247364997864 0.16741877794265747
v 0.5695968866348267 0.41436660289764404 0.1637665331363678
v 0.5700923800468445 0.41436660289764404 0.1637665331363678
v 0.5695968866348267 0.41071435809135437 0.16474513709545135
v 0.5700923800468445 0.41071435809135437 0.16474513709545135
v 0.5695968866348267 0.40804073214530945 0.16741876304149628
v 0.5700923800468445 0.40804073214530945 0.16741876304149628
v 0.5695968866348267 0.40804073214530945 0.16741876304149628
v 0.5700923800468445 0.40804073214530945 0.16741876304149628
v 0.5794579386711121 0.40804073214530945 0.17472325265407562
v 0.5794579386711121 0.4070621132850647 0.17107100784778595
v 0.5718823075294495 0.3967142403125763 0.15889662504196167
v 0.5677464604377747 0.3967142403125763 0.15889687836170197
v 0.5718823075294495 0.3967142403125763 0.15169650316238403
v 0.5794579386711121 0.41436734795570374 0.14672274887561798
v 0.5794579386711121 0.3967142403125763 0.1467227339744568
v 0.5794579386711121 0.39706170558929443 0.14672274887561798
v 0.5794579386711121 0.42069247364997864 0.16741877794265747
v 0.5794579386711121 0.43069881200790405 0.19085398316383362
v 0.5794579386711121 0.43110617995262146 0.19085398316383362
v 0.5756534934043884 0.43110617995262146 0.1898345947265625
v 0.5756534934043884 0.43069881200790405 0.1898345947265625
v 0.5756534934043884 0.43069881200790405 0.1898345947265625
v 0.5756534934043884 0.43110617995262146 0.1898345947265625
v 0.5728684663772583 0.43110617995262146 0.18704956769943237
v 0.5728684663772583 0.43069881200790405 0.18704956769943237
v 0.5718491077423096 0.43110617995262146 0.18324515223503113
v 0.5718491077423096 0.43069881200790405 0.18324515223503113
v 0.5728684663772583 0.43110617995262146 0.17944073677062988
v 0.5728684663772583 0.43069881200790405 0.17944073677062988
v 0.5756534934043884 0.43110617995262146 0.17665570974349976
v 0.5756534934043884 0.43069881200790405 0.17665570974349976
v 0.5756534934043884 0.43069881200790405 0.17665570974349976
v 0.5756534934043884 0.43110617995262146 0.17665570974349976
v 0.5794579386711121 0.43110617995262146 0.17563630640506744
v 0.5794579386711121 0.43069881200790405 0.17563630640506744
v 0.5756534934043884 0.4259321689605713 0.17665570974349976
v 0.5794579386711121 0.4259321689605713 0.17563630640506744
v 0.5794579386711121 0.4259321689605713 0.17527621984481812
v 0.5754734873771667 0.4259321689605713 0.1763438582420349
v 0.5728684663772583 0.4259321689605713 0.17944073677062988
v 0.5725566148757935 0.4259321689605713 0.17926068603992462
v 0.5718491077423096 0.4259321689605713 0.18324515223503113
v 0.5714889764785767 0.4259321689605713 0.18324515223503113
v 0.5728684663772583 0.4259321689605713 0.18704956769943237
v 0.5725566148757935 0.4259321689605713 0.18722960352897644
v 0.5756534934043884 0.4259321689605713 0.1898345947265625
v 0.5754734873771667 0.4259321689605713 0.19014644622802734
v 0.5794579386711121 0.4259321689605713 0.19085398316383362
v 0.5794579386711121 0.4259321689605713 0.19121406972408295
v 0.5728684663772583 0.4259321689605713 0.17944073677062988
v 0.5728684663772583 0.4263395071029663 0.17944073677062988
v 0.5756534934043884 0.4263395071029663 0.17665570974349976
v 0.5756534934043884 0.4259321689605713 0.17665570974349976
v 0.5718491077423096 0.4263395071029663 0.18324515223503113
v 0.5718491077423096 0.4259321689605713 0.18324515223503113
v 0.5728684663772583 0.4263395071029663 0.18704956769943237
v 0.5728684663772583 0.4259321689605713 0.18704956769943237
v 0.5756534934043884 0.4263395071029663 0.1898345947265625
v 0.5756534934043884 0.4259321689605713 0.1898345947265625
v 0.5794579386711121 0.4263395071029663 0.19085398316383362
v 0.5756534934043884 0.4263395071029663 0.1898345947265625
v 0.5794579386711121 0.4259321689605713 0.19085398316383362
v 0.5756534934043884 0.4259321689605713 0.1898345947265625
v 0.5728684663772583 0.43110617995262146 0.17944073677062988
v 0.5718491077423096 0.43110617995262146 0.18324515223503113
v 0.5723809599876404 0.43110617995262146 0.18324515223503113
v 0.5733290910720825 0.43110617995262146 0.1797066628932953
v 0.5756534934043884 0.4259321689605713 0.17665570974349976
v 0.5756534934043884 0.4263395071029663 0.17665570974349976
v 0.5794579386711121 0.4263395071029663 0.17563630640506744
v 0.5794579386711121 0.4259321689605713 0.17563630640506744
v 0.5677464604377747 0.42558470368385315 0.1954192817211151
v 0.5677464604377747 0.4259321689605713 0.1954192817211151
v 0.5672838091850281 0.4259321689605713 0.1954192817211151
v 0.5672838091850281 0.42558470368385315 0.1954192817211151
v 0.5771752595901489 0.4259321689605713 0.18719881772994995
v 0.5794579386711121 0.4259321689605713 0.18781045079231262
v 0.5794579386711121 0.4259321689605713 0.18735390901565552
v 0.5774035453796387 0.4259321689605713 0.1868034452199936
v 0.5794579386711121 0.4262771010398865 0.17867983877658844
v 0.5771752595901489 0.4262771010398865 0.1792914867401123
v 0.5771752595901489 0.4259321689605713 0.1792914867401123
v 0.5794579386711121 0.4259321689605713 0.17867983877658844
v 0.5771752595901489 0.4262771010398865 0.1792914867401123
v 0.5755042433738708 0.4262771010398865 0.18096250295639038
v 0.5755042433738708 0.4259321689605713 0.18096250295639038
v 0.5771752595901489 0.4259321689605713 0.1792914867401123
v 0.5672838091850281 0.42558470368385315 0.19501937925815582
v 0.5672838091850281 0.4259321689605713 0.19501936435699463
v 0.5672838091850281 0.4259321689605713 0.18324513733386993
v 0.5672838091850281 0.42558470368385315 0.18324513733386993
v 0.5748926401138306 0.4262771010398865 0.18324515223503113
v 0.5748926401138306 0.4259321689605713 0.18324515223503113
v 0.5755042433738708 0.4262771010398865 0.18552780151367188
v 0.5755042433738708 0.4259321689605713 0.18552780151367188
v 0.5771752595901489 0.4262771010398865 0.18719881772994995
v 0.5771752595901489 0.4259321689605713 0.18719881772994995
v 0.5794579386711121 0.42558470368385315 0.1954192817211151
v 0.5794579386711121 0.4259321689605713 0.1954192817211151
v 0.5672838091850281 0.4259321689605713 0.19501936435699463
v 0.5677464604377747 0.4259321689605713 0.19501936435699463
v 0.5677464604377747 0.4259321689605713 0.18324513733386993
v 0.5672838091850281 0.4259321689605713 0.18324513733386993
v 0.5771752595901489 0.4262771010398865 0.18719881772994995
v 0.5794579386711121 0.4262771010398865 0.18781045079231262
v 0.5794579386711121 0.4259321689605713 0.18781045079231262
v 0.5771752595901489 0.4259321689605713 0.18719881772994995
v 0.5677464604377747 0.3967142403125763 0.1954192817211151
v 0.5672838091850281 0.3967142403125763 0.1954192817211151
v 0.5672838091850281 0.3967142403125763 0.19501937925815582
v 0.5677464604377747 0.3967142403125763 0.19501937925815582
v 0.5677464604377747 0.4259321689605713 0.1954192817211151
v 0.5794579386711121 0.4259321689605713 0.1954192817211151
v 0.5794579386711121 0.4259321689605713 0.19501937925815582
v 0.5672838091850281 0.42558470368385315 0.1954192817211151
v 0.5672838091850281 0.4259321689605713 0.1954192817211151
v 0.5672838091850281 0.4259321689605713 0.1954192817211151
v 0.5677464604377747 0.41436734795570374 0.1954192817211151
v 0.5672838091850281 0.41436734795570374 0.1954192817211151
v 0.5677464604377747 0.3967142403125763 0.1954192817211151
v 0.5677464604377747 0.39706170558929443 0.1954192817211151
v 0.5672838091850281 0.39706170558929443 0.1954192817211151
v 0.5672838091850281 0.3967142403125763 0.1954192817211151
v 0.5794579386711121 0.41436734795570374 0.1954192817211151
v 0.5672838091850281 0.3967142403125763 0.1954192817211151
v 0.5672838091850281 0.39706170558929443 0.1954192817211151
v 0.5672838091850281 0.39706170558929443 0.19501937925815582
v 0.5672838091850281 0.3967142403125763 0.19501937925815582
v 0.5672838091850281 0.41436734795570374 0.1954192817211151
v 0.5672838091850281 0.41436734795570374 0.19501937925815582
v 0.5794579386711121 0.4311061501502991 0.18831278383731842
v 0.5794579386711121 0.4311061501502991 0.18781045079231262
v 0.5771752595901489 0.4311061501502991 0.18719881772994995
v 0.5769240856170654 0.4311061501502991 0.18763384222984314
v 0.5755042433738708 0.4311061501502991 0.18552780151367188
v 0.5750692486763 0.4311061501502991 0.18577896058559418
v 0.5748926401138306 0.4311061501502991 0.18324515223503113
v 0.5743902921676636 0.4311061501502991 0.18324515223503113
v 0.5718823075294495 0.3967142403125763 0.1904451698064804
v 0.5718823075294495 0.3967142403125763 0.1832449585199356
v 0.5721535086631775 0.3967142403125763 0.18324494361877441
v 0.5721535086631775 0.3967142403125763 0.1901838332414627
v 0.5755042433738708 0.4311061501502991 0.18096250295639038
v 0.5750692486763 0.4311061501502991 0.18071132898330688
v 0.5771752595901489 0.4311061501502991 0.1792914867401123
v 0.5769240856170654 0.4311061501502991 0.17885644733905792
v 0.5722610950469971 0.3967142403125763 0.19082413613796234
v 0.5718823075294495 0.3967142403125763 0.19082413613796234
v 0.5721535086631775 0.3967142403125763 0.19054903090000153
v 0.5725187063217163 0.3967142403125763 0.19054903090000153
v 0.5794579386711121 0.4311061501502991 0.17867983877658844
v 0.5794579386711121 0.4311061501502991 0.17817750573158264
v 0.5794579386711121 0.3967142403125763 0.1467227339744568
v 0.5677464604377747 0.3967142403125763 0.18324515223503113
v 0.5794579386711121 0.39706170558929443 0.1954192817211151
v 0.5677464604377747 0.3967142403125763 0.17107106745243073
v 0.5672838091850281 0.3967142403125763 0.17107100784778595
v 0.5672838091850281 0.3967142403125763 0.15889687836170197
v 0.5672838091850281 0.4259321689605713 0.17107100784778595
v 0.5677464604377747 0.4259321689605713 0.17107100784778595
v 0.5672838091850281 0.3967142403125763 0.17107100784778595
v 0.5672838091850281 0.39706170558929443 0.17107100784778595
v 0.5672838091850281 0.3967142403125763 0.15889687836170197
v 0.5794579386711121 0.4259321689605713 0.17107100784778595
v 0.5718823075294495 0.3967142403125763 0.17107106745243073
v 0.5721535086631775 0.3967142403125763 0.15889661014080048
v 0.5721535086631775 0.3967142403125763 0.17107106745243073
v 0.5672838091850281 0.3967142403125763 0.18324515223503113
v 0.5672838091850281 0.3967142403125763 0.18324515223503113
v 0.5672838091850281 0.39706170558929443 0.18324513733386993
v 0.5771752595901489 0.4262771010398865 0.1628505438566208
v 0.5794579386711121 0.4262771010398865 0.16346217691898346
v 0.5794579386711121 0.4259321689605713 0.16346217691898346
v 0.5771752595901489 0.4259321689605713 0.1628505438566208
v 0.5755042433738708 0.4262771010398865 0.1611795276403427
v 0.5771752595901489 0.4262771010398865 0.1628505438566208
v 0.5771752595901489 0.4259321689605713 0.1628505438566208
v 0.5755042433738708 0.4259321689605713 0.1611795276403427
v 0.5748926401138306 0.4262771010398865 0.15889687836170197
v 0.5748926401138306 0.4259321689605713 0.15889687836170197
v 0.5755042433738708 0.4262771010398865 0.15661422908306122
v 0.5755042433738708 0.4259321689605713 0.15661422908306122
v 0.5771752595901489 0.4262771010398865 0.15494321286678314
v 0.5771752595901489 0.4259321689605713 0.15494321286678314
v 0.5794579386711121 0.4262771010398865 0.15433157980442047
v 0.5771752595901489 0.4262771010398865 0.15494321286678314
v 0.5771752595901489 0.4259321689605713 0.15494321286678314
v 0.5794579386711121 0.4259321689605713 0.15433157980442047
v 0.5771752595901489 0.4259321689605713 0.1628505438566208
v 0.5794579386711121 0.4259321689605713 0.16346217691898346
v 0.5794579386711121 0.4259321689605713 0.16300565004348755
v 0.5774035453796387 0.4259321689605713 0.16245517134666443
v 0.5755042433738708 0.4259321689605713 0.1611795276403427
v 0.5758996605873108 0.4259321689605713 0.16095125675201416
v 0.5748926401138306 0.4259321689605713 0.15889687836170197
v 0.5753491520881653 0.4259321689605713 0.15889687836170197
v 0.5755042433738708 0.4259321689605713 0.15661422908306122
v 0.5758996605873108 0.4259321689605713 0.15684248507022858
v 0.5771752595901489 0.4259321689605713 0.15494321286678314
v 0.5774035453796387 0.4259321689605713 0.1553385704755783
v 0.5794579386711121 0.4259321689605713 0.15433157980442047
v 0.5794579386711121 0.4259321689605713 0.15478810667991638
v 0.5794579386711121 0.4259321689605713 0.15889687836170197
v 0.5771752595901489 0.4311061501502991 0.1628505438566208
v 0.5794579386711121 0.4311061501502991 0.16346217691898346
v 0.5794579386711121 0.4307612180709839 0.16346217691898346
v 0.5771752595901489 0.4307612180709839 0.1628505438566208
v 0.5755042433738708 0.4311061501502991 0.1611795276403427
v 0.5771752595901489 0.4311061501502991 0.1628505438566208
v 0.5771752595901489 0.4307612180709839 0.1628505438566208
v 0.5755042433738708 0.4307612180709839 0.1611795276403427
v 0.5748926401138306 0.4311061501502991 0.15889687836170197
v 0.5748926401138306 0.4307612180709839 0.15889687836170197
v 0.5755042433738708 0.4311061501502991 0.15661422908306122
v 0.5755042433738708 0.4307612180709839 0.15661422908306122
v 0.5771752595901489 0.4311061501502991 0.15494321286678314
v 0.5771752595901489 0.4307612180709839 0.15494321286678314
v 0.5794579386711121 0.4311061501502991 0.15433157980442047
v 0.5771752595901489 0.4311061501502991 0.15494321286678314
v 0.5771752595901489 0.4307612180709839 0.15494321286678314
v 0.5794579386711121 0.4307612180709839 0.15433157980442047
v 0.5755042433738708 0.4259321689605713 0.18552780151367188
v 0.5758996605873108 0.4259321689605713 0.18529953062534332
v 0.5748926401138306 0.4259321689605713 0.18324515223503113
v 0.5753491520881653 0.4259321689605713 0.18324515223503113
v 0.5755042433738708 0.4259321689605713 0.18096250295639038
v 0.5758996605873108 0.4259321689605713 0.18119075894355774
v 0.5771752595901489 0.4259321689605713 0.1792914867401123
v 0.5774035453796387 0.4259321689605713 0.17968684434890747
v 0.5794579386711121 0.4259321689605713 0.17867983877658844
v 0.5794579386711121 0.4259321689605713 0.17913638055324554
v 0.5794579386711121 0.4259321689605713 0.18324515223503113
v 0.5771752595901489 0.4311061501502991 0.18719881772994995
v 0.5794579386711121 0.4311061501502991 0.18781045079231262
v 0.5794579386711121 0.4307612180709839 0.18781045079231262
v 0.5771752595901489 0.4307612180709839 0.18719881772994995
v 0.5755042433738708 0.4311061501502991 0.18552780151367188
v 0.5771752595901489 0.4311061501502991 0.18719881772994995
v 0.5771752595901489 0.4307612180709839 0.18719881772994995
v 0.5755042433738708 0.4307612180709839 0.18552780151367188
v 0.5748926401138306 0.4311061501502991 0.18324515223503113
v 0.5748926401138306 0.4307612180709839 0.18324515223503113
v 0.5755042433738708 0.4311061501502991 0.18096250295639038
v 0.5755042433738708 0.4307612180709839 0.18096250295639038
v 0.5771752595901489 0.4311061501502991 0.1792914867401123
v 0.5771752595901489 0.4307612180709839 0.1792914867401123
v 0.5794579386711121 0.4311061501502991 0.17867983877658844
v 0.5771752595901489 0.4311061501502991 0.1792914867401123
v 0.5771752595901489 0.4307612180709839 0.1792914867401123
v 0.5794579386711121 0.4307612180709839 0.17867983877658844
v 0.5759194493293762 0.43110617995262146 0.1771163046360016
v 0.5794579386711121 0.43110617995262146 0.17616817355155945
v 0.5759194493293762 0.43110617995262146 0.18937398493289948
v 0.5733290910720825 0.43110617995262146 0.18678362667560577
v 0.5794579386711121 0.43110617995262146 0.1903221160173416
v 0.5794579386711121 0.43110617995262146 0.17563630640506744
v 0.5756534934043884 0.43110617995262146 0.17665570974349976
v 0.5728684663772583 0.43110617995262146 0.18704956769943237
v 0.5756534934043884 0.43110617995262146 0.1898345947265625
v 0.5794579386711121 0.43110617995262146 0.19085398316383362
v 0.5794579386711121 0.40804073214530945 0.17472325265407562
v 0.5721535086631775 0.41436734795570374 0.1901838332414627
v 0.5721535086631775 0.41436734795570374 0.18324494361877441
v 0.5721535086631775 0.4213668704032898 0.18324494361877441
v 0.5721535086631775 0.4213668704032898 0.1901838332414627
v 0.5725187063217163 0.41436734795570374 0.19054903090000153
v 0.5721535086631775 0.41436734795570374 0.19054903090000153
v 0.5721535086631775 0.4213668704032898 0.19054903090000153
v 0.5725187063217163 0.4213668704032898 0.19054903090000153
v 0.5794579386711121 0.3967142403125763 0.15159262716770172
v 0.5725187063217163 0.3967142403125763 0.15159262716770172
v 0.5721535086631775 0.3967142403125763 0.15159262716770172
v 0.5721535086631775 0.3967142403125763 0.15195782482624054
v 0.5725187063217163 0.4213668704032898 0.15195782482624054
v 0.5725187063217163 0.4213668704032898 0.15159262716770172
v 0.5794579386711121 0.4213668704032898 0.15159262716770172
v 0.5794579386711121 0.4213668704032898 0.15195782482624054
v 0.5725187063217163 0.4213668704032898 0.1901838332414627
v 0.5721535086631775 0.4213668704032898 0.1901838332414627
v 0.5721535086631775 0.4213668704032898 0.18324494361877441
v 0.5725187063217163 0.4213668704032898 0.18324494361877441
v 0.5725186467170715 0.41436660289764404 0.16109824180603027
v 0.5794579386711121 0.41436660289764404 0.16109824180603027
v 0.5794579386711121 0.4093802273273468 0.16243433952331543
v 0.5725186467170715 0.4093802273273468 0.16243433952331543
v 0.5725187063217163 0.4213668704032898 0.1602327674627304
v 0.5721535086631775 0.4213668704032898 0.1602327674627304
v 0.5721535086631775 0.4213668704032898 0.15889661014080048
v 0.5725187063217163 0.4213668704032898 0.15889661014080048
v 0.5725186467170715 0.4093802273273468 0.17970767617225647
v 0.5794579386711121 0.4093802273273468 0.17970767617225647
v 0.5794579386711121 0.41436660289764404 0.18104377388954163
v 0.5725186467170715 0.41436660289764404 0.18104377388954163
v 0.5725187063217163 0.41436734795570374 0.15159262716770172
v 0.5794579386711121 0.41436734795570374 0.15159262716770172
v 0.5794579386711121 0.4213668704032898 0.15159262716770172
v 0.5725187063217163 0.4213668704032898 0.15159262716770172
v 0.5721535086631775 0.41436734795570374 0.15195782482624054
v 0.5721535086631775 0.41436734795570374 0.15159262716770172
v 0.5721535086631775 0.4213668704032898 0.15159262716770172
v 0.5721535086631775 0.4213668704032898 0.15195782482624054
v 0.5721535086631775 0.3969607651233673 0.1901838332414627
v 0.5721535086631775 0.3969607651233673 0.18324494361877441
v 0.5721535086631775 0.401644766330719 0.18324494361877441
v 0.5721535086631775 0.401644766330719 0.1901838332414627
v 0.5725187063217163 0.3969607651233673 0.19054903090000153
v 0.5721535086631775 0.3969607651233673 0.19054903090000153
v 0.5721535086631775 0.401644766330719 0.19054903090000153
v 0.5725187063217163 0.401644766330719 0.19054903090000153
v 0.5721535086631775 0.3969607651233673 0.17107106745243073
v 0.5721535086631775 0.3969607651233673 0.15889661014080048
v 0.5721535086631775 0.401644766330719 0.15889661014080048
v 0.5721535086631775 0.401644766330719 0.17107106745243073
v 0.5725187063217163 0.3969607651233673 0.15159262716770172
v 0.5794579386711121 0.3969607651233673 0.15159262716770172
v 0.5794579386711121 0.401644766330719 0.15159262716770172
v 0.5725187063217163 0.401644766330719 0.15159262716770172
v 0.5721535086631775 0.3969607651233673 0.15195782482624054
v 0.5721535086631775 0.3969607651233673 0.15159262716770172
v 0.5721535086631775 0.401644766330719 0.15159262716770172
v 0.5721535086631775 0.401644766330719 0.15195782482624054
v 0.5721534490585327 0.4057299494743347 0.17605739831924438
v 0.5721534490585327 0.4048662781715393 0.1765560358762741
v 0.5721534490585327 0.4033965766429901 0.17107100784778595
v 0.5721534490585327 0.40439385175704956 0.17107100784778595
v 0.5721534490585327 0.4093802273273468 0.17970767617225647
v 0.5721534490585327 0.4088815748691559 0.18057134747505188
v 0.5721534490585327 0.41436660289764404 0.18104377388954163
v 0.5721534490585327 0.41436660289764404 0.18204104900360107
v 0.5721534490585327 0.4093802273273468 0.16243433952331543
v 0.5721534490585327 0.4088815748691559 0.16157066822052002
v 0.5721534490585327 0.41436660289764404 0.16010096669197083
v 0.5721534490585327 0.41436660289764404 0.16109824180603027
v 0.5721534490585327 0.4057299494743347 0.16608461737632751
v 0.5721534490585327 0.4048662781715393 0.1655859798192978
v 0.5721535086631775 0.41436734795570374 0.15889661014080048
v 0.5725186467170715 0.40439385175704956 0.17107100784778595
v 0.5794579386711121 0.40439385175704956 0.17107100784778595
v 0.5794579386711121 0.4057299494743347 0.17605739831924438
v 0.5725186467170715 0.4057299494743347 0.17605739831924438
v 0.5725187063217163 0.4213668704032898 0.18190893530845642
v 0.5725187063217163 0.4213668704032898 0.18084220588207245
v 0.5794579386711121 0.4213668704032898 0.18084220588207245
v 0.5794579386711121 0.4213668704032898 0.18190893530845642
v 0.5725186467170715 0.4057299494743347 0.17605739831924438
v 0.5794579386711121 0.4057299494743347 0.17605739831924438
v 0.5794579386711121 0.4057299494743347 0.16608461737632751
v 0.5725186467170715 0.4057299494743347 0.16608461737632751
v 0.5725186467170715 0.4057299494743347 0.16608461737632751
v 0.5794579386711121 0.4057299494743347 0.16608461737632751
v 0.5725187063217163 0.4213668704032898 0.18084220588207245
v 0.5721535086631775 0.4213668704032898 0.18084220588207245
v 0.5721534490585327 0.41436660289764404 0.18104377388954163
v 0.5794579386711121 0.4213668704032898 0.18324494361877441
v 0.5725187063217163 0.4213668704032898 0.16129964590072632
v 0.5721535086631775 0.4213668704032898 0.16129964590072632
v 0.5721534490585327 0.41436660289764404 0.16109824180603027
v 0.5721535086631775 0.4213668704032898 0.16129964590072632
v 0.5725187063217163 0.4213668704032898 0.16129964590072632
v 0.5721535086631775 0.4213668704032898 0.1602327674627304
v 0.5721535086631775 0.4213668704032898 0.16129964590072632
v 0.5721535086631775 0.4213668704032898 0.15889661014080048
v 0.5721535086631775 0.4213668704032898 0.18084220588207245
v 0.5721535086631775 0.4213668704032898 0.18190893530845642
v 0.5794579386711121 0.3967142403125763 0.1954192817211151
v 0.5794579386711121 0.3967142403125763 0.19501937925815582
v 0.5794579386711121 0.3967142403125763 0.19082413613796234
v 0.5794579386711121 0.3967142403125763 0.19054903090000153
v 0.5794579386711121 0.41436734795570374 0.19054903090000153
v 0.5794579386711121 0.4213668704032898 0.19054903090000153
v 0.5721535086631775 0.4213668704032898 0.15195782482624054
v 0.5721535086631775 0.4213668704032898 0.15159262716770172
v 0.5794579386711121 0.4213668704032898 0.1901838332414627
v 0.5721534490585327 0.4093802273273468 0.16243433952331543
v 0.5794579386711121 0.4213668704032898 0.1602327674627304
v 0.5794579386711121 0.4213668704032898 0.15889661014080048
v 0.5721534490585327 0.4093802273273468 0.17970767617225647
v 0.5721535086631775 0.41436734795570374 0.15159262716770172
v 0.5721535086631775 0.4213668704032898 0.15159262716770172
v 0.5794579386711121 0.3969607651233673 0.19054903090000153
v 0.5794579386711121 0.401644766330719 0.19054903090000153
v 0.5721535086631775 0.3969607651233673 0.15159262716770172
v 0.5721535086631775 0.401644766330719 0.15159262716770172
v 0.5721534490585327 0.40439385175704956 0.17107100784778595
v 0.5721534490585327 0.4057299494743347 0.17605739831924438
v 0.5721535086631775 0.4213668704032898 0.18190893530845642
v 0.5721535086631775 0.4213668704032898 0.18084220588207245
v 0.5721534490585327 0.4057299494743347 0.17605739831924438
v 0.5721534490585327 0.4057299494743347 0.16608461737632751
v 0.5721534490585327 0.4057299494743347 0.16608461737632751
v 0.5794579386711121 0.4213668704032898 0.18084220588207245
v 0.5794579386711121 0.4213668704032898 0.16129964590072632
v 0.5794579386711121 0.4213668704032898 0.16129964590072632
v 0.5794579386711121 0.3967142403125763 0.1954192817211151
v 0.5721535086631775 0.41436734795570374 0.19054903090000153
v 0.5721535086631775 0.4213668704032898 0.19054903090000153
v 0.5725187063217163 0.4213668704032898 0.19054903090000153
v 0.5721535086631775 0.4213668704032898 0.19054903090000153
v 0.5721535086631775 0.3969607651233673 0.19054903090000153
v 0.5721535086631775 0.401644766330719 0.19054903090000153
v 0.5794579386711121 0.4213668704032898 0.19054903090000153
v 0.5771752595901489 0.3967142403125763 0.16711734235286713
v 0.5794579386711121 0.3967142403125763 0.16650570929050446
v 0.5794579386711121 0.3967142403125763 0.16696223616600037
v 0.5774035453796387 0.3967142403125763 0.1675127148628235
v 0.5755042433738708 0.3967142403125763 0.1687883585691452
v 0.5758996605873108 0.3967142403125763 0.16901662945747375
v 0.5748926401138306 0.3967142403125763 0.17107100784778595
v 0.5753491520881653 0.3967142403125763 0.17107100784778595
v 0.5755042433738708 0.3967142403125763 0.1733536571264267
v 0.5758996605873108 0.3967142403125763 0.17312540113925934
v 0.5771752595901489 0.3967142403125763 0.17502467334270477
v 0.5774035453796387 0.3967142403125763 0.1746293157339096
v 0.5794579386711121 0.3967142403125763 0.17563630640506744
v 0.5794579386711121 0.3967142403125763 0.17517977952957153
v 0.5794579386711121 0.3967142403125763 0.17563630640506744
v 0.5771752595901489 0.3967142403125763 0.17502467334270477
v 0.5771752595901489 0.3967142403125763 0.17502467334270477
v 0.5755042433738708 0.3967142403125763 0.1733536571264267
v 0.5748926401138306 0.3967142403125763 0.17107100784778595
v 0.5755042433738708 0.3967142403125763 0.1687883585691452
v 0.5771752595901489 0.3967142403125763 0.16711734235286713
v 0.5771752595901489 0.3967142403125763 0.16711734235286713
v 0.5794579386711121 0.3967142403125763 0.16650570929050446
v 0.5794579386711121 0.3967142403125763 0.17107100784778595
v 0.5721535086631775 0.3967142403125763 0.1901838332414627
v 0.5721535086631775 0.3967142403125763 0.18324494361877441
v 0.5725187063217163 0.3967142403125763 0.19054903090000153
v 0.5721535086631775 0.3967142403125763 0.19054903090000153
v 0.5794579386711121 0.4180188477039337 0.16474515199661255
v 0.5794579386711121 0.42069247364997864 0.16741877794265747
v 0.5794579386711121 0.41436660289764404 0.1637665331363678
v 0.5721535086631775 0.3967142403125763 0.17107106745243073
v 0.5721535086631775 0.3967142403125763 0.15889661014080048
v 0.5725187063217163 0.3967142403125763 0.15159262716770172
v 0.5794579386711121 0.3967142403125763 0.15159262716770172
v 0.5721535086631775 0.3967142403125763 0.15195782482624054
v 0.5721535086631775 0.3967142403125763 0.15159262716770172
v 0.5794579386711121 0.41071435809135437 0.16474513709545135
v 0.5794579386711121 0.40804073214530945 0.16741876304149628
v 0.5794579386711121 0.40804073214530945 0.16741876304149628
v 0.5794579386711121 0.3967142403125763 0.19054903090000153
v 0.5721535086631775 0.3967142403125763 0.15159262716770172
v 0.5721535086631775 0.3967142403125763 0.19054903090000153
v 0.5672838091850281 0.41436734795570374 0.14712263643741608
v 0.5672838091850281 0.41436734795570374 0.18324513733386993
v 0.5672838091850281 0.41436734795570374 0.19501937925815582
v 0.5672838091850281 0.41436734795570374 0.1467227339744568
v 0.5817405581474304 0.3970946967601776 0.17502467334270477
v 0.5817405581474304 0.406255841255188 0.17502467334270477
v 0.5817405581474304 0.3970946967601776 0.17502467334270477
v 0.5834115743637085 0.3970946967601776 0.1733536571264267
v 0.5834115743637085 0.406255841255188 0.1733536571264267
v 0.5817405581474304 0.406255841255188 0.17502467334270477
v 0.5840232372283936 0.3970946967601776 0.17107100784778595
v 0.5840232372283936 0.406255841255188 0.17107100784778595
v 0.5834115743637085 0.3970946967601776 0.1687883585691452
v 0.5834115743637085 0.406255841255188 0.1687883585691452
v 0.5817405581474304 0.3970946967601776 0.16711734235286713
v 0.5817405581474304 0.406255841255188 0.16711734235286713
v 0.5817405581474304 0.3970946967601776 0.16711734235286713
v 0.5817405581474304 0.406255841255188 0.16711734235286713
v 0.5895899534225464 0.4061957001686096 0.1757884919643402
v 0.5893189907073975 0.4061957001686096 0.1757884919643402
v 0.5893189907073975 0.409649133682251 0.17924192547798157
v 0.5895899534225464 0.409649133682251 0.17924192547798157
v 0.5895899534225464 0.4049316644668579 0.17107100784778595
v 0.5893189907073975 0.4049316644668579 0.17107100784778595
v 0.5893189907073975 0.4061957001686096 0.1757884919643402
v 0.5895899534225464 0.4061957001686096 0.1757884919643402
v 0.5832623243331909 0.43069881200790405 0.16548632085323334
v 0.5832623243331909 0.43110617995262146 0.16548632085323334
v 0.5832623243331909 0.43069881200790405 0.16548632085323334
v 0.586047351360321 0.43069881200790405 0.1627012938261032
v 0.586047351360321 0.43110617995262146 0.1627012938261032
v 0.5832623243331909 0.43110617995262146 0.16548632085323334
v 0.5870667695999146 0.43069881200790405 0.15889687836170197
v 0.5870667695999146 0.43110617995262146 0.15889687836170197
v 0.586047351360321 0.43069881200790405 0.15509246289730072
v 0.586047351360321 0.43110617995262146 0.15509246289730072
v 0.5832623243331909 0.43069881200790405 0.1523074358701706
v 0.5832623243331909 0.43110617995262146 0.1523074358701706
v 0.5832623243331909 0.43069881200790405 0.1523074358701706
v 0.5832623243331909 0.43110617995262146 0.1523074358701706
v 0.5832623243331909 0.4259321689605713 0.1523074358701706
v 0.5834423899650574 0.4259321689605713 0.15199558436870575
v 0.586047351360321 0.4259321689605713 0.15509246289730072
v 0.5863592028617859 0.4259321689605713 0.15491241216659546
v 0.5870667695999146 0.4259321689605713 0.15889687836170197
v 0.5874268412590027 0.4259321689605713 0.15889687836170197
v 0.586047351360321 0.4259321689605713 0.1627012938261032
v 0.5863592028617859 0.4259321689605713 0.16288134455680847
v 0.5832623243331909 0.4259321689605713 0.16548632085323334
v 0.5834423899650574 0.4259321689605713 0.16579817235469818
v 0.586047351360321 0.4259321689605713 0.15509246289730072
v 0.5832623243331909 0.4259321689605713 0.1523074358701706
v 0.5832623243331909 0.4263395071029663 0.1523074358701706
v 0.586047351360321 0.4263395071029663 0.15509246289730072
v 0.5870667695999146 0.4263395071029663 0.15889687836170197
v 0.5870667695999146 0.4259321689605713 0.15889687836170197
v 0.586047351360321 0.4263395071029663 0.1627012938261032
v 0.586047351360321 0.4259321689605713 0.1627012938261032
v 0.5832623243331909 0.4263395071029663 0.16548632085323334
v 0.5832623243331909 0.4259321689605713 0.16548632085323334
v 0.5832623243331909 0.4263395071029663 0.16548632085323334
v 0.5832623243331909 0.4259321689605713 0.16548632085323334
v 0.5829964280128479 0.43110617995262146 0.15276804566383362
v 0.5832623243331909 0.43110617995262146 0.1523074358701706
v 0.5855867862701416 0.43110617995262146 0.15535838901996613
v 0.586047351360321 0.43110617995262146 0.15509246289730072
v 0.5865349173545837 0.43110617995262146 0.15889687836170197
v 0.5870667695999146 0.43110617995262146 0.15889687836170197
v 0.5855867862701416 0.43110617995262146 0.1624353677034378
v 0.586047351360321 0.43110617995262146 0.1627012938261032
v 0.5829964280128479 0.43110617995262146 0.1650257110595703
v 0.5832623243331909 0.43110617995262146 0.16548632085323334
v 0.5832623243331909 0.4259321689605713 0.1523074358701706
v 0.5832623243331909 0.4263395071029663 0.1523074358701706
v 0.5911694169044495 0.42558470368385315 0.1467227339744568
v 0.5911694169044495 0.4259321689605713 0.1467227339744568
v 0.5819917321205139 0.4311061501502991 0.15450817346572876
v 0.5817405581474304 0.4311061501502991 0.15494321286678314
v 0.5838466286659241 0.4311061501502991 0.15636305510997772
v 0.5834115743637085 0.4311061501502991 0.15661422908306122
v 0.5845255851745605 0.4311061501502991 0.15889687836170197
v 0.5840232372283936 0.4311061501502991 0.15889687836170197
v 0.5911694169044495 0.4259321689605713 0.14712263643741608
v 0.5911694169044495 0.4259321689605713 0.1467227339744568
v 0.591632068157196 0.42558470368385315 0.14712263643741608
v 0.591632068157196 0.42558470368385315 0.1467227339744568
v 0.591632068157196 0.4259321689605713 0.1467227339744568
v 0.591632068157196 0.4259321689605713 0.14712263643741608
v 0.591632068157196 0.42558470368385315 0.17107100784778595
v 0.591632068157196 0.42558470368385315 0.15889687836170197
v 0.591632068157196 0.4259321689605713 0.15889686346054077
v 0.591632068157196 0.4259321689605713 0.17107100784778595
v 0.591632068157196 0.3967142403125763 0.14712263643741608
v 0.5911694169044495 0.3967142403125763 0.14712263643741608
v 0.5911694169044495 0.3967142403125763 0.1467227339744568
v 0.591632068157196 0.3967142403125763 0.1467227339744568
v 0.591632068157196 0.42558470368385315 0.1467227339744568
v 0.591632068157196 0.4259321689605713 0.1467227339744568
v 0.591632068157196 0.4259321689605713 0.14712263643741608
v 0.591632068157196 0.4259321689605713 0.1467227339744568
v 0.591632068157196 0.4259321689605713 0.15889686346054077
v 0.5911694169044495 0.4259321689605713 0.15889686346054077
v 0.5838466286659241 0.4311061501502991 0.16143068671226501
v 0.5834115743637085 0.4311061501502991 0.1611795276403427
v 0.5819917321205139 0.4311061501502991 0.16328558325767517
v 0.5817405581474304 0.4311061501502991 0.1628505438566208
v 0.591632068157196 0.41436734795570374 0.15889687836170197
v 0.591632068157196 0.4193529784679413 0.16243433952331543
v 0.591632068157196 0.41436660289764404 0.16109824180603027
v 0.591632068157196 0.3967142403125763 0.14712263643741608
v 0.591632068157196 0.3967142403125763 0.1467227339744568
v 0.591632068157196 0.39706170558929443 0.1467227339744568
v 0.591632068157196 0.39706170558929443 0.14712263643741608
v 0.591632068157196 0.3967142403125763 0.1467227339744568
v 0.5911694169044495 0.3967142403125763 0.1467227339744568
v 0.5911694169044495 0.39706170558929443 0.1467227339744568
v 0.591632068157196 0.39706170558929443 0.1467227339744568
v 0.5895899534225464 0.41436660289764404 0.18050596117973328
v 0.5893189907073975 0.41436660289764404 0.18050596117973328
v 0.5893189907073975 0.4190840721130371 0.17924192547798157
v 0.5895899534225464 0.4190840721130371 0.17924192547798157
v 0.5870335698127747 0.3967142403125763 0.1513175517320633
v 0.586654782295227 0.3967142403125763 0.1513175517320633
v 0.591632068157196 0.41436734795570374 0.1467227339744568
v 0.5911694169044495 0.41436734795570374 0.1467227339744568
v 0.5893189907073975 0.42253750562667847 0.1757884919643402
v 0.5895899534225464 0.42253750562667847 0.1757884919643402
v 0.5895899534225464 0.42253750562667847 0.1757884919643402
v 0.5893189907073975 0.42253750562667847 0.1757884919643402
v 0.5893189907073975 0.42380157113075256 0.17107100784778595
v 0.5895899534225464 0.42380157113075256 0.17107100784778595
v 0.5893189907073975 0.42253750562667847 0.16635353863239288
v 0.5895899534225464 0.42253750562667847 0.16635353863239288
v 0.5895899534225464 0.42253750562667847 0.16635353863239288
v 0.5893189907073975 0.42253750562667847 0.16635353863239288
v 0.5893189907073975 0.4190840721130371 0.16290010511875153
v 0.5895899534225464 0.4190840721130371 0.16290010511875153
v 0.5893189907073975 0.41436660289764404 0.16163605451583862
v 0.5895899534225464 0.41436660289764404 0.16163605451583862
v 0.5893189907073975 0.409649133682251 0.16290010511875153
v 0.5895899534225464 0.409649133682251 0.16290010511875153
v 0.5895899534225464 0.4061957001686096 0.1663535237312317
v 0.5893189907073975 0.4061957001686096 0.1663535237312317
v 0.5893189907073975 0.4061957001686096 0.1663535237312317
v 0.5895899534225464 0.4061957001686096 0.1663535237312317
v 0.5893189907073975 0.4051579535007477 0.17107100784778595
v 0.5893189907073975 0.4049316644668579 0.17107100784778595
v 0.5893189907073975 0.4061957001686096 0.1663535237312317
v 0.5893189907073975 0.4063916802406311 0.16646666824817657
v 0.5893189907073975 0.409649133682251 0.16290010511875153
v 0.5893189907073975 0.40976229310035706 0.16309607028961182
v 0.5893189907073975 0.41436660289764404 0.16163605451583862
v 0.5893189907073975 0.41436660289764404 0.1618623435497284
v 0.5893189907073975 0.4190840721130371 0.16290010511875153
v 0.5893189907073975 0.4189709424972534 0.16309607028961182
v 0.5893189907073975 0.42253750562667847 0.16635353863239288
v 0.5893189907073975 0.42234155535697937 0.16646668314933777
v 0.5893189907073975 0.42380157113075256 0.17107100784778595
v 0.5893189907073975 0.4235752820968628 0.17107100784778595
v 0.5893189907073975 0.42253750562667847 0.1757884919643402
v 0.5893189907073975 0.42234155535697937 0.17567534744739532
v 0.5893189907073975 0.4190840721130371 0.17924192547798157
v 0.5893189907073975 0.4189709424972534 0.17904594540596008
v 0.5893189907073975 0.41436660289764404 0.18050596117973328
v 0.5893189907073975 0.41436660289764404 0.1802796721458435
v 0.5893189907073975 0.409649133682251 0.17924192547798157
v 0.5893189907073975 0.40976226329803467 0.17904594540596008
v 0.5893189907073975 0.4061957001686096 0.1757884919643402
v 0.5893189907073975 0.4063916802406311 0.17567534744739532
v 0.591632068157196 0.4093802273273468 0.16243433952331543
v 0.591632068157196 0.39706170558929443 0.15889687836170197
v 0.591632068157196 0.4061957001686096 0.1663535237312317
v 0.591632068157196 0.4049316644668579 0.17107100784778595
v 0.591632068157196 0.40439385175704956 0.17107100784778595
v 0.591632068157196 0.4057299494743347 0.16608461737632751
v 0.591632068157196 0.409649133682251 0.16290010511875153
v 0.591632068157196 0.41436660289764404 0.16163605451583862
v 0.591632068157196 0.4190840721130371 0.16290010511875153
v 0.591632068157196 0.42253750562667847 0.16635353863239288
v 0.591632068157196 0.42300328612327576 0.1660846322774887
v 0.591632068157196 0.42380157113075256 0.17107100784778595
v 0.591632068157196 0.4243393838405609 0.17107100784778595
v 0.591632068157196 0.42253750562667847 0.1757884919643402
v 0.591632068157196 0.42300328612327576 0.17605739831924438
v 0.591632068157196 0.4190840721130371 0.17924192547798157
v 0.591632068157196 0.4193529784679413 0.17970767617225647
v 0.591632068157196 0.41436660289764404 0.18050596117973328
v 0.591632068157196 0.41436660289764404 0.18104377388954163
v 0.591632068157196 0.409649133682251 0.17924192547798157
v 0.591632068157196 0.4093802273273468 0.17970767617225647
v 0.591632068157196 0.4061957001686096 0.1757884919643402
v 0.591632068157196 0.4057299494743347 0.17605739831924438
v 0.591632068157196 0.4061957001686096 0.1757884919643402
v 0.5913309454917908 0.4061957001686096 0.1757884919643402
v 0.5913309454917908 0.409649133682251 0.17924192547798157
v 0.591632068157196 0.409649133682251 0.17924192547798157
v 0.591632068157196 0.4049316644668579 0.17107100784778595
v 0.5913309454917908 0.4049316644668579 0.17107100784778595
v 0.5913309454917908 0.4061957001686096 0.1757884919643402
v 0.591632068157196 0.4061957001686096 0.1757884919643402
v 0.591632068157196 0.41436660289764404 0.18050596117973328
v 0.5913309454917908 0.41436660289764404 0.18050596117973328
v 0.5913309454917908 0.4190840721130371 0.17924192547798157
v 0.591632068157196 0.4190840721130371 0.17924192547798157
v 0.5913309454917908 0.42253750562667847 0.1757884919643402
v 0.591632068157196 0.42253750562667847 0.1757884919643402
v 0.591632068157196 0.42253750562667847 0.1757884919643402
v 0.5913309454917908 0.42253750562667847 0.1757884919643402
v 0.5913309454917908 0.42380157113075256 0.17107100784778595
v 0.591632068157196 0.42380157113075256 0.17107100784778595
v 0.5913309454917908 0.42253750562667847 0.16635353863239288
v 0.591632068157196 0.42253750562667847 0.16635353863239288
v 0.591632068157196 0.42253750562667847 0.16635353863239288
v 0.5913309454917908 0.42253750562667847 0.16635353863239288
v 0.5913309454917908 0.4190840721130371 0.16290010511875153
v 0.591632068157196 0.4190840721130371 0.16290010511875153
v 0.5913309454917908 0.41436660289764404 0.16163605451583862
v 0.591632068157196 0.41436660289764404 0.16163605451583862
v 0.5913309454917908 0.409649133682251 0.16290010511875153
v 0.591632068157196 0.409649133682251 0.16290010511875153
v 0.591632068157196 0.4061957001686096 0.1663535237312317
v 0.5913309454917908 0.4061957001686096 0.1663535237312317
v 0.5913309454917908 0.4061957001686096 0.1663535237312317
v 0.591632068157196 0.4061957001686096 0.1663535237312317
v 0.5893189907073975 0.4068963825702667 0.17107100784778595
v 0.5893189907073975 0.4078972041606903 0.1673358976840973
v 0.5893189907073975 0.4106315076351166 0.16460159420967102
v 0.5893189907073975 0.41436660289764404 0.16360077261924744
v 0.5893189907073975 0.4181017279624939 0.16460159420967102
v 0.5893189907073975 0.42083603143692017 0.1673358976840973
v 0.5893189907073975 0.42183685302734375 0.17107100784778595
v 0.5893189907073975 0.42083603143692017 0.1748061329126358
v 0.5893189907073975 0.4181017279624939 0.17754042148590088
v 0.5893189907073975 0.41436660289764404 0.17854124307632446
v 0.5893189907073975 0.4106314778327942 0.17754042148590088
v 0.5893189907073975 0.4078972041606903 0.1748061329126358
v 0.5893189907073975 0.4070621132850647 0.17107100784778595
v 0.5893189907073975 0.40804073214530945 0.16741876304149628
v 0.5893189907073975 0.41071435809135437 0.16474513709545135
v 0.5893189907073975 0.41436660289764404 0.1637665331363678
v 0.5893189907073975 0.4180188477039337 0.16474515199661255
v 0.5893189907073975 0.42069247364997864 0.16741877794265747
v 0.5893189907073975 0.4216710925102234 0.17107100784778595
v 0.5893189907073975 0.42069247364997864 0.17472325265407562
v 0.5893189907073975 0.4180188477039337 0.17739687860012054
v 0.5893189907073975 0.41436660289764404 0.1783754974603653
v 0.5893189907073975 0.41071435809135437 0.17739687860012054
v 0.5893189907073975 0.40804073214530945 0.17472325265407562
v 0.5888234972953796 0.41436660289764404 0.1783754974603653
v 0.5888234972953796 0.41071435809135437 0.17739687860012054
v 0.5888234972953796 0.4180188477039337 0.17739687860012054
v 0.5888234972953796 0.42069247364997864 0.17472325265407562
v 0.5888234972953796 0.4216710925102234 0.17107100784778595
v 0.5888234972953796 0.42069247364997864 0.17472325265407562
v 0.5893189907073975 0.4070621132850647 0.17107100784778595
v 0.5888234972953796 0.4070621132850647 0.17107100784778595
v 0.5888234972953796 0.40804073214530945 0.17472325265407562
v 0.5893189907073975 0.40804073214530945 0.17472325265407562
v 0.5893189907073975 0.40804073214530945 0.17472325265407562
v 0.5888234972953796 0.40804073214530945 0.17472325265407562
v 0.5893189907073975 0.41071435809135437 0.17739687860012054
v 0.5893189907073975 0.41436660289764404 0.1783754974603653
v 0.5893189907073975 0.4180188477039337 0.17739687860012054
v 0.5893189907073975 0.42069247364997864 0.17472325265407562
v 0.5893189907073975 0.42069247364997864 0.17472325265407562
v 0.5893189907073975 0.4216710925102234 0.17107100784778595
v 0.5888234972953796 0.42069247364997864 0.16741877794265747
v 0.5893189907073975 0.42069247364997864 0.16741877794265747
v 0.5893189907073975 0.42069247364997864 0.16741877794265747
v 0.5888234972953796 0.42069247364997864 0.16741877794265747
v 0.5888234972953796 0.4180188477039337 0.16474515199661255
v 0.5893189907073975 0.4180188477039337 0.16474515199661255
v 0.5888234972953796 0.41436660289764404 0.1637665331363678
v 0.5893189907073975 0.41436660289764404 0.1637665331363678
v 0.5888234972953796 0.41071435809135437 0.16474513709545135
v 0.5893189907073975 0.41071435809135437 0.16474513709545135
v 0.5893189907073975 0.40804073214530945 0.16741876304149628
v 0.5888234972953796 0.40804073214530945 0.16741876304149628
v 0.5888234972953796 0.40804073214530945 0.16741876304149628
v 0.5893189907073975 0.40804073214530945 0.16741876304149628
v 0.5911694169044495 0.3967142403125763 0.15889687836170197
v 0.5870335698127747 0.3967142403125763 0.15889662504196167
v 0.5870335698127747 0.3967142403125763 0.15169650316238403
v 0.5832623243331909 0.43069881200790405 0.1898345947265625
v 0.5832623243331909 0.43110617995262146 0.1898345947265625
v 0.5832623243331909 0.43069881200790405 0.1898345947265625
v 0.586047351360321 0.43069881200790405 0.18704956769943237
v 0.586047351360321 0.43110617995262146 0.18704956769943237
v 0.5832623243331909 0.43110617995262146 0.1898345947265625
v 0.5870667695999146 0.43069881200790405 0.18324515223503113
v 0.5870667695999146 0.43110617995262146 0.18324515223503113
v 0.586047351360321 0.43069881200790405 0.17944073677062988
v 0.586047351360321 0.43110617995262146 0.17944073677062988
v 0.5832623243331909 0.43069881200790405 0.17665570974349976
v 0.5832623243331909 0.43110617995262146 0.17665570974349976
v 0.5832623243331909 0.43069881200790405 0.17665570974349976
v 0.5832623243331909 0.43110617995262146 0.17665570974349976
v 0.5832623243331909 0.4259321689605713 0.17665570974349976
v 0.5834423899650574 0.4259321689605713 0.1763438582420349
v 0.586047351360321 0.4259321689605713 0.17944073677062988
v 0.5863592028617859 0.4259321689605713 0.17926068603992462
v 0.5870667695999146 0.4259321689605713 0.18324515223503113
v 0.5874268412590027 0.4259321689605713 0.18324515223503113
v 0.586047351360321 0.4259321689605713 0.18704956769943237
v 0.5863592028617859 0.4259321689605713 0.18722960352897644
v 0.5832623243331909 0.4259321689605713 0.1898345947265625
v 0.5834423899650574 0.4259321689605713 0.19014644622802734
v 0.586047351360321 0.4259321689605713 0.17944073677062988
v 0.5832623243331909 0.4259321689605713 0.17665570974349976
v 0.5832623243331909 0.4263395071029663 0.17665570974349976
v 0.586047351360321 0.4263395071029663 0.17944073677062988
v 0.5870667695999146 0.4263395071029663 0.18324515223503113
v 0.5870667695999146 0.4259321689605713 0.18324515223503113
v 0.586047351360321 0.4263395071029663 0.18704956769943237
v 0.586047351360321 0.4259321689605713 0.18704956769943237
v 0.5832623243331909 0.4263395071029663 0.1898345947265625
v 0.5832623243331909 0.4259321689605713 0.1898345947265625
v 0.5832623243331909 0.4263395071029663 0.1898345947265625
v 0.5832623243331909 0.4259321689605713 0.1898345947265625
v 0.586047351360321 0.43110617995262146 0.17944073677062988
v 0.5855867862701416 0.43110617995262146 0.1797066628932953
v 0.5865349173545837 0.43110617995262146 0.18324515223503113
v 0.5870667695999146 0.43110617995262146 0.18324515223503113
v 0.5832623243331909 0.4259321689605713 0.17665570974349976
v 0.5832623243331909 0.4263395071029663 0.17665570974349976
v 0.5911694169044495 0.42558470368385315 0.1954192817211151
v 0.591632068157196 0.42558470368385315 0.1954192817211151
v 0.591632068157196 0.4259321689605713 0.1954192817211151
v 0.5911694169044495 0.4259321689605713 0.1954192817211151
v 0.5817405581474304 0.4259321689605713 0.18719881772994995
v 0.5815123319625854 0.4259321689605713 0.1868034452199936
v 0.5817405581474304 0.4259321689605713 0.1792914867401123
v 0.5817405581474304 0.4262771010398865 0.1792914867401123
v 0.5817405581474304 0.4262771010398865 0.1792914867401123
v 0.5817405581474304 0.4259321689605713 0.1792914867401123
v 0.5834115743637085 0.4259321689605713 0.18096250295639038
v 0.5834115743637085 0.4262771010398865 0.18096250295639038
v 0.591632068157196 0.42558470368385315 0.19501937925815582
v 0.591632068157196 0.42558470368385315 0.18324513733386993
v 0.591632068157196 0.4259321689605713 0.18324513733386993
v 0.591632068157196 0.4259321689605713 0.19501936435699463
v 0.5840232372283936 0.4259321689605713 0.18324515223503113
v 0.5840232372283936 0.4262771010398865 0.18324515223503113
v 0.5834115743637085 0.4259321689605713 0.18552780151367188
v 0.5834115743637085 0.4262771010398865 0.18552780151367188
v 0.5817405581474304 0.4259321689605713 0.18719881772994995
v 0.5817405581474304 0.4262771010398865 0.18719881772994995
v 0.591632068157196 0.4259321689605713 0.19501936435699463
v 0.591632068157196 0.4259321689605713 0.18324513733386993
v 0.5911694169044495 0.4259321689605713 0.18324513733386993
v 0.5911694169044495 0.4259321689605713 0.19501936435699463
v 0.5817405581474304 0.4262771010398865 0.18719881772994995
v 0.5817405581474304 0.4259321689605713 0.18719881772994995
v 0.5911694169044495 0.3967142403125763 0.1954192817211151
v 0.5911694169044495 0.3967142403125763 0.19501937925815582
v 0.591632068157196 0.3967142403125763 0.19501937925815582
v 0.591632068157196 0.3967142403125763 0.1954192817211151
v 0.5911694169044495 0.4259321689605713 0.1954192817211151
v 0.591632068157196 0.42558470368385315 0.1954192817211151
v 0.591632068157196 0.4259321689605713 0.1954192817211151
v 0.591632068157196 0.4259321689605713 0.1954192817211151
v 0.5911694169044495 0.41436734795570374 0.1954192817211151
v 0.591632068157196 0.41436734795570374 0.1954192817211151
v 0.5911694169044495 0.3967142403125763 0.1954192817211151
v 0.591632068157196 0.3967142403125763 0.1954192817211151
v 0.591632068157196 0.39706170558929443 0.1954192817211151
v 0.5911694169044495 0.39706170558929443 0.1954192817211151
v 0.591632068157196 0.3967142403125763 0.1954192817211151
v 0.591632068157196 0.3967142403125763 0.19501937925815582
v 0.591632068157196 0.39706170558929443 0.19501937925815582
v 0.591632068157196 0.39706170558929443 0.1954192817211151
v 0.591632068157196 0.41436734795570374 0.1954192817211151
v 0.591632068157196 0.41436734795570374 0.19501937925815582
v 0.5819917321205139 0.4311061501502991 0.18763384222984314
v 0.5817405581474304 0.4311061501502991 0.18719881772994995
v 0.5838466286659241 0.4311061501502991 0.18577896058559418
v 0.5834115743637085 0.4311061501502991 0.18552780151367188
v 0.5845255851745605 0.4311061501502991 0.18324515223503113
v 0.5840232372283936 0.4311061501502991 0.18324515223503113
v 0.5870335698127747 0.3967142403125763 0.1904451698064804
v 0.5867623686790466 0.3967142403125763 0.1901838332414627
v 0.5867623686790466 0.3967142403125763 0.18324494361877441
v 0.5870335698127747 0.3967142403125763 0.1832449585199356
v 0.5838466286659241 0.4311061501502991 0.18071132898330688
v 0.5834115743637085 0.4311061501502991 0.18096250295639038
v 0.5819917321205139 0.4311061501502991 0.17885644733905792
v 0.5817405581474304 0.4311061501502991 0.1792914867401123
v 0.586654782295227 0.3967142403125763 0.19082413613796234
v 0.586397111415863 0.3967142403125763 0.19054903090000153
v 0.5867623686790466 0.3967142403125763 0.19054903090000153
v 0.5870335698127747 0.3967142403125763 0.19082413613796234
v 0.5911694169044495 0.3967142403125763 0.18324515223503113
v 0.5911694169044495 0.3967142403125763 0.17107106745243073
v 0.591632068157196 0.3967142403125763 0.15889687836170197
v 0.591632068157196 0.3967142403125763 0.17107100784778595
v 0.591632068157196 0.4259321689605713 0.17107100784778595
v 0.5911694169044495 0.4259321689605713 0.17107100784778595
v 0.591632068157196 0.3967142403125763 0.17107100784778595
v 0.591632068157196 0.3967142403125763 0.15889687836170197
v 0.591632068157196 0.39706170558929443 0.17107100784778595
v 0.5870335698127747 0.3967142403125763 0.17107106745243073
v 0.5867623686790466 0.3967142403125763 0.17107106745243073
v 0.5867623686790466 0.3967142403125763 0.15889661014080048
v 0.591632068157196 0.3967142403125763 0.18324515223503113
v 0.591632068157196 0.3967142403125763 0.18324515223503113
v 0.591632068157196 0.39706170558929443 0.18324513733386993
v 0.5817405581474304 0.4262771010398865 0.1628505438566208
v 0.5817405581474304 0.4259321689605713 0.1628505438566208
v 0.5834115743637085 0.4262771010398865 0.1611795276403427
v 0.5834115743637085 0.4259321689605713 0.1611795276403427
v 0.5817405581474304 0.4259321689605713 0.1628505438566208
v 0.5817405581474304 0.4262771010398865 0.1628505438566208
v 0.5840232372283936 0.4262771010398865 0.15889687836170197
v 0.5840232372283936 0.4259321689605713 0.15889687836170197
v 0.5834115743637085 0.4262771010398865 0.15661422908306122
v 0.5834115743637085 0.4259321689605713 0.15661422908306122
v 0.5817405581474304 0.4262771010398865 0.15494321286678314
v 0.5817405581474304 0.4259321689605713 0.15494321286678314
v 0.5817405581474304 0.4259321689605713 0.15494321286678314
v 0.5817405581474304 0.4262771010398865 0.15494321286678314
v 0.5817405581474304 0.4259321689605713 0.1628505438566208
v 0.5815123319625854 0.4259321689605713 0.16245517134666443
v 0.5834115743637085 0.4259321689605713 0.1611795276403427
v 0.5830162167549133 0.4259321689605713 0.16095125675201416
v 0.5840232372283936 0.4259321689605713 0.15889687836170197
v 0.5835667252540588 0.4259321689605713 0.15889687836170197
v 0.5834115743637085 0.4259321689605713 0.15661422908306122
v 0.5830162167549133 0.4259321689605713 0.15684248507022858
v 0.5817405581474304 0.4259321689605713 0.15494321286678314
v 0.5815123319625854 0.4259321689605713 0.1553385704755783
v 0.5817405581474304 0.4311061501502991 0.1628505438566208
v 0.5817405581474304 0.4307612180709839 0.1628505438566208
v 0.5834115743637085 0.4311061501502991 0.1611795276403427
v 0.5834115743637085 0.4307612180709839 0.1611795276403427
v 0.5817405581474304 0.4307612180709839 0.1628505438566208
v 0.5817405581474304 0.4311061501502991 0.1628505438566208
v 0.5840232372283936 0.4311061501502991 0.15889687836170197
v 0.5840232372283936 0.4307612180709839 0.15889687836170197
v 0.5834115743637085 0.4311061501502991 0.15661422908306122
v 0.5834115743637085 0.4307612180709839 0.15661422908306122
v 0.5817405581474304 0.4311061501502991 0.15494321286678314
v 0.5817405581474304 0.4307612180709839 0.15494321286678314
v 0.5817405581474304 0.4307612180709839 0.15494321286678314
v 0.5817405581474304 0.4311061501502991 0.15494321286678314
v 0.5834115743637085 0.4259321689605713 0.18552780151367188
v 0.5830162167549133 0.4259321689605713 0.18529953062534332
v 0.5840232372283936 0.4259321689605713 0.18324515223503113
v 0.5835667252540588 0.4259321689605713 0.18324515223503113
v 0.5834115743637085 0.4259321689605713 0.18096250295639038
v 0.5830162167549133 0.4259321689605713 0.18119075894355774
v 0.5817405581474304 0.4259321689605713 0.1792914867401123
v 0.5815123319625854 0.4259321689605713 0.17968684434890747
v 0.5817405581474304 0.4311061501502991 0.18719881772994995
v 0.5817405581474304 0.4307612180709839 0.18719881772994995
v 0.5834115743637085 0.4311061501502991 0.18552780151367188
v 0.5834115743637085 0.4307612180709839 0.18552780151367188
v 0.5817405581474304 0.4307612180709839 0.18719881772994995
v 0.5817405581474304 0.4311061501502991 0.18719881772994995
v 0.5840232372283936 0.4311061501502991 0.18324515223503113
v 0.5840232372283936 0.4307612180709839 0.18324515223503113
v 0.5834115743637085 0.4311061501502991 0.18096250295639038
v 0.5834115743637085 0.4307612180709839 0.18096250295639038
v 0.5817405581474304 0.4311061501502991 0.1792914867401123
v 0.5817405581474304 0.4307612180709839 0.1792914867401123
v 0.5817405581474304 0.4307612180709839 0.1792914867401123
v 0.5817405581474304 0.4311061501502991 0.1792914867401123
v 0.5829964280128479 0.43110617995262146 0.1771163046360016
v 0.5829964280128479 0.43110617995262146 0.18937398493289948
v 0.5855867862701416 0.43110617995262146 0.18678362667560577
v 0.5832623243331909 0.43110617995262146 0.17665570974349976
v 0.586047351360321 0.43110617995262146 0.18704956769943237
v 0.5832623243331909 0.43110617995262146 0.1898345947265625
v 0.5867623686790466 0.41436734795570374 0.1901838332414627
v 0.5867623686790466 0.4213668704032898 0.1901838332414627
v 0.5867623686790466 0.4213668704032898 0.18324494361877441
v 0.5867623686790466 0.41436734795570374 0.18324494361877441
v 0.586397111415863 0.41436734795570374 0.19054903090000153
v 0.586397111415863 0.4213668704032898 0.19054903090000153
v 0.5867623686790466 0.4213668704032898 0.19054903090000153
v 0.5867623686790466 0.41436734795570374 0.19054903090000153
v 0.586397111415863 0.3967142403125763 0.15159262716770172
v 0.5867623686790466 0.3967142403125763 0.15195782482624054
v 0.5867623686790466 0.3967142403125763 0.15159262716770172
v 0.586397111415863 0.4213668704032898 0.15195782482624054
v 0.586397111415863 0.4213668704032898 0.15159262716770172
v 0.586397111415863 0.4213668704032898 0.1901838332414627
v 0.586397111415863 0.4213668704032898 0.18324494361877441
v 0.5867623686790466 0.4213668704032898 0.18324494361877441
v 0.5867623686790466 0.4213668704032898 0.1901838332414627
v 0.5863971710205078 0.41436660289764404 0.16109824180603027
v 0.5863971710205078 0.4093802273273468 0.16243433952331543
v 0.586397111415863 0.4213668704032898 0.1602327674627304
v 0.586397111415863 0.4213668704032898 0.15889661014080048
v 0.5867623686790466 0.4213668704032898 0.15889661014080048
v 0.5867623686790466 0.4213668704032898 0.1602327674627304
v 0.5863971710205078 0.4093802273273468 0.17970767617225647
v 0.5863971710205078 0.41436660289764404 0.18104377388954163
v 0.586397111415863 0.41436734795570374 0.15159262716770172
v 0.586397111415863 0.4213668704032898 0.15159262716770172
v 0.5867623686790466 0.41436734795570374 0.15195782482624054
v 0.5867623686790466 0.4213668704032898 0.15195782482624054
v 0.5867623686790466 0.4213668704032898 0.15159262716770172
v 0.5867623686790466 0.41436734795570374 0.15159262716770172
v 0.5867623686790466 0.3969607651233673 0.1901838332414627
v 0.5867623686790466 0.401644766330719 0.1901838332414627
v 0.5867623686790466 0.401644766330719 0.18324494361877441
v 0.5867623686790466 0.3969607651233673 0.18324494361877441
v 0.586397111415863 0.3969607651233673 0.19054903090000153
v 0.586397111415863 0.401644766330719 0.19054903090000153
v 0.5867623686790466 0.401644766330719 0.19054903090000153
v 0.5867623686790466 0.3969607651233673 0.19054903090000153
v 0.5867623686790466 0.3969607651233673 0.17107106745243073
v 0.5867623686790466 0.401644766330719 0.17107106745243073
v 0.5867623686790466 0.401644766330719 0.15889661014080048
v 0.5867623686790466 0.3969607651233673 0.15889661014080048
v 0.586397111415863 0.3969607651233673 0.15159262716770172
v 0.586397111415863 0.401644766330719 0.15159262716770172
v 0.5867623686790466 0.3969607651233673 0.15195782482624054
v 0.5867623686790466 0.401644766330719 0.15195782482624054
v 0.5867623686790466 0.401644766330719 0.15159262716770172
v 0.5867623686790466 0.3969607651233673 0.15159262716770172
v 0.5867624282836914 0.4057299494743347 0.17605739831924438
v 0.5867624282836914 0.40439385175704956 0.17107100784778595
v 0.5867624282836914 0.4033965766429901 0.17107100784778595
v 0.5867624282836914 0.4048662781715393 0.1765560358762741
v 0.5867624282836914 0.4093802273273468 0.17970767617225647
v 0.5867624282836914 0.4088815748691559 0.18057134747505188
v 0.5867624282836914 0.41436660289764404 0.18104377388954163
v 0.5867624282836914 0.41436660289764404 0.18204104900360107
v 0.5867624282836914 0.4093802273273468 0.16243433952331543
v 0.5867624282836914 0.41436660289764404 0.16109824180603027
v 0.5867624282836914 0.41436660289764404 0.16010096669197083
v 0.5867624282836914 0.4088815748691559 0.16157066822052002
v 0.5867624282836914 0.4057299494743347 0.16608461737632751
v 0.5867624282836914 0.4048662781715393 0.1655859798192978
v 0.5867623686790466 0.41436734795570374 0.15889661014080048
v 0.5863971710205078 0.40439385175704956 0.17107100784778595
v 0.5863971710205078 0.4057299494743347 0.17605739831924438
v 0.586397111415863 0.4213668704032898 0.18190893530845642
v 0.586397111415863 0.4213668704032898 0.18084220588207245
v 0.5863971710205078 0.4057299494743347 0.17605739831924438
v 0.5863971710205078 0.4057299494743347 0.16608461737632751
v 0.5863971710205078 0.4057299494743347 0.16608461737632751
v 0.5867624282836914 0.41436660289764404 0.18104377388954163
v 0.5867623686790466 0.4213668704032898 0.18084220588207245
v 0.586397111415863 0.4213668704032898 0.18084220588207245
v 0.586397111415863 0.4213668704032898 0.16129964590072632
v 0.5867623686790466 0.4213668704032898 0.16129964590072632
v 0.586397111415863 0.4213668704032898 0.16129964590072632
v 0.5867623686790466 0.4213668704032898 0.16129964590072632
v 0.5867624282836914 0.41436660289764404 0.16109824180603027
v 0.5867623686790466 0.4213668704032898 0.16129964590072632
v 0.5867623686790466 0.4213668704032898 0.1602327674627304
v 0.5867623686790466 0.4213668704032898 0.15889661014080048
v 0.5867623686790466 0.4213668704032898 0.18190893530845642
v 0.5867623686790466 0.4213668704032898 0.18084220588207245
v 0.5867623686790466 0.4213668704032898 0.15195782482624054
v 0.5867623686790466 0.4213668704032898 0.15159262716770172
v 0.5867624282836914 0.4093802273273468 0.16243433952331543
v 0.5867624282836914 0.4093802273273468 0.17970767617225647
v 0.5867623686790466 0.41436734795570374 0.15159262716770172
v 0.5867623686790466 0.4213668704032898 0.15159262716770172
v 0.5867623686790466 0.3969607651233673 0.15159262716770172
v 0.5867623686790466 0.401644766330719 0.15159262716770172
v 0.5867624282836914 0.40439385175704956 0.17107100784778595
v 0.5867624282836914 0.4057299494743347 0.17605739831924438
v 0.5867623686790466 0.4213668704032898 0.18190893530845642
v 0.5867623686790466 0.4213668704032898 0.18084220588207245
v 0.5867624282836914 0.4057299494743347 0.17605739831924438
v 0.5867624282836914 0.4057299494743347 0.16608461737632751
v 0.5867624282836914 0.4057299494743347 0.16608461737632751
v 0.5867623686790466 0.41436734795570374 0.19054903090000153
v 0.5867623686790466 0.4213668704032898 0.19054903090000153
v 0.586397111415863 0.4213668704032898 0.19054903090000153
v 0.5867623686790466 0.4213668704032898 0.19054903090000153
v 0.5867623686790466 0.3969607651233673 0.19054903090000153
v 0.5867623686790466 0.401644766330719 0.19054903090000153
v 0.5817405581474304 0.3967142403125763 0.16711734235286713
v 0.5815123319625854 0.3967142403125763 0.1675127148628235
v 0.5834115743637085 0.3967142403125763 0.1687883585691452
v 0.5830162167549133 0.3967142403125763 0.16901662945747375
v 0.5840232372283936 0.3967142403125763 0.17107100784778595
v 0.5835667252540588 0.3967142403125763 0.17107100784778595
v 0.5834115743637085 0.3967142403125763 0.1733536571264267
v 0.5830162167549133 0.3967142403125763 0.17312540113925934
v 0.5817405581474304 0.3967142403125763 0.17502467334270477
v 0.5815123319625854 0.3967142403125763 0.1746293157339096
v 0.5817405581474304 0.3967142403125763 0.17502467334270477
v 0.5817405581474304 0.3967142403125763 0.17502467334270477
v 0.5834115743637085 0.3967142403125763 0.1733536571264267
v 0.5840232372283936 0.3967142403125763 0.17107100784778595
v 0.5834115743637085 0.3967142403125763 0.1687883585691452
v 0.5817405581474304 0.3967142403125763 0.16711734235286713
v 0.5817405581474304 0.3967142403125763 0.16711734235286713
v 0.5867623686790466 0.3967142403125763 0.1901838332414627
v 0.5867623686790466 0.3967142403125763 0.18324494361877441
v 0.586397111415863 0.3967142403125763 0.19054903090000153
v 0.5867623686790466 0.3967142403125763 0.19054903090000153
v 0.5867623686790466 0.3967142403125763 0.17107106745243073
v 0.5867623686790466 0.3967142403125763 0.15889661014080048
v 0.586397111415863 0.3967142403125763 0.15159262716770172
v 0.5867623686790466 0.3967142403125763 0.15195782482624054
v 0.5867623686790466 0.3967142403125763 0.15159262716770172
v 0.5867623686790466 0.3967142403125763 0.15159262716770172
v 0.5867623686790466 0.3967142403125763 0.19054903090000153
v 0.591632068157196 0.41436734795570374 0.14712263643741608
v 0.591632068157196 0.41436734795570374 0.18324513733386993
v 0.591632068157196 0.41436734795570374 0.19501937925815582
v 0.591632068157196 0.41436734795570374 0.1467227339744568
vt 0.21722707152366638 0.05359572172164917
vt 0.07224776595830917 0.053595662117004395
vt 0.07229612022638321 0.06587916612625122
vt 0.2172754406929016 0.06587916612625122
vt 0.4070422053337097 0.28554898500442505
vt 0.2620472311973572 0.28554898500442505
vt 0.2620472311973572 0.29454106092453003
vt 0.4070422053337097 0.29454106092453003
vt 0.2620472311973572 0.30682456493377686
vt 0.4070422053337097 0.30682456493377686
vt 0.2620472311973572 0.3191080093383789
vt 0.4070422053337097 0.3191080093383789
vt 0.2620472311973572 0.32810014486312866
vt 0.4070422053337097 0.32810014486312866
vt 0.36817634105682373 0.3832916021347046
vt 0.36817634105682373 0.528270959854126
vt 0.38045984506607056 0.5283192992210388
vt 0.38045984506607056 0.38333994150161743
vt 0.964444100856781 0.44052767753601074
vt 0.964444100856781 0.3861486315727234
vt 0.9629858136177063 0.3861486315727234
vt 0.9629857540130615 0.44052767753601074
vt 0.4316011369228363 0.30445754528045654
vt 0.4316011369228363 0.27907174825668335
vt 0.4301428198814392 0.27907174825668335
vt 0.4301428198814392 0.30445754528045654
vt 0.9393333792686462 0.04154348373413086
vt 0.9393333792686462 0.035096943378448486
vt 0.918860912322998 0.03517758846282959
vt 0.918860912322998 0.04162412881851196
vt 0.6586751341819763 0.17072433233261108
vt 0.6522279381752014 0.17072433233261108
vt 0.6522279381752014 0.18571114540100098
vt 0.6586751341819763 0.18571120500564575
vt 0.6522279381752014 0.20618361234664917
vt 0.6586751341819763 0.20618361234664917
vt 0.6522279381752014 0.22665607929229736
vt 0.6586751341819763 0.22665607929229736
vt 0.6522279381752014 0.24164289236068726
vt 0.6586751341819763 0.24164289236068726
vt 0.5212042331695557 0.12315571308135986
vt 0.5212042331695557 0.11670917272567749
vt 0.5007317662239075 0.11662858724594116
vt 0.5007317662239075 0.12307506799697876
vt 0.5484205484390259 0.9699474573135376
vt 0.5279480814933777 0.9754330515861511
vt 0.5279480814933777 0.9773707985877991
vt 0.5493894219398499 0.9716256260871887
vt 0.5634074211120605 0.9549605846405029
vt 0.5650855302810669 0.9559294581413269
vt 0.5688929557800293 0.9344881772994995
vt 0.570830762386322 0.9344881772994995
vt 0.5634074211120605 0.9140157103538513
vt 0.5650855302810669 0.9130468368530273
vt 0.5484205484390259 0.8990288376808167
vt 0.5493894219398499 0.8973507285118103
vt 0.5279480814933777 0.8935433030128479
vt 0.5279480814933777 0.8916054964065552
vt 0.7341176271438599 0.22665607929229736
vt 0.7276704907417297 0.22665607929229736
vt 0.727670431137085 0.24164295196533203
vt 0.7341176271438599 0.24164295196533203
vt 0.727670431137085 0.20618361234664917
vt 0.7341176271438599 0.20618361234664917
vt 0.7276704907417297 0.18571120500564575
vt 0.7341176867485046 0.18571120500564575
vt 0.7276704907417297 0.17072433233261108
vt 0.7341176867485046 0.17072433233261108
vt 0.9393333792686462 0.11053138971328735
vt 0.918860912322998 0.11061197519302368
vt 0.9393333792686462 0.11697787046432495
vt 0.918860912322998 0.11705845594406128
vt 0.7534359693527222 1.0
vt 0.774630606174469 1.0
vt 0.7738898396492004 0.9972354173660278
vt 0.7541767358779907 0.9972354173660278
vt 0.7929856777191162 0.9894026517868042
vt 0.7909619212150574 0.9873788952827454
vt 0.803583025932312 0.971047580242157
vt 0.8008184432983398 0.9703068137168884
vt 0.803583025932312 0.9498529434204102
vt 0.8008184432983398 0.9505937099456787
vt 0.7929856777191162 0.9314978718757629
vt 0.7909619212150574 0.9335216879844666
vt 0.774630606174469 0.9209005832672119
vt 0.7738898396492004 0.9236651062965393
vt 0.5212042331695557 0.19859009981155396
vt 0.5212042331695557 0.19214355945587158
vt 0.5007317662239075 0.19206297397613525
vt 0.5007317662239075 0.19850951433181763
vt 0.45688778162002563 0.27302688360214233
vt 0.4623863399028778 0.27302688360214233
vt 0.4623863101005554 0.2100047469139099
vt 0.45688778162002563 0.2100047469139099
vt 0.7710913419723511 0.98679119348526
vt 0.7703917026519775 0.9841800928115845
vt 0.7576748728752136 0.9841800928115845
vt 0.7569752335548401 0.98679119348526
vt 0.7833161950111389 0.9797331690788269
vt 0.7814047336578369 0.9778217077255249
vt 0.7903741598129272 0.9675083160400391
vt 0.7877631187438965 0.9668086767196655
vt 0.5909702181816101 0.9978480339050293
vt 0.5279480814933777 0.9978480339050293
vt 0.5279480814933777 1.0
vt 0.5909702181816101 1.0
vt 0.45693713426589966 0.7401046752929688
vt 0.4624362587928772 0.7401046752929688
vt 0.4624362587928772 0.737952709197998
vt 0.45693713426589966 0.737952709197998
vt 0.45693710446357727 0.868976354598999
vt 0.4624362587928772 0.868976354598999
vt 0.4624362587928772 0.8034645318984985
vt 0.45693710446357727 0.8034645318984985
vt 0.7244835495948792 0.7401046752929688
vt 0.7244835495948792 0.737952709197998
vt 0.7219938635826111 0.737952709197998
vt 0.7219938635826111 0.7401046752929688
vt 0.45688778162002563 0.2755165100097656
vt 0.4623863399028778 0.2755165100097656
vt 0.5934598445892334 0.9978480339050293
vt 0.5934598445892334 1.0
vt 0.5934599041938782 0.9344881772994995
vt 0.5909702777862549 0.9344881772994995
vt 0.7903741598129272 0.9533922672271729
vt 0.7877631187438965 0.9540919065475464
vt 0.7833161354064941 0.941167414188385
vt 0.7814047336578369 0.9430788159370422
vt 0.7710912823677063 0.9341093897819519
vt 0.7703917026519775 0.9367204308509827
vt 0.2793983519077301 0.8034645318984985
vt 0.27938663959503174 0.8153106570243835
vt 0.35830679535865784 0.822500467300415
vt 0.0 0.7401046752929688
vt 0.005499491933733225 0.7401046752929688
vt 0.005499491933733225 0.737952709197998
vt 0.0 0.737952709197998
vt 0.0 0.2755165100097656
vt 0.005498906131833792 0.2755165100097656
vt 0.005498906131833792 0.27302688360214233
vt 0.0 0.27302688360214233
vt 0.964444100856781 0.3115924000740051
vt 0.964444100856781 0.23683637380599976
vt 0.9629858136177063 0.23683637380599976
vt 0.9629858136177063 0.3115924000740051
vt 0.6589717268943787 0.7626784443855286
vt 0.6976996064186096 0.7626784443855286
vt 0.6997379660606384 0.7626784443855286
vt 0.6589717268943787 0.7401046752929688
vt 0.27936819195747375 0.2755165100097656
vt 0.27936819195747375 0.27302688360214233
vt 0.9644441604614258 0.18191128969192505
vt 0.9629858136177063 0.18191128969192505
vt 0.7752552032470703 0.9066552519798279
vt 0.7498694062232971 0.9066552519798279
vt 0.7498694062232971 0.9081135988235474
vt 0.7752552032470703 0.9081135988235474
vt 0.7244835495948792 0.9066552519798279
vt 0.7244835495948792 0.9081135988235474
vt 0.47719475626945496 0.021863460540771484
vt 0.47719478607177734 0.07678854465484619
vt 0.47865307331085205 0.07678854465484619
vt 0.47865307331085205 0.021863460540771484
vt 0.47719475626945496 0.15154457092285156
vt 0.47865307331085205 0.15154457092285156
vt 0.47719475626945496 0.22610074281692505
vt 0.47865304350852966 0.22610074281692505
vt 0.4316011369228363 0.3298434019088745
vt 0.4301428198814392 0.3298434019088745
vt 0.47719475626945496 0.2804798483848572
vt 0.47865304350852966 0.2804798483848572
vt 0.9256466627120972 0.4440944194793701
vt 0.9485499262809753 0.4657883048057556
vt 0.94943767786026 0.46275460720062256
vt 0.9259716272354126 0.44052767753601074
vt 0.9617730975151062 0.5205609798431396
vt 0.9629857540130615 0.5188732743263245
vt 0.9617730975151062 0.5937361717224121
vt 0.9629857540130615 0.5938466787338257
vt 0.9485499262809753 0.6657066941261292
vt 0.94943767786026 0.6675857305526733
vt 0.9256467223167419 0.7171881198883057
vt 0.9259716868400574 0.7203322649002075
vt 0.8992003798484802 0.7343859672546387
vt 0.8988754153251648 0.737952709197998
vt 0.8762971758842468 0.7126922607421875
vt 0.8754094243049622 0.7157258987426758
vt 0.863074004650116 0.6579195857048035
vt 0.8618612885475159 0.6596072912216187
vt 0.8630739450454712 0.5847443342208862
vt 0.8618612885475159 0.5846338868141174
vt 0.876297116279602 0.5127737522125244
vt 0.8754093647003174 0.510894775390625
vt 0.8992003202438354 0.4612923860549927
vt 0.89887535572052 0.4581482410430908
vt 0.005499491933733225 0.8034645318984985
vt 0.20046640932559967 0.822500467300415
vt 0.15006443858146667 0.843590497970581
vt 0.14269272983074188 0.8421434760093689
vt 0.12154611945152283 0.868976354598999
vt 0.13005812466144562 0.868976354598999
vt 0.20472241938114166 0.8250068426132202
vt 0.27938663959503174 0.8182047605514526
vt 0.35405078530311584 0.8250068426132202
vt 0.40870875120162964 0.8435905575752258
vt 0.41608038544654846 0.8421435356140137
vt 0.42871493101119995 0.8689764142036438
vt 0.4372269809246063 0.8689764142036438
vt 0.40870872139930725 0.894362211227417
vt 0.41608038544654846 0.8958092927932739
vt 0.35405075550079346 0.9129459261894226
vt 0.35830673575401306 0.9154523015022278
vt 0.27938657999038696 0.919748067855835
vt 0.27938657999038696 0.9226421117782593
vt 0.20472237467765808 0.9129459261894226
vt 0.2004663646221161 0.9154523015022278
vt 0.1500643789768219 0.894362211227417
vt 0.14269272983074188 0.8958092331886292
vt 0.9754330515861511 0.44052767753601074
vt 0.9754330515861511 0.3861486315727234
vt 0.9738126993179321 0.3861486315727234
vt 0.9738126397132874 0.44052767753601074
vt 0.4425900876522064 0.30445754528045654
vt 0.4425900876522064 0.27907174825668335
vt 0.44096970558166504 0.27907174825668335
vt 0.44096970558166504 0.30445754528045654
vt 0.9754330515861511 0.3115924000740051
vt 0.9754330515861511 0.23683637380599976
vt 0.9738126993179321 0.23683637380599976
vt 0.9738126993179321 0.3115924000740051
vt 0.9754330515861511 0.18191128969192505
vt 0.9738126993179321 0.18191128969192505
vt 0.7752552032470703 0.8956663608551025
vt 0.7498694062232971 0.8956663608551025
vt 0.7498694062232971 0.8972867131233215
vt 0.7752552032470703 0.8972867131233215
vt 0.7244835495948792 0.8956663608551025
vt 0.7244835495948792 0.8972867131233215
vt 0.4662058353424072 0.021863460540771484
vt 0.4662058353424072 0.07678854465484619
vt 0.4678261876106262 0.07678854465484619
vt 0.4678261876106262 0.021863460540771484
vt 0.4662058353424072 0.15154457092285156
vt 0.4678261876106262 0.15154457092285156
vt 0.46620580554008484 0.22610080242156982
vt 0.46782615780830383 0.22610074281692505
vt 0.4425900876522064 0.3298434019088745
vt 0.44096970558166504 0.3298434019088745
vt 0.46620580554008484 0.2804798483848572
vt 0.4678261876106262 0.2804798483848572
vt 0.923150360584259 0.4714953303337097
vt 0.9417299032211304 0.4890937805175781
vt 0.9524567723274231 0.5335263609886169
vt 0.9524567723274231 0.5928874015808105
vt 0.9417299032211304 0.6512711644172668
vt 0.9231504201889038 0.6930338144302368
vt 0.9016966819763184 0.7069850564002991
vt 0.883117139339447 0.6893867254257202
vt 0.8723902702331543 0.6449540853500366
vt 0.8723902702331543 0.5855931043624878
vt 0.883117139339447 0.5272092819213867
vt 0.9016966223716736 0.48544663190841675
vt 0.9229123592376709 0.47410792112350464
vt 0.9410796165466309 0.49131590127944946
vt 0.9515684843063354 0.5347625613212585
vt 0.9515684843063354 0.5928064584732056
vt 0.9410796165466309 0.6498948335647583
vt 0.9229124188423157 0.6907308101654053
vt 0.9019346833229065 0.7043725252151489
vt 0.8837674260139465 0.6871645450592041
vt 0.8732785582542419 0.643717885017395
vt 0.8732785582542419 0.5856740474700928
vt 0.8837673664093018 0.52858567237854
vt 0.9019346237182617 0.4877496361732483
vt 0.7520487904548645 0.2947075366973877
vt 0.6943278908729553 0.2947075366973877
vt 0.6943278312683105 0.3451056480407715
vt 0.7520487904548645 0.3451056480407715
vt 0.8099244236946106 0.2947075366973877
vt 0.8099244236946106 0.3451056480407715
vt 0.8524470329284668 0.2947075366973877
vt 0.8524470925331116 0.3451056480407715
vt 0.7596672177314758 0.09740495681762695
vt 0.7596672177314758 0.07775139808654785
vt 0.709269106388092 0.07775139808654785
vt 0.709269106388092 0.09740495681762695
vt 0.9188609719276428 0.09740489721298218
vt 0.9188609719276428 0.07775139808654785
vt 0.916194498538971 0.07775139808654785
vt 0.916194498538971 0.09740489721298218
vt 0.6522279381752014 0.3477720618247986
vt 0.6943278312683105 0.3477720618247986
vt 0.6522279381752014 0.3451056480407715
vt 0.7520487904548645 0.3477720618247986
vt 0.8099244236946106 0.3477720618247986
vt 0.8524470925331116 0.3477720618247986
vt 0.7066026926040649 0.07775139808654785
vt 0.7066026926040649 0.09740495681762695
vt 0.7066026926040649 0.11705845594406128
vt 0.709269106388092 0.11705845594406128
vt 0.3681763708591461 0.5283192992210388
vt 0.3681763708591461 0.48579663038253784
vt 0.36550992727279663 0.48579663038253784
vt 0.36550992727279663 0.5283192992210388
vt 0.3681763708591461 0.4279210567474365
vt 0.36550992727279663 0.4279210567474365
vt 0.3681763708591461 0.37020015716552734
vt 0.36550992727279663 0.37020015716552734
vt 0.9188609719276428 0.11705845594406128
vt 0.916194498538971 0.11705845594406128
vt 0.3681763708591461 0.32810014486312866
vt 0.36550992727279663 0.32810014486312866
vt 0.8657963871955872 0.07775133848190308
vt 0.8657963871955872 0.09740489721298218
vt 0.6997379660606384 0.8034632205963135
vt 0.7219939231872559 0.8034645318984985
vt 0.6997379660606384 0.764717698097229
vt 0.27936819195747375 0.2100047469139099
vt 0.6589717268943787 0.737952709197998
vt 0.005498906131833792 0.2100047469139099
vt 0.7596672177314758 0.11705845594406128
vt 0.5007317662239075 0.04111361503601074
vt 0.5007317662239075 0.03466707468032837
vt 0.48025932908058167 0.0347476601600647
vt 0.48025932908058167 0.041194140911102295
vt 0.7405648827552795 0.17072433233261108
vt 0.7341176867485046 0.17072433233261108
vt 0.7341176867485046 0.18571120500564575
vt 0.7405648827552795 0.18571120500564575
vt 0.7341176867485046 0.20618361234664917
vt 0.7405648827552795 0.20618361234664917
vt 0.7341176867485046 0.22665607929229736
vt 0.7405648827552795 0.22665607929229736
vt 0.7341176867485046 0.24164295196533203
vt 0.7405648827552795 0.24164295196533203
vt 0.07224776595830917 0.06905847787857056
vt 0.07224776595830917 0.06261193752288818
vt 0.05177529156208038 0.06253135204315186
vt 0.05177529156208038 0.06897789239883423
vt 0.5484205484390259 0.8389238119125366
vt 0.5279480814933777 0.8444094657897949
vt 0.5279480814933777 0.8463472127914429
vt 0.5493894219398499 0.8406019806861877
vt 0.5634074211120605 0.8239369988441467
vt 0.5650855898857117 0.8249058723449707
vt 0.5688929557800293 0.8034645318984985
vt 0.570830762386322 0.8034645318984985
vt 0.5634074211120605 0.7829921245574951
vt 0.5650855898857117 0.7820232510566711
vt 0.5484205484390259 0.7680052518844604
vt 0.5493894219398499 0.7663270831108093
vt 0.5279480814933777 0.7625197172164917
vt 0.5279480814933777 0.760581910610199
vt 0.8160074353218079 0.22665607929229736
vt 0.809560239315033 0.22665607929229736
vt 0.809560239315033 0.24164295196533203
vt 0.8160074353218079 0.24164295196533203
vt 0.809560239315033 0.20618361234664917
vt 0.8160074353218079 0.20618361234664917
vt 0.809560239315033 0.18571120500564575
vt 0.8160074353218079 0.18571120500564575
vt 0.809560239315033 0.17072433233261108
vt 0.8160074353218079 0.17072433233261108
vt 0.5007317662239075 0.11010146141052246
vt 0.48025932908058167 0.11018204689025879
vt 0.5007317662239075 0.11654800176620483
vt 0.48025932908058167 0.11662858724594116
vt 0.7244835495948792 0.8667140007019043
vt 0.735080897808075 0.8850690126419067
vt 0.7371046543121338 0.8830452561378479
vt 0.7272481322288513 0.8659732341766357
vt 0.07224776595830917 0.14449286460876465
vt 0.07224776595830917 0.13804638385772705
vt 0.051775284111499786 0.13796579837799072
vt 0.051775284111499786 0.14441227912902832
vt 0.6497382521629333 0.5228207111358643
vt 0.6497382521629333 0.5283192992210388
vt 0.6522279381752014 0.5283192992210388
vt 0.6522278785705566 0.5228207111358643
vt 0.4450148642063141 0.06587916612625122
vt 0.45602795481681824 0.05952078104019165
vt 0.4542907774448395 0.057783663272857666
vt 0.4443790316581726 0.06350618600845337
vt 0.012283462099730968 0.06802237033843994
vt 0.02456694282591343 0.06807070970535278
vt 0.02456694282591343 0.06261199712753296
vt 0.012283462099730968 0.06256359815597534
vt 0.8909321427345276 0.9098500609397888
vt 0.8909321427345276 0.9008579254150391
vt 0.8854727745056152 0.9008579254150391
vt 0.8854727745056152 0.9098500609397888
vt 0.45693710446357727 0.9978480339050293
vt 0.4624362289905548 0.9978480339050293
vt 0.4624362587928772 0.9344881772994995
vt 0.45693710446357727 0.9344881772994995
vt 0.8909321427345276 0.888574481010437
vt 0.8854727745056152 0.888574481010437
vt 0.8909321427345276 0.876291036605835
vt 0.8854727745056152 0.876291036605835
vt 0.8909321427345276 0.8672989010810852
vt 0.8854727745056152 0.8672989010810852
vt 0.5867160558700562 0.5228207111358643
vt 0.5867160558700562 0.5283192992210388
vt 0.593459963798523 0.7401047945022583
vt 0.5909703373908997 0.7401047945022583
vt 0.5909702777862549 0.8034645915031433
vt 0.5934599041938782 0.8034645915031433
vt 1.0 0.7324455976486206
vt 0.9877164959907532 0.7324939966201782
vt 0.9877164959907532 0.737952709197998
vt 1.0 0.7379043698310852
vt 0.7219939231872559 1.0
vt 0.7244835495948792 1.0
vt 0.7244835495948792 0.9978480339050293
vt 0.7219939231872559 0.9978480339050293
vt 0.5909703373908997 0.7379527688026428
vt 0.5279480814933777 0.737952709197998
vt 0.5279480814933777 0.7401046752929688
vt 0.45693710446357727 1.0
vt 0.4624362289905548 1.0
vt 0.593459963798523 0.7379528284072876
vt 0.6497382521629333 0.34530115127563477
vt 0.6522278785705566 0.34530115127563477
vt 0.6497382521629333 0.0659329891204834
vt 0.6497382521629333 0.07143187522888184
vt 0.6522278785705566 0.07143187522888184
vt 0.6522278785705566 0.0659329891204834
vt 0.5867160558700562 0.34530115127563477
vt 0.0 1.0
vt 0.005499472375959158 1.0
vt 0.005499472375959158 0.9978480339050293
vt 0.0 0.9978480339050293
vt 0.2793983519077301 1.0
vt 0.2793983519077301 0.9978480339050293
vt 0.7833161354064941 0.8753995299339294
vt 0.7814047336578369 0.8734880685806274
vt 0.7703916430473328 0.879846453666687
vt 0.7710912823677063 0.8824575543403625
vt 0.7576748728752136 0.879846453666687
vt 0.7569752335548401 0.8824575543403625
vt 0.7466618418693542 0.8734880685806274
vt 0.7447503805160522 0.8753995299339294
vt 0.6997379660606384 0.973233163356781
vt 0.6997379660606384 0.9344871640205383
vt 0.698278546333313 0.9344871044158936
vt 0.698278546333313 0.9718267917633057
vt 0.7403034567832947 0.8624750375747681
vt 0.7376924157142639 0.8631746768951416
vt 0.7403034567832947 0.8497582674026489
vt 0.7376923561096191 0.8490586280822754
vt 0.6976996660232544 0.9752724170684814
vt 0.6997379660606384 0.9752724170684814
vt 0.698278546333313 0.9737920165061951
vt 0.696313202381134 0.9737920165061951
vt 0.7466618418693542 0.8387451767921448
vt 0.744750440120697 0.8368337750434875
vt 0.0 0.21000468730926514
vt 0.7219939231872559 0.9344881772994995
vt 0.5867161154747009 0.07143187522888184
vt 0.7219939231872559 0.8689766526222229
vt 0.7244835495948792 0.868976354598999
vt 0.7244835495948792 0.8034645318984985
vt 0.593459963798523 0.868976354598999
vt 0.5909702777862549 0.868976354598999
vt 0.0 0.868976354598999
vt 0.005499472375959158 0.868976354598999
vt 0.0 0.8034645318984985
vt 0.5279480814933777 0.868976354598999
vt 0.6997379660606384 0.8689767122268677
vt 0.698278546333313 0.8034631609916687
vt 0.698278546333313 0.8689767122268677
vt 0.7244835495948792 0.9344881772994995
vt 0.0 0.9344881772994995
vt 0.005499491933733225 0.9344881772994995
vt 1.0 0.25833338499069214
vt 0.9877164959907532 0.258381724357605
vt 0.9877164959907532 0.2638404965400696
vt 1.0 0.26379215717315674
vt 0.9619031548500061 0.8583067655563354
vt 0.9619031548500061 0.8672989010810852
vt 0.9673625230789185 0.8672989010810852
vt 0.9673625230789185 0.8583067655563354
vt 0.9619031548500061 0.8460233211517334
vt 0.9673625230789185 0.8460233211517334
vt 0.9619031548500061 0.8337398767471313
vt 0.9673625230789185 0.8337398767471313
vt 0.9619031548500061 0.8247477412223816
vt 0.9673625230789185 0.8247477412223816
vt 0.9720892310142517 0.04058796167373657
vt 0.9843727350234985 0.040636301040649414
vt 0.9843727350234985 0.03517758846282959
vt 0.9720892310142517 0.03512918949127197
vt 0.4252186417579651 0.3773030638694763
vt 0.43623167276382446 0.37094467878341675
vt 0.4344945549964905 0.369207501411438
vt 0.4245827794075012 0.37493008375167847
vt 0.41250184178352356 0.3773030638694763
vt 0.4131377041339874 0.37493008375167847
vt 0.4014888107776642 0.37094467878341675
vt 0.40322595834732056 0.369207501411438
vt 0.3951304256916046 0.3599316477775574
vt 0.39750340580940247 0.3592957854270935
vt 0.3951304256916046 0.34721487760543823
vt 0.39750340580940247 0.3478506803512573
vt 0.4014888107776642 0.3362017869949341
vt 0.40322595834732056 0.33793890476226807
vt 0.4188602566719055 0.353573203086853
vt 1.0 0.18191123008728027
vt 0.987716555595398 0.18195956945419312
vt 0.987716555595398 0.18741834163665771
vt 1.0 0.18737000226974487
vt 0.8854727745056152 0.8583067655563354
vt 0.8854727745056152 0.8672989010810852
vt 0.8909321427345276 0.8672989010810852
vt 0.8909321427345276 0.8583067655563354
vt 0.8854727745056152 0.8460233211517334
vt 0.8909321427345276 0.8460233211517334
vt 0.8854727745056152 0.8337398767471313
vt 0.8909321427345276 0.8337398767471313
vt 0.8854727745056152 0.8247477412223816
vt 0.8909321427345276 0.8247477412223816
vt 0.9720892310142517 0.11701011657714844
vt 0.9843727350234985 0.11705845594406128
vt 0.9843727350234985 0.11159974336624146
vt 0.9720892310142517 0.11155134439468384
vt 0.43229809403419495 0.06587916612625122
vt 0.4329339563846588 0.06350618600845337
vt 0.42128506302833557 0.05952078104019165
vt 0.42302221059799194 0.057783663272857666
vt 0.414926677942276 0.048507750034332275
vt 0.41729965806007385 0.04787188768386841
vt 0.4149266481399536 0.035790979862213135
vt 0.41729962825775146 0.036426842212677
vt 0.42128506302833557 0.024777889251708984
vt 0.42302221059799194 0.026515066623687744
vt 0.4386565089225769 0.042149364948272705
vt 1.0 0.6560235023498535
vt 0.987716555595398 0.6560717821121216
vt 0.987716555595398 0.6615305542945862
vt 1.0 0.6614822149276733
vt 0.9673625230789185 0.876291036605835
vt 0.9673625230789185 0.8672989010810852
vt 0.9619031548500061 0.8672989010810852
vt 0.9619031548500061 0.876291036605835
vt 0.9673625230789185 0.888574481010437
vt 0.9619031548500061 0.888574481010437
vt 0.9673625230789185 0.9008579254150391
vt 0.9619031548500061 0.9008579254150391
vt 0.9673625230789185 0.9098500609397888
vt 0.9619031548500061 0.9098500609397888
vt 0.01228346023708582 0.1444445252418518
vt 0.02456694096326828 0.14449286460876465
vt 0.02456694096326828 0.13903409242630005
vt 0.01228346023708582 0.1389857530593872
vt 0.7272481322288513 0.8462600708007812
vt 0.7371047139167786 0.8291879892349243
vt 0.7738898396492004 0.8929017782211304
vt 0.7541767358779907 0.8929017782211304
vt 0.7909619212150574 0.8830452561378479
vt 0.735080897808075 0.8271642327308655
vt 0.7244835495948792 0.8455193638801575
vt 0.7534359693527222 0.8956663608551025
vt 0.774630606174469 0.8956663608551025
vt 0.7929856777191162 0.8850690126419067
vt 0.6522279381752014 0.2947075366973877
vt 0.6541931629180908 0.4585544466972351
vt 0.6915328502655029 0.4585544466972351
vt 0.6915328502655029 0.34777212142944336
vt 0.6541931629180908 0.34777212142944336
vt 0.8005724549293518 0.06396764516830444
vt 0.8005724549293518 0.0659329891204834
vt 0.9113427996635437 0.0659329891204834
vt 0.9113427996635437 0.06396764516830444
vt 0.6589717268943787 0.7641586661338806
vt 0.696313202381134 0.7641586661338806
vt 0.698278546333313 0.7641586661338806
vt 0.698278546333313 0.76612389087677
vt 0.7321523427963257 0.1204538345336914
vt 0.7321523427963257 0.118488609790802
vt 0.6948108673095703 0.118488609790802
vt 0.6948108673095703 0.1204538345336914
vt 0.9511498808860779 0.9755908250808716
vt 0.9531152248382568 0.9755908250808716
vt 0.9531152248382568 0.9382511377334595
vt 0.9511498808860779 0.9382511377334595
vt 0.5192388892173767 0.39124596118927
vt 0.48189714550971985 0.39124596118927
vt 0.48189714550971985 0.4702633023262024
vt 0.5192388892173767 0.4702633023262024
vt 0.7321523427963257 0.16498321294784546
vt 0.7341176867485046 0.16498321294784546
vt 0.7341176867485046 0.1577930450439453
vt 0.7321523427963257 0.1577930450439453
vt 0.9142670631408691 0.8146015405654907
vt 0.9142670631408691 0.7772598266601562
vt 0.8352497816085815 0.7772598266601562
vt 0.8352497816085815 0.8146015405654907
vt 0.18301811814308167 0.14252746105194092
vt 0.18301811814308167 0.10518598556518555
vt 0.07224777340888977 0.10518598556518555
vt 0.07224776595830917 0.14252746105194092
vt 0.8598960041999817 0.45855438709259033
vt 0.8618612885475159 0.45855438709259033
vt 0.8618612289428711 0.34777212142944336
vt 0.8598960041999817 0.34777212142944336
vt 0.6541932225227356 0.7340509295463562
vt 0.6915328502655029 0.7340509295463562
vt 0.6915328502655029 0.6599166393280029
vt 0.6541931629180908 0.6599166393280029
vt 0.5251056551933289 0.06396764516830444
vt 0.5251056551933289 0.0659329891204834
vt 0.5992319583892822 0.0659329891204834
vt 0.5992319583892822 0.06396764516830444
vt 0.7570433020591736 0.7340509295463562
vt 0.8225567936897278 0.7340509295463562
vt 0.8225567936897278 0.6599166393280029
vt 0.7570433020591736 0.6599166393280029
vt 0.4584849178791046 0.1425275206565857
vt 0.4584849178791046 0.10518604516983032
vt 0.38435858488082886 0.10518604516983032
vt 0.38435858488082886 0.1425275206565857
vt 0.8598960638046265 0.7340509295463562
vt 0.8618612885475159 0.7340509295463562
vt 0.8618612885475159 0.6599166393280029
vt 0.8598960638046265 0.6599166393280029
vt 0.7302107214927673 0.5952600240707397
vt 0.7275274395942688 0.6089293956756592
vt 0.7570436000823975 0.6321907043457031
vt 0.7570436000823975 0.6164066195487976
vt 0.7105677127838135 0.5374863743782043
vt 0.7059201002120972 0.5453784465789795
vt 0.7033778429031372 0.45856618881225586
vt 0.6980112791061401 0.45856618881225586
vt 0.8035194873809814 0.5374863147735596
vt 0.8081670999526978 0.5453783869743347
vt 0.8160759210586548 0.4585661292076111
vt 0.8107093572616577 0.4585661292076111
vt 0.7838764786720276 0.5952600240707397
vt 0.7865598201751709 0.6089293956756592
vt 0.8225567936897278 0.45855438709259033
vt 0.8107664585113525 0.14389139413833618
vt 0.7734247446060181 0.14389139413833618
vt 0.7734247446060181 0.1707242727279663
vt 0.8107664585113525 0.1707242727279663
vt 0.9511498808860779 0.9310618042945862
vt 0.9511498808860779 0.9253214597702026
vt 0.9138084053993225 0.9253214597702026
vt 0.9138084053993225 0.9310617446899414
vt 0.9723230600357056 0.8146015405654907
vt 0.9723230600357056 0.7772598266601562
vt 0.48189714550971985 0.5283192992210388
vt 0.5192388892173767 0.5283192992210388
vt 0.8107664585113525 0.11705851554870605
vt 0.7734247446060181 0.11705851554870605
vt 0.7244835495948792 0.8146012425422668
vt 0.7244835495948792 0.8165665864944458
vt 0.8352497816085815 0.8165668845176697
vt 0.9138084053993225 0.9382511377334595
vt 0.7321523427963257 0.1707242727279663
vt 0.7341176867485046 0.1707242727279663
vt 0.5212042331695557 0.39124596118927
vt 0.5212039947509766 0.2804797887802124
vt 0.5192386507987976 0.2804797887802124
vt 0.8153666257858276 0.34777212142944336
vt 0.8096255660057068 0.34777212142944336
vt 0.8225567936897278 0.34777212142944336
vt 0.7044625282287598 0.34777212142944336
vt 0.698722243309021 0.34777212142944336
vt 0.6589717268943787 1.0
vt 0.6589717268943787 0.9978480339050293
vt 0.6589717268943787 0.9752724170684814
vt 0.6589717268943787 0.9737920165061951
vt 0.8005724549293518 0.026626169681549072
vt 0.9113427996635437 0.026626169681549072
vt 0.7341176867485046 0.1204538345336914
vt 0.7341176867485046 0.118488609790802
vt 0.9138084053993225 0.9755908250808716
vt 0.5212042331695557 0.4702633023262024
vt 0.6948108673095703 0.16498321294784546
vt 0.6948108673095703 0.1577930450439453
vt 0.9142670631408691 0.8165669441223145
vt 0.18301811814308167 0.14449280500411987
vt 0.07224776595830917 0.14449280500411987
vt 0.5251056551933289 0.026626169681549072
vt 0.5992319583892822 0.026626169681549072
vt 0.4584849178791046 0.14449286460876465
vt 0.38435858488082886 0.14449286460876465
vt 0.8127318024635315 0.14389139413833618
vt 0.8127318024635315 0.1707242727279663
vt 0.9531152248382568 0.9310618042945862
vt 0.9531152248382568 0.9253214597702026
vt 0.9723230600357056 0.8165669441223145
vt 0.5212042331695557 0.5283192992210388
vt 0.8127318024635315 0.11705851554870605
vt 0.7244835495948792 0.7772597670555115
vt 0.6948108673095703 0.1707242727279663
vt 0.48189714550971985 0.2804797887802124
vt 0.5867161154747009 0.0659329891204834
vt 0.6522279381752014 0.4585544466972351
vt 0.6522279381752014 0.34777212142944336
vt 0.9511498808860779 0.9775561094284058
vt 0.9531152248382568 0.9775561094284058
vt 0.6522279381752014 0.7340509295463562
vt 0.6522279381752014 0.6599166393280029
vt 0.9138084053993225 0.9775561094284058
vt 0.7029637098312378 0.10111713409423828
vt 0.7029637098312378 0.08840036392211914
vt 0.7005907297134399 0.08903616666793823
vt 0.7005907297134399 0.10048133134841919
vt 0.6966053247451782 0.11213016510009766
vt 0.6948681473731995 0.11039304733276367
vt 0.6855922341346741 0.11848855018615723
vt 0.684956431388855 0.11611557006835938
vt 0.6728754639625549 0.11848855018615723
vt 0.6735113263130188 0.11611557006835938
vt 0.6618624329566956 0.11213016510009766
vt 0.6635995507240295 0.11039304733276367
vt 0.655504047870636 0.10111713409423828
vt 0.6578770279884338 0.10048127174377441
vt 0.2232477068901062 0.05359572172164917
vt 0.22329604625701904 0.06587916612625122
vt 0.41306352615356445 0.28554898500442505
vt 0.41306349635124207 0.29454106092453003
vt 0.41306349635124207 0.30682456493377686
vt 0.41306352615356445 0.3191080093383789
vt 0.41306352615356445 0.32810014486312866
vt 0.36817634105682373 0.37727099657058716
vt 0.38045984506607056 0.3773193359375
vt 0.6792339086532593 0.09475874900817871
vt 0.6541932225227356 0.737952709197998
vt 0.6915328502655029 0.737952709197998
vt 0.5212042331695557 0.06396764516830444
vt 0.5212042331695557 0.0659329891204834
vt 0.31511178612709045 0.48579663038253784
vt 0.31511178612709045 0.5283192992210388
vt 0.31511178612709045 0.42792099714279175
vt 0.7570433020591736 0.737952709197998
vt 0.8225567936897278 0.737952709197998
vt 0.4623863101005554 0.1425275206565857
vt 0.4623863101005554 0.10518604516983032
vt 0.8598960638046265 0.737952709197998
vt 0.8618612885475159 0.737952709197998
vt 0.31511181592941284 0.37020009756088257
vt 0.31511181592941284 0.32810014486312866
vt 0.8657963871955872 0.11705845594406128
vt 0.5212042331695557 0.026626169681549072
vt 0.4623863101005554 0.14449286460876465
vt 0.6522279381752014 0.737952709197998
vt 0.2793983817100525 0.7401046752929688
vt 0.2793983519077301 0.9344881772994995
vt 0.2793983519077301 0.9978480339050293
vt 0.2793983817100525 0.737952709197998
vt 0.2172754406929016 0.04131227731704712
vt 0.07229612022638321 0.041312217712402344
vt 0.4000389277935028 0.5222979784011841
vt 0.4090310335159302 0.5222979784011841
vt 0.4090310335159302 0.3773030638694763
vt 0.4000389277935028 0.3773030638694763
vt 0.4213145077228546 0.5222980380058289
vt 0.4213144779205322 0.3773030638694763
vt 0.43359798192977905 0.5222979784011841
vt 0.43359795212745667 0.3773030638694763
vt 0.4425900876522064 0.5222979784011841
vt 0.4425900876522064 0.3773030638694763
vt 0.3927432894706726 0.3832916021347046
vt 0.3927432894706726 0.528270959854126
vt 0.9737813472747803 0.737952709197998
vt 0.9723230600357056 0.737952709197998
vt 0.9723230600357056 0.7923317551612854
vt 0.9737813472747803 0.7923317551612854
vt 0.4286845326423645 0.30445754528045654
vt 0.4301428496837616 0.30445754528045654
vt 0.4301428496837616 0.27907174825668335
vt 0.4286845326423645 0.27907174825668335
vt 0.9598057866096497 0.04162412881851196
vt 0.9598057866096497 0.03517758846282959
vt 0.8100302219390869 0.8956663608551025
vt 0.8100302219390869 0.8806794881820679
vt 0.803583025932312 0.8806794881820679
vt 0.803583025932312 0.8956663608551025
vt 0.8100302219390869 0.8602070808410645
vt 0.803583025932312 0.8602070808410645
vt 0.8100302219390869 0.8397346138954163
vt 0.803583025932312 0.8397346138954163
vt 0.8100302219390869 0.8247477412223816
vt 0.803583025932312 0.8247477412223816
vt 0.48025932908058167 0.12315571308135986
vt 0.48025932908058167 0.11670917272567749
vt 0.5074756145477295 0.9699474573135376
vt 0.5065067410469055 0.9716256260871887
vt 0.4924887716770172 0.9549605846405029
vt 0.4908106327056885 0.9559294581413269
vt 0.4870032072067261 0.9344881772994995
vt 0.4850654602050781 0.9344881772994995
vt 0.4924888014793396 0.9140157103538513
vt 0.4908106327056885 0.9130468368530273
vt 0.5074756741523743 0.8990288376808167
vt 0.5065068006515503 0.8973507285118103
vt 0.8854727745056152 0.8397346138954163
vt 0.8854727745056152 0.8247477412223816
vt 0.8790255784988403 0.8247477412223816
vt 0.8790255784988403 0.8397346138954163
vt 0.8790255784988403 0.8602070808410645
vt 0.8854727745056152 0.8602070808410645
vt 0.8790255784988403 0.8806794881820679
vt 0.8854727745056152 0.8806794881820679
vt 0.8790255784988403 0.8956663608551025
vt 0.8854727745056152 0.8956663608551025
vt 0.9598057866096497 0.11061197519302368
vt 0.9598057866096497 0.11705845594406128
vt 0.7371046543121338 0.9873788356781006
vt 0.735080897808075 0.9894026517868042
vt 0.7272481322288513 0.9703068137168884
vt 0.7244835495948792 0.971047580242157
vt 0.7272481322288513 0.9505937099456787
vt 0.7244835495948792 0.9498529434204102
vt 0.7371046543121338 0.9335216879844666
vt 0.735080897808075 0.9314978718757629
vt 0.7541767358779907 0.9236651062965393
vt 0.7534359693527222 0.9209005832672119
vt 0.48025932908058167 0.19859009981155396
vt 0.48025932908058167 0.19214355945587158
vt 0.45688778162002563 0.14698255062103271
vt 0.4623863399028778 0.14698255062103271
vt 0.7447503805160522 0.9797331690788269
vt 0.7466618418693542 0.9778217077255249
vt 0.7376924157142639 0.9675083160400391
vt 0.7403034567832947 0.9668086767196655
vt 0.7376924157142639 0.9533922672271729
vt 0.7403034567832947 0.9540919065475464
vt 0.46492594480514526 0.9978480339050293
vt 0.46492594480514526 1.0
vt 0.2598952353000641 0.28101569414138794
vt 0.2620472013950348 0.28101569414138794
vt 0.2620472013950348 0.2755165696144104
vt 0.2598952353000641 0.2755165696144104
vt 0.1310236155986786 0.28101569414138794
vt 0.1965354084968567 0.28101569414138794
vt 0.19653542339801788 0.2755165696144104
vt 0.1310236006975174 0.2755165696144104
vt 0.593459963798523 0.7401046752929688
vt 0.5959495902061462 0.7401046752929688
vt 0.5959495902061462 0.737952709197998
vt 0.593459963798523 0.737952709197998
vt 0.45688778162002563 0.14449292421340942
vt 0.4623863399028778 0.14449292421340942
vt 0.462436318397522 0.9978480339050293
vt 0.462436318397522 1.0
vt 0.4624362885951996 0.9344881772994995
vt 0.4649259150028229 0.9344881772994995
vt 0.744750440120697 0.941167414188385
vt 0.7466618418693542 0.9430788159370422
vt 0.7569752931594849 0.9341093897819519
vt 0.7576748728752136 0.9367204308509827
vt 0.19653542339801788 0.45855438709259033
vt 0.17749947309494019 0.3796460032463074
vt 0.18468932807445526 0.4585661292076111
vt 0.2598952651023865 0.737952709197998
vt 0.2620472311973572 0.737952709197998
vt 0.2620472311973572 0.7324532270431519
vt 0.2598952651023865 0.7324532270431519
vt 0.0 0.14449292421340942
vt 0.0 0.14698255062103271
vt 0.005498906131833792 0.14698255062103271
vt 0.005498906131833792 0.14449292421340942
vt 0.9737813472747803 0.8668879866600037
vt 0.9723230600357056 0.8668879866600037
vt 0.9723230600357056 0.941644012928009
vt 0.9737813472747803 0.941644012928009
vt 0.6182055473327637 0.7626784443855286
vt 0.6202438473701477 0.7626784443855286
vt 0.27936819195747375 0.14449292421340942
vt 0.27936819195747375 0.14698255062103271
vt 0.9723230600357056 0.9965690970420837
vt 0.9737813472747803 0.9965690970420837
vt 0.9641041159629822 0.9775561094284058
vt 0.9655624628067017 0.9775561094284058
vt 0.9655624628067017 0.9521702527999878
vt 0.9641041159629822 0.9521702527999878
vt 0.9655624628067017 0.9267844557762146
vt 0.9641041159629822 0.9267844557762146
vt 0.9644441604614258 0.47933632135391235
vt 0.9629858732223511 0.47933632135391235
vt 0.9629858136177063 0.5342614650726318
vt 0.9644441604614258 0.5342614650726318
vt 0.9629858136177063 0.6090174317359924
vt 0.964444100856781 0.6090174317359924
vt 0.9629858136177063 0.6835736036300659
vt 0.964444100856781 0.6835736036300659
vt 0.4286845326423645 0.3298434019088745
vt 0.4301428496837616 0.3298434019088745
vt 0.9629857540130615 0.737952709197998
vt 0.964444100856781 0.737952709197998
vt 0.9256466627120972 0.43696093559265137
vt 0.9259715676307678 0.44052767753601074
vt 0.9494376182556152 0.4183007478713989
vt 0.9485498666763306 0.41526705026626587
vt 0.9629857540130615 0.362182080745697
vt 0.9617730975151062 0.3604944348335266
vt 0.9629857540130615 0.2872087359428406
vt 0.9617730379104614 0.2873191833496094
vt 0.94943767786026 0.21346968412399292
vt 0.9485499262809753 0.2153487205505371
vt 0.9259716868400574 0.16072314977645874
vt 0.9256467223167419 0.1638672947883606
vt 0.8988754153251648 0.1431027054786682
vt 0.8992003798484802 0.1466693878173828
vt 0.8754094243049622 0.16532951593399048
vt 0.8762971758842468 0.16836315393447876
vt 0.8618612885475159 0.2214481234550476
vt 0.863074004650116 0.2231358289718628
vt 0.8618612885475159 0.29642146825790405
vt 0.8630739450454712 0.29631102085113525
vt 0.8754093647003174 0.3701605796813965
vt 0.876297116279602 0.3682815432548523
vt 0.89887535572052 0.42290711402893066
vt 0.8992003202438354 0.4197629690170288
vt 0.17749951779842377 0.5374863147735596
vt 0.19653543829917908 0.7324532270431519
vt 0.15640945732593536 0.5878883600234985
vt 0.1310236155986786 0.6078945994377136
vt 0.1310236155986786 0.6164066195487976
vt 0.1578565090894699 0.5952600240707397
vt 0.17499315738677979 0.5332303047180176
vt 0.18179523944854736 0.4585661292076111
vt 0.1749931126832962 0.38390201330184937
vt 0.1564093977212906 0.3292440176010132
vt 0.15785644948482513 0.32187241315841675
vt 0.131023570895195 0.30923789739608765
vt 0.131023570895195 0.3007258176803589
vt 0.10563775897026062 0.32924407720565796
vt 0.10419070720672607 0.32187241315841675
vt 0.0870540589094162 0.38390207290649414
vt 0.08454768359661102 0.37964606285095215
vt 0.08025194704532623 0.45856618881225586
vt 0.07735785841941833 0.45856618881225586
vt 0.08705407381057739 0.5332304239273071
vt 0.08454770594835281 0.5374863743782043
vt 0.10563778877258301 0.5878883600234985
vt 0.10419074445962906 0.5952600240707397
vt 0.9847702980041504 0.737952709197998
vt 0.9831498861312866 0.737952709197998
vt 0.9831499457359314 0.7923317551612854
vt 0.9847702980041504 0.7923317551612854
vt 0.4176955819129944 0.30445754528045654
vt 0.41931596398353577 0.30445754528045654
vt 0.41931596398353577 0.27907174825668335
vt 0.4176955819129944 0.27907174825668335
vt 0.9847702980041504 0.8668879866600037
vt 0.9831499457359314 0.8668879866600037
vt 0.9831499457359314 0.941644012928009
vt 0.9847702980041504 0.941644012928009
vt 0.9831499457359314 0.9965690970420837
vt 0.9847702980041504 0.9965690970420837
vt 0.9531152248382568 0.9775561094284058
vt 0.9547355771064758 0.9775561094284058
vt 0.9547355771064758 0.9521702527999878
vt 0.9531152248382568 0.9521702527999878
vt 0.9547355771064758 0.9267844557762146
vt 0.9531152248382568 0.9267844557762146
vt 0.9754331111907959 0.47933638095855713
vt 0.9738127589225769 0.47933632135391235
vt 0.9738126993179321 0.5342614650726318
vt 0.9754330515861511 0.5342614650726318
vt 0.9738126993179321 0.6090174317359924
vt 0.9754330515861511 0.6090174913406372
vt 0.9738126993179321 0.6835736036300659
vt 0.9754330515861511 0.6835736632347107
vt 0.4176955819129944 0.3298434019088745
vt 0.41931596398353577 0.3298434019088745
vt 0.9738126397132874 0.737952709197998
vt 0.9754330515861511 0.737952709197998
vt 0.923150360584259 0.40956002473831177
vt 0.9417299032211304 0.39196163415908813
vt 0.9524567723274231 0.34752899408340454
vt 0.9524567723274231 0.28816795349121094
vt 0.9417299032211304 0.22978419065475464
vt 0.9231504201889038 0.18802154064178467
vt 0.9016966819763184 0.1740702986717224
vt 0.8831171989440918 0.19166868925094604
vt 0.8723902702331543 0.23610126972198486
vt 0.8723902702331543 0.2954622507095337
vt 0.883117139339447 0.35384613275527954
vt 0.9016966223716736 0.3956087827682495
vt 0.9229123592376709 0.40694737434387207
vt 0.9410796165466309 0.3897395133972168
vt 0.9515684843063354 0.34629279375076294
vt 0.9515684843063354 0.2882488965988159
vt 0.9410796165466309 0.23116058111190796
vt 0.9229124188423157 0.1903245449066162
vt 0.9019346833229065 0.17668288946151733
vt 0.8837674260139465 0.19389081001281738
vt 0.8732785582542419 0.23733747005462646
vt 0.8732785582542419 0.2953813672065735
vt 0.8837673664093018 0.3524697422981262
vt 0.9019346237182617 0.3933057188987732
vt 0.7520487904548645 0.24430936574935913
vt 0.6943278312683105 0.24430936574935913
vt 0.8099244236946106 0.24430936574935913
vt 0.8524470925331116 0.24430936574935913
vt 0.8100653886795044 0.09740495681762695
vt 0.8100653886795044 0.07775139808654785
vt 0.8127318024635315 0.09740489721298218
vt 0.8153982758522034 0.09740489721298218
vt 0.8153982758522034 0.07775139808654785
vt 0.8127318024635315 0.07775139808654785
vt 0.6522279381752014 0.24164295196533203
vt 0.6522279381752014 0.2443094253540039
vt 0.6943278312683105 0.24164295196533203
vt 0.7520487904548645 0.24164295196533203
vt 0.8099244236946106 0.24164295196533203
vt 0.8524470925331116 0.24164295196533203
vt 0.8127318024635315 0.07775139808654785
vt 0.8127318024635315 0.09740495681762695
vt 0.8100653886795044 0.11705845594406128
vt 0.8127318024635315 0.11705845594406128
vt 0.2620472311973572 0.5283192992210388
vt 0.26471367478370667 0.5283192992210388
vt 0.26471367478370667 0.48579663038253784
vt 0.2620472311973572 0.48579663038253784
vt 0.26471367478370667 0.4279210567474365
vt 0.2620472311973572 0.4279210567474365
vt 0.26471367478370667 0.37020015716552734
vt 0.2620472311973572 0.37020015716552734
vt 0.8127318024635315 0.11705845594406128
vt 0.8153982758522034 0.11705845594406128
vt 0.26471370458602905 0.32810014486312866
vt 0.2620472311973572 0.32810014486312866
vt 0.5959495902061462 0.8034645318984985
vt 0.6182054877281189 0.8034632205963135
vt 0.6182055473327637 0.764717698097229
vt 0.5212042331695557 0.041194140911102295
vt 0.5212042331695557 0.0347476601600647
vt 0.803583025932312 0.9021135568618774
vt 0.8185698986053467 0.9021135568618774
vt 0.8185698986053467 0.8956663608551025
vt 0.803583025932312 0.8956663608551025
vt 0.8390423059463501 0.9021135568618774
vt 0.8390423059463501 0.8956663608551025
vt 0.8595147728919983 0.9021135568618774
vt 0.8595147728919983 0.8956663608551025
vt 0.8745015859603882 0.9021135568618774
vt 0.8745015859603882 0.8956663608551025
vt 0.031302858144044876 0.06905847787857056
vt 0.031302858144044876 0.06261193752288818
vt 0.5074756741523743 0.8389238119125366
vt 0.5065067410469055 0.8406019806861877
vt 0.4924888014793396 0.8239369988441467
vt 0.4908106327056885 0.8249058723449707
vt 0.48700323700904846 0.8034645318984985
vt 0.4850654602050781 0.8034645318984985
vt 0.4924888014793396 0.7829921245574951
vt 0.49081066250801086 0.7820232510566711
vt 0.5074756741523743 0.7680052518844604
vt 0.5065068006515503 0.7663270831108093
vt 0.8595147728919983 0.9775561094284058
vt 0.874501645565033 0.9775561094284058
vt 0.874501645565033 0.9711089134216309
vt 0.8595147728919983 0.9711089134216309
vt 0.8390423059463501 0.9711089134216309
vt 0.8390423059463501 0.9775561094284058
vt 0.8185698986053467 0.9711089134216309
vt 0.8185698986053467 0.9775561094284058
vt 0.803583025932312 0.9711089134216309
vt 0.803583025932312 0.9775561094284058
vt 0.5212042331695557 0.11018204689025879
vt 0.5212042331695557 0.11662858724594116
vt 0.774630606174469 0.8165669441223145
vt 0.7738898396492004 0.8193314671516418
vt 0.7909619212150574 0.8291880488395691
vt 0.7929856777191162 0.8271642327308655
vt 0.03130285069346428 0.14449286460876465
vt 0.03130285441875458 0.13804638385772705
vt 0.5236939191818237 0.5228207111358643
vt 0.5212042331695557 0.5228207111358643
vt 0.5212042331695557 0.5283192992210388
vt 0.523693859577179 0.5283192992210388
vt 0.4623863101005554 0.048507750034332275
vt 0.46001332998275757 0.04787188768386841
vt 2.440504687228895e-09 0.06261199712753296
vt 2.440504687228895e-09 0.06807070970535278
vt 0.8160074353218079 0.23618358373641968
vt 0.8160074353218079 0.24164289236068726
vt 0.8249995112419128 0.24164289236068726
vt 0.8249995112419128 0.23618358373641968
vt 0.0021519591100513935 0.28101569414138794
vt 0.0655118077993393 0.28101569414138794
vt 0.06551181524991989 0.2755165696144104
vt 0.0021519784349948168 0.2755165696144104
vt 0.8372830152511597 0.24164295196533203
vt 0.8372830152511597 0.23618358373641968
vt 0.8495664596557617 0.24164289236068726
vt 0.8495664596557617 0.23618358373641968
vt 0.8585585951805115 0.24164289236068726
vt 0.8585585951805115 0.23618358373641968
vt 0.4624362587928772 0.7401047348976135
vt 0.4624362885951996 0.8034645915031433
vt 0.4649259150028229 0.8034645915031433
vt 0.4649259150028229 0.7401047945022583
vt 0.9754330515861511 0.7324455976486206
vt 0.9754330515861511 0.7379043698310852
vt 0.5959495902061462 1.0
vt 0.5959495902061462 0.9978480339050293
vt 0.5934599041938782 0.9978479743003845
vt 0.5934599041938782 0.9999999403953552
vt 0.4649259150028229 0.7379527688026428
vt 0.0 0.28101569414138794
vt 0.0 0.2755165696144104
vt 0.4624362587928772 0.7379527688026428
vt 0.5236939191818237 0.34530115127563477
vt 0.5212042927742004 0.34530115127563477
vt 0.5236939191818237 0.0659329891204834
vt 0.5212042927742004 0.0659329891204834
vt 0.5212042927742004 0.07143187522888184
vt 0.5236939191818237 0.07143187522888184
vt 1.952403749783116e-08 0.737952709197998
vt 0.0021519784349948168 0.737952709197998
vt 0.0021519882138818502 0.7324532270431519
vt 3.904807499566232e-08 0.7324532270431519
vt 2.9286058023103578e-08 0.4585544466972351
vt 0.0021519591100513935 0.4585544466972351
vt 0.7903741598129272 0.8631746768951416
vt 0.7877631187438965 0.8624750375747681
vt 0.7903741598129272 0.8490586280822754
vt 0.7877631187438965 0.8497582674026489
vt 0.7833161354064941 0.8368337750434875
vt 0.7814047336578369 0.8387452363967896
vt 0.6182054877281189 0.973233163356781
vt 0.6196649074554443 0.9718267917633057
vt 0.6196649074554443 0.9344871044158936
vt 0.6182054877281189 0.9344871640205383
vt 0.7710913419723511 0.8297757506370544
vt 0.7703917026519775 0.8323867917060852
vt 0.7569752931594849 0.8297757506370544
vt 0.7576749324798584 0.8323867917060852
vt 0.6202438473701477 0.9752724170684814
vt 0.6216302514076233 0.9737920165061951
vt 0.6196649074554443 0.9737920165061951
vt 0.6182054877281189 0.9752724170684814
vt 0.5959495902061462 0.9344881772994995
vt 0.5959495902061462 0.8689767122268677
vt 0.5934599041938782 0.8034645318984985
vt 0.5934599041938782 0.868976354598999
vt 0.4624362587928772 0.868976354598999
vt 0.4649258852005005 0.868976354598999
vt 0.13102364540100098 0.737952709197998
vt 0.19653542339801788 0.737952709197998
vt 0.13102364540100098 0.7324532270431519
vt 0.6182054877281189 0.8689767122268677
vt 0.6196649074554443 0.8689767122268677
vt 0.6196649074554443 0.8034631609916687
vt 0.593459963798523 0.9344881772994995
vt 0.06551181524991989 0.737952709197998
vt 0.06551183015108109 0.7324532270431519
vt 0.9754330515861511 0.25833338499069214
vt 0.9754330515861511 0.26379215717315674
vt 0.5122120976448059 0.2750204801559448
vt 0.5122120976448059 0.2804798483848572
vt 0.5212042331695557 0.2804798483848572
vt 0.5212042331695557 0.2750204801559448
vt 0.49992865324020386 0.2750204801559448
vt 0.49992865324020386 0.2804798483848572
vt 0.4876452088356018 0.2750204801559448
vt 0.4876452088356018 0.2804798483848572
vt 0.47865307331085205 0.2750204801559448
vt 0.47865307331085205 0.2804798483848572
vt 0.9598057866096497 0.03517758846282959
vt 0.9598057866096497 0.040636301040649414
vt 0.4425900876522064 0.3599315881729126
vt 0.4402170777320862 0.3592957854270935
vt 0.4425900876522064 0.34721481800079346
vt 0.4402170777320862 0.3478506803512573
vt 0.43623170256614685 0.3362017869949341
vt 0.4344945549964905 0.33793890476226807
vt 0.4252186417579651 0.3298434019088745
vt 0.4245828092098236 0.33221638202667236
vt 0.41250187158584595 0.3298434019088745
vt 0.4131377041339874 0.33221638202667236
vt 0.9754330515861511 0.18191123008728027
vt 0.9754330515861511 0.18737000226974487
vt 0.5122120976448059 0.19859009981155396
vt 0.5122120976448059 0.20404940843582153
vt 0.5212042331695557 0.20404940843582153
vt 0.5212042331695557 0.19859009981155396
vt 0.49992865324020386 0.19859009981155396
vt 0.49992865324020386 0.20404940843582153
vt 0.4876452088356018 0.19859009981155396
vt 0.4876452088356018 0.20404940843582153
vt 0.47865307331085205 0.19859009981155396
vt 0.47865307331085205 0.20404940843582153
vt 0.9598057866096497 0.11159974336624146
vt 0.9598057866096497 0.11705845594406128
vt 0.4623863101005554 0.035790979862213135
vt 0.46001332998275757 0.03642678260803223
vt 0.45602792501449585 0.024777889251708984
vt 0.4542907774448395 0.026515066623687744
vt 0.4450148940086365 0.018419504165649414
vt 0.4443790316581726 0.020792484283447266
vt 0.43229809403419495 0.018419504165649414
vt 0.4329339563846588 0.020792484283447266
vt 0.9754330515861511 0.6560235023498535
vt 0.9754330515861511 0.6614822149276733
vt 0.8495664596557617 0.15975314378738403
vt 0.8495664596557617 0.1652125120162964
vt 0.8585585951805115 0.1652125120162964
vt 0.8585585951805115 0.15975314378738403
vt 0.8372830152511597 0.15975314378738403
vt 0.8372830152511597 0.1652125120162964
vt 0.8249995112419128 0.15975314378738403
vt 0.8249995112419128 0.1652125120162964
vt 0.8160074353218079 0.15975314378738403
vt 0.8160074353218079 0.1652125120162964
vt 0.0 0.13903409242630005
vt 0.0 0.14449286460876465
vt 0.7541767358779907 0.8193314671516418
vt 0.8008184432983398 0.865973174571991
vt 0.8008184432983398 0.8462600708007812
vt 0.7534359693527222 0.8165669441223145
vt 0.803583025932312 0.8455193042755127
vt 0.803583025932312 0.8667139410972595
vt 0.3728295564651489 0.530284583568573
vt 0.26204726099967957 0.530284583568573
vt 0.26204726099967957 0.5676242709159851
vt 0.3728295564651489 0.5676242709159851
vt 0.8005724549293518 -0.010715365409851074
vt 0.9113427996635437 -0.010715365409851074
vt 0.9113427996635437 -0.012680649757385254
vt 0.8005724549293518 -0.012680649757385254
vt 0.6216302514076233 0.7641586661338806
vt 0.6196649074554443 0.76612389087677
vt 0.6196649074554443 0.7641586661338806
vt 0.6574693918228149 0.1204538345336914
vt 0.6574693918228149 0.118488609790802
vt 0.8764669299125671 0.9755908250808716
vt 0.8764669299125671 0.9382511377334595
vt 0.8745015859603882 0.9382511377334595
vt 0.8745015859603882 0.9755908250808716
vt 0.4445554316043854 0.39124596118927
vt 0.4445554316043854 0.4702633023262024
vt 0.6574693918228149 0.16498321294784546
vt 0.6574693918228149 0.1577930450439453
vt 0.655504047870636 0.1577930450439453
vt 0.655504047870636 0.16498321294784546
vt 0.9142670631408691 0.7399181127548218
vt 0.8352497816085815 0.7399181127548218
vt 0.18301813304424286 0.06784456968307495
vt 0.07224777340888977 0.06784451007843018
vt 0.3728295564651489 0.7359874844551086
vt 0.2620472311973572 0.7359874844551086
vt 0.2620472311973572 0.737952709197998
vt 0.3728295564651489 0.737952709197998
vt 0.6483260989189148 0.5302846431732178
vt 0.5741918087005615 0.5302846431732178
vt 0.5741918087005615 0.5676243305206299
vt 0.6483260989189148 0.5676243305206299
vt 0.5251056551933289 -0.010715365409851074
vt 0.5992319583892822 -0.010715365409851074
vt 0.5992319583892822 -0.012680649757385254
vt 0.5251056551933289 -0.012680649757385254
vt 0.6483260989189148 0.6331347227096558
vt 0.5741918087005615 0.6331347227096558
vt 0.5741918087005615 0.6986482739448547
vt 0.6483260989189148 0.6986482739448547
vt 0.4584849178791046 0.06784462928771973
vt 0.38435858488082886 0.06784456968307495
vt 0.6483260989189148 0.7359875440597534
vt 0.5741918087005615 0.7359875440597534
vt 0.5741918087005615 0.737952709197998
vt 0.6483260989189148 0.737952709197998
vt 0.5095351934432983 0.6063021421432495
vt 0.5306817889213562 0.6331350803375244
vt 0.5464658737182617 0.6331350803375244
vt 0.5232045650482178 0.603618860244751
vt 0.45176154375076294 0.5866591334342957
vt 0.4596535563468933 0.5820115804672241
vt 0.37284135818481445 0.5794693231582642
vt 0.37284135818481445 0.5741027593612671
vt 0.45176151394844055 0.6796109676361084
vt 0.3728412687778473 0.6868007779121399
vt 0.3728412687778473 0.6921674013137817
vt 0.4596535265445709 0.6842585802078247
vt 0.5095351934432983 0.6599679589271545
vt 0.5232045650482178 0.6626512408256531
vt 0.3728295564651489 0.6986482739448547
vt 0.7360830307006836 0.14389139413833618
vt 0.7360830307006836 0.1707242727279663
vt 0.8764669299125671 0.9310617446899414
vt 0.8764669299125671 0.9253214597702026
vt 0.9723230600357056 0.7399181127548218
vt 0.4445554316043854 0.5283192992210388
vt 0.7360830307006836 0.11705851554870605
vt 0.8352497816085815 0.737952709197998
vt 0.7244835495948792 0.7379529476165771
vt 0.7244835495948792 0.7399183511734009
vt 0.6574693918228149 0.1707242727279663
vt 0.655504047870636 0.1707242727279663
vt 0.44455569982528687 0.2804797887802124
vt 0.4425903558731079 0.2804797887802124
vt 0.4425900876522064 0.39124596118927
vt 0.2620472311973572 0.685716986656189
vt 0.2620472311973572 0.6914581060409546
vt 0.2620472311973572 0.69864821434021
vt 0.26204726099967957 0.5748136639595032
vt 0.26204726099967957 0.5805539488792419
vt 0.655504047870636 0.1204538345336914
vt 0.655504047870636 0.118488609790802
vt 0.4425900876522064 0.4702633023262024
vt 0.9142670631408691 0.737952709197998
vt 0.18301813304424286 0.065879225730896
vt 0.07224777340888977 0.06587916612625122
vt 0.4584849178791046 0.06587928533554077
vt 0.38435858488082886 0.065879225730896
vt 0.7341176867485046 0.14389139413833618
vt 0.7341176867485046 0.1707242727279663
vt 0.8745015859603882 0.9310617446899414
vt 0.8745015859603882 0.9253214597702026
vt 0.9723230600357056 0.7379527688026428
vt 0.4425900876522064 0.5283192992210388
vt 0.7341176867485046 0.11705851554870605
vt 0.3728295564651489 0.5283193588256836
vt 0.26204726099967957 0.5283193588256836
vt 0.8764669299125671 0.9775561094284058
vt 0.8745015859603882 0.9775561094284058
vt 0.6483260989189148 0.5283193588256836
vt 0.5741918087005615 0.5283193588256836
vt 0.6966053247451782 0.07738733291625977
vt 0.6948681473731995 0.07912445068359375
vt 0.6855922341346741 0.07102888822555542
vt 0.684956431388855 0.07340192794799805
vt 0.6728754639625549 0.0710289478302002
vt 0.6735113263130188 0.07340192794799805
vt 0.6618624329566956 0.07738733291625977
vt 0.6635995507240295 0.07912445068359375
vt 0.655504047870636 0.08840036392211914
vt 0.6578770279884338 0.08903622627258301
vt 0.22329604625701904 0.04131227731704712
vt 0.4000389277935028 0.5283192992210388
vt 0.4090310335159302 0.5283192992210388
vt 0.4213145077228546 0.5283192992210388
vt 0.43359798192977905 0.5283192992210388
vt 0.4425900876522064 0.5283192992210388
vt 0.3927432894706726 0.37727099657058716
vt 0.6522279381752014 0.5302846431732178
vt 0.6522279381752014 0.5676243305206299
vt 0.5212042331695557 -0.010715365409851074
vt 0.5212042331695557 -0.012680649757385254
vt 0.6522279381752014 0.6331347227096558
vt 0.6522279381752014 0.6986482739448547
vt 0.4623863101005554 0.06784462928771973
vt 0.6522279381752014 0.7359875440597534
vt 0.6522279381752014 0.737952709197998
vt 0.4623863101005554 0.06587928533554077
vt 0.6522279381752014 0.5283193588256836
vt 0.2598952651023865 0.45855438709259033
vt 0.06551181524991989 0.45855438709259033
vt 0.0021519591100513935 0.4585544466972351
vt 0.2620472013950348 0.45855438709259033
vn 1.9470719792025193e-07 -7.549790126404332e-08 1.0
vn 1.9470719792025193e-07 -7.549790126404332e-08 1.0
vn -0.4999890923500061 -6.538356700502845e-08 0.8660317063331604
vn -0.4999890923500061 -6.538356700502845e-08 0.8660317063331604
vn -0.4999890923500061 -6.538356700502845e-08 0.8660317063331604
vn -0.4999890923500061 -6.538356700502845e-08 0.8660317063331604
vn -0.8660315275192261 -3.774815127144393e-08 0.49998944997787476
vn -0.8660315275192261 -3.774815127144393e-08 0.49998944997787476
vn -1.0 -1.4922028659914398e-14 1.9470719792025193e-07
vn -1.0 -1.4922028659914398e-14 1.9470719792025193e-07
vn -0.8660317063331604 3.774812640244818e-08 -0.4999890923500061
vn -0.8660317063331604 3.774812640244818e-08 -0.4999890923500061
vn -0.49998944997787476 6.538355279417374e-08 -0.8660315275192261
vn -0.49998944997787476 6.538355279417374e-08 -0.8660315275192261
vn -0.49998944997787476 6.538355279417374e-08 -0.8660315275192261
vn -0.49998944997787476 6.538355279417374e-08 -0.8660315275192261
vn -1.9470719792025193e-07 7.549790126404332e-08 -1.0
vn -1.9470719792025193e-07 7.549790126404332e-08 -1.0
vn -8.436558118773974e-08 0.901252269744873 -0.4332946538925171
vn -1.6513068601398118e-07 0.5298402309417725 -0.8480975031852722
vn -0.6281706690788269 0.4122239053249359 -0.659903883934021
vn -0.4119277596473694 0.8212347626686096 -0.3948277533054352
vn -1.0414394153738522e-23 1.0 -1.1533400463090664e-37
vn -8.436558118773974e-08 0.901252269744873 -0.4332946538925171
vn -0.4119277596473694 0.8212347626686096 -0.3948277533054352
vn -0.24158445000648499 0.9703798294067383 4.703822753526765e-08
vn 1.9470719792025193e-07 -7.549790126404332e-08 1.0
vn 7.138827129438141e-08 0.9303613305091858 0.3666442334651947
vn -0.1833142340183258 0.9303590655326843 0.317533940076828
vn -0.4999890923500061 -6.538356700502845e-08 0.8660317063331604
vn -0.4999890923500061 -6.538356700502845e-08 0.8660317063331604
vn -0.1833142340183258 0.9303590655326843 0.317533940076828
vn -0.3175338804721832 0.9303590655326843 0.18331433832645416
vn -0.8660315275192261 -3.774815127144393e-08 0.49998944997787476
vn -0.3666442036628723 0.930361270904541 7.138826418895405e-08
vn -1.0 -1.4922030353980292e-14 1.9470719792025193e-07
vn -0.317533940076828 0.9303591251373291 -0.1833142340183258
vn -0.8660317063331604 3.774812640244818e-08 -0.4999890923500061
vn -0.18331432342529297 0.9303590655326843 -0.31753385066986084
vn -0.49998944997787476 6.538355279417374e-08 -0.8660315275192261
vn -0.49998944997787476 6.538355279417374e-08 -0.8660315275192261
vn -0.18331432342529297 0.9303590655326843 -0.31753385066986084
vn -7.138826418895405e-08 0.930361270904541 -0.3666442036628723
vn -1.9470719792025193e-07 7.549790126404332e-08 -1.0
vn -0.1354820728302002 0.9625909328460693 -0.23465566337108612
vn -5.275856551634206e-08 0.9625895619392395 -0.2709636092185974
vn -1.0414394153738522e-23 1.0 -1.1533400463090664e-37
vn -1.0414394153738522e-23 1.0 -1.1533400463090664e-37
vn -0.2346557080745697 0.9625909328460693 -0.13548196852207184
vn -1.0414394153738522e-23 1.0 -1.1533400463090664e-37
vn -0.2709636390209198 0.9625895619392395 5.275856906905574e-08
vn -1.0414394153738522e-23 1.0 -1.1533400463090664e-37
vn -0.23465566337108612 0.9625909328460693 0.1354820728302002
vn -1.0414394153738522e-23 1.0 -1.1533400463090664e-37
vn -0.13548198342323303 0.9625909328460693 0.2346557080745697
vn -1.0414394153738522e-23 1.0 -1.1533400463090664e-37
vn 5.275856906905574e-08 0.9625895619392395 0.2709636390209198
vn -1.0414394153738522e-23 1.0 -1.1533400463090664e-37
vn -0.2346557080745697 0.9625909328460693 -0.13548196852207184
vn -0.8660317063331604 3.774812640244818e-08 -0.4999890923500061
vn -0.49998944997787476 6.538355279417374e-08 -0.8660315275192261
vn -0.1354820728302002 0.9625909328460693 -0.23465566337108612
vn -1.0 -1.4922030353980292e-14 1.9470719792025193e-07
vn -0.2709636390209198 0.9625895619392395 5.275856906905574e-08
vn -0.8660315275192261 -3.774815127144393e-08 0.49998944997787476
vn -0.23465566337108612 0.9625909328460693 0.1354820728302002
vn -0.4999890923500061 -6.538356700502845e-08 0.8660317063331604
vn -0.13548198342323303 0.9625909328460693 0.2346557080745697
vn 1.9470719792025193e-07 -7.549790126404332e-08 1.0
vn -0.4999890923500061 -6.538356700502845e-08 0.8660317063331604
vn 5.275856906905574e-08 0.9625895619392395 0.2709636390209198
vn -0.13548198342323303 0.9625909328460693 0.2346557080745697
vn -7.138826418895405e-08 0.930361270904541 -0.3666442036628723
vn -0.18331432342529297 0.9303590655326843 -0.31753385066986084
vn -1.0414394153738522e-23 1.0 -1.1533400463090664e-37
vn -1.0414394153738522e-23 1.0 -1.1533400463090664e-37
vn -0.317533940076828 0.9303591251373291 -0.1833142340183258
vn -1.0414394153738522e-23 1.0 -1.1533400463090664e-37
vn -0.3666442036628723 0.930361270904541 7.138826418895405e-08
vn -1.0414394153738522e-23 1.0 -1.1533400463090664e-37
vn -0.3175338804721832 0.9303590655326843 0.18331433832645416
vn -1.0414394153738522e-23 1.0 -1.1533400463090664e-37
vn -0.1833142340183258 0.9303590655326843 0.317533940076828
vn -1.0414394153738522e-23 1.0 -1.1533400463090664e-37
vn 7.138827129438141e-08 0.9303613305091858 0.3666442334651947
vn -1.0414394153738522e-23 1.0 -1.1533400463090664e-37
vn -0.1354820728302002 0.9625909328460693 -0.23465566337108612
vn -0.49998944997787476 6.538355279417374e-08 -0.8660315275192261
vn -1.9470719792025193e-07 7.549790126404332e-08 -1.0
vn -5.275856551634206e-08 0.9625895619392395 -0.2709636092185974
vn -1.9470719792025193e-07 7.549790126404332e-08 -1.0
vn -6.267676866400507e-08 0.9467727541923523 -0.32190269231796265
vn -6.267676866400507e-08 0.9467727541923523 -0.32190269231796265
vn -1.9470719792025193e-07 7.549790126404332e-08 -1.0
vn -1.0414394153738522e-23 1.0 -1.1533400463090664e-37
vn 0.1354820728302002 0.9625909328460693 0.23465566337108612
vn 5.275856906905574e-08 0.9625895619392395 0.2709636390209198
vn -1.0414394153738522e-23 1.0 -1.1533400463090664e-37
vn -1.0414394153738522e-23 1.0 -1.1533400463090664e-37
vn 0.2346557080745697 0.9625909328460693 0.13548196852207184
vn -1.0414394153738522e-23 1.0 -1.1533400463090664e-37
vn 0.2709636390209198 0.9625895619392395 -5.275856906905574e-08
vn -1.0414394153738522e-23 1.0 -1.1533400463090664e-37
vn -1.0414394153738522e-23 1.0 -1.1533400463090664e-37
vn -6.267676866400507e-08 0.9467727541923523 -0.32190269231796265
vn -6.267676866400507e-08 0.9467727541923523 -0.32190269231796265
vn -1.0 -1.4922028659914398e-14 1.9470719792025193e-07
vn -0.32190269231796265 0.9467727541923523 6.267676866400507e-08
vn -0.3064182698726654 0.9012300372123718 -0.30641815066337585
vn -0.70710688829422 5.3385065257316455e-08 -0.7071066498756409
vn -1.0 -1.4922028659914398e-14 1.9470719792025193e-07
vn -0.32190269231796265 0.9467727541923523 6.267676866400507e-08
vn -0.32190269231796265 0.9467727541923523 6.267676866400507e-08
vn -1.0 -1.4922028659914398e-14 1.9470719792025193e-07
vn -0.32190269231796265 -0.9467727541923523 6.267676866400507e-08
vn -0.3064182698726654 -0.9012300372123718 -0.30641815066337585
vn -6.267676866400507e-08 -0.9467727541923523 -0.32190269231796265
vn 1.0414394153738522e-23 -1.0 1.1533400463090664e-37
vn -0.70710688829422 5.3385065257316455e-08 -0.7071066498756409
vn -0.3064182698726654 0.9012300372123718 -0.30641815066337585
vn -0.32190269231796265 0.9467727541923523 6.267676866400507e-08
vn -0.3064182698726654 0.9012300372123718 -0.30641815066337585
vn -0.32190269231796265 0.9467727541923523 6.267676866400507e-08
vn -1.0414394153738522e-23 1.0 -1.1533400463090664e-37
vn -1.0414394153738522e-23 1.0 -1.1533400463090664e-37
vn 0.23465566337108612 0.9625909328460693 -0.1354820728302002
vn -1.0414394153738522e-23 1.0 -1.1533400463090664e-37
vn 0.13548198342323303 0.9625909328460693 -0.2346557080745697
vn -1.0414394153738522e-23 1.0 -1.1533400463090664e-37
vn -5.275856551634206e-08 0.9625895619392395 -0.2709636092185974
vn -1.0 -1.4922028659914398e-14 1.9470719792025193e-07
vn -1.0 -1.4922028659914398e-14 1.9470719792025193e-07
vn -1.0 -1.4922028659914398e-14 1.9470719792025193e-07
vn -0.32190269231796265 -0.9467727541923523 6.267676866400507e-08
vn -1.0 -1.4922028659914398e-14 1.9470719792025193e-07
vn -0.70710688829422 5.3385065257316455e-08 -0.7071066498756409
vn -0.3064182698726654 -0.9012300372123718 -0.30641815066337585
vn -0.3064182698726654 -0.9012300372123718 -0.30641815066337585
vn -0.70710688829422 5.3385065257316455e-08 -0.7071066498756409
vn -1.9470719792025193e-07 7.549790126404332e-08 -1.0
vn -6.267676866400507e-08 -0.9467727541923523 -0.32190269231796265
vn -1.9470719792025193e-07 7.549790126404332e-08 -1.0
vn -1.651307002248359e-07 -0.5298401117324829 -0.848097562789917
vn -0.6281706690788269 -0.41222381591796875 -0.659903883934021
vn -0.6872417330741882 5.484384146825505e-08 -0.7264286875724792
vn 1.0414394153738522e-23 -1.0 1.1533400463090664e-37
vn 1.0414394153738522e-23 -1.0 1.1533400463090664e-37
vn 1.0414394153738522e-23 -1.0 1.1533400463090664e-37
vn 1.0414394153738522e-23 -1.0 1.1533400463090664e-37
vn -0.70710688829422 5.3385065257316455e-08 -0.7071066498756409
vn -1.9470719792025193e-07 7.549790126404332e-08 -1.0
vn -8.436558829316709e-08 -0.9012523293495178 -0.4332946836948395
vn -0.4119277894496918 -0.8212347626686096 -0.39482778310775757
vn -8.436558829316709e-08 -0.9012523293495178 -0.4332946836948395
vn 1.0414394153738522e-23 -1.0 1.1533400463090664e-37
vn -0.24158445000648499 -0.9703798294067383 4.703822753526765e-08
vn -0.4119277894496918 -0.8212347626686096 -0.39482778310775757
vn 8.436558118773974e-08 -0.901252269744873 0.4332946538925171
vn -0.41192761063575745 -0.8212347626686096 0.3948279023170471
vn 8.436558118773974e-08 -0.901252269744873 0.4332946538925171
vn 1.6513068601398118e-07 -0.5298402309417725 0.8480975031852722
vn -0.6281704306602478 -0.4122239053249359 0.6599041223526001
vn -0.41192761063575745 -0.8212347626686096 0.3948279023170471
vn 1.9470719792025193e-07 -7.549790126404332e-08 1.0
vn -0.6872415542602539 -5.48438663372508e-08 0.7264290452003479
vn 1.651307002248359e-07 0.5298401117324829 0.848097562789917
vn -0.6281704306602478 0.41222381591796875 0.6599041223526001
vn 8.436558829316709e-08 0.9012523293495178 0.4332946836948395
vn -0.41192764043807983 0.8212347626686096 0.3948279321193695
vn 8.436558829316709e-08 0.9012523293495178 0.4332946836948395
vn -0.41192764043807983 0.8212347626686096 0.3948279321193695
vn -1.0 -1.4922028659914398e-14 1.9470719792025193e-07
vn -1.0 -1.4922028659914398e-14 1.9470719792025193e-07
vn -0.41192764043807983 0.8212347626686096 0.3948279321193695
vn -0.24158445000648499 0.9703798294067383 4.703822753526765e-08
vn -1.0 -1.4922028659914398e-14 1.9470719792025193e-07
vn -0.6281704306602478 0.41222381591796875 0.6599041223526001
vn -1.0 -1.4922028659914398e-14 1.9470719792025193e-07
vn -0.6872415542602539 -5.48438663372508e-08 0.7264290452003479
vn -1.0 -1.4922028659914398e-14 1.9470719792025193e-07
vn -0.6281704306602478 -0.4122239053249359 0.6599041223526001
vn -1.0 -1.4922028659914398e-14 1.9470719792025193e-07
vn -0.41192761063575745 -0.8212347626686096 0.3948279023170471
vn -1.0 -1.4922028659914398e-14 1.9470719792025193e-07
vn -0.24158445000648499 -0.9703798294067383 4.703822753526765e-08
vn -1.0 -1.4922028659914398e-14 1.9470719792025193e-07
vn -0.4119277894496918 -0.8212347626686096 -0.39482778310775757
vn -1.0 -1.4922030353980292e-14 1.9470719792025193e-07
vn -0.6281706690788269 -0.41222381591796875 -0.659903883934021
vn -1.0 -1.4922028659914398e-14 1.9470719792025193e-07
vn -0.6872417330741882 5.484384146825505e-08 -0.7264286875724792
vn -1.0 -1.4922030353980292e-14 1.9470719792025193e-07
vn -0.6281706690788269 0.4122239053249359 -0.659903883934021
vn -1.0 -1.4922028659914398e-14 1.9470719792025193e-07
vn -0.4119277596473694 0.8212347626686096 -0.3948277533054352
vn -1.0 -1.4922030353980292e-14 1.9470719792025193e-07
vn -1.0 -1.4922028659914398e-14 1.9470719792025193e-07
vn -0.5478727221488953 0.7539487481117249 0.36248669028282166
vn -1.0 -1.4922028659914398e-14 1.9470719792025193e-07
vn -1.0 -1.4922028659914398e-14 1.9470719792025193e-07
vn -0.5249987244606018 0.8511030077934265 1.0222102275747602e-07
vn -0.6845254302024841 0.38621971011161804 0.6182711124420166
vn -0.7281031608581543 -5.175136763568844e-08 0.6854676604270935
vn -0.6845254302024841 -0.3862197995185852 0.6182711124420166
vn -0.5478465557098389 -0.7539761066436768 0.3624693751335144
vn -1.0 -1.4922028659914398e-14 1.9470719792025193e-07
vn -0.5249987244606018 -0.8511030077934265 1.0222102275747602e-07
vn -1.0 -1.4922028659914398e-14 1.9470719792025193e-07
vn -0.5478467345237732 -0.7539761066436768 -0.3624691665172577
vn -1.0 -1.4922028659914398e-14 1.9470719792025193e-07
vn -0.6845256686210632 -0.38621971011161804 -0.6182709336280823
vn -1.0 -1.4922030353980292e-14 1.9470719792025193e-07
vn -0.7281033992767334 5.1751346319406366e-08 -0.6854674220085144
vn -1.0 -1.4922028659914398e-14 1.9470719792025193e-07
vn -0.6845256686210632 0.3862197995185852 -0.6182709336280823
vn -1.0 -1.4922028659914398e-14 1.9470719792025193e-07
vn -0.5478467345237732 0.7539761662483215 -0.3624691665172577
vn -1.0 -1.4922028659914398e-14 1.9470719792025193e-07
vn -0.5478467345237732 0.7539761662483215 -0.3624691665172577
vn -0.6845256686210632 0.3862197995185852 -0.6182709336280823
vn -1.6513068601398118e-07 0.5298402309417725 -0.8480975031852722
vn -8.436558118773974e-08 0.901252269744873 -0.4332946538925171
vn -0.5249987244606018 0.8511030077934265 1.0222102275747602e-07
vn -0.5478467345237732 0.7539761662483215 -0.3624691665172577
vn -8.436558118773974e-08 0.901252269744873 -0.4332946538925171
vn -1.0414394153738522e-23 1.0 -1.1533400463090664e-37
vn -0.7281033992767334 5.1751346319406366e-08 -0.6854674220085144
vn -0.6845256686210632 -0.38621971011161804 -0.6182709336280823
vn -1.651307002248359e-07 -0.5298401117324829 -0.848097562789917
vn -1.9470719792025193e-07 7.549790126404332e-08 -1.0
vn -0.5478467345237732 -0.7539761066436768 -0.3624691665172577
vn -8.436558829316709e-08 -0.9012523293495178 -0.4332946836948395
vn -0.5478467345237732 -0.7539761066436768 -0.3624691665172577
vn -0.5249987244606018 -0.8511030077934265 1.0222102275747602e-07
vn 1.0414394153738522e-23 -1.0 1.1533400463090664e-37
vn -8.436558829316709e-08 -0.9012523293495178 -0.4332946836948395
vn -0.5478465557098389 -0.7539761066436768 0.3624693751335144
vn 8.436558118773974e-08 -0.901252269744873 0.4332946538925171
vn -0.5478465557098389 -0.7539761066436768 0.3624693751335144
vn -0.6845254302024841 -0.3862197995185852 0.6182711124420166
vn 1.6513068601398118e-07 -0.5298402309417725 0.8480975031852722
vn 8.436558118773974e-08 -0.901252269744873 0.4332946538925171
vn -0.7281031608581543 -5.175136763568844e-08 0.6854676604270935
vn 1.9470719792025193e-07 -7.549790126404332e-08 1.0
vn -0.6845254302024841 0.38621971011161804 0.6182711124420166
vn 1.6513750722424447e-07 0.5297841429710388 0.8481325507164001
vn -0.5478727221488953 0.7539487481117249 0.36248669028282166
vn 8.436558829316709e-08 0.9012523293495178 0.4332946836948395
vn -0.5478727221488953 0.7539487481117249 0.36248669028282166
vn 8.436558829316709e-08 0.9012523293495178 0.4332946836948395
vn -1.0 -1.4922028659914398e-14 1.9470719792025193e-07
vn -1.0 -1.4922028659914398e-14 1.9470719792025193e-07
vn -1.0 -1.4922028659914398e-14 1.9470719792025193e-07
vn -1.0 -1.4922028659914398e-14 1.9470719792025193e-07
vn -1.0 -1.4922028659914398e-14 1.9470719792025193e-07
vn -1.0 -1.4922028659914398e-14 1.9470719792025193e-07
vn -1.0 -1.4922028659914398e-14 1.9470719792025193e-07
vn -1.0 -1.4922028659914398e-14 1.9470719792025193e-07
vn -1.0 -1.4922028659914398e-14 1.9470719792025193e-07
vn -1.0 -1.4922028659914398e-14 1.9470719792025193e-07
vn -1.0 -1.4922028659914398e-14 1.9470719792025193e-07
vn -1.0 -1.4922028659914398e-14 1.9470719792025193e-07
vn -0.5249987244606018 0.8511030077934265 1.0222102275747602e-07
vn -0.5478727221488953 0.7539487481117249 0.36248669028282166
vn -0.6845254302024841 0.38621971011161804 0.6182711124420166
vn -0.7281031608581543 -5.175136763568844e-08 0.6854676604270935
vn -0.6845254302024841 -0.3862197995185852 0.6182711124420166
vn -0.5478465557098389 -0.7539761066436768 0.3624693751335144
vn -0.5249987244606018 -0.8511030077934265 1.0222102275747602e-07
vn -0.5478467345237732 -0.7539761066436768 -0.3624691665172577
vn -0.6845256686210632 -0.38621971011161804 -0.6182709336280823
vn -0.7281033992767334 5.1751346319406366e-08 -0.6854674220085144
vn -0.6845256686210632 0.3862197995185852 -0.6182709336280823
vn -0.5478467345237732 0.7539761662483215 -0.3624691665172577
vn -1.9470719792025193e-07 7.549790126404332e-08 -1.0
vn -1.6513068601398118e-07 0.5298402309417725 -0.8480975031852722
vn -1.6513068601398118e-07 0.5298402309417725 -0.8480975031852722
vn -1.9470719792025193e-07 7.549790126404332e-08 -1.0
vn -1.651307002248359e-07 -0.5298401117324829 -0.848097562789917
vn -1.651307002248359e-07 -0.5298401117324829 -0.848097562789917
vn -8.436558829316709e-08 -0.9012523293495178 -0.4332946836948395
vn -8.436558829316709e-08 -0.9012523293495178 -0.4332946836948395
vn 1.0414394153738522e-23 -1.0 1.1533400463090664e-37
vn -8.436558829316709e-08 -0.9012523293495178 -0.4332946836948395
vn -8.436558829316709e-08 -0.9012523293495178 -0.4332946836948395
vn 1.0414394153738522e-23 -1.0 1.1533400463090664e-37
vn -0.5249987244606018 0.8511030077934265 1.0222102275747602e-07
vn -0.5478467345237732 0.7539761662483215 -0.3624691665172577
vn -8.436558118773974e-08 0.901252269744873 -0.4332946538925171
vn -1.0414394153738522e-23 1.0 -1.1533400463090664e-37
vn -0.5478467345237732 0.7539761662483215 -0.3624691665172577
vn -0.6845256686210632 0.3862197995185852 -0.6182709336280823
vn -8.436558118773974e-08 0.901252269744873 -0.4332946538925171
vn -0.7281033992767334 5.1751346319406366e-08 -0.6854674220085144
vn -0.6845256686210632 -0.38621971011161804 -0.6182709336280823
vn -0.5478467345237732 -0.7539761066436768 -0.3624691665172577
vn -0.5478467345237732 -0.7539761066436768 -0.3624691665172577
vn -0.5249987244606018 -0.8511030077934265 1.0222102275747602e-07
vn -0.5478465557098389 -0.7539761066436768 0.3624693751335144
vn 8.436558118773974e-08 -0.901252269744873 0.4332946538925171
vn -0.5478465557098389 -0.7539761066436768 0.3624693751335144
vn -0.6845254302024841 -0.3862197995185852 0.6182711124420166
vn 1.6513068601398118e-07 -0.5298402309417725 0.8480975031852722
vn 8.436558118773974e-08 -0.901252269744873 0.4332946538925171
vn -0.7281031608581543 -5.175136763568844e-08 0.6854676604270935
vn 1.9470719792025193e-07 -7.549790126404332e-08 1.0
vn -0.6845254302024841 0.38621971011161804 0.6182711124420166
vn 1.651307002248359e-07 0.5298401117324829 0.848097562789917
vn -0.5478727221488953 0.7539487481117249 0.36248669028282166
vn 8.436558829316709e-08 0.9012523293495178 0.4332946836948395
vn -0.5478727221488953 0.7539487481117249 0.36248669028282166
vn 8.436558829316709e-08 0.9012523293495178 0.4332946836948395
vn -8.436558118773974e-08 0.901252269744873 -0.4332946538925171
vn -1.0414394153738522e-23 1.0 -1.1533400463090664e-37
vn 1.0414394153738522e-23 -1.0 1.1533400463090664e-37
vn 1.0414394153738522e-23 -1.0 1.1533400463090664e-37
vn 1.0414394153738522e-23 -1.0 1.1533400463090664e-37
vn -1.9470719792025193e-07 7.549790126404332e-08 -1.0
vn -6.267676866400507e-08 -0.9467727541923523 -0.32190269231796265
vn -1.9470719792025193e-07 7.549790126404332e-08 -1.0
vn 8.436558118773974e-08 -0.901252269744873 0.4332946538925171
vn 1.9470719792025193e-07 -7.549790126404332e-08 1.0
vn 7.138827129438141e-08 0.9303613305091858 0.3666442334651947
vn -0.1833142340183258 0.9303590655326843 0.317533940076828
vn -0.4999890923500061 -6.538356700502845e-08 0.8660317063331604
vn -0.4999890923500061 -6.538356700502845e-08 0.8660317063331604
vn -0.1833142340183258 0.9303590655326843 0.317533940076828
vn -0.3175338804721832 0.9303590655326843 0.18331433832645416
vn -0.8660315275192261 -3.774815127144393e-08 0.49998944997787476
vn -0.3666442036628723 0.930361270904541 7.138826418895405e-08
vn -1.0 -1.4922030353980292e-14 1.9470719792025193e-07
vn -0.317533940076828 0.9303591251373291 -0.1833142340183258
vn -0.8660317063331604 3.774812640244818e-08 -0.4999890923500061
vn -0.18331432342529297 0.9303590655326843 -0.31753385066986084
vn -0.49998944997787476 6.538355279417374e-08 -0.8660315275192261
vn -0.49998944997787476 6.538355279417374e-08 -0.8660315275192261
vn -0.18331432342529297 0.9303590655326843 -0.31753385066986084
vn -7.138826418895405e-08 0.930361270904541 -0.3666442036628723
vn -1.9470719792025193e-07 7.549790126404332e-08 -1.0
vn -0.1354820728302002 0.9625909328460693 -0.23465566337108612
vn -5.275856551634206e-08 0.9625895619392395 -0.2709636092185974
vn -1.0414394153738522e-23 1.0 -1.1533400463090664e-37
vn -1.0414394153738522e-23 1.0 -1.1533400463090664e-37
vn -0.2346557080745697 0.9625909328460693 -0.13548196852207184
vn -1.0414394153738522e-23 1.0 -1.1533400463090664e-37
vn -0.2709636390209198 0.9625895619392395 5.275856906905574e-08
vn -1.0414394153738522e-23 1.0 -1.1533400463090664e-37
vn -0.23465566337108612 0.9625909328460693 0.1354820728302002
vn -1.0414393364877616e-23 1.0 -1.1533399342051893e-37
vn -0.13548198342323303 0.9625909328460693 0.2346557080745697
vn -1.0414394153738522e-23 1.0 -1.1533400463090664e-37
vn 5.275856906905574e-08 0.9625895619392395 0.2709636390209198
vn -1.0414394153738522e-23 1.0 -1.1533400463090664e-37
vn -0.2346557080745697 0.9625909328460693 -0.13548196852207184
vn -0.8660317063331604 3.774812640244818e-08 -0.4999890923500061
vn -0.49998944997787476 6.538355279417374e-08 -0.8660315275192261
vn -0.1354820728302002 0.9625909328460693 -0.23465566337108612
vn -1.0 -1.4922030353980292e-14 1.9470719792025193e-07
vn -0.2709636390209198 0.9625895619392395 5.275856906905574e-08
vn -0.8660315275192261 -3.774815127144393e-08 0.49998944997787476
vn -0.23465566337108612 0.9625909328460693 0.1354820728302002
vn -0.4999890923500061 -6.538356700502845e-08 0.8660317063331604
vn -0.13548198342323303 0.9625909328460693 0.2346557080745697
vn 1.9470719792025193e-07 -7.549790126404332e-08 1.0
vn -0.4999890923500061 -6.538356700502845e-08 0.8660317063331604
vn 5.275856906905574e-08 0.9625895619392395 0.2709636390209198
vn -0.13548198342323303 0.9625909328460693 0.2346557080745697
vn -0.317533940076828 0.9303591251373291 -0.1833142340183258
vn -0.3666442036628723 0.930361270904541 7.138826418895405e-08
vn -1.0414394153738522e-23 1.0 -1.1533400463090664e-37
vn -1.0414394153738522e-23 1.0 -1.1533400463090664e-37
vn -0.1354820728302002 0.9625909328460693 -0.23465566337108612
vn -0.49998944997787476 6.538355279417374e-08 -0.8660315275192261
vn -1.9470719792025193e-07 7.549790126404332e-08 -1.0
vn -5.275856551634206e-08 0.9625895619392395 -0.2709636092185974
vn 1.9470719792025193e-07 -7.549790126404332e-08 1.0
vn 6.267676866400507e-08 0.9467727541923523 0.32190269231796265
vn -0.30641815066337585 0.9012300372123718 0.3064182698726654
vn -0.7071066498756409 -5.338508302088485e-08 0.70710688829422
vn 0.1833142340183258 0.9303591251373291 -0.317533940076828
vn -7.138826418895405e-08 0.930361270904541 -0.3666442036628723
vn -1.0414394153738522e-23 1.0 -1.1533400463090664e-37
vn -1.0414394153738522e-23 1.0 -1.1533400463090664e-37
vn 1.9470719792025193e-07 -7.549790126404332e-08 1.0
vn 0.49998944997787476 -6.538355279417374e-08 0.8660315275192261
vn 0.18331433832645416 0.9303590655326843 0.3175338804721832
vn 7.138827129438141e-08 0.9303613305091858 0.3666442334651947
vn 0.49998944997787476 -6.538355279417374e-08 0.8660315275192261
vn 0.8660317063331604 -3.774812640244818e-08 0.4999890923500061
vn 0.317533940076828 0.9303590655326843 0.1833142340183258
vn 0.18331433832645416 0.9303590655326843 0.3175338804721832
vn -1.0 -1.4922028659914398e-14 1.9470719792025193e-07
vn -0.32190269231796265 0.9467727541923523 6.267676866400507e-08
vn -0.32190269231796265 0.9467727541923523 6.267676866400507e-08
vn -1.0 -1.4922028659914398e-14 1.9470719792025193e-07
vn 1.0 1.4922030353980292e-14 -1.9470719792025193e-07
vn 0.3666442036628723 0.930361270904541 -7.138826418895405e-08
vn 0.8660315275192261 3.774815127144393e-08 -0.49998944997787476
vn 0.31753385066986084 0.9303590655326843 -0.18331432342529297
vn 0.4999890923500061 6.538356700502845e-08 -0.8660317063331604
vn 0.1833142340183258 0.9303591251373291 -0.317533940076828
vn 1.9470719792025193e-07 -7.549790126404332e-08 1.0
vn 6.267676866400507e-08 0.9467727541923523 0.32190269231796265
vn -0.32190269231796265 0.9467727541923523 6.267676866400507e-08
vn -1.0414394153738522e-23 1.0 -1.1533400463090664e-37
vn -1.0414394153738522e-23 1.0 -1.1533400463090664e-37
vn -0.32190269231796265 0.9467727541923523 6.267676866400507e-08
vn 0.4999890923500061 6.538356700502845e-08 -0.8660317063331604
vn -1.9470719792025193e-07 7.549790126404332e-08 -1.0
vn -7.138826418895405e-08 0.930361270904541 -0.3666442036628723
vn 0.1833142340183258 0.9303591251373291 -0.317533940076828
vn 6.267676866400507e-08 -0.9467727541923523 0.32190269231796265
vn -0.30641815066337585 -0.9012300372123718 0.3064182698726654
vn -0.32190269231796265 -0.9467727541923523 6.267676866400507e-08
vn 1.0414394153738522e-23 -1.0 1.1533400463090664e-37
vn 6.267676866400507e-08 0.9467727541923523 0.32190269231796265
vn 6.267676866400507e-08 0.9467727541923523 0.32190269231796265
vn -1.0414394153738522e-23 1.0 -1.1533400463090664e-37
vn -0.7071066498756409 -5.338508302088485e-08 0.70710688829422
vn -0.30641815066337585 0.9012300372123718 0.3064182698726654
vn -0.30641815066337585 0.9012300372123718 0.3064182698726654
vn 1.9470719792025193e-07 -7.549790126404332e-08 1.0
vn -0.7071066498756409 -5.338508302088485e-08 0.70710688829422
vn 6.267676866400507e-08 -0.9467727541923523 0.32190269231796265
vn 1.9470719792025193e-07 -7.549790126404332e-08 1.0
vn -0.7071066498756409 -5.338508302088485e-08 0.70710688829422
vn -0.30641815066337585 -0.9012300372123718 0.3064182698726654
vn 1.9470719792025193e-07 -7.549790126404332e-08 1.0
vn -0.30641815066337585 -0.9012300372123718 0.3064182698726654
vn -0.7071066498756409 -5.338508302088485e-08 0.70710688829422
vn -1.0 -1.4922028659914398e-14 1.9470719792025193e-07
vn -0.32190269231796265 -0.9467727541923523 6.267676866400507e-08
vn -0.7071066498756409 -5.338508302088485e-08 0.70710688829422
vn -1.0 -1.4922030353980292e-14 1.9470719792025193e-07
vn -1.0414394153738522e-23 1.0 -1.1533400463090664e-37
vn -5.275856551634206e-08 0.9625895619392395 -0.2709636092185974
vn 0.13548198342323303 0.9625909328460693 -0.2346557080745697
vn -1.0414394153738522e-23 1.0 -1.1533400463090664e-37
vn 0.23465566337108612 0.9625909328460693 -0.1354820728302002
vn -1.0414394153738522e-23 1.0 -1.1533400463090664e-37
vn 0.2709636390209198 0.9625895619392395 -5.275856906905574e-08
vn -1.0414394153738522e-23 1.0 -1.1533400463090664e-37
vn 1.0414394153738522e-23 -1.0 1.1533400463090664e-37
vn 1.0414394153738522e-23 -1.0 1.1533400463090664e-37
vn 0.32190269231796265 -0.9467727541923523 -6.267676866400507e-08
vn 0.32190269231796265 -0.9467727541923523 -6.267676866400507e-08
vn 0.2346557080745697 0.9625909328460693 0.13548196852207184
vn -1.0414394153738522e-23 1.0 -1.1533400463090664e-37
vn 0.1354820728302002 0.9625909328460693 0.23465566337108612
vn -1.0414394153738522e-23 1.0 -1.1533400463090664e-37
vn 1.0414394153738522e-23 -1.0 1.1533400463090664e-37
vn 1.0414394153738522e-23 -1.0 1.1533400463090664e-37
vn 0.11190138012170792 -0.9873987436294556 -0.1119014248251915
vn -6.267676866400507e-08 -0.9467727541923523 -0.32190269231796265
vn 5.275856906905574e-08 0.9625895619392395 0.2709636390209198
vn -1.0414394153738522e-23 1.0 -1.1533400463090664e-37
vn -6.267676866400507e-08 -0.9467727541923523 -0.32190269231796265
vn 1.0414394153738522e-23 -1.0 1.1533400463090664e-37
vn 1.9470719792025193e-07 -7.549790126404332e-08 1.0
vn 1.0414394153738522e-23 -1.0 1.1533400463090664e-37
vn -0.32190269231796265 -0.9467727541923523 6.267676866400507e-08
vn -0.32190269231796265 -0.9467727541923523 6.267676866400507e-08
vn -0.32190269231796265 0.9467727541923523 6.267676866400507e-08
vn -1.0414394153738522e-23 1.0 -1.1533400463090664e-37
vn -0.32190269231796265 -0.9467727541923523 6.267676866400507e-08
vn -1.0 -1.4922028659914398e-14 1.9470719792025193e-07
vn -0.32190269231796265 -0.9467727541923523 6.267676866400507e-08
vn -1.0414394153738522e-23 1.0 -1.1533400463090664e-37
vn 1.0414394153738522e-23 -1.0 1.1533400463090664e-37
vn 0.32190269231796265 -0.9467727541923523 -6.267676866400507e-08
vn 0.32190269231796265 -0.9467727541923523 -6.267676866400507e-08
vn -0.32190269231796265 -0.9467727541923523 6.267676866400507e-08
vn -0.32190269231796265 -0.9467727541923523 6.267676866400507e-08
vn -1.0 -1.4922028659914398e-14 1.9470719792025193e-07
vn 0.4999890923500061 6.538356700502845e-08 -0.8660317063331604
vn -1.9470719792025193e-07 7.549790126404332e-08 -1.0
vn -7.138826418895405e-08 0.930361270904541 -0.3666442036628723
vn 0.1833142340183258 0.9303591251373291 -0.317533940076828
vn 0.8660315275192261 3.774815127144393e-08 -0.49998944997787476
vn 0.4999890923500061 6.538356700502845e-08 -0.8660317063331604
vn 0.1833142340183258 0.9303591251373291 -0.317533940076828
vn 0.31753385066986084 0.9303590655326843 -0.18331432342529297
vn 1.0 1.4922030353980292e-14 -1.9470719792025193e-07
vn 0.3666442036628723 0.930361270904541 -7.138826418895405e-08
vn 0.8660317063331604 -3.774812640244818e-08 0.4999890923500061
vn 0.317533940076828 0.9303590655326843 0.1833142340183258
vn 0.49998944997787476 -6.538355279417374e-08 0.8660315275192261
vn 0.18331433832645416 0.9303590655326843 0.3175338804721832
vn 1.9470719792025193e-07 -7.549790126404332e-08 1.0
vn 0.49998944997787476 -6.538355279417374e-08 0.8660315275192261
vn 0.18331433832645416 0.9303590655326843 0.3175338804721832
vn 7.138827129438141e-08 0.9303613305091858 0.3666442334651947
vn 0.1833142340183258 0.9303591251373291 -0.317533940076828
vn -7.138826418895405e-08 0.930361270904541 -0.3666442036628723
vn -1.0414394153738522e-23 1.0 -1.1533400463090664e-37
vn -1.0414394153738522e-23 1.0 -1.1533400463090664e-37
vn 0.31753385066986084 0.9303590655326843 -0.18331432342529297
vn -1.0414394153738522e-23 1.0 -1.1533400463090664e-37
vn 0.3666442036628723 0.930361270904541 -7.138826418895405e-08
vn -1.0414394153738522e-23 1.0 -1.1533400463090664e-37
vn 0.317533940076828 0.9303590655326843 0.1833142340183258
vn -1.0414394153738522e-23 1.0 -1.1533400463090664e-37
vn 0.18331433832645416 0.9303590655326843 0.3175338804721832
vn -1.0414394153738522e-23 1.0 -1.1533400463090664e-37
vn 7.138827129438141e-08 0.9303613305091858 0.3666442334651947
vn -1.0414394153738522e-23 1.0 -1.1533400463090664e-37
vn -1.0414394153738522e-23 1.0 -1.1533400463090664e-37
vn 0.13548198342323303 0.9625909328460693 -0.2346557080745697
vn -5.275856551634206e-08 0.9625895619392395 -0.2709636092185974
vn -1.9470719792025193e-07 7.549790126404332e-08 -1.0
vn 0.4999890923500061 6.538356700502845e-08 -0.8660317063331604
vn 0.23465566337108612 0.9625909328460693 -0.1354820728302002
vn 0.13548198342323303 0.9625909328460693 -0.2346557080745697
vn 0.4999890923500061 6.538356700502845e-08 -0.8660317063331604
vn 0.8660315275192261 3.774815127144393e-08 -0.49998944997787476
vn 0.2709636390209198 0.9625895619392395 -5.275856906905574e-08
vn 1.0 1.4922030353980292e-14 -1.9470719792025193e-07
vn 0.2346557080745697 0.9625909328460693 0.13548196852207184
vn 0.8660317063331604 -3.774812640244818e-08 0.4999890923500061
vn 0.1354820728302002 0.9625909328460693 0.23465566337108612
vn 0.49998944997787476 -6.538355279417374e-08 0.8660315275192261
vn 5.275856906905574e-08 0.9625895619392395 0.2709636390209198
vn 0.1354820728302002 0.9625909328460693 0.23465566337108612
vn 0.49998944997787476 -6.538355279417374e-08 0.8660315275192261
vn 1.9470719792025193e-07 -7.549790126404332e-08 1.0
vn 0.31753385066986084 0.9303590655326843 -0.18331432342529297
vn -1.0414394153738522e-23 1.0 -1.1533400463090664e-37
vn 0.3666442036628723 0.930361270904541 -7.138826418895405e-08
vn -1.0414394153738522e-23 1.0 -1.1533400463090664e-37
vn 0.317533940076828 0.9303590655326843 0.1833142340183258
vn -1.0414394153738522e-23 1.0 -1.1533400463090664e-37
vn 0.18331433832645416 0.9303590655326843 0.3175338804721832
vn -1.0414393364877616e-23 1.0 -1.1533399342051893e-37
vn 7.138827129438141e-08 0.9303613305091858 0.3666442334651947
vn -1.0414394153738522e-23 1.0 -1.1533400463090664e-37
vn -1.0414394153738522e-23 1.0 -1.1533400463090664e-37
vn 0.13548198342323303 0.9625909328460693 -0.2346557080745697
vn -5.275856551634206e-08 0.9625895619392395 -0.2709636092185974
vn -1.9470719792025193e-07 7.549790126404332e-08 -1.0
vn 0.4999890923500061 6.538356700502845e-08 -0.8660317063331604
vn 0.23465566337108612 0.9625909328460693 -0.1354820728302002
vn 0.13548198342323303 0.9625909328460693 -0.2346557080745697
vn 0.4999890923500061 6.538356700502845e-08 -0.8660317063331604
vn 0.8660315275192261 3.774815127144393e-08 -0.49998944997787476
vn 0.2709636390209198 0.9625895619392395 -5.275856906905574e-08
vn 1.0 1.4922030353980292e-14 -1.9470719792025193e-07
vn 0.2346557080745697 0.9625909328460693 0.13548196852207184
vn 0.8660317063331604 -3.774812640244818e-08 0.4999890923500061
vn 0.1354820728302002 0.9625909328460693 0.23465566337108612
vn 0.49998944997787476 -6.538355279417374e-08 0.8660315275192261
vn 5.275856906905574e-08 0.9625895619392395 0.2709636390209198
vn 0.1354820728302002 0.9625909328460693 0.23465566337108612
vn 0.49998944997787476 -6.538355279417374e-08 0.8660315275192261
vn 1.9470719792025193e-07 -7.549790126404332e-08 1.0
vn -1.0414394153738522e-23 1.0 -1.1533400463090664e-37
vn -1.0414394153738522e-23 1.0 -1.1533400463090664e-37
vn -1.0414394153738522e-23 1.0 -1.1533400463090664e-37
vn -1.0414394153738522e-23 1.0 -1.1533400463090664e-37
vn -1.0414394153738522e-23 1.0 -1.1533400463090664e-37
vn -7.138826418895405e-08 0.930361270904541 -0.3666442036628723
vn -0.18331432342529297 0.9303590655326843 -0.31753385066986084
vn -0.3175338804721832 0.9303590655326843 0.18331433832645416
vn -0.1833142340183258 0.9303590655326843 0.317533940076828
vn 7.138827129438141e-08 0.9303613305091858 0.3666442334651947
vn -8.436558118773974e-08 0.901252269744873 -0.4332946538925171
vn 1.0 1.4922028659914398e-14 -1.9470719792025193e-07
vn 1.0 1.4922028659914398e-14 -1.9470719792025193e-07
vn 0.32190269231796265 -0.9467727541923523 -6.267676866400507e-08
vn 0.32190269231796265 -0.9467727541923523 -6.267676866400507e-08
vn -1.9470719792025193e-07 7.549790126404332e-08 -1.0
vn 0.7071066498756409 5.338508302088485e-08 -0.70710688829422
vn 0.30641815066337585 -0.9012300372123718 -0.3064182698726654
vn -6.267676866400507e-08 -0.9467727541923523 -0.32190269231796265
vn 6.267676866400507e-08 -0.9467727541923523 0.32190269231796265
vn 6.267676866400507e-08 -0.9467727541923523 0.32190269231796265
vn 0.1119014322757721 -0.9873987436294556 0.11190138012170792
vn 0.32190269231796265 -0.9467727541923523 -6.267676866400507e-08
vn 1.0414394153738522e-23 -1.0 1.1533400463090664e-37
vn 6.267676866400507e-08 -0.9467727541923523 0.32190269231796265
vn 6.267676866400507e-08 -0.9467727541923523 0.32190269231796265
vn 1.0414394153738522e-23 -1.0 1.1533400463090664e-37
vn 1.0414394153738522e-23 -1.0 1.1533400463090664e-37
vn 0.32190269231796265 -0.9467727541923523 -6.267676866400507e-08
vn 0.32190269231796265 -0.9467727541923523 -6.267676866400507e-08
vn 1.0414394153738522e-23 -1.0 1.1533400463090664e-37
vn -1.9333828049639123e-07 -0.11837198585271835 -0.9929693341255188
vn -1.9333828049639123e-07 -0.11837198585271835 -0.9929693341255188
vn -1.651307002248359e-07 -0.5298401117324829 -0.848097562789917
vn -1.651307002248359e-07 -0.5298401117324829 -0.848097562789917
vn 1.0414394153738522e-23 -1.0 1.1533400463090664e-37
vn 0.32190269231796265 -0.9467727541923523 -6.267676866400507e-08
vn 0.32190269231796265 -0.9467727541923523 -6.267676866400507e-08
vn 1.0414394153738522e-23 -1.0 1.1533400463090664e-37
vn 1.6513068601398118e-07 -0.5298402309417725 0.8480975031852722
vn 1.6513068601398118e-07 -0.5298402309417725 0.8480975031852722
vn 1.9333828049639123e-07 -0.11837214231491089 0.9929693341255188
vn 1.9333828049639123e-07 -0.11837214231491089 0.9929693341255188
vn 1.9470719792025193e-07 -7.549790126404332e-08 1.0
vn 1.9470719792025193e-07 -7.549790126404332e-08 1.0
vn 6.267676866400507e-08 -0.9467727541923523 0.32190269231796265
vn 6.267676866400507e-08 -0.9467727541923523 0.32190269231796265
vn 1.0 1.4922028659914398e-14 -1.9470719792025193e-07
vn 0.70710688829422 -5.3385065257316455e-08 0.7071066498756409
vn 0.3064182698726654 -0.9012300372123718 0.30641815066337585
vn 0.32190269231796265 -0.9467727541923523 -6.267676866400507e-08
vn 1.0 1.4922028659914398e-14 -1.9470719792025193e-07
vn 1.0 1.4922028659914398e-14 -1.9470719792025193e-07
vn 1.0 1.4922028659914398e-14 -1.9470719792025193e-07
vn 1.0 1.4922028659914398e-14 -1.9470719792025193e-07
vn -1.9470719792025193e-07 7.549790126404332e-08 -1.0
vn 0.7071066498756409 5.338508302088485e-08 -0.70710688829422
vn 0.7071066498756409 5.338508302088485e-08 -0.70710688829422
vn -1.9470719792025193e-07 7.549790126404332e-08 -1.0
vn 1.0 1.4922028659914398e-14 -1.9470719792025193e-07
vn 1.0 1.4922028659914398e-14 -1.9470719792025193e-07
vn 1.0 1.4922028659914398e-14 -1.9470719792025193e-07
vn 1.0 1.4922030353980292e-14 -1.9470719792025193e-07
vn 1.9470719792025193e-07 -7.549790126404332e-08 1.0
vn 1.9470719792025193e-07 -7.549790126404332e-08 1.0
vn 1.9470719792025193e-07 -7.549790126404332e-08 1.0
vn 1.9470719792025193e-07 -7.549790126404332e-08 1.0
vn 1.0 1.4922028659914398e-14 -1.9470719792025193e-07
vn 0.70710688829422 -5.3385065257316455e-08 0.7071066498756409
vn 0.70710688829422 -5.3385065257316455e-08 0.7071066498756409
vn 1.0 1.4922028659914398e-14 -1.9470719792025193e-07
vn 0.5478467345237732 -0.7539761662483215 0.3624691665172577
vn 1.0 1.4922028659914398e-14 -1.9470719792025193e-07
vn 1.0 1.4922028659914398e-14 -1.9470719792025193e-07
vn 0.5249987244606018 -0.8511030077934265 -1.0222102275747602e-07
vn 0.6845256686210632 -0.3862197995185852 0.6182709336280823
vn 1.0 1.4922028659914398e-14 -1.9470719792025193e-07
vn 0.716427206993103 -0.08259959518909454 0.6927549242973328
vn 1.0 1.4922028659914398e-14 -1.9470719792025193e-07
vn 0.6845254302024841 -0.38621971011161804 -0.6182711124420166
vn 1.0 1.4922028659914398e-14 -1.9470719792025193e-07
vn 1.0 1.4922028659914398e-14 -1.9470719792025193e-07
vn 0.7164269685745239 -0.08259950578212738 -0.6927552223205566
vn 0.5478466153144836 -0.7539761066436768 -0.3624694049358368
vn 1.0 1.4922028659914398e-14 -1.9470719792025193e-07
vn 1.0 1.4922028659914398e-14 -1.9470719792025193e-07
vn 1.0414394153738522e-23 -1.0 1.1533400463090664e-37
vn 1.0414394153738522e-23 -1.0 1.1533400463090664e-37
vn 8.436558118773974e-08 -0.901252269744873 0.4332946538925171
vn 8.436558118773974e-08 -0.901252269744873 0.4332946538925171
vn 1.0414394153738522e-23 -1.0 1.1533400463090664e-37
vn 6.322664347635509e-08 -0.945807933807373 0.32472681999206543
vn 6.322664347635509e-08 -0.945807933807373 0.32472681999206543
vn 1.0414394153738522e-23 -1.0 1.1533400463090664e-37
vn 8.436558118773974e-08 -0.901252269744873 0.4332946538925171
vn 8.436558118773974e-08 -0.901252269744873 0.4332946538925171
vn -8.436558829316709e-08 -0.9012523293495178 -0.4332946836948395
vn -8.436558829316709e-08 -0.9012523293495178 -0.4332946836948395
vn -8.436558829316709e-08 -0.9012523293495178 -0.4332946836948395
vn -8.436558829316709e-08 -0.9012523293495178 -0.4332946836948395
vn 6.322664347635509e-08 -0.945807933807373 0.32472681999206543
vn 0.3071359395980835 -0.9000908732414246 0.3090369999408722
vn 0.716427206993103 -0.08259959518909454 0.6927549242973328
vn 1.0414394153738522e-23 -1.0 1.1533400463090664e-37
vn -6.322664347635509e-08 -0.945807933807373 -0.32472681999206543
vn 0.30713582038879395 -0.9000908732414246 -0.30903711915016174
vn 0.7164269685745239 -0.08259950578212738 -0.6927552223205566
vn 0.30713582038879395 -0.9000908732414246 -0.30903711915016174
vn -6.322664347635509e-08 -0.945807933807373 -0.32472681999206543
vn 0.32190269231796265 -0.9467727541923523 -6.267676866400507e-08
vn 0.30713582038879395 -0.9000908732414246 -0.30903711915016174
vn 0.32190269231796265 -0.9467727541923523 -6.267676866400507e-08
vn 0.3071359395980835 -0.9000908732414246 0.3090369999408722
vn 0.32190269231796265 -0.9467727541923523 -6.267676866400507e-08
vn 6.267676866400507e-08 -0.9467727541923523 0.32190269231796265
vn 1.0414394153738522e-23 -1.0 1.1533400463090664e-37
vn 1.0414394153738522e-23 -1.0 1.1533400463090664e-37
vn -6.267676866400507e-08 -0.9467727541923523 -0.32190269231796265
vn -1.9470719792025193e-07 7.549790126404332e-08 -1.0
vn -6.267676866400507e-08 -0.9467727541923523 -0.32190269231796265
vn 0.32190269231796265 -0.9467727541923523 -6.267676866400507e-08
vn 0.3064182698726654 -0.9012300372123718 0.30641815066337585
vn 1.0414394153738522e-23 -1.0 1.1533400463090664e-37
vn 0.6845254302024841 -0.38621971011161804 -0.6182711124420166
vn 1.0414394153738522e-23 -1.0 1.1533400463090664e-37
vn 1.0414394153738522e-23 -1.0 1.1533400463090664e-37
vn 0.6845256686210632 -0.3862197995185852 0.6182709336280823
vn 0.70710688829422 -5.3385065257316455e-08 0.7071066498756409
vn 0.3064182698726654 -0.9012300372123718 0.30641815066337585
vn -1.9470719792025193e-07 7.549790126404332e-08 -1.0
vn -1.9470719792025193e-07 7.549790126404332e-08 -1.0
vn 0.70710688829422 -5.3385065257316455e-08 0.7071066498756409
vn 0.70710688829422 -5.3385065257316455e-08 0.7071066498756409
vn 0.5249987244606018 -0.8511030077934265 -1.0222102275747602e-07
vn 0.5478467345237732 -0.7539761662483215 0.3624691665172577
vn 0.32190269231796265 -0.9467727541923523 -6.267676866400507e-08
vn 0.3071359395980835 -0.9000908732414246 0.3090369999408722
vn 0.5478467345237732 -0.7539761662483215 0.3624691665172577
vn 0.5478466153144836 -0.7539761066436768 -0.3624694049358368
vn 0.5478466153144836 -0.7539761066436768 -0.3624694049358368
vn 6.322664347635509e-08 -0.945807933807373 0.32472681999206543
vn -6.322664347635509e-08 -0.945807933807373 -0.32472681999206543
vn -6.322664347635509e-08 -0.945807933807373 -0.32472681999206543
vn 6.267676866400507e-08 -0.9467727541923523 0.32190269231796265
vn 0.7071066498756409 5.338508302088485e-08 -0.70710688829422
vn 0.30641815066337585 -0.9012300372123718 -0.3064182698726654
vn -6.267676866400507e-08 -0.9467727541923523 -0.32190269231796265
vn 0.30641815066337585 -0.9012300372123718 -0.3064182698726654
vn 0.7071066498756409 5.338508302088485e-08 -0.70710688829422
vn 0.7071066498756409 5.338508302088485e-08 -0.70710688829422
vn -6.267676866400507e-08 -0.9467727541923523 -0.32190269231796265
vn -0.18331433832645416 -0.9303590655326843 -0.3175338804721832
vn -7.139075108852921e-08 -0.9303562045097351 -0.36665698885917664
vn 1.0414394153738522e-23 -1.0 1.1533400463090664e-37
vn 1.0414394153738522e-23 -1.0 1.1533400463090664e-37
vn -0.31753310561180115 -0.9303566217422485 -0.1833285093307495
vn 1.0414394153738522e-23 -1.0 1.1533400463090664e-37
vn -0.3666442036628723 -0.930361270904541 7.138826418895405e-08
vn 1.0414394153738522e-23 -1.0 1.1533400463090664e-37
vn -0.31753385066986084 -0.9303590655326843 0.18331432342529297
vn 1.0414394153738522e-23 -1.0 1.1533400463090664e-37
vn -0.1833142340183258 -0.9303591251373291 0.317533940076828
vn 1.0414394153738522e-23 -1.0 1.1533400463090664e-37
vn 7.138826418895405e-08 -0.930361270904541 0.3666442036628723
vn 1.0414394153738522e-23 -1.0 1.1533400463090664e-37
vn 7.138826418895405e-08 -0.930361270904541 0.3666442036628723
vn -0.1833142340183258 -0.9303591251373291 0.317533940076828
vn -0.1833142340183258 -0.9303591251373291 0.317533940076828
vn -0.31753385066986084 -0.9303590655326843 0.18331432342529297
vn -0.3666442036628723 -0.930361270904541 7.138826418895405e-08
vn -0.31753310561180115 -0.9303566217422485 -0.1833285093307495
vn -0.18331433832645416 -0.9303590655326843 -0.3175338804721832
vn -0.18331433832645416 -0.9303590655326843 -0.3175338804721832
vn -7.139075108852921e-08 -0.9303562045097351 -0.36665698885917664
vn 1.0414394153738522e-23 -1.0 1.1533400463090664e-37
vn 0.32190269231796265 -0.9467727541923523 -6.267676866400507e-08
vn 0.32190269231796265 -0.9467727541923523 -6.267676866400507e-08
vn -6.267676866400507e-08 -0.9467727541923523 -0.32190269231796265
vn 0.11190138012170792 -0.9873987436294556 -0.1119014248251915
vn 1.6513068601398118e-07 -0.5298402309417725 0.8480975031852722
vn 8.436558118773974e-08 -0.901252269744873 0.4332946538925171
vn 1.9470719792025193e-07 -7.549790126404332e-08 1.0
vn 0.32190269231796265 -0.9467727541923523 -6.267676866400507e-08
vn 0.32190269231796265 -0.9467727541923523 -6.267676866400507e-08
vn 6.267676866400507e-08 -0.9467727541923523 0.32190269231796265
vn 6.267676866400507e-08 -0.9467727541923523 0.32190269231796265
vn 0.32190269231796265 -0.9467727541923523 -6.267676866400507e-08
vn 0.1119014322757721 -0.9873987436294556 0.11190138012170792
vn 1.651307002248359e-07 0.5298401117324829 0.848097562789917
vn 8.436558829316709e-08 0.9012523293495178 0.4332946836948395
vn 8.436558829316709e-08 0.9012523293495178 0.4332946836948395
vn -6.267676866400507e-08 -0.9467727541923523 -0.32190269231796265
vn 0.1119014322757721 -0.9873987436294556 0.11190138012170792
vn 0.11190138012170792 -0.9873987436294556 -0.1119014248251915
vn -1.0 -1.4922028659914398e-14 1.9470719792025193e-07
vn -1.0 -1.4922028659914398e-14 1.9470719792025193e-07
vn -1.0 -1.4922028659914398e-14 1.9470719792025193e-07
vn -0.70710688829422 5.3385065257316455e-08 -0.7071066498756409
vn 0.49998944997787476 -6.538355279417374e-08 0.8660315275192261
vn 0.49998944997787476 -6.538355279417374e-08 0.8660315275192261
vn 0.49998944997787476 -6.538355279417374e-08 0.8660315275192261
vn 0.8660317063331604 -3.774812640244818e-08 0.4999890923500061
vn 0.8660317063331604 -3.774812640244818e-08 0.4999890923500061
vn 0.49998944997787476 -6.538355279417374e-08 0.8660315275192261
vn 1.0 1.4922028659914398e-14 -1.9470719792025193e-07
vn 1.0 1.4922028659914398e-14 -1.9470719792025193e-07
vn 0.8660315275192261 3.774815127144393e-08 -0.49998944997787476
vn 0.8660315275192261 3.774815127144393e-08 -0.49998944997787476
vn 0.4999890923500061 6.538356700502845e-08 -0.8660317063331604
vn 0.4999890923500061 6.538356700502845e-08 -0.8660317063331604
vn 0.4999890923500061 6.538356700502845e-08 -0.8660317063331604
vn 0.4999890923500061 6.538356700502845e-08 -0.8660317063331604
vn -8.436558118773974e-08 0.901252269744873 -0.4332946538925171
vn 0.41192761063575745 0.8212347626686096 -0.3948279023170471
vn 0.6281704306602478 0.4122239053249359 -0.6599041223526001
vn -1.6513068601398118e-07 0.5298402309417725 -0.8480975031852722
vn -1.0414394153738522e-23 1.0 -1.1533400463090664e-37
vn 0.24158445000648499 0.9703798294067383 -4.703822753526765e-08
vn 0.41192761063575745 0.8212347626686096 -0.3948279023170471
vn -8.436558118773974e-08 0.901252269744873 -0.4332946538925171
vn 0.49998944997787476 -6.538355279417374e-08 0.8660315275192261
vn 0.1833152025938034 0.9303634762763977 0.3175205886363983
vn 0.49998944997787476 -6.538355279417374e-08 0.8660315275192261
vn 0.8660317063331604 -3.774812640244818e-08 0.4999890923500061
vn 0.317533940076828 0.9303590655326843 0.1833142340183258
vn 0.1833152025938034 0.9303634762763977 0.3175205886363983
vn 1.0 1.4922030353980292e-14 -1.9470719792025193e-07
vn 0.3666442036628723 0.930361270904541 -7.138826418895405e-08
vn 0.8660315275192261 3.774815127144393e-08 -0.49998944997787476
vn 0.31753385066986084 0.9303590655326843 -0.18331432342529297
vn 0.4999890923500061 6.538356700502845e-08 -0.8660317063331604
vn 0.1833142340183258 0.9303591251373291 -0.317533940076828
vn 0.4999890923500061 6.538356700502845e-08 -0.8660317063331604
vn 0.1833142340183258 0.9303591251373291 -0.317533940076828
vn 0.13548198342323303 0.9625909328460693 -0.2346557080745697
vn -1.0414394153738522e-23 1.0 -1.1533400463090664e-37
vn 0.23465566337108612 0.9625909328460693 -0.1354820728302002
vn -1.0414394153738522e-23 1.0 -1.1533400463090664e-37
vn 0.2709636390209198 0.9625895619392395 -5.275856906905574e-08
vn -1.0414394153738522e-23 1.0 -1.1533400463090664e-37
vn 0.2346557080745697 0.9625909328460693 0.13548196852207184
vn -1.0414394153738522e-23 1.0 -1.1533400463090664e-37
vn 0.1354820728302002 0.9625909328460693 0.23465566337108612
vn -1.0414394153738522e-23 1.0 -1.1533400463090664e-37
vn 0.23465566337108612 0.9625909328460693 -0.1354820728302002
vn 0.13548198342323303 0.9625909328460693 -0.2346557080745697
vn 0.4999890923500061 6.538356700502845e-08 -0.8660317063331604
vn 0.8660315275192261 3.774815127144393e-08 -0.49998944997787476
vn 1.0 1.4922030353980292e-14 -1.9470719792025193e-07
vn 0.2709636390209198 0.9625895619392395 -5.275856906905574e-08
vn 0.8660317063331604 -3.774812640244818e-08 0.4999890923500061
vn 0.2346557080745697 0.9625909328460693 0.13548196852207184
vn 0.49998944997787476 -6.538355279417374e-08 0.8660315275192261
vn 0.1354820728302002 0.9625909328460693 0.23465566337108612
vn 0.49998944997787476 -6.538355279417374e-08 0.8660315275192261
vn 0.1354820728302002 0.9625909328460693 0.23465566337108612
vn -1.0414394153738522e-23 1.0 -1.1533400463090664e-37
vn 0.1833142340183258 0.9303591251373291 -0.317533940076828
vn -1.0414394153738522e-23 1.0 -1.1533400463090664e-37
vn 0.31753385066986084 0.9303590655326843 -0.18331432342529297
vn -1.0414394153738522e-23 1.0 -1.1533400463090664e-37
vn 0.3666442036628723 0.930361270904541 -7.138826418895405e-08
vn -1.0414394153738522e-23 1.0 -1.1533400463090664e-37
vn 0.317533940076828 0.9303590655326843 0.1833142340183258
vn -1.0414394153738522e-23 1.0 -1.1533400463090664e-37
vn 0.1833152025938034 0.9303634762763977 0.3175205886363983
vn 0.13548198342323303 0.9625909328460693 -0.2346557080745697
vn 0.4999890923500061 6.538356700502845e-08 -0.8660317063331604
vn -1.9470719792025193e-07 7.549790126404332e-08 -1.0
vn -6.267676866400507e-08 0.9467727541923523 -0.32190269231796265
vn -1.0414394153738522e-23 1.0 -1.1533400463090664e-37
vn -0.13548198342323303 0.9625909328460693 0.2346557080745697
vn -1.0414394153738522e-23 1.0 -1.1533400463090664e-37
vn -0.23465566337108612 0.9625909328460693 0.1354820728302002
vn -1.0414394153738522e-23 1.0 -1.1533400463090664e-37
vn -0.2709636390209198 0.9625895619392395 5.275856906905574e-08
vn -1.0414394153738522e-23 1.0 -1.1533400463090664e-37
vn -6.267676866400507e-08 0.9467727541923523 -0.32190269231796265
vn 1.0 1.4922028659914398e-14 -1.9470719792025193e-07
vn 0.7071066498756409 5.338508302088485e-08 -0.70710688829422
vn 0.30641815066337585 0.9012300372123718 -0.3064182698726654
vn 0.32190269231796265 0.9467727541923523 -6.267676866400507e-08
vn 1.0 1.4922028659914398e-14 -1.9470719792025193e-07
vn 1.0 1.4922028659914398e-14 -1.9470719792025193e-07
vn 0.32190269231796265 0.9467727541923523 -6.267676866400507e-08
vn 0.32190269231796265 0.9467727541923523 -6.267676866400507e-08
vn 0.32190269231796265 -0.9467727541923523 -6.267676866400507e-08
vn 1.0414394153738522e-23 -1.0 1.1533400463090664e-37
vn -6.267676866400507e-08 -0.9467727541923523 -0.32190269231796265
vn 0.30641815066337585 -0.9012300372123718 -0.3064182698726654
vn 0.7071066498756409 5.338508302088485e-08 -0.70710688829422
vn 0.30641815066337585 0.9012300372123718 -0.3064182698726654
vn 0.32190269231796265 0.9467727541923523 -6.267676866400507e-08
vn 0.30641815066337585 0.9012300372123718 -0.3064182698726654
vn 0.32190269231796265 0.9467727541923523 -6.267676866400507e-08
vn -1.0414394153738522e-23 1.0 -1.1533400463090664e-37
vn -1.0414394153738522e-23 1.0 -1.1533400463090664e-37
vn -0.2346557080745697 0.9625909328460693 -0.13548196852207184
vn -1.0414394153738522e-23 1.0 -1.1533400463090664e-37
vn -0.1354820728302002 0.9625909328460693 -0.23465566337108612
vn 1.0 1.4922028659914398e-14 -1.9470719792025193e-07
vn 1.0 1.4922028659914398e-14 -1.9470719792025193e-07
vn 1.0 1.4922028659914398e-14 -1.9470719792025193e-07
vn 0.32190269231796265 -0.9467727541923523 -6.267676866400507e-08
vn 0.30641815066337585 -0.9012300372123718 -0.3064182698726654
vn 0.7071066498756409 5.338508302088485e-08 -0.70710688829422
vn 1.0 1.4922028659914398e-14 -1.9470719792025193e-07
vn 0.30641815066337585 -0.9012300372123718 -0.3064182698726654
vn -6.267676866400507e-08 -0.9467727541923523 -0.32190269231796265
vn -1.9470719792025193e-07 7.549790126404332e-08 -1.0
vn 0.7071066498756409 5.338508302088485e-08 -0.70710688829422
vn -1.9470719792025193e-07 7.549790126404332e-08 -1.0
vn 0.6872415542602539 5.48438663372508e-08 -0.7264290452003479
vn 0.6281704306602478 -0.41222381591796875 -0.6599041223526001
vn -1.651307002248359e-07 -0.5298401117324829 -0.848097562789917
vn 1.0414394153738522e-23 -1.0 1.1533400463090664e-37
vn 1.0414394153738522e-23 -1.0 1.1533400463090664e-37
vn 0.7071066498756409 5.338508302088485e-08 -0.70710688829422
vn -1.9470719792025193e-07 7.549790126404332e-08 -1.0
vn 0.41192764043807983 -0.8212347626686096 -0.3948279321193695
vn -8.436558829316709e-08 -0.9012523293495178 -0.4332946836948395
vn -8.436558829316709e-08 -0.9012523293495178 -0.4332946836948395
vn 0.41192764043807983 -0.8212347626686096 -0.3948279321193695
vn 0.24158445000648499 -0.9703798294067383 -4.703822753526765e-08
vn 1.0414394153738522e-23 -1.0 1.1533400463090664e-37
vn 0.4119277596473694 -0.8212347626686096 0.3948277533054352
vn 8.436558118773974e-08 -0.901252269744873 0.4332946538925171
vn 8.436558118773974e-08 -0.901252269744873 0.4332946538925171
vn 0.4119277596473694 -0.8212347626686096 0.3948277533054352
vn 0.6281706690788269 -0.4122239053249359 0.659903883934021
vn 1.6513068601398118e-07 -0.5298402309417725 0.8480975031852722
vn 0.6872417330741882 -5.484384146825505e-08 0.7264286875724792
vn 1.9470719792025193e-07 -7.549790126404332e-08 1.0
vn 0.6281706690788269 0.41222381591796875 0.659903883934021
vn 1.651307002248359e-07 0.5298401117324829 0.848097562789917
vn 8.436558829316709e-08 0.9012523293495178 0.4332946836948395
vn 0.4119277894496918 0.8212347626686096 0.39482778310775757
vn 0.4119277894496918 0.8212347626686096 0.39482778310775757
vn 8.436558829316709e-08 0.9012523293495178 0.4332946836948395
vn 1.0 1.4922028659914398e-14 -1.9470719792025193e-07
vn 0.24158445000648499 0.9703798294067383 -4.703822753526765e-08
vn 0.4119277894496918 0.8212347626686096 0.39482778310775757
vn 1.0 1.4922028659914398e-14 -1.9470719792025193e-07
vn 0.6281706690788269 0.41222381591796875 0.659903883934021
vn 1.0 1.4922028659914398e-14 -1.9470719792025193e-07
vn 0.6872417330741882 -5.484384146825505e-08 0.7264286875724792
vn 1.0 1.4922028659914398e-14 -1.9470719792025193e-07
vn 0.6281706690788269 -0.4122239053249359 0.659903883934021
vn 1.0 1.4922028659914398e-14 -1.9470719792025193e-07
vn 0.4119277596473694 -0.8212347626686096 0.3948277533054352
vn 1.0 1.4922028659914398e-14 -1.9470719792025193e-07
vn 0.24158445000648499 -0.9703798294067383 -4.703822753526765e-08
vn 1.0 1.4922028659914398e-14 -1.9470719792025193e-07
vn 0.41192764043807983 -0.8212347626686096 -0.3948279321193695
vn 1.0 1.4922030353980292e-14 -1.9470719792025193e-07
vn 0.6281704306602478 -0.41222381591796875 -0.6599041223526001
vn 1.0 1.4922030353980292e-14 -1.9470719792025193e-07
vn 0.6872415542602539 5.48438663372508e-08 -0.7264290452003479
vn 1.0 1.4922028659914398e-14 -1.9470719792025193e-07
vn 0.6281704306602478 0.4122239053249359 -0.6599041223526001
vn 1.0 1.4922030353980292e-14 -1.9470719792025193e-07
vn 0.41192761063575745 0.8212347626686096 -0.3948279023170471
vn 1.0 1.4922028659914398e-14 -1.9470719792025193e-07
vn 1.0 1.4922028659914398e-14 -1.9470719792025193e-07
vn 1.0 1.4922030353980292e-14 -1.9470719792025193e-07
vn 0.5478729009628296 0.7539488077163696 0.36248648166656494
vn 0.5249987244606018 0.8511030077934265 -1.0222102275747602e-07
vn 1.0 1.4922028659914398e-14 -1.9470719792025193e-07
vn 1.0 1.4922028659914398e-14 -1.9470719792025193e-07
vn 0.6845256686210632 0.38621971011161804 0.6182709336280823
vn 0.7281033992767334 -5.1751346319406366e-08 0.6854674220085144
vn 0.6845256686210632 -0.3862197995185852 0.6182709336280823
vn 0.5478467345237732 -0.7539761662483215 0.3624691665172577
vn 1.0 1.4922028659914398e-14 -1.9470719792025193e-07
vn 0.5249987244606018 -0.8511030077934265 -1.0222102275747602e-07
vn 1.0 1.4922028659914398e-14 -1.9470719792025193e-07
vn 0.5478466153144836 -0.7539761066436768 -0.3624694049358368
vn 1.0 1.4922028659914398e-14 -1.9470719792025193e-07
vn 0.6845254302024841 -0.38621971011161804 -0.6182711124420166
vn 1.0 1.4922030353980292e-14 -1.9470719792025193e-07
vn 0.7281031608581543 5.175136763568844e-08 -0.6854676604270935
vn 1.0 1.4922028659914398e-14 -1.9470719792025193e-07
vn 0.6845254302024841 0.3862197995185852 -0.6182711124420166
vn 1.0 1.4922028659914398e-14 -1.9470719792025193e-07
vn 0.5478465557098389 0.7539761066436768 -0.3624693751335144
vn 1.0 1.4922028659914398e-14 -1.9470719792025193e-07
vn 0.5478465557098389 0.7539761066436768 -0.3624693751335144
vn -8.436558118773974e-08 0.901252269744873 -0.4332946538925171
vn -1.6513068601398118e-07 0.5298402309417725 -0.8480975031852722
vn 0.6845254302024841 0.3862197995185852 -0.6182711124420166
vn 0.5249987244606018 0.8511030077934265 -1.0222102275747602e-07
vn -1.0414394153738522e-23 1.0 -1.1533400463090664e-37
vn -8.436558118773974e-08 0.901252269744873 -0.4332946538925171
vn 0.5478465557098389 0.7539761066436768 -0.3624693751335144
vn 0.7281031608581543 5.175136763568844e-08 -0.6854676604270935
vn -1.9470719792025193e-07 7.549790126404332e-08 -1.0
vn -1.651307002248359e-07 -0.5298401117324829 -0.848097562789917
vn 0.6845254302024841 -0.38621971011161804 -0.6182711124420166
vn -8.436558829316709e-08 -0.9012523293495178 -0.4332946836948395
vn 0.5478466153144836 -0.7539761066436768 -0.3624694049358368
vn 0.5478466153144836 -0.7539761066436768 -0.3624694049358368
vn -8.436558829316709e-08 -0.9012523293495178 -0.4332946836948395
vn 1.0414394153738522e-23 -1.0 1.1533400463090664e-37
vn 0.5249987244606018 -0.8511030077934265 -1.0222102275747602e-07
vn 8.436558118773974e-08 -0.901252269744873 0.4332946538925171
vn 0.5478467345237732 -0.7539761662483215 0.3624691665172577
vn 0.5478467345237732 -0.7539761662483215 0.3624691665172577
vn 8.436558118773974e-08 -0.901252269744873 0.4332946538925171
vn 1.6513068601398118e-07 -0.5298402309417725 0.8480975031852722
vn 0.6845256686210632 -0.3862197995185852 0.6182709336280823
vn 1.9470719792025193e-07 -7.549790126404332e-08 1.0
vn 0.7281033992767334 -5.1751346319406366e-08 0.6854674220085144
vn 1.6513750722424447e-07 0.5297841429710388 0.8481325507164001
vn 0.6845256686210632 0.38621971011161804 0.6182709336280823
vn 0.5478729009628296 0.7539488077163696 0.36248648166656494
vn 8.436558829316709e-08 0.9012523293495178 0.4332946836948395
vn 8.436558829316709e-08 0.9012523293495178 0.4332946836948395
vn 0.5478729009628296 0.7539488077163696 0.36248648166656494
vn 1.0 1.4922028659914398e-14 -1.9470719792025193e-07
vn 1.0 1.4922028659914398e-14 -1.9470719792025193e-07
vn 1.0 1.4922028659914398e-14 -1.9470719792025193e-07
vn 1.0 1.4922028659914398e-14 -1.9470719792025193e-07
vn 1.0 1.4922028659914398e-14 -1.9470719792025193e-07
vn 1.0 1.4922028659914398e-14 -1.9470719792025193e-07
vn 1.0 1.4922028659914398e-14 -1.9470719792025193e-07
vn 1.0 1.4922028659914398e-14 -1.9470719792025193e-07
vn 1.0 1.4922028659914398e-14 -1.9470719792025193e-07
vn 1.0 1.4922028659914398e-14 -1.9470719792025193e-07
vn 1.0 1.4922028659914398e-14 -1.9470719792025193e-07
vn 1.0 1.4922028659914398e-14 -1.9470719792025193e-07
vn 0.5249987244606018 0.8511030077934265 -1.0222102275747602e-07
vn 0.5478467345237732 0.7539761066436768 0.3624691665172577
vn 0.6845256686210632 0.38621971011161804 0.6182709336280823
vn 0.7281033992767334 -5.1751346319406366e-08 0.6854674220085144
vn 0.6845256686210632 -0.3862197995185852 0.6182709336280823
vn 0.5478467345237732 -0.7539761662483215 0.3624691665172577
vn 0.5249987244606018 -0.8511030077934265 -1.0222102275747602e-07
vn 0.5478466153144836 -0.7539761066436768 -0.3624694049358368
vn 0.6845254302024841 -0.38621971011161804 -0.6182711124420166
vn 0.7281031608581543 5.175136763568844e-08 -0.6854676604270935
vn 0.6845254302024841 0.3862197995185852 -0.6182711124420166
vn 0.5478465557098389 0.7539761066436768 -0.3624693751335144
vn -1.9470719792025193e-07 7.549790126404332e-08 -1.0
vn -1.6513068601398118e-07 0.5298402309417725 -0.8480975031852722
vn -1.651307002248359e-07 -0.5298401117324829 -0.848097562789917
vn -8.436558829316709e-08 -0.9012523293495178 -0.4332946836948395
vn 1.0414394153738522e-23 -1.0 1.1533400463090664e-37
vn -8.436558829316709e-08 -0.9012523293495178 -0.4332946836948395
vn 0.5249987244606018 0.8511030077934265 -1.0222102275747602e-07
vn -1.0414394153738522e-23 1.0 -1.1533400463090664e-37
vn -8.436558118773974e-08 0.901252269744873 -0.4332946538925171
vn 0.5478465557098389 0.7539761066436768 -0.3624693751335144
vn 0.5478465557098389 0.7539761066436768 -0.3624693751335144
vn -8.436558118773974e-08 0.901252269744873 -0.4332946538925171
vn 0.6845254302024841 0.3862197995185852 -0.6182711124420166
vn 0.7281031608581543 5.175136763568844e-08 -0.6854676604270935
vn 0.6845254302024841 -0.38621971011161804 -0.6182711124420166
vn 0.5478466153144836 -0.7539761066436768 -0.3624694049358368
vn 0.5478466153144836 -0.7539761066436768 -0.3624694049358368
vn 0.5249987244606018 -0.8511030077934265 -1.0222102275747602e-07
vn 8.436558118773974e-08 -0.901252269744873 0.4332946538925171
vn 0.5478467345237732 -0.7539761662483215 0.3624691665172577
vn 0.5478467345237732 -0.7539761662483215 0.3624691665172577
vn 8.436558118773974e-08 -0.901252269744873 0.4332946538925171
vn 1.6513068601398118e-07 -0.5298402309417725 0.8480975031852722
vn 0.6845256686210632 -0.3862197995185852 0.6182709336280823
vn 1.9470719792025193e-07 -7.549790126404332e-08 1.0
vn 0.7281033992767334 -5.1751346319406366e-08 0.6854674220085144
vn 1.651307002248359e-07 0.5298401117324829 0.848097562789917
vn 0.6845256686210632 0.38621971011161804 0.6182709336280823
vn 0.5478467345237732 0.7539761066436768 0.3624691665172577
vn 8.436558829316709e-08 0.9012523293495178 0.4332946836948395
vn 8.436558829316709e-08 0.9012523293495178 0.4332946836948395
vn 0.5478467345237732 0.7539761066436768 0.3624691665172577
vn 1.0414394153738522e-23 -1.0 1.1533400463090664e-37
vn 1.0414394153738522e-23 -1.0 1.1533400463090664e-37
vn 1.0414394153738522e-23 -1.0 1.1533400463090664e-37
vn 0.49998944997787476 -6.538355279417374e-08 0.8660315275192261
vn 0.1833152025938034 0.9303634762763977 0.3175205886363983
vn 0.49998944997787476 -6.538355279417374e-08 0.8660315275192261
vn 0.8660317063331604 -3.774812640244818e-08 0.4999890923500061
vn 0.317533940076828 0.9303590655326843 0.1833142340183258
vn 0.1833152025938034 0.9303634762763977 0.3175205886363983
vn 1.0 1.4922030353980292e-14 -1.9470719792025193e-07
vn 0.3666442036628723 0.930361270904541 -7.138826418895405e-08
vn 0.8660315275192261 3.774815127144393e-08 -0.49998944997787476
vn 0.31753385066986084 0.9303590655326843 -0.18331432342529297
vn 0.4999890923500061 6.538356700502845e-08 -0.8660317063331604
vn 0.1833142340183258 0.9303591251373291 -0.317533940076828
vn 0.4999890923500061 6.538356700502845e-08 -0.8660317063331604
vn 0.1833142340183258 0.9303591251373291 -0.317533940076828
vn 0.13548198342323303 0.9625909328460693 -0.2346557080745697
vn -1.0414394153738522e-23 1.0 -1.1533400463090664e-37
vn 0.23465566337108612 0.9625909328460693 -0.1354820728302002
vn -1.0414394153738522e-23 1.0 -1.1533400463090664e-37
vn 0.2709636390209198 0.9625895619392395 -5.275856906905574e-08
vn -1.0414394153738522e-23 1.0 -1.1533400463090664e-37
vn 0.2346557080745697 0.9625909328460693 0.13548196852207184
vn -1.0414393364877616e-23 1.0 -1.1533399342051893e-37
vn 0.1354820728302002 0.9625909328460693 0.23465566337108612
vn -1.0414394153738522e-23 1.0 -1.1533400463090664e-37
vn 0.23465566337108612 0.9625909328460693 -0.1354820728302002
vn 0.13548198342323303 0.9625909328460693 -0.2346557080745697
vn 0.4999890923500061 6.538356700502845e-08 -0.8660317063331604
vn 0.8660315275192261 3.774815127144393e-08 -0.49998944997787476
vn 1.0 1.4922030353980292e-14 -1.9470719792025193e-07
vn 0.2709636390209198 0.9625895619392395 -5.275856906905574e-08
vn 0.8660317063331604 -3.774812640244818e-08 0.4999890923500061
vn 0.2346557080745697 0.9625909328460693 0.13548196852207184
vn 0.49998944997787476 -6.538355279417374e-08 0.8660315275192261
vn 0.1354820728302002 0.9625909328460693 0.23465566337108612
vn 0.49998944997787476 -6.538355279417374e-08 0.8660315275192261
vn 0.1354820728302002 0.9625909328460693 0.23465566337108612
vn 0.31753385066986084 0.9303590655326843 -0.18331432342529297
vn -1.0414394153738522e-23 1.0 -1.1533400463090664e-37
vn -1.0414394153738522e-23 1.0 -1.1533400463090664e-37
vn 0.3666442036628723 0.930361270904541 -7.138826418895405e-08
vn 0.13548198342323303 0.9625909328460693 -0.2346557080745697
vn 0.4999890923500061 6.538356700502845e-08 -0.8660317063331604
vn 1.9470719792025193e-07 -7.549790126404332e-08 1.0
vn 0.70710688829422 -5.3385065257316455e-08 0.7071066498756409
vn 0.3064182698726654 0.9012300372123718 0.30641815066337585
vn 6.267676866400507e-08 0.9467727541923523 0.32190269231796265
vn -0.1833151876926422 0.9303634166717529 -0.3175205588340759
vn -1.0414394153738522e-23 1.0 -1.1533400463090664e-37
vn -0.1833142340183258 0.9303590655326843 0.317533940076828
vn -0.4999890923500061 -6.538356700502845e-08 0.8660317063331604
vn -0.4999890923500061 -6.538356700502845e-08 0.8660317063331604
vn -0.1833142340183258 0.9303590655326843 0.317533940076828
vn -0.3175338804721832 0.9303590655326843 0.18331433832645416
vn -0.8660315275192261 -3.774815127144393e-08 0.49998944997787476
vn 1.0 1.4922028659914398e-14 -1.9470719792025193e-07
vn 1.0 1.4922028659914398e-14 -1.9470719792025193e-07
vn 0.32190269231796265 0.9467727541923523 -6.267676866400507e-08
vn 0.32190269231796265 0.9467727541923523 -6.267676866400507e-08
vn -0.3666442036628723 0.930361270904541 7.138826418895405e-08
vn -1.0 -1.4922030353980292e-14 1.9470719792025193e-07
vn -0.317533940076828 0.9303591251373291 -0.1833142340183258
vn -0.8660317063331604 3.774812640244818e-08 -0.4999890923500061
vn -0.1833151876926422 0.9303634166717529 -0.3175205588340759
vn -0.49998944997787476 6.538355279417374e-08 -0.8660315275192261
vn 0.32190269231796265 0.9467727541923523 -6.267676866400507e-08
vn 0.32190269231796265 0.9467727541923523 -6.267676866400507e-08
vn -1.0414394153738522e-23 1.0 -1.1533400463090664e-37
vn -1.0414394153738522e-23 1.0 -1.1533400463090664e-37
vn -0.49998944997787476 6.538355279417374e-08 -0.8660315275192261
vn -0.1833151876926422 0.9303634166717529 -0.3175205588340759
vn 6.267676866400507e-08 -0.9467727541923523 0.32190269231796265
vn 1.0414394153738522e-23 -1.0 1.1533400463090664e-37
vn 0.32190269231796265 -0.9467727541923523 -6.267676866400507e-08
vn 0.3064182698726654 -0.9012300372123718 0.30641815066337585
vn 6.267676866400507e-08 0.9467727541923523 0.32190269231796265
vn 0.70710688829422 -5.3385065257316455e-08 0.7071066498756409
vn 0.3064182698726654 0.9012300372123718 0.30641815066337585
vn 0.3064182698726654 0.9012300372123718 0.30641815066337585
vn 1.9470719792025193e-07 -7.549790126404332e-08 1.0
vn 0.70710688829422 -5.3385065257316455e-08 0.7071066498756409
vn 6.267676866400507e-08 -0.9467727541923523 0.32190269231796265
vn 0.3064182698726654 -0.9012300372123718 0.30641815066337585
vn 0.70710688829422 -5.3385065257316455e-08 0.7071066498756409
vn 1.9470719792025193e-07 -7.549790126404332e-08 1.0
vn 0.3064182698726654 -0.9012300372123718 0.30641815066337585
vn 0.32190269231796265 -0.9467727541923523 -6.267676866400507e-08
vn 1.0 1.4922028659914398e-14 -1.9470719792025193e-07
vn 0.70710688829422 -5.3385065257316455e-08 0.7071066498756409
vn 0.70710688829422 -5.3385065257316455e-08 0.7071066498756409
vn 1.0 1.4922030353980292e-14 -1.9470719792025193e-07
vn -1.0414393364877616e-23 1.0 -1.1533399342051893e-37
vn -0.1354820728302002 0.9625909328460693 -0.23465566337108612
vn -1.0414394153738522e-23 1.0 -1.1533400463090664e-37
vn -0.2346557080745697 0.9625909328460693 -0.13548196852207184
vn -1.0414394153738522e-23 1.0 -1.1533400463090664e-37
vn -0.2709636390209198 0.9625895619392395 5.275856906905574e-08
vn 1.0414394153738522e-23 -1.0 1.1533400463090664e-37
vn -0.32190269231796265 -0.9467727541923523 6.267676866400507e-08
vn -0.32190269231796265 -0.9467727541923523 6.267676866400507e-08
vn 1.0414394153738522e-23 -1.0 1.1533400463090664e-37
vn -1.0414394153738522e-23 1.0 -1.1533400463090664e-37
vn -0.23465566337108612 0.9625909328460693 0.1354820728302002
vn -1.0414394153738522e-23 1.0 -1.1533400463090664e-37
vn -0.13548198342323303 0.9625909328460693 0.2346557080745697
vn 1.0414394153738522e-23 -1.0 1.1533400463090664e-37
vn -6.267676866400507e-08 -0.9467727541923523 -0.32190269231796265
vn -0.1119014322757721 -0.9873987436294556 -0.11190138012170792
vn 1.0414394153738522e-23 -1.0 1.1533400463090664e-37
vn 1.0414394153738522e-23 -1.0 1.1533400463090664e-37
vn 1.0414394153738522e-23 -1.0 1.1533400463090664e-37
vn 0.32190269231796265 -0.9467727541923523 -6.267676866400507e-08
vn 0.32190269231796265 -0.9467727541923523 -6.267676866400507e-08
vn 0.32190269231796265 0.9467727541923523 -6.267676866400507e-08
vn -1.0414394153738522e-23 1.0 -1.1533400463090664e-37
vn 0.32190269231796265 -0.9467727541923523 -6.267676866400507e-08
vn 0.32190269231796265 -0.9467727541923523 -6.267676866400507e-08
vn 1.0 1.4922028659914398e-14 -1.9470719792025193e-07
vn 1.0414394153738522e-23 -1.0 1.1533400463090664e-37
vn -0.32190269231796265 -0.9467727541923523 6.267676866400507e-08
vn -0.32190269231796265 -0.9467727541923523 6.267676866400507e-08
vn 0.32190269231796265 -0.9467727541923523 -6.267676866400507e-08
vn 0.32190269231796265 -0.9467727541923523 -6.267676866400507e-08
vn 1.0 1.4922028659914398e-14 -1.9470719792025193e-07
vn -0.49998944997787476 6.538355279417374e-08 -0.8660315275192261
vn -0.18331432342529297 0.9303590655326843 -0.31753385066986084
vn -0.8660317063331604 3.774812640244818e-08 -0.4999890923500061
vn -0.317533940076828 0.9303591251373291 -0.1833142340183258
vn -0.18331432342529297 0.9303590655326843 -0.31753385066986084
vn -0.49998944997787476 6.538355279417374e-08 -0.8660315275192261
vn -1.0 -1.4922030353980292e-14 1.9470719792025193e-07
vn -0.3666442036628723 0.930361270904541 7.138826418895405e-08
vn -0.8660315275192261 -3.774815127144393e-08 0.49998944997787476
vn -0.3175338804721832 0.9303590655326843 0.18331433832645416
vn -0.4999890923500061 -6.538356700502845e-08 0.8660317063331604
vn -0.1833142340183258 0.9303590655326843 0.317533940076828
vn -0.1833142340183258 0.9303590655326843 0.317533940076828
vn -0.4999890923500061 -6.538356700502845e-08 0.8660317063331604
vn -0.18331432342529297 0.9303590655326843 -0.31753385066986084
vn -1.0414394153738522e-23 1.0 -1.1533400463090664e-37
vn -0.317533940076828 0.9303591251373291 -0.1833142340183258
vn -1.0414394153738522e-23 1.0 -1.1533400463090664e-37
vn -0.3666442036628723 0.930361270904541 7.138826418895405e-08
vn -1.0414394153738522e-23 1.0 -1.1533400463090664e-37
vn -0.3175338804721832 0.9303590655326843 0.18331433832645416
vn -1.0414394153738522e-23 1.0 -1.1533400463090664e-37
vn -0.1833142340183258 0.9303590655326843 0.317533940076828
vn -1.0414394153738522e-23 1.0 -1.1533400463090664e-37
vn -0.1354820728302002 0.9625909328460693 -0.23465566337108612
vn -0.49998944997787476 6.538355279417374e-08 -0.8660315275192261
vn -0.2346557080745697 0.9625909328460693 -0.13548196852207184
vn -0.8660317063331604 3.774812640244818e-08 -0.4999890923500061
vn -0.49998944997787476 6.538355279417374e-08 -0.8660315275192261
vn -0.1354820728302002 0.9625909328460693 -0.23465566337108612
vn -0.2709636390209198 0.9625895619392395 5.275856906905574e-08
vn -1.0 -1.4922030353980292e-14 1.9470719792025193e-07
vn -0.23465566337108612 0.9625909328460693 0.1354820728302002
vn -0.8660315275192261 -3.774815127144393e-08 0.49998944997787476
vn -0.13548198342323303 0.9625909328460693 0.2346557080745697
vn -0.4999890923500061 -6.538356700502845e-08 0.8660317063331604
vn -0.4999890923500061 -6.538356700502845e-08 0.8660317063331604
vn -0.13548198342323303 0.9625909328460693 0.2346557080745697
vn -0.317533940076828 0.9303591251373291 -0.1833142340183258
vn -1.0414394153738522e-23 1.0 -1.1533400463090664e-37
vn -0.3666442036628723 0.930361270904541 7.138826418895405e-08
vn -1.0414394153738522e-23 1.0 -1.1533400463090664e-37
vn -0.3175338804721832 0.9303590655326843 0.18331433832645416
vn -1.0414394153738522e-23 1.0 -1.1533400463090664e-37
vn -0.1833142340183258 0.9303590655326843 0.317533940076828
vn -1.0414394153738522e-23 1.0 -1.1533400463090664e-37
vn -0.1354820728302002 0.9625909328460693 -0.23465566337108612
vn -0.49998944997787476 6.538355279417374e-08 -0.8660315275192261
vn -0.2346557080745697 0.9625909328460693 -0.13548196852207184
vn -0.8660317063331604 3.774812640244818e-08 -0.4999890923500061
vn -0.49998944997787476 6.538355279417374e-08 -0.8660315275192261
vn -0.1354820728302002 0.9625909328460693 -0.23465566337108612
vn -0.2709636390209198 0.9625895619392395 5.275856906905574e-08
vn -1.0 -1.4922030353980292e-14 1.9470719792025193e-07
vn -0.23465566337108612 0.9625909328460693 0.1354820728302002
vn -0.8660315275192261 -3.774815127144393e-08 0.49998944997787476
vn -0.13548198342323303 0.9625909328460693 0.2346557080745697
vn -0.4999890923500061 -6.538356700502845e-08 0.8660317063331604
vn -0.4999890923500061 -6.538356700502845e-08 0.8660317063331604
vn -0.13548198342323303 0.9625909328460693 0.2346557080745697
vn -1.0414394153738522e-23 1.0 -1.1533400463090664e-37
vn -1.0414394153738522e-23 1.0 -1.1533400463090664e-37
vn -1.0414394153738522e-23 1.0 -1.1533400463090664e-37
vn 0.1833142340183258 0.9303591251373291 -0.317533940076828
vn 0.317533940076828 0.9303590655326843 0.1833142340183258
vn 0.1833152025938034 0.9303634762763977 0.3175205886363983
vn -1.0 -1.4922028659914398e-14 1.9470719792025193e-07
vn -0.32190269231796265 -0.9467727541923523 6.267676866400507e-08
vn -0.32190269231796265 -0.9467727541923523 6.267676866400507e-08
vn -1.0 -1.4922028659914398e-14 1.9470719792025193e-07
vn -1.9470719792025193e-07 7.549790126404332e-08 -1.0
vn -6.267676866400507e-08 -0.9467727541923523 -0.32190269231796265
vn -0.3064182698726654 -0.9012300372123718 -0.30641815066337585
vn -0.70710688829422 5.3385065257316455e-08 -0.7071066498756409
vn 6.267676866400507e-08 -0.9467727541923523 0.32190269231796265
vn -0.32190269231796265 -0.9467727541923523 6.267676866400507e-08
vn -0.11190138012170792 -0.9873987436294556 0.1119014248251915
vn 1.0414394153738522e-23 -1.0 1.1533400463090664e-37
vn 6.267676866400507e-08 -0.9467727541923523 0.32190269231796265
vn 1.0414394153738522e-23 -1.0 1.1533400463090664e-37
vn 1.0414394153738522e-23 -1.0 1.1533400463090664e-37
vn -0.32190269231796265 -0.9467727541923523 6.267676866400507e-08
vn -0.32190269231796265 -0.9467727541923523 6.267676866400507e-08
vn -1.9333828049639123e-07 -0.11837198585271835 -0.9929693341255188
vn -1.651307002248359e-07 -0.5298401117324829 -0.848097562789917
vn 1.0414394153738522e-23 -1.0 1.1533400463090664e-37
vn 1.0414394153738522e-23 -1.0 1.1533400463090664e-37
vn -0.32190269231796265 -0.9467727541923523 6.267676866400507e-08
vn -0.32190269231796265 -0.9467727541923523 6.267676866400507e-08
vn 1.6513068601398118e-07 -0.5298402309417725 0.8480975031852722
vn 1.9333828049639123e-07 -0.11837214231491089 0.9929693341255188
vn 1.9470719792025193e-07 -7.549790126404332e-08 1.0
vn 6.267676866400507e-08 -0.9467727541923523 0.32190269231796265
vn -1.0 -1.4922028659914398e-14 1.9470719792025193e-07
vn -0.32190269231796265 -0.9467727541923523 6.267676866400507e-08
vn -0.30641815066337585 -0.9012300372123718 0.3064182698726654
vn -0.7071066498756409 -5.338508302088485e-08 0.70710688829422
vn -1.0 -1.4922028659914398e-14 1.9470719792025193e-07
vn -1.0 -1.4922028659914398e-14 1.9470719792025193e-07
vn -1.0 -1.4922028659914398e-14 1.9470719792025193e-07
vn -1.0 -1.4922028659914398e-14 1.9470719792025193e-07
vn -1.9470719792025193e-07 7.549790126404332e-08 -1.0
vn -1.9470719792025193e-07 7.549790126404332e-08 -1.0
vn -0.70710688829422 5.3385065257316455e-08 -0.7071066498756409
vn -0.70710688829422 5.3385065257316455e-08 -0.7071066498756409
vn -1.0 -1.4922028659914398e-14 1.9470719792025193e-07
vn -1.0 -1.4922030353980292e-14 1.9470719792025193e-07
vn -1.0 -1.4922028659914398e-14 1.9470719792025193e-07
vn -1.0 -1.4922028659914398e-14 1.9470719792025193e-07
vn 1.9470719792025193e-07 -7.549790126404332e-08 1.0
vn 1.9470719792025193e-07 -7.549790126404332e-08 1.0
vn -1.0 -1.4922028659914398e-14 1.9470719792025193e-07
vn -1.0 -1.4922028659914398e-14 1.9470719792025193e-07
vn -0.7071066498756409 -5.338508302088485e-08 0.70710688829422
vn -0.7071066498756409 -5.338508302088485e-08 0.70710688829422
vn -0.5478465557098389 -0.7539761066436768 0.3624693751335144
vn -0.5249987244606018 -0.8511030077934265 1.0222102275747602e-07
vn -1.0 -1.4922028659914398e-14 1.9470719792025193e-07
vn -1.0 -1.4922028659914398e-14 1.9470719792025193e-07
vn -0.6845254302024841 -0.3862197995185852 0.6182711124420166
vn -1.0 -1.4922028659914398e-14 1.9470719792025193e-07
vn -0.7164269685745239 -0.08259960263967514 0.6927552223205566
vn -1.0 -1.4922028659914398e-14 1.9470719792025193e-07
vn -0.6845256686210632 -0.38621971011161804 -0.6182709336280823
vn -0.716427206993103 -0.08259949088096619 -0.6927549242973328
vn -1.0 -1.4922028659914398e-14 1.9470719792025193e-07
vn -1.0 -1.4922028659914398e-14 1.9470719792025193e-07
vn -0.5478467345237732 -0.7539761066436768 -0.3624691665172577
vn -1.0 -1.4922028659914398e-14 1.9470719792025193e-07
vn -1.0 -1.4922028659914398e-14 1.9470719792025193e-07
vn 1.0414394153738522e-23 -1.0 1.1533400463090664e-37
vn 8.436558118773974e-08 -0.901252269744873 0.4332946538925171
vn 1.0414394153738522e-23 -1.0 1.1533400463090664e-37
vn 6.322664347635509e-08 -0.945807933807373 0.32472681999206543
vn 8.436558118773974e-08 -0.901252269744873 0.4332946538925171
vn -8.436558829316709e-08 -0.9012523293495178 -0.4332946836948395
vn -8.436558829316709e-08 -0.9012523293495178 -0.4332946836948395
vn -0.7164269685745239 -0.08259960263967514 0.6927552223205566
vn -0.30713582038879395 -0.9000908732414246 0.30903711915016174
vn 6.322664347635509e-08 -0.945807933807373 0.32472681999206543
vn -6.322664347635509e-08 -0.945807933807373 -0.32472681999206543
vn -0.3071359395980835 -0.9000908732414246 -0.3090369999408722
vn -6.322664347635509e-08 -0.945807933807373 -0.32472681999206543
vn -0.3071359395980835 -0.9000908732414246 -0.3090369999408722
vn -0.716427206993103 -0.08259949088096619 -0.6927549242973328
vn -0.3071359395980835 -0.9000908732414246 -0.3090369999408722
vn -0.32190269231796265 -0.9467727541923523 6.267676866400507e-08
vn -0.32190269231796265 -0.9467727541923523 6.267676866400507e-08
vn -0.32190269231796265 -0.9467727541923523 6.267676866400507e-08
vn -0.30713582038879395 -0.9000908732414246 0.30903711915016174
vn -0.32190269231796265 -0.9467727541923523 6.267676866400507e-08
vn -0.30641815066337585 -0.9012300372123718 0.3064182698726654
vn -0.6845256686210632 -0.38621971011161804 -0.6182709336280823
vn -0.6845254302024841 -0.3862197995185852 0.6182711124420166
vn -0.7071066498756409 -5.338508302088485e-08 0.70710688829422
vn -0.30641815066337585 -0.9012300372123718 0.3064182698726654
vn -0.7071066498756409 -5.338508302088485e-08 0.70710688829422
vn -0.7071066498756409 -5.338508302088485e-08 0.70710688829422
vn -0.5249987244606018 -0.8511030077934265 1.0222102275747602e-07
vn -0.5478465557098389 -0.7539761066436768 0.3624693751335144
vn -0.32190269231796265 -0.9467727541923523 6.267676866400507e-08
vn -0.30713582038879395 -0.9000908732414246 0.30903711915016174
vn -0.5478465557098389 -0.7539761066436768 0.3624693751335144
vn -0.5478467345237732 -0.7539761066436768 -0.3624691665172577
vn -0.5478467345237732 -0.7539761066436768 -0.3624691665172577
vn -0.70710688829422 5.3385065257316455e-08 -0.7071066498756409
vn -0.3064182698726654 -0.9012300372123718 -0.30641815066337585
vn -6.267676866400507e-08 -0.9467727541923523 -0.32190269231796265
vn -0.3064182698726654 -0.9012300372123718 -0.30641815066337585
vn -0.70710688829422 5.3385065257316455e-08 -0.7071066498756409
vn -0.70710688829422 5.3385065257316455e-08 -0.7071066498756409
vn 0.1833142340183258 -0.9303590655326843 -0.317533940076828
vn 1.0414394153738522e-23 -1.0 1.1533400463090664e-37
vn 0.31753304600715637 -0.9303566217422485 -0.18332862854003906
vn 1.0414394153738522e-23 -1.0 1.1533400463090664e-37
vn 0.3666442036628723 -0.930361270904541 -7.138826418895405e-08
vn 1.0414394153738522e-23 -1.0 1.1533400463090664e-37
vn 0.317533940076828 -0.9303591251373291 0.1833142340183258
vn 1.0414394153738522e-23 -1.0 1.1533400463090664e-37
vn 0.18331432342529297 -0.9303590655326843 0.31753385066986084
vn 1.0414394153738522e-23 -1.0 1.1533400463090664e-37
vn 0.18331432342529297 -0.9303590655326843 0.31753385066986084
vn 0.18331432342529297 -0.9303590655326843 0.31753385066986084
vn 0.317533940076828 -0.9303591251373291 0.1833142340183258
vn 0.3666442036628723 -0.930361270904541 -7.138826418895405e-08
vn 0.31753304600715637 -0.9303566217422485 -0.18332862854003906
vn 0.1833142340183258 -0.9303590655326843 -0.317533940076828
vn 0.1833142340183258 -0.9303590655326843 -0.317533940076828
vn -0.32190269231796265 -0.9467727541923523 6.267676866400507e-08
vn -0.32190269231796265 -0.9467727541923523 6.267676866400507e-08
vn -6.267676866400507e-08 -0.9467727541923523 -0.32190269231796265
vn -0.1119014322757721 -0.9873987436294556 -0.11190138012170792
vn -0.32190269231796265 -0.9467727541923523 6.267676866400507e-08
vn -0.32190269231796265 -0.9467727541923523 6.267676866400507e-08
vn 6.267676866400507e-08 -0.9467727541923523 0.32190269231796265
vn -0.32190269231796265 -0.9467727541923523 6.267676866400507e-08
vn -0.11190138012170792 -0.9873987436294556 0.1119014248251915
vn -0.11190138012170792 -0.9873987436294556 0.1119014248251915
vn -0.1119014322757721 -0.9873987436294556 -0.11190138012170792
vn 1.0 1.4922028659914398e-14 -1.9470719792025193e-07
vn 1.0 1.4922028659914398e-14 -1.9470719792025193e-07
vn 1.0 1.4922028659914398e-14 -1.9470719792025193e-07
vn 0.7071066498756409 5.338508302088485e-08 -0.70710688829422
f 1/1/1 2/2/2 3/3/3
f 1/1/1 3/3/3 4/4/4
f 5/5/5 6/6/6 7/7/7
f 5/5/5 7/7/7 8/8/8
f 8/8/8 7/7/7 9/9/9
f 8/8/8 9/9/9 10/10/10
f 10/10/10 9/9/9 11/11/11
f 10/10/10 11/11/11 12/12/12
f 12/12/12 11/11/11 13/13/13
f 12/12/12 13/13/13 14/14/14
f 15/15/15 16/16/16 17/17/17
f 15/15/15 17/17/17 18/18/18
f 19/19/19 20/20/20 21/21/21
f 19/19/19 21/21/21 22/22/22
f 23/23/23 24/24/24 25/25/25
f 23/23/23 25/25/25 26/26/26
f 27/27/27 28/28/28 29/29/29
f 27/27/27 29/29/29 30/30/30
f 31/31/31 32/32/32 33/33/33
f 31/31/31 33/33/33 34/34/34
f 34/34/34 33/33/33 35/35/35
f 34/34/34 35/35/35 36/36/36
f 36/36/36 35/35/35 37/37/37
f 36/36/36 37/37/37 38/38/38
f 38/38/38 37/37/37 39/39/39
f 38/38/38 39/39/39 40/40/40
f 41/41/41 42/42/42 43/43/43
f 41/41/41 43/43/43 44/44/44
f 45/45/45 46/46/46 47/47/47
f 45/45/45 47/47/47 48/48/48
f 49/49/49 45/45/45 48/48/48
f 49/49/49 48/48/48 50/50/50
f 51/51/51 49/49/49 50/50/50
f 51/51/51 50/50/50 52/52/52
f 53/53/53 51/51/51 52/52/52
f 53/53/53 52/52/52 54/54/54
f 55/55/55 53/53/53 54/54/54
f 55/55/55 54/54/54 56/56/56
f 57/57/57 55/55/55 56/56/56
f 57/57/57 56/56/56 58/58/58
f 59/59/59 60/60/60 61/61/61
f 59/59/59 61/61/61 62/62/62
f 63/63/63 36/36/36 38/38/38
f 63/63/63 38/38/38 60/60/60
f 64/64/64 63/63/63 60/60/60
f 64/64/64 60/60/60 59/59/59
f 65/65/65 34/34/34 36/36/36
f 65/65/65 36/36/36 63/63/63
f 66/66/66 65/65/65 63/63/63
f 66/66/66 63/63/63 64/64/64
f 67/67/67 31/31/31 34/34/34
f 67/67/67 34/34/34 65/65/65
f 68/68/68 67/67/67 65/65/65
f 68/68/68 65/65/65 66/66/66
f 69/69/69 27/27/27 30/30/30
f 69/69/69 30/30/30 70/70/70
f 71/71/71 69/69/69 70/70/70
f 71/71/71 70/70/70 72/72/72
f 73/73/73 74/74/74 75/75/75
f 73/73/73 75/75/75 76/76/76
f 74/74/74 77/77/77 78/78/78
f 74/74/74 78/78/78 75/75/75
f 77/77/77 79/79/79 80/80/80
f 77/77/77 80/80/80 78/78/78
f 79/79/79 81/81/81 82/82/82
f 79/79/79 82/82/82 80/80/80
f 81/81/81 83/83/83 84/84/84
f 81/81/81 84/84/84 82/82/82
f 83/83/83 85/85/85 86/86/86
f 83/83/83 86/86/86 84/84/84
f 60/60/60 38/38/38 40/40/40
f 60/60/60 40/40/40 61/61/61
f 87/87/87 88/88/88 89/89/89
f 87/87/87 89/89/89 90/90/90
f 88/88/88 41/41/41 44/44/44
f 88/88/88 44/44/44 89/89/89
f 91/91/91 92/92/92 93/93/93
f 91/91/91 93/93/93 94/94/94
f 95/95/95 96/96/96 97/97/97
f 95/95/95 97/97/97 98/98/98
f 99/99/99 100/100/100 96/96/96
f 99/99/99 96/96/96 95/95/95
f 101/101/101 102/102/102 100/100/100
f 101/101/101 100/100/100 99/99/99
f 103/103/103 104/104/104 105/105/105
f 103/103/103 105/105/105 106/106/106
f 107/107/107 108/108/108 109/109/109
f 107/107/107 109/109/109 110/110/110
f 111/111/111 112/112/112 113/113/113
f 111/111/111 113/113/113 114/114/114
f 115/115/115 116/116/116 117/117/117
f 115/115/115 117/117/117 118/118/118
f 119/119/119 120/120/120 92/92/92
f 119/119/119 92/92/92 91/91/91
f 121/121/121 103/103/103 106/106/106
f 121/121/121 106/106/106 122/122/122
f 114/114/114 113/113/113 108/108/108
f 114/114/114 108/108/108 107/107/107
f 123/123/123 124/124/124 103/103/103
f 123/123/123 103/103/103 121/121/121
f 125/125/125 126/126/126 102/102/102
f 125/125/125 102/102/102 101/101/101
f 52/52/52 50/50/50 103/103/103
f 52/52/52 103/103/103 124/124/124
f 127/127/127 128/128/128 126/126/126
f 127/127/127 126/126/126 125/125/125
f 129/129/129 130/130/130 128/128/128
f 129/129/129 128/128/128 127/127/127
f 131/131/131 132/132/132 133/133/133
f 131/131/131 133/133/133 114/114/114
f 134/134/134 135/135/135 136/136/136
f 134/134/134 136/136/136 137/137/137
f 138/138/138 139/139/139 140/140/140
f 138/138/138 140/140/140 141/141/141
f 142/142/142 143/143/143 144/144/144
f 142/142/142 144/144/144 145/145/145
f 146/146/146 147/147/147 148/148/148
f 148/148/148 118/118/118 149/149/149
f 148/148/148 149/149/149 146/146/146
f 48/48/48 47/47/47 104/104/104
f 48/48/48 104/104/104 103/103/103
f 48/48/48 103/103/103 50/50/50
f 20/20/20 142/142/142 145/145/145
f 20/20/20 145/145/145 21/21/21
f 150/150/150 119/119/119 91/91/91
f 150/150/150 91/91/91 151/151/151
f 143/143/143 152/152/152 153/153/153
f 143/143/143 153/153/153 144/144/144
f 154/154/154 155/155/155 156/156/156
f 154/154/154 156/156/156 157/157/157
f 155/155/155 158/158/158 159/159/159
f 155/155/155 159/159/159 156/156/156
f 160/160/160 161/161/161 162/162/162
f 160/160/160 162/162/162 163/163/163
f 161/161/161 164/164/164 165/165/165
f 161/161/161 165/165/165 162/162/162
f 164/164/164 166/166/166 167/167/167
f 164/164/164 167/167/167 165/165/165
f 168/168/168 23/23/23 26/26/26
f 168/168/168 26/26/26 169/169/169
f 166/166/166 170/170/170 171/171/171
f 166/166/166 171/171/171 167/167/167
f 172/172/172 173/173/173 174/174/174
f 172/172/172 174/174/174 175/175/175
f 173/173/173 176/176/176 177/177/177
f 173/173/173 177/177/177 174/174/174
f 176/176/176 178/178/178 179/179/179
f 176/176/176 179/179/179 177/177/177
f 178/178/178 180/180/180 181/181/181
f 178/178/178 181/181/181 179/179/179
f 180/180/180 182/182/182 183/183/183
f 180/180/180 183/183/183 181/181/181
f 182/182/182 184/184/184 185/185/185
f 182/182/182 185/185/185 183/183/183
f 184/184/184 186/186/186 187/187/187
f 184/184/184 187/187/187 185/185/185
f 186/186/186 188/188/188 189/189/189
f 186/186/186 189/189/189 187/187/187
f 188/188/188 190/190/190 191/191/191
f 188/188/188 191/191/191 189/189/189
f 190/190/190 192/192/192 193/193/193
f 190/190/190 193/193/193 191/191/191
f 192/192/192 194/194/194 195/195/195
f 192/192/192 195/195/195 193/193/193
f 194/194/194 172/172/172 175/175/175
f 194/194/194 175/175/175 195/195/195
f 131/131/131 196/196/196 197/197/197
f 131/131/131 197/197/197 132/132/132
f 139/139/139 150/150/150 151/151/151
f 139/139/139 151/151/151 140/140/140
f 198/198/198 199/199/199 200/200/200
f 198/198/198 200/200/200 201/201/201
f 202/202/202 197/197/197 199/199/199
f 202/202/202 199/199/199 198/198/198
f 203/203/203 132/132/132 197/197/197
f 203/203/203 197/197/197 202/202/202
f 204/204/204 133/133/133 132/132/132
f 204/204/204 132/132/132 203/203/203
f 205/205/205 206/206/206 133/133/133
f 205/205/205 133/133/133 204/204/204
f 207/207/207 208/208/208 206/206/206
f 207/207/207 206/206/206 205/205/205
f 209/209/209 210/210/210 208/208/208
f 209/209/209 208/208/208 207/207/207
f 211/211/211 212/212/212 210/210/210
f 211/211/211 210/210/210 209/209/209
f 213/213/213 214/214/214 212/212/212
f 213/213/213 212/212/212 211/211/211
f 215/215/215 216/216/216 214/214/214
f 215/215/215 214/214/214 213/213/213
f 217/217/217 218/218/218 216/216/216
f 217/217/217 216/216/216 215/215/215
f 201/201/201 200/200/200 218/218/218
f 201/201/201 218/218/218 217/217/217
f 219/219/219 220/220/220 221/221/221
f 219/219/219 221/221/221 222/222/222
f 222/222/222 221/221/221 20/20/20
f 222/222/222 20/20/20 19/19/19
f 223/223/223 224/224/224 225/225/225
f 223/223/223 225/225/225 226/226/226
f 226/226/226 225/225/225 24/24/24
f 226/226/226 24/24/24 23/23/23
f 227/227/227 228/228/228 229/229/229
f 227/227/227 229/229/229 230/230/230
f 230/230/230 229/229/229 143/143/143
f 230/230/230 143/143/143 142/142/142
f 220/220/220 227/227/227 230/230/230
f 220/220/220 230/230/230 221/221/221
f 221/221/221 230/230/230 142/142/142
f 221/221/221 142/142/142 20/20/20
f 228/228/228 231/231/231 232/232/232
f 228/228/228 232/232/232 229/229/229
f 229/229/229 232/232/232 152/152/152
f 229/229/229 152/152/152 143/143/143
f 233/233/233 234/234/234 235/235/235
f 233/233/233 235/235/235 236/236/236
f 236/236/236 235/235/235 155/155/155
f 236/236/236 155/155/155 154/154/154
f 234/234/234 237/237/237 238/238/238
f 234/234/234 238/238/238 235/235/235
f 235/235/235 238/238/238 158/158/158
f 235/235/235 158/158/158 155/155/155
f 239/239/239 240/240/240 241/241/241
f 239/239/239 241/241/241 242/242/242
f 242/242/242 241/241/241 161/161/161
f 242/242/242 161/161/161 160/160/160
f 240/240/240 243/243/243 244/244/244
f 240/240/240 244/244/244 241/241/241
f 241/241/241 244/244/244 164/164/164
f 241/241/241 164/164/164 161/161/161
f 243/243/243 245/245/245 246/246/246
f 243/243/243 246/246/246 244/244/244
f 244/244/244 246/246/246 166/166/166
f 244/244/244 166/166/166 164/164/164
f 247/247/247 223/223/223 226/226/226
f 247/247/247 226/226/226 248/248/248
f 248/248/248 226/226/226 23/23/23
f 248/248/248 23/23/23 168/168/168
f 245/245/245 249/249/249 250/250/250
f 245/245/245 250/250/250 246/246/246
f 246/246/246 250/250/250 170/170/170
f 246/246/246 170/170/170 166/166/166
f 251/251/251 252/252/252 173/173/173
f 251/251/251 173/173/173 172/172/172
f 252/252/252 253/253/253 176/176/176
f 252/252/252 176/176/176 173/173/173
f 253/253/253 254/254/254 178/178/178
f 253/253/253 178/178/178 176/176/176
f 254/254/254 255/255/255 180/180/180
f 254/254/254 180/180/180 178/178/178
f 255/255/255 256/256/256 182/182/182
f 255/255/255 182/182/182 180/180/180
f 256/256/256 257/257/257 184/184/184
f 256/256/256 184/184/184 182/182/182
f 257/257/257 258/258/258 186/186/186
f 257/257/257 186/186/186 184/184/184
f 258/258/258 259/259/259 188/188/188
f 258/258/258 188/188/188 186/186/186
f 259/259/259 260/260/260 190/190/190
f 259/259/259 190/190/190 188/188/188
f 260/260/260 261/261/261 192/192/192
f 260/260/260 192/192/192 190/190/190
f 261/261/261 262/262/262 194/194/194
f 261/261/261 194/194/194 192/192/192
f 262/262/262 251/251/251 172/172/172
f 262/262/262 172/172/172 194/194/194
f 263/263/263 264/264/264 252/252/252
f 263/263/263 252/252/252 251/251/251
f 264/264/264 265/265/265 253/253/253
f 264/264/264 253/253/253 252/252/252
f 265/265/265 266/266/266 254/254/254
f 265/265/265 254/254/254 253/253/253
f 266/266/266 267/267/267 255/255/255
f 266/266/266 255/255/255 254/254/254
f 267/267/267 268/268/268 256/256/256
f 267/267/267 256/256/256 255/255/255
f 268/268/268 269/269/269 257/257/257
f 268/268/268 257/257/257 256/256/256
f 269/269/269 270/270/270 258/258/258
f 269/269/269 258/258/258 257/257/257
f 270/270/270 271/271/271 259/259/259
f 270/270/270 259/259/259 258/258/258
f 271/271/271 272/272/272 260/260/260
f 271/271/271 260/260/260 259/259/259
f 272/272/272 273/273/273 261/261/261
f 272/272/272 261/261/261 260/260/260
f 273/273/273 274/274/274 262/262/262
f 273/273/273 262/262/262 261/261/261
f 274/274/274 263/263/263 251/251/251
f 274/274/274 251/251/251 262/262/262
f 275/275/275 276/276/276 277/277/277
f 275/275/275 277/277/277 278/278/278
f 279/279/279 275/275/275 278/278/278
f 279/279/279 278/278/278 280/280/280
f 281/281/281 279/279/279 280/280/280
f 281/281/281 280/280/280 282/282/282
f 283/283/283 284/284/284 285/285/285
f 283/283/283 285/285/285 286/286/286
f 287/287/287 288/288/288 289/289/289
f 287/287/287 289/289/289 290/290/290
f 291/291/291 292/292/292 277/277/277
f 291/291/291 277/277/277 293/293/293
f 292/292/292 294/294/294 278/278/278
f 292/292/292 278/278/278 277/277/277
f 294/294/294 295/295/295 280/280/280
f 294/294/294 280/280/280 278/278/278
f 295/295/295 296/296/296 282/282/282
f 295/295/295 282/282/282 280/280/280
f 297/297/297 298/298/298 286/286/286
f 297/297/297 286/286/286 285/285/285
f 298/298/298 299/299/299 300/300/300
f 298/298/298 300/300/300 286/286/286
f 301/301/301 302/302/302 303/303/303
f 301/301/301 303/303/303 304/304/304
f 302/302/302 305/305/305 306/306/306
f 302/302/302 306/306/306 303/303/303
f 305/305/305 307/307/307 308/308/308
f 305/305/305 308/308/308 306/306/306
f 309/309/309 287/287/287 290/290/290
f 309/309/309 290/290/290 310/310/310
f 307/307/307 311/311/311 312/312/312
f 307/307/307 312/312/312 308/308/308
f 313/313/313 314/314/314 290/290/290
f 313/313/313 290/290/290 289/289/289
f 315/315/315 316/316/316 118/118/118
f 118/118/118 148/148/148 317/317/317
f 118/118/118 317/317/317 315/315/315
f 151/151/151 91/91/91 94/94/94
f 151/151/151 94/94/94 318/318/318
f 118/118/118 117/117/117 319/319/319
f 118/118/118 319/319/319 149/149/149
f 140/140/140 151/151/151 318/318/318
f 140/140/140 318/318/318 320/320/320
f 321/321/321 283/283/283 286/286/286
f 321/321/321 286/286/286 300/300/300
f 322/322/322 323/323/323 324/324/324
f 322/322/322 324/324/324 325/325/325
f 326/326/326 327/327/327 328/328/328
f 326/326/326 328/328/328 329/329/329
f 329/329/329 328/328/328 330/330/330
f 329/329/329 330/330/330 331/331/331
f 331/331/331 330/330/330 332/332/332
f 331/331/331 332/332/332 333/333/333
f 333/333/333 332/332/332 334/334/334
f 333/333/333 334/334/334 335/335/335
f 336/336/336 337/337/337 338/338/338
f 336/336/336 338/338/338 339/339/339
f 340/340/340 341/341/341 342/342/342
f 340/340/340 342/342/342 343/343/343
f 344/344/344 340/340/340 343/343/343
f 344/344/344 343/343/343 345/345/345
f 346/346/346 344/344/344 345/345/345
f 346/346/346 345/345/345 347/347/347
f 348/348/348 346/346/346 347/347/347
f 348/348/348 347/347/347 349/349/349
f 350/350/350 348/348/348 349/349/349
f 350/350/350 349/349/349 351/351/351
f 352/352/352 350/350/350 351/351/351
f 352/352/352 351/351/351 353/353/353
f 354/354/354 355/355/355 356/356/356
f 354/354/354 356/356/356 357/357/357
f 358/358/358 331/331/331 333/333/333
f 358/358/358 333/333/333 355/355/355
f 359/359/359 358/358/358 355/355/355
f 359/359/359 355/355/355 354/354/354
f 360/360/360 329/329/329 331/331/331
f 360/360/360 331/331/331 358/358/358
f 361/361/361 360/360/360 358/358/358
f 361/361/361 358/358/358 359/359/359
f 362/362/362 326/326/326 329/329/329
f 362/362/362 329/329/329 360/360/360
f 363/363/363 362/362/362 360/360/360
f 363/363/363 360/360/360 361/361/361
f 364/364/364 322/322/322 325/325/325
f 364/364/364 325/325/325 365/365/365
f 366/366/366 364/364/364 365/365/365
f 366/366/366 365/365/365 367/367/367
f 368/368/368 369/369/369 370/370/370
f 368/368/368 370/370/370 371/371/371
f 355/355/355 333/333/333 335/335/335
f 355/355/355 335/335/335 356/356/356
f 372/372/372 373/373/373 374/374/374
f 372/372/372 374/374/374 375/375/375
f 373/373/373 336/336/336 339/339/339
f 373/373/373 339/339/339 374/374/374
f 376/376/376 377/377/377 378/378/378
f 376/376/376 378/378/378 379/379/379
f 380/380/380 381/381/381 382/382/382
f 380/380/380 382/382/382 383/383/383
f 384/384/384 385/385/385 386/386/386
f 384/384/384 386/386/386 387/387/387
f 388/388/388 389/389/389 390/390/390
f 388/388/388 390/390/390 391/391/391
f 392/392/392 393/393/393 394/394/394
f 392/392/392 394/394/394 395/395/395
f 389/389/389 396/396/396 397/397/397
f 389/389/389 397/397/397 390/390/390
f 396/396/396 398/398/398 399/399/399
f 396/396/396 399/399/399 397/397/397
f 398/398/398 400/400/400 401/401/401
f 398/398/398 401/401/401 399/399/399
f 402/402/402 403/403/403 377/377/377
f 402/402/402 377/377/377 376/376/376
f 404/404/404 405/405/405 406/406/406
f 404/404/404 406/406/406 407/407/407
f 408/408/408 409/409/409 410/410/410
f 408/408/408 410/410/410 411/411/411
f 412/412/412 413/413/413 414/414/414
f 412/412/412 414/414/414 415/415/415
f 416/416/416 417/417/417 418/418/418
f 416/416/416 418/418/418 405/405/405
f 419/419/419 420/420/420 393/393/393
f 419/419/419 393/393/393 392/392/392
f 421/421/421 416/416/416 405/405/405
f 421/421/421 405/405/405 404/404/404
f 422/422/422 376/376/376 379/379/379
f 422/422/422 379/379/379 423/423/423
f 424/424/424 425/425/425 426/426/426
f 424/424/424 426/426/426 427/427/427
f 428/428/428 402/402/402 376/376/376
f 428/428/428 376/376/376 422/422/422
f 429/429/429 430/430/430 431/431/431
f 429/429/429 431/431/431 432/432/432
f 351/351/351 405/405/405 418/418/418
f 351/351/351 418/418/418 353/353/353
f 347/347/347 406/406/406 405/405/405
f 347/347/347 405/405/405 349/349/349
f 349/349/349 405/405/405 351/351/351
f 433/433/433 419/419/419 392/392/392
f 433/433/433 392/392/392 434/434/434
f 425/425/425 422/422/422 423/423/423
f 425/425/425 423/423/423 426/426/426
f 430/430/430 433/433/433 434/434/434
f 430/430/430 434/434/434 431/431/431
f 435/435/435 436/436/436 437/437/437
f 435/435/435 437/437/437 438/438/438
f 438/438/438 437/437/437 439/439/439
f 438/438/438 439/439/439 440/440/440
f 440/440/440 439/439/439 441/441/441
f 440/440/440 441/441/441 442/442/442
f 443/443/443 444/444/444 445/445/445
f 443/443/443 445/445/445 446/446/446
f 442/442/442 441/441/441 447/447/447
f 442/442/442 447/447/447 448/448/448
f 448/448/448 447/447/447 449/449/449
f 448/448/448 449/449/449 450/450/450
f 451/451/451 452/452/452 453/453/453
f 451/451/451 453/453/453 454/454/454
f 450/450/450 449/449/449 455/455/455
f 450/450/450 455/455/455 456/456/456
f 141/141/141 140/140/140 320/320/320
f 141/141/141 320/320/320 457/457/457
f 444/444/444 443/443/443 452/452/452
f 452/452/452 415/415/415 458/458/458
f 452/452/452 458/458/458 444/444/444
f 459/459/459 428/428/428 422/422/422
f 459/459/459 422/422/422 425/425/425
f 460/460/460 461/461/461 462/462/462
f 460/460/460 462/462/462 316/316/316
f 463/463/463 464/464/464 124/124/124
f 463/463/463 124/124/124 123/123/123
f 465/465/465 466/466/466 196/196/196
f 465/465/465 196/196/196 467/467/467
f 56/56/56 464/464/464 468/468/468
f 56/56/56 468/468/468 58/58/58
f 52/52/52 124/124/124 464/464/464
f 52/52/52 464/464/464 54/54/54
f 54/54/54 464/464/464 56/56/56
f 469/469/469 315/315/315 470/470/470
f 469/469/469 470/470/470 471/471/471
f 395/395/395 394/394/394 112/112/112
f 395/395/395 112/112/112 111/111/111
f 472/472/472 461/461/461 460/460/460
f 472/472/472 460/460/460 458/458/458
f 407/407/407 406/406/406 464/464/464
f 407/407/407 464/464/464 463/463/463
f 347/347/347 345/345/345 464/464/464
f 347/347/347 464/464/464 406/406/406
f 473/473/473 474/474/474 466/466/466
f 473/473/473 466/466/466 465/465/465
f 343/343/343 342/342/342 468/468/468
f 343/343/343 468/468/468 464/464/464
f 343/343/343 464/464/464 345/345/345
f 444/444/444 469/469/469 471/471/471
f 444/444/444 471/471/471 445/445/445
f 475/475/475 476/476/476 477/477/477
f 475/475/475 477/477/477 478/478/478
f 479/479/479 480/480/480 481/481/481
f 479/479/479 481/481/481 482/482/482
f 483/483/483 479/479/479 482/482/482
f 483/483/483 482/482/482 484/484/484
f 485/485/485 483/483/483 484/484/484
f 485/485/485 484/484/484 486/486/486
f 487/487/487 485/485/485 486/486/486
f 487/487/487 486/486/486 488/488/488
f 489/489/489 490/490/490 491/491/491
f 489/489/489 491/491/491 492/492/492
f 493/493/493 494/494/494 495/495/495
f 493/493/493 495/495/495 496/496/496
f 497/497/497 493/493/493 496/496/496
f 497/497/497 496/496/496 498/498/498
f 499/499/499 497/497/497 498/498/498
f 499/499/499 498/498/498 500/500/500
f 501/501/501 499/499/499 500/500/500
f 501/501/501 500/500/500 502/502/502
f 503/503/503 501/501/501 502/502/502
f 503/503/503 502/502/502 504/504/504
f 505/505/505 503/503/503 504/504/504
f 505/505/505 504/504/504 506/506/506
f 504/504/504 507/507/507 506/506/506
f 502/502/502 507/507/507 504/504/504
f 500/500/500 507/507/507 502/502/502
f 498/498/498 507/507/507 500/500/500
f 496/496/496 507/507/507 498/498/498
f 495/495/495 507/507/507 496/496/496
f 508/508/508 509/509/509 510/510/510
f 508/508/508 510/510/510 511/511/511
f 511/511/511 510/510/510 476/476/476
f 511/511/511 476/476/476 475/475/475
f 512/512/512 513/513/513 514/514/514
f 512/512/512 514/514/514 515/515/515
f 515/515/515 514/514/514 480/480/480
f 515/515/515 480/480/480 479/479/479
f 516/516/516 512/512/512 515/515/515
f 516/516/516 515/515/515 517/517/517
f 517/517/517 515/515/515 479/479/479
f 517/517/517 479/479/479 483/483/483
f 518/518/518 516/516/516 517/517/517
f 518/518/518 517/517/517 519/519/519
f 519/519/519 517/517/517 483/483/483
f 519/519/519 483/483/483 485/485/485
f 520/520/520 518/518/518 519/519/519
f 520/520/520 519/519/519 521/521/521
f 521/521/521 519/519/519 485/485/485
f 521/521/521 485/485/485 487/487/487
f 522/522/522 523/523/523 524/524/524
f 522/522/522 524/524/524 525/525/525
f 525/525/525 524/524/524 490/490/490
f 525/525/525 490/490/490 489/489/489
f 75/75/75 95/95/95 98/98/98
f 75/75/75 98/98/98 76/76/76
f 78/78/78 99/99/99 95/95/95
f 78/78/78 95/95/95 75/75/75
f 80/80/80 101/101/101 99/99/99
f 80/80/80 99/99/99 78/78/78
f 82/82/82 125/125/125 101/101/101
f 82/82/82 101/101/101 80/80/80
f 84/84/84 127/127/127 125/125/125
f 84/84/84 125/125/125 82/82/82
f 86/86/86 129/129/129 127/127/127
f 86/86/86 127/127/127 84/84/84
f 526/526/526 380/380/380 383/383/383
f 526/526/526 383/383/383 527/527/527
f 528/528/528 526/526/526 527/527/527
f 528/528/528 527/527/527 529/529/529
f 530/530/530 528/528/528 529/529/529
f 530/530/530 529/529/529 531/531/531
f 532/532/532 530/530/530 531/531/531
f 532/532/532 531/531/531 533/533/533
f 534/534/534 532/532/532 533/533/533
f 534/534/534 533/533/533 535/535/535
f 533/533/533 536/536/536 535/535/535
f 531/531/531 536/536/536 533/533/533
f 529/529/529 536/536/536 531/531/531
f 527/527/527 536/536/536 529/529/529
f 383/383/383 536/536/536 527/527/527
f 382/382/382 536/536/536 383/383/383
f 537/537/537 538/538/538 539/539/539
f 537/537/537 539/539/539 540/540/540
f 540/540/540 539/539/539 409/409/409
f 540/540/540 409/409/409 408/408/408
f 541/541/541 542/542/542 543/543/543
f 541/541/541 543/543/543 544/544/544
f 544/544/544 543/543/543 400/400/400
f 544/544/544 400/400/400 398/398/398
f 545/545/545 541/541/541 544/544/544
f 545/545/545 544/544/544 546/546/546
f 546/546/546 544/544/544 398/398/398
f 546/546/546 398/398/398 396/396/396
f 547/547/547 545/545/545 546/546/546
f 547/547/547 546/546/546 548/548/548
f 548/548/548 546/546/546 396/396/396
f 548/548/548 396/396/396 389/389/389
f 549/549/549 547/547/547 548/548/548
f 549/549/549 548/548/548 550/550/550
f 550/550/550 548/548/548 389/389/389
f 550/550/550 389/389/389 388/388/388
f 551/551/551 552/552/552 553/553/553
f 551/551/551 553/553/553 554/554/554
f 554/554/554 553/553/553 385/385/385
f 554/554/554 385/385/385 384/384/384
f 555/555/555 450/450/450 456/456/456
f 555/555/555 456/456/456 556/556/556
f 557/557/557 438/438/438 440/440/440
f 557/557/557 440/440/440 558/558/558
f 559/559/559 435/435/435 438/438/438
f 559/559/559 438/438/438 557/557/557
f 560/560/560 561/561/561 555/555/555
f 560/560/560 555/555/555 556/556/556
f 561/561/561 368/368/368 371/371/371
f 561/561/561 371/371/371 555/555/555
f 369/369/369 562/562/562 558/558/558
f 369/369/369 558/558/558 370/370/370
f 562/562/562 563/563/563 557/557/557
f 562/562/562 557/557/557 558/558/558
f 563/563/563 564/564/564 559/559/559
f 563/563/563 559/559/559 557/557/557
f 371/371/371 448/448/448 450/450/450
f 371/371/371 450/450/450 555/555/555
f 370/370/370 442/442/442 448/448/448
f 370/370/370 448/448/448 371/371/371
f 558/558/558 440/440/440 442/442/442
f 558/558/558 442/442/442 370/370/370
f 276/276/276 565/565/565 293/293/293
f 276/276/276 293/293/293 277/277/277
f 566/566/566 567/567/567 568/568/568
f 566/566/566 568/568/568 569/569/569
f 570/570/570 571/571/571 572/572/572
f 570/570/570 572/572/572 573/573/573
f 147/147/147 146/146/146 574/574/574
f 147/147/147 574/574/574 575/575/575
f 317/317/317 148/148/148 576/576/576
f 317/317/317 576/576/576 577/577/577
f 578/578/578 579/579/579 580/580/580
f 578/578/578 580/580/580 581/581/581
f 582/582/582 583/583/583 584/584/584
f 582/582/582 584/584/584 585/585/585
f 586/586/586 587/587/587 588/588/588
f 586/586/586 588/588/588 589/589/589
f 590/590/590 591/591/591 592/592/592
f 590/590/590 592/592/592 593/593/593
f 594/594/594 595/595/595 596/596/596
f 594/594/594 596/596/596 597/597/597
f 598/598/598 599/599/599 600/600/600
f 598/598/598 600/600/600 601/601/601
f 602/602/602 603/603/603 604/604/604
f 602/602/602 604/604/604 605/605/605
f 606/606/606 607/607/607 608/608/608
f 606/606/606 608/608/608 609/609/609
f 610/610/610 611/611/611 612/612/612
f 610/610/610 612/612/612 613/613/613
f 614/614/614 615/615/615 616/616/616
f 614/614/614 616/616/616 617/617/617
f 607/607/607 614/614/614 617/617/617
f 607/607/607 617/617/617 608/608/608
f 618/618/618 619/619/619 620/620/620
f 618/618/618 620/620/620 621/621/621
f 622/622/622 623/623/623 624/624/624
f 622/622/622 624/624/624 625/625/625
f 626/626/626 627/627/627 628/628/628
f 626/626/626 628/628/628 629/629/629
f 630/630/630 631/631/631 627/627/627
f 630/630/630 627/627/627 626/626/626
f 632/632/632 633/633/633 631/631/631
f 632/632/632 631/631/631 630/630/630
f 634/634/634 635/635/635 636/636/636
f 634/634/634 636/636/636 637/637/637
f 638/638/638 639/639/639 635/635/635
f 638/638/638 635/635/635 634/634/634
f 629/629/629 628/628/628 639/639/639
f 629/629/629 639/639/639 638/638/638
f 621/621/621 620/620/620 599/599/599
f 621/621/621 599/599/599 598/598/598
f 625/625/625 624/624/624 603/603/603
f 625/625/625 603/603/603 602/602/602
f 609/609/609 608/608/608 567/567/567
f 609/609/609 567/567/567 566/566/566
f 613/613/613 612/612/612 571/571/571
f 613/613/613 571/571/571 570/570/570
f 617/617/617 616/616/616 639/639/639
f 617/617/617 639/639/639 628/628/628
f 635/635/635 616/616/616 640/640/640
f 635/635/635 640/640/640 636/636/636
f 639/639/639 616/616/616 635/635/635
f 608/608/608 617/617/617 628/628/628
f 608/608/608 628/628/628 627/627/627
f 631/631/631 633/633/633 567/567/567
f 631/631/631 567/567/567 608/608/608
f 627/627/627 631/631/631 608/608/608
f 641/641/641 642/642/642 643/643/643
f 641/641/641 643/643/643 644/644/644
f 645/645/645 646/646/646 647/647/647
f 645/645/645 647/647/647 648/648/648
f 649/649/649 650/650/650 595/595/595
f 649/649/649 595/595/595 594/594/594
f 589/589/589 588/588/588 651/651/651
f 589/589/589 651/651/651 652/652/652
f 653/653/653 654/654/654 642/642/642
f 653/653/653 642/642/642 641/641/641
f 597/597/597 655/655/655 656/656/656
f 597/597/597 656/656/656 657/657/657
f 585/585/585 645/645/645 648/648/648
f 585/585/585 648/648/648 658/658/658
f 659/659/659 660/660/660 591/591/591
f 659/659/659 591/591/591 590/590/590
f 586/586/586 661/661/661 662/662/662
f 586/586/586 662/662/662 663/663/663
f 637/637/637 636/636/636 664/664/664
f 637/637/637 664/664/664 665/665/665
f 666/666/666 664/664/664 636/636/636
f 666/666/666 636/636/636 640/640/640
f 632/632/632 667/667/667 668/668/668
f 632/632/632 668/668/668 633/633/633
f 568/568/568 567/567/567 633/633/633
f 568/568/568 633/633/633 668/668/668
f 669/669/669 412/412/412 415/415/415
f 669/669/669 415/415/415 670/670/670
f 460/460/460 316/316/316 315/315/315
f 460/460/460 315/315/315 469/469/469
f 458/458/458 460/460/460 469/469/469
f 458/458/458 469/469/469 444/444/444
f 671/671/671 451/451/451 454/454/454
f 671/671/671 454/454/454 672/672/672
f 673/673/673 570/570/570 573/573/573
f 673/673/673 573/573/573 674/674/674
f 148/148/148 147/147/147 575/575/575
f 148/148/148 575/575/575 576/576/576
f 675/675/675 676/676/676 579/579/579
f 675/675/675 579/579/579 578/578/578
f 677/677/677 582/582/582 585/585/585
f 677/677/677 585/585/585 658/658/658
f 661/661/661 586/586/586 589/589/589
f 661/661/661 589/589/589 678/678/678
f 679/679/679 590/590/590 593/593/593
f 679/679/679 593/593/593 680/680/680
f 681/681/681 594/594/594 597/597/597
f 681/681/681 597/597/597 657/657/657
f 682/682/682 598/598/598 601/601/601
f 682/682/682 601/601/601 683/683/683
f 684/684/684 610/610/610 613/613/613
f 684/684/684 613/613/613 685/685/685
f 686/686/686 618/618/618 621/621/621
f 686/686/686 621/621/621 687/687/687
f 687/687/687 621/621/621 598/598/598
f 687/687/687 598/598/598 682/682/682
f 685/685/685 613/613/613 570/570/570
f 685/685/685 570/570/570 673/673/673
f 688/688/688 641/641/641 644/644/644
f 688/688/688 644/644/644 689/689/689
f 690/690/690 691/691/691 646/646/646
f 690/690/690 646/646/646 645/645/645
f 692/692/692 649/649/649 594/594/594
f 692/692/692 594/594/594 681/681/681
f 678/678/678 589/589/589 652/652/652
f 678/678/678 652/652/652 693/693/693
f 694/694/694 653/653/653 641/641/641
f 694/694/694 641/641/641 688/688/688
f 596/596/596 695/695/695 655/655/655
f 596/596/596 655/655/655 597/597/597
f 584/584/584 690/690/690 645/645/645
f 584/584/584 645/645/645 585/585/585
f 696/696/696 659/659/659 590/590/590
f 696/696/696 590/590/590 679/679/679
f 587/587/587 586/586/586 663/663/663
f 587/587/587 663/663/663 697/697/697
f 698/698/698 459/459/459 425/425/425
f 698/698/698 425/425/425 424/424/424
f 415/415/415 414/414/414 472/472/472
f 415/415/415 472/472/472 458/458/458
f 452/452/452 443/443/443 446/446/446
f 452/452/452 446/446/446 453/453/453
f 699/699/699 566/566/566 569/569/569
f 699/699/699 569/569/569 700/700/700
f 701/701/701 702/702/702 583/583/583
f 701/701/701 583/583/583 582/582/582
f 703/703/703 606/606/606 609/609/609
f 703/703/703 609/609/609 704/704/704
f 704/704/704 609/609/609 566/566/566
f 704/704/704 566/566/566 699/699/699
f 432/432/432 431/431/431 474/474/474
f 432/432/432 474/474/474 473/473/473
f 705/705/705 701/701/701 582/582/582
f 705/705/705 582/582/582 677/677/677
f 462/462/462 115/115/115 118/118/118
f 462/462/462 118/118/118 316/316/316
f 315/315/315 317/317/317 577/577/577
f 315/315/315 577/577/577 470/470/470
f 593/593/593 578/578/578 581/581/581
f 593/593/593 581/581/581 680/680/680
f 640/640/640 602/602/602 605/605/605
f 640/640/640 605/605/605 666/666/666
f 615/615/615 622/622/622 625/625/625
f 615/615/615 625/625/625 616/616/616
f 616/616/616 625/625/625 602/602/602
f 616/616/616 602/602/602 640/640/640
f 467/467/467 196/196/196 135/135/135
f 467/467/467 135/135/135 134/134/134
f 592/592/592 675/675/675 578/578/578
f 592/592/592 578/578/578 593/593/593
f 706/706/706 707/707/707 708/708/708
f 706/706/706 708/708/708 709/709/709
f 710/710/710 706/706/706 709/709/709
f 710/710/710 709/709/709 711/711/711
f 712/712/712 710/710/710 711/711/711
f 712/712/712 711/711/711 713/713/713
f 714/714/714 712/712/712 713/713/713
f 714/714/714 713/713/713 715/715/715
f 716/716/716 714/714/714 715/715/715
f 716/716/716 715/715/715 717/717/717
f 718/718/718 716/716/716 717/717/717
f 718/718/718 717/717/717 719/719/719
f 720/720/720 1/1/1 4/4/4
f 720/720/720 4/4/4 721/721/721
f 722/722/722 5/5/5 8/8/8
f 722/722/722 8/8/8 723/723/723
f 723/723/723 8/8/8 10/10/10
f 723/723/723 10/10/10 724/724/724
f 724/724/724 10/10/10 12/12/12
f 724/724/724 12/12/12 725/725/725
f 725/725/725 12/12/12 14/14/14
f 725/725/725 14/14/14 726/726/726
f 727/727/727 15/15/15 18/18/18
f 727/727/727 18/18/18 728/728/728
f 709/709/709 708/708/708 729/729/729
f 711/711/711 709/709/709 729/729/729
f 713/713/713 711/711/711 729/729/729
f 715/715/715 713/713/713 729/729/729
f 717/717/717 715/715/715 729/729/729
f 719/719/719 717/717/717 729/729/729
f 730/730/730 731/731/731 607/607/607
f 730/730/730 607/607/607 606/606/606
f 732/732/732 733/733/733 611/611/611
f 732/732/732 611/611/611 610/610/610
f 304/304/304 303/303/303 734/734/734
f 304/304/304 734/734/734 735/735/735
f 303/303/303 306/306/306 736/736/736
f 303/303/303 736/736/736 734/734/734
f 737/737/737 738/738/738 615/615/615
f 737/737/737 615/615/615 614/614/614
f 731/731/731 737/737/737 614/614/614
f 731/731/731 614/614/614 607/607/607
f 739/739/739 740/740/740 619/619/619
f 739/739/739 619/619/619 618/618/618
f 741/741/741 742/742/742 623/623/623
f 741/741/741 623/623/623 622/622/622
f 306/306/306 308/308/308 743/743/743
f 306/306/306 743/743/743 736/736/736
f 308/308/308 312/312/312 744/744/744
f 308/308/308 744/744/744 743/743/743
f 310/310/310 290/290/290 314/314/314
f 310/310/310 314/314/314 745/745/745
f 746/746/746 732/732/732 610/610/610
f 746/746/746 610/610/610 684/684/684
f 747/747/747 739/739/739 618/618/618
f 747/747/747 618/618/618 686/686/686
f 748/748/748 730/730/730 606/606/606
f 748/748/748 606/606/606 703/703/703
f 738/738/738 741/741/741 622/622/622
f 738/738/738 622/622/622 615/615/615
f 671/671/671 670/670/670 415/415/415
f 415/415/415 452/452/452 451/451/451
f 415/415/415 451/451/451 671/671/671
f 466/466/466 200/200/200 199/199/199
f 466/466/466 199/199/199 196/196/196
f 199/199/199 197/197/197 196/196/196
f 200/200/200 466/466/466 474/474/474
f 200/200/200 474/474/474 218/218/218
f 216/216/216 218/218/218 474/474/474
f 208/208/208 210/210/210 395/395/395
f 208/208/208 395/395/395 111/111/111
f 114/114/114 206/206/206 208/208/208
f 114/114/114 208/208/208 111/111/111
f 210/210/210 212/212/212 395/395/395
f 206/206/206 114/114/114 133/133/133
f 749/749/749 131/131/131 114/114/114
f 749/749/749 114/114/114 107/107/107
f 750/750/750 751/751/751 392/392/392
f 750/750/750 392/392/392 395/395/395
f 474/474/474 431/431/431 751/751/751
f 474/474/474 751/751/751 750/750/750
f 135/135/135 196/196/196 131/131/131
f 135/135/135 131/131/131 749/749/749
f 749/749/749 107/107/107 110/110/110
f 749/749/749 110/110/110 752/752/752
f 135/135/135 749/749/749 752/752/752
f 135/135/135 752/752/752 136/136/136
f 750/750/750 214/214/214 216/216/216
f 750/750/750 216/216/216 474/474/474
f 750/750/750 395/395/395 212/212/212
f 750/750/750 212/212/212 214/214/214
f 1/1/1 753/753/753 754/754/754
f 1/1/1 754/754/754 2/2/2
f 755/755/755 756/756/756 757/757/757
f 755/755/755 757/757/757 758/758/758
f 756/756/756 759/759/759 760/760/760
f 756/756/756 760/760/760 757/757/757
f 759/759/759 761/761/761 762/762/762
f 759/759/759 762/762/762 760/760/760
f 761/761/761 763/763/763 764/764/764
f 761/761/761 764/764/764 762/762/762
f 765/765/765 18/18/18 17/17/17
f 765/765/765 17/17/17 766/766/766
f 767/767/767 768/768/768 769/769/769
f 767/767/767 769/769/769 770/770/770
f 771/771/771 772/772/772 773/773/773
f 771/771/771 773/773/773 774/774/774
f 27/27/27 775/775/775 776/776/776
f 27/27/27 776/776/776 28/28/28
f 777/777/777 778/778/778 779/779/779
f 777/777/777 779/779/779 780/780/780
f 778/778/778 781/781/781 782/782/782
f 778/778/778 782/782/782 779/779/779
f 781/781/781 783/783/783 784/784/784
f 781/781/781 784/784/784 782/782/782
f 783/783/783 785/785/785 786/786/786
f 783/783/783 786/786/786 784/784/784
f 787/787/787 44/44/44 43/43/43
f 787/787/787 43/43/43 788/788/788
f 789/789/789 790/790/790 47/47/47
f 789/789/789 47/47/47 46/46/46
f 791/791/791 792/792/792 790/790/790
f 791/791/791 790/790/790 789/789/789
f 793/793/793 794/794/794 792/792/792
f 793/793/793 792/792/792 791/791/791
f 795/795/795 796/796/796 794/794/794
f 795/795/795 794/794/794 793/793/793
f 797/797/797 798/798/798 796/796/796
f 797/797/797 796/796/796 795/795/795
f 57/57/57 58/58/58 798/798/798
f 57/57/57 798/798/798 797/797/797
f 799/799/799 800/800/800 801/801/801
f 799/799/799 801/801/801 802/802/802
f 803/803/803 802/802/802 783/783/783
f 803/803/803 783/783/783 781/781/781
f 804/804/804 799/799/799 802/802/802
f 804/804/804 802/802/802 803/803/803
f 805/805/805 803/803/803 781/781/781
f 805/805/805 781/781/781 778/778/778
f 806/806/806 804/804/804 803/803/803
f 806/806/806 803/803/803 805/805/805
f 807/807/807 805/805/805 778/778/778
f 807/807/807 778/778/778 777/777/777
f 808/808/808 806/806/806 805/805/805
f 808/808/808 805/805/805 807/807/807
f 69/69/69 809/809/809 775/775/775
f 69/69/69 775/775/775 27/27/27
f 71/71/71 810/810/810 809/809/809
f 71/71/71 809/809/809 69/69/69
f 73/73/73 76/76/76 811/811/811
f 73/73/73 811/811/811 812/812/812
f 812/812/812 811/811/811 813/813/813
f 812/812/812 813/813/813 814/814/814
f 814/814/814 813/813/813 815/815/815
f 814/814/814 815/815/815 816/816/816
f 816/816/816 815/815/815 817/817/817
f 816/816/816 817/817/817 818/818/818
f 818/818/818 817/817/817 819/819/819
f 818/818/818 819/819/819 820/820/820
f 820/820/820 819/819/819 86/86/86
f 820/820/820 86/86/86 85/85/85
f 802/802/802 801/801/801 785/785/785
f 802/802/802 785/785/785 783/783/783
f 821/821/821 90/90/90 89/89/89
f 821/821/821 89/89/89 822/822/822
f 822/822/822 89/89/89 44/44/44
f 822/822/822 44/44/44 787/787/787
f 823/823/823 94/94/94 93/93/93
f 823/823/823 93/93/93 824/824/824
f 825/825/825 98/98/98 97/97/97
f 825/825/825 97/97/97 826/826/826
f 827/827/827 825/825/825 826/826/826
f 827/827/827 826/826/826 828/828/828
f 829/829/829 827/827/827 828/828/828
f 829/829/829 828/828/828 830/830/830
f 831/831/831 832/832/832 105/105/105
f 831/831/831 105/105/105 104/104/104
f 833/833/833 834/834/834 835/835/835
f 833/833/833 835/835/835 836/836/836
f 837/837/837 838/838/838 839/839/839
f 837/837/837 839/839/839 840/840/840
f 841/841/841 842/842/842 843/843/843
f 841/841/841 843/843/843 844/844/844
f 845/845/845 823/823/823 824/824/824
f 845/845/845 824/824/824 846/846/846
f 847/847/847 848/848/848 832/832/832
f 847/847/847 832/832/832 831/831/831
f 838/838/838 833/833/833 836/836/836
f 838/838/838 836/836/836 839/839/839
f 849/849/849 847/847/847 831/831/831
f 849/849/849 831/831/831 850/850/850
f 851/851/851 829/829/829 830/830/830
f 851/851/851 830/830/830 852/852/852
f 794/794/794 850/850/850 831/831/831
f 794/794/794 831/831/831 792/792/792
f 853/853/853 851/851/851 852/852/852
f 853/853/853 852/852/852 854/854/854
f 129/129/129 853/853/853 854/854/854
f 129/129/129 854/854/854 130/130/130
f 855/855/855 838/838/838 856/856/856
f 855/855/855 856/856/856 857/857/857
f 858/858/858 859/859/859 860/860/860
f 858/858/858 860/860/860 861/861/861
f 862/862/862 863/863/863 864/864/864
f 862/862/862 864/864/864 865/865/865
f 866/866/866 867/867/867 868/868/868
f 866/866/866 868/868/868 869/869/869
f 870/870/870 871/871/871 146/146/146
f 146/146/146 149/149/149 842/842/842
f 146/146/146 842/842/842 870/870/870
f 790/790/790 831/831/831 104/104/104
f 790/790/790 104/104/104 47/47/47
f 790/790/790 792/792/792 831/831/831
f 770/770/770 769/769/769 867/867/867
f 770/770/770 867/867/867 866/866/866
f 872/872/872 873/873/873 823/823/823
f 872/872/872 823/823/823 845/845/845
f 869/869/869 868/868/868 874/874/874
f 869/869/869 874/874/874 875/875/875
f 876/876/876 877/877/877 878/878/878
f 876/876/876 878/878/878 879/879/879
f 879/879/879 878/878/878 880/880/880
f 879/879/879 880/880/880 881/881/881
f 882/882/882 883/883/883 884/884/884
f 882/882/882 884/884/884 885/885/885
f 885/885/885 884/884/884 886/886/886
f 885/885/885 886/886/886 887/887/887
f 887/887/887 886/886/886 888/888/888
f 887/887/887 888/888/888 889/889/889
f 890/890/890 891/891/891 772/772/772
f 890/890/890 772/772/772 771/771/771
f 889/889/889 888/888/888 892/892/892
f 889/889/889 892/892/892 893/893/893
f 894/894/894 895/895/895 896/896/896
f 894/894/894 896/896/896 897/897/897
f 897/897/897 896/896/896 898/898/898
f 897/897/897 898/898/898 899/899/899
f 899/899/899 898/898/898 900/900/900
f 899/899/899 900/900/900 901/901/901
f 901/901/901 900/900/900 902/902/902
f 901/901/901 902/902/902 903/903/903
f 903/903/903 902/902/902 904/904/904
f 903/903/903 904/904/904 905/905/905
f 905/905/905 904/904/904 906/906/906
f 905/905/905 906/906/906 907/907/907
f 907/907/907 906/906/906 908/908/908
f 907/907/907 908/908/908 909/909/909
f 909/909/909 908/908/908 910/910/910
f 909/909/909 910/910/910 911/911/911
f 911/911/911 910/910/910 912/912/912
f 911/911/911 912/912/912 913/913/913
f 913/913/913 912/912/912 914/914/914
f 913/913/913 914/914/914 915/915/915
f 915/915/915 914/914/914 916/916/916
f 915/915/915 916/916/916 917/917/917
f 917/917/917 916/916/916 895/895/895
f 917/917/917 895/895/895 894/894/894
f 855/855/855 857/857/857 918/918/918
f 855/855/855 918/918/918 919/919/919
f 865/865/865 864/864/864 873/873/873
f 865/865/865 873/873/873 872/872/872
f 920/920/920 921/921/921 922/922/922
f 920/920/920 922/922/922 923/923/923
f 924/924/924 920/920/920 923/923/923
f 924/924/924 923/923/923 918/918/918
f 925/925/925 924/924/924 918/918/918
f 925/925/925 918/918/918 857/857/857
f 926/926/926 925/925/925 857/857/857
f 926/926/926 857/857/857 856/856/856
f 927/927/927 926/926/926 856/856/856
f 927/927/927 856/856/856 928/928/928
f 929/929/929 927/927/927 928/928/928
f 929/929/929 928/928/928 930/930/930
f 931/931/931 929/929/929 930/930/930
f 931/931/931 930/930/930 932/932/932
f 933/933/933 931/931/931 932/932/932
f 933/933/933 932/932/932 934/934/934
f 935/935/935 933/933/933 934/934/934
f 935/935/935 934/934/934 936/936/936
f 937/937/937 935/935/935 936/936/936
f 937/937/937 936/936/936 938/938/938
f 939/939/939 937/937/937 938/938/938
f 939/939/939 938/938/938 940/940/940
f 921/921/921 939/939/939 940/940/940
f 921/921/921 940/940/940 922/922/922
f 941/941/941 942/942/942 943/943/943
f 941/941/941 943/943/943 944/944/944
f 942/942/942 767/767/767 770/770/770
f 942/942/942 770/770/770 943/943/943
f 945/945/945 946/946/946 947/947/947
f 945/945/945 947/947/947 948/948/948
f 946/946/946 771/771/771 774/774/774
f 946/946/946 774/774/774 947/947/947
f 949/949/949 950/950/950 951/951/951
f 949/949/949 951/951/951 952/952/952
f 950/950/950 866/866/866 869/869/869
f 950/950/950 869/869/869 951/951/951
f 944/944/944 943/943/943 950/950/950
f 944/944/944 950/950/950 949/949/949
f 943/943/943 770/770/770 866/866/866
f 943/943/943 866/866/866 950/950/950
f 952/952/952 951/951/951 953/953/953
f 952/952/952 953/953/953 954/954/954
f 951/951/951 869/869/869 875/875/875
f 951/951/951 875/875/875 953/953/953
f 955/955/955 956/956/956 957/957/957
f 955/955/955 957/957/957 958/958/958
f 956/956/956 876/876/876 879/879/879
f 956/956/956 879/879/879 957/957/957
f 958/958/958 957/957/957 959/959/959
f 958/958/958 959/959/959 960/960/960
f 957/957/957 879/879/879 881/881/881
f 957/957/957 881/881/881 959/959/959
f 961/961/961 962/962/962 963/963/963
f 961/961/961 963/963/963 964/964/964
f 962/962/962 882/882/882 885/885/885
f 962/962/962 885/885/885 963/963/963
f 964/964/964 963/963/963 965/965/965
f 964/964/964 965/965/965 966/966/966
f 963/963/963 885/885/885 887/887/887
f 963/963/963 887/887/887 965/965/965
f 966/966/966 965/965/965 967/967/967
f 966/966/966 967/967/967 968/968/968
f 965/965/965 887/887/887 889/889/889
f 965/965/965 889/889/889 967/967/967
f 969/969/969 970/970/970 946/946/946
f 969/969/969 946/946/946 945/945/945
f 970/970/970 890/890/890 771/771/771
f 970/970/970 771/771/771 946/946/946
f 968/968/968 967/967/967 971/971/971
f 968/968/968 971/971/971 972/972/972
f 967/967/967 889/889/889 893/893/893
f 967/967/967 893/893/893 971/971/971
f 973/973/973 894/894/894 897/897/897
f 973/973/973 897/897/897 974/974/974
f 974/974/974 897/897/897 899/899/899
f 974/974/974 899/899/899 975/975/975
f 975/975/975 899/899/899 901/901/901
f 975/975/975 901/901/901 976/976/976
f 976/976/976 901/901/901 903/903/903
f 976/976/976 903/903/903 977/977/977
f 977/977/977 903/903/903 905/905/905
f 977/977/977 905/905/905 978/978/978
f 978/978/978 905/905/905 907/907/907
f 978/978/978 907/907/907 979/979/979
f 979/979/979 907/907/907 909/909/909
f 979/979/979 909/909/909 980/980/980
f 980/980/980 909/909/909 911/911/911
f 980/980/980 911/911/911 981/981/981
f 981/981/981 911/911/911 913/913/913
f 981/981/981 913/913/913 982/982/982
f 982/982/982 913/913/913 915/915/915
f 982/982/982 915/915/915 983/983/983
f 983/983/983 915/915/915 917/917/917
f 983/983/983 917/917/917 984/984/984
f 984/984/984 917/917/917 894/894/894
f 984/984/984 894/894/894 973/973/973
f 985/985/985 973/973/973 974/974/974
f 985/985/985 974/974/974 986/986/986
f 986/986/986 974/974/974 975/975/975
f 986/986/986 975/975/975 987/987/987
f 987/987/987 975/975/975 976/976/976
f 987/987/987 976/976/976 988/988/988
f 988/988/988 976/976/976 977/977/977
f 988/988/988 977/977/977 989/989/989
f 989/989/989 977/977/977 978/978/978
f 989/989/989 978/978/978 990/990/990
f 990/990/990 978/978/978 979/979/979
f 990/990/990 979/979/979 991/991/991
f 991/991/991 979/979/979 980/980/980
f 991/991/991 980/980/980 992/992/992
f 992/992/992 980/980/980 981/981/981
f 992/992/992 981/981/981 993/993/993
f 993/993/993 981/981/981 982/982/982
f 993/993/993 982/982/982 994/994/994
f 994/994/994 982/982/982 983/983/983
f 994/994/994 983/983/983 995/995/995
f 995/995/995 983/983/983 984/984/984
f 995/995/995 984/984/984 996/996/996
f 996/996/996 984/984/984 973/973/973
f 996/996/996 973/973/973 985/985/985
f 275/275/275 997/997/997 998/998/998
f 275/275/275 998/998/998 276/276/276
f 279/279/279 999/999/999 997/997/997
f 279/279/279 997/997/997 275/275/275
f 281/281/281 1000/1000/1000 999/999/999
f 281/281/281 999/999/999 279/279/279
f 283/283/283 1001/1001/1001 1002/1002/1002
f 283/283/283 1002/1002/1002 284/284/284
f 1003/1003/1003 1004/1004/1004 1005/1005/1005
f 1003/1003/1003 1005/1005/1005 1006/1006/1006
f 1007/1007/1007 1008/1008/1008 998/998/998
f 1007/1007/1007 998/998/998 1009/1009/1009
f 1009/1009/1009 998/998/998 997/997/997
f 1009/1009/1009 997/997/997 1010/1010/1010
f 1010/1010/1010 997/997/997 999/999/999
f 1010/1010/1010 999/999/999 1011/1011/1011
f 1011/1011/1011 999/999/999 1000/1000/1000
f 1011/1011/1011 1000/1000/1000 1012/1012/1012
f 1013/1013/1013 1002/1002/1002 1001/1001/1001
f 1013/1013/1013 1001/1001/1001 1014/1014/1014
f 1014/1014/1014 1001/1001/1001 1015/1015/1015
f 1014/1014/1014 1015/1015/1015 1016/1016/1016
f 1017/1017/1017 1018/1018/1018 1019/1019/1019
f 1017/1017/1017 1019/1019/1019 1020/1020/1020
f 1020/1020/1020 1019/1019/1019 1021/1021/1021
f 1020/1020/1020 1021/1021/1021 1022/1022/1022
f 1022/1022/1022 1021/1021/1021 1023/1023/1023
f 1022/1022/1022 1023/1023/1023 1024/1024/1024
f 1025/1025/1025 1026/1026/1026 1004/1004/1004
f 1025/1025/1025 1004/1004/1004 1003/1003/1003
f 1024/1024/1024 1023/1023/1023 1027/1027/1027
f 1024/1024/1024 1027/1027/1027 1028/1028/1028
f 313/313/313 1005/1005/1005 1004/1004/1004
f 313/313/313 1004/1004/1004 314/314/314
f 842/842/842 1029/1029/1029 1030/1030/1030
f 1030/1030/1030 1031/1031/1031 870/870/870
f 1030/1030/1030 870/870/870 842/842/842
f 873/873/873 318/318/318 94/94/94
f 873/873/873 94/94/94 823/823/823
f 842/842/842 149/149/149 319/319/319
f 842/842/842 319/319/319 843/843/843
f 864/864/864 320/320/320 318/318/318
f 864/864/864 318/318/318 873/873/873
f 321/321/321 1015/1015/1015 1001/1001/1001
f 321/321/321 1001/1001/1001 283/283/283
f 322/322/322 1032/1032/1032 1033/1033/1033
f 322/322/322 1033/1033/1033 323/323/323
f 1034/1034/1034 1035/1035/1035 1036/1036/1036
f 1034/1034/1034 1036/1036/1036 1037/1037/1037
f 1035/1035/1035 1038/1038/1038 1039/1039/1039
f 1035/1035/1035 1039/1039/1039 1036/1036/1036
f 1038/1038/1038 1040/1040/1040 1041/1041/1041
f 1038/1038/1038 1041/1041/1041 1039/1039/1039
f 1040/1040/1040 1042/1042/1042 1043/1043/1043
f 1040/1040/1040 1043/1043/1043 1041/1041/1041
f 1044/1044/1044 339/339/339 338/338/338
f 1044/1044/1044 338/338/338 1045/1045/1045
f 1046/1046/1046 1047/1047/1047 342/342/342
f 1046/1046/1046 342/342/342 341/341/341
f 1048/1048/1048 1049/1049/1049 1047/1047/1047
f 1048/1048/1048 1047/1047/1047 1046/1046/1046
f 1050/1050/1050 1051/1051/1051 1049/1049/1049
f 1050/1050/1050 1049/1049/1049 1048/1048/1048
f 1052/1052/1052 1053/1053/1053 1051/1051/1051
f 1052/1052/1052 1051/1051/1051 1050/1050/1050
f 1054/1054/1054 1055/1055/1055 1053/1053/1053
f 1054/1054/1054 1053/1053/1053 1052/1052/1052
f 352/352/352 353/353/353 1055/1055/1055
f 352/352/352 1055/1055/1055 1054/1054/1054
f 1056/1056/1056 1057/1057/1057 1058/1058/1058
f 1056/1056/1056 1058/1058/1058 1059/1059/1059
f 1060/1060/1060 1059/1059/1059 1040/1040/1040
f 1060/1060/1060 1040/1040/1040 1038/1038/1038
f 1061/1061/1061 1056/1056/1056 1059/1059/1059
f 1061/1061/1061 1059/1059/1059 1060/1060/1060
f 1062/1062/1062 1060/1060/1060 1038/1038/1038
f 1062/1062/1062 1038/1038/1038 1035/1035/1035
f 1063/1063/1063 1061/1061/1061 1060/1060/1060
f 1063/1063/1063 1060/1060/1060 1062/1062/1062
f 1064/1064/1064 1062/1062/1062 1035/1035/1035
f 1064/1064/1064 1035/1035/1035 1034/1034/1034
f 1065/1065/1065 1063/1063/1063 1062/1062/1062
f 1065/1065/1065 1062/1062/1062 1064/1064/1064
f 364/364/364 1066/1066/1066 1032/1032/1032
f 364/364/364 1032/1032/1032 322/322/322
f 366/366/366 1067/1067/1067 1066/1066/1066
f 366/366/366 1066/1066/1066 364/364/364
f 1068/1068/1068 1069/1069/1069 1070/1070/1070
f 1068/1068/1068 1070/1070/1070 1071/1071/1071
f 1059/1059/1059 1058/1058/1058 1042/1042/1042
f 1059/1059/1059 1042/1042/1042 1040/1040/1040
f 1072/1072/1072 375/375/375 374/374/374
f 1072/1072/1072 374/374/374 1073/1073/1073
f 1073/1073/1073 374/374/374 339/339/339
f 1073/1073/1073 339/339/339 1044/1044/1044
f 1074/1074/1074 1075/1075/1075 1076/1076/1076
f 1074/1074/1074 1076/1076/1076 1077/1077/1077
f 1078/1078/1078 1079/1079/1079 382/382/382
f 1078/1078/1078 382/382/382 381/381/381
f 384/384/384 387/387/387 1080/1080/1080
f 384/384/384 1080/1080/1080 1081/1081/1081
f 1082/1082/1082 1083/1083/1083 1084/1084/1084
f 1082/1082/1082 1084/1084/1084 1085/1085/1085
f 1086/1086/1086 1087/1087/1087 1088/1088/1088
f 1086/1086/1086 1088/1088/1088 1089/1089/1089
f 1085/1085/1085 1084/1084/1084 1090/1090/1090
f 1085/1085/1085 1090/1090/1090 1091/1091/1091
f 1091/1091/1091 1090/1090/1090 1092/1092/1092
f 1091/1091/1091 1092/1092/1092 1093/1093/1093
f 1093/1093/1093 1092/1092/1092 1094/1094/1094
f 1093/1093/1093 1094/1094/1094 1095/1095/1095
f 402/402/402 1074/1074/1074 1077/1077/1077
f 402/402/402 1077/1077/1077 403/403/403
f 1096/1096/1096 1097/1097/1097 1098/1098/1098
f 1096/1096/1096 1098/1098/1098 1099/1099/1099
f 1100/1100/1100 1101/1101/1101 410/410/410
f 1100/1100/1100 410/410/410 409/409/409
f 1102/1102/1102 1103/1103/1103 1104/1104/1104
f 1102/1102/1102 1104/1104/1104 1105/1105/1105
f 1106/1106/1106 1099/1099/1099 418/418/418
f 1106/1106/1106 418/418/418 417/417/417
f 1107/1107/1107 1086/1086/1086 1089/1089/1089
f 1107/1107/1107 1089/1089/1089 1108/1108/1108
f 1109/1109/1109 1096/1096/1096 1099/1099/1099
f 1109/1109/1109 1099/1099/1099 1106/1106/1106
f 1110/1110/1110 1111/1111/1111 1075/1075/1075
f 1110/1110/1110 1075/1075/1075 1074/1074/1074
f 1112/1112/1112 1113/1113/1113 1114/1114/1114
f 1112/1112/1112 1114/1114/1114 1115/1115/1115
f 428/428/428 1110/1110/1110 1074/1074/1074
f 428/428/428 1074/1074/1074 402/402/402
f 1116/1116/1116 1117/1117/1117 1118/1118/1118
f 1116/1116/1116 1118/1118/1118 1119/1119/1119
f 1055/1055/1055 353/353/353 418/418/418
f 1055/1055/1055 418/418/418 1099/1099/1099
f 1051/1051/1051 1053/1053/1053 1099/1099/1099
f 1051/1051/1051 1099/1099/1099 1098/1098/1098
f 1053/1053/1053 1055/1055/1055 1099/1099/1099
f 1120/1120/1120 1121/1121/1121 1086/1086/1086
f 1120/1120/1120 1086/1086/1086 1107/1107/1107
f 1115/1115/1115 1114/1114/1114 1111/1111/1111
f 1115/1115/1115 1111/1111/1111 1110/1110/1110
f 1119/1119/1119 1118/1118/1118 1121/1121/1121
f 1119/1119/1119 1121/1121/1121 1120/1120/1120
f 435/435/435 1122/1122/1122 1123/1123/1123
f 435/435/435 1123/1123/1123 436/436/436
f 1122/1122/1122 1124/1124/1124 1125/1125/1125
f 1122/1122/1122 1125/1125/1125 1123/1123/1123
f 1124/1124/1124 1126/1126/1126 1127/1127/1127
f 1124/1124/1124 1127/1127/1127 1125/1125/1125
f 1128/1128/1128 1129/1129/1129 1130/1130/1130
f 1128/1128/1128 1130/1130/1130 1131/1131/1131
f 1126/1126/1126 1132/1132/1132 1133/1133/1133
f 1126/1126/1126 1133/1133/1133 1127/1127/1127
f 1132/1132/1132 1134/1134/1134 1135/1135/1135
f 1132/1132/1132 1135/1135/1135 1133/1133/1133
f 1136/1136/1136 1137/1137/1137 1138/1138/1138
f 1136/1136/1136 1138/1138/1138 1139/1139/1139
f 1134/1134/1134 456/456/456 455/455/455
f 1134/1134/1134 455/455/455 1135/1135/1135
f 863/863/863 457/457/457 320/320/320
f 863/863/863 320/320/320 864/864/864
f 1139/1139/1139 1128/1128/1128 1131/1131/1131
f 1131/1131/1131 1140/1140/1140 1103/1103/1103
f 1131/1131/1131 1103/1103/1103 1139/1139/1139
f 459/459/459 1115/1115/1115 1110/1110/1110
f 459/459/459 1110/1110/1110 428/428/428
f 1141/1141/1141 1029/1029/1029 1142/1142/1142
f 1141/1141/1141 1142/1142/1142 1143/1143/1143
f 1144/1144/1144 849/849/849 850/850/850
f 1144/1144/1144 850/850/850 1145/1145/1145
f 1146/1146/1146 1147/1147/1147 919/919/919
f 1146/1146/1146 919/919/919 1148/1148/1148
f 798/798/798 58/58/58 468/468/468
f 798/798/798 468/468/468 1145/1145/1145
f 794/794/794 796/796/796 1145/1145/1145
f 794/794/794 1145/1145/1145 850/850/850
f 796/796/796 798/798/798 1145/1145/1145
f 1149/1149/1149 1150/1150/1150 1151/1151/1151
f 1149/1149/1149 1151/1151/1151 1030/1030/1030
f 1087/1087/1087 837/837/837 840/840/840
f 1087/1087/1087 840/840/840 1088/1088/1088
f 1152/1152/1152 1140/1140/1140 1141/1141/1141
f 1152/1152/1152 1141/1141/1141 1143/1143/1143
f 1097/1097/1097 1144/1144/1144 1145/1145/1145
f 1097/1097/1097 1145/1145/1145 1098/1098/1098
f 1051/1051/1051 1098/1098/1098 1145/1145/1145
f 1051/1051/1051 1145/1145/1145 1049/1049/1049
f 1153/1153/1153 1146/1146/1146 1148/1148/1148
f 1153/1153/1153 1148/1148/1148 1154/1154/1154
f 1047/1047/1047 1145/1145/1145 468/468/468
f 1047/1047/1047 468/468/468 342/342/342
f 1047/1047/1047 1049/1049/1049 1145/1145/1145
f 1131/1131/1131 1130/1130/1130 1150/1150/1150
f 1131/1131/1131 1150/1150/1150 1149/1149/1149
f 1155/1155/1155 1156/1156/1156 477/477/477
f 1155/1155/1155 477/477/477 476/476/476
f 1157/1157/1157 1158/1158/1158 1159/1159/1159
f 1157/1157/1157 1159/1159/1159 1160/1160/1160
f 1161/1161/1161 1162/1162/1162 1158/1158/1158
f 1161/1161/1161 1158/1158/1158 1157/1157/1157
f 1163/1163/1163 1164/1164/1164 1162/1162/1162
f 1163/1163/1163 1162/1162/1162 1161/1161/1161
f 1165/1165/1165 1166/1166/1166 1164/1164/1164
f 1165/1165/1165 1164/1164/1164 1163/1163/1163
f 489/489/489 492/492/492 1167/1167/1167
f 489/489/489 1167/1167/1167 1168/1168/1168
f 1169/1169/1169 1170/1170/1170 495/495/495
f 1169/1169/1169 495/495/495 494/494/494
f 1171/1171/1171 1172/1172/1172 1170/1170/1170
f 1171/1171/1171 1170/1170/1170 1169/1169/1169
f 1173/1173/1173 1174/1174/1174 1172/1172/1172
f 1173/1173/1173 1172/1172/1172 1171/1171/1171
f 1175/1175/1175 1176/1176/1176 1174/1174/1174
f 1175/1175/1175 1174/1174/1174 1173/1173/1173
f 1177/1177/1177 1178/1178/1178 1176/1176/1176
f 1177/1177/1177 1176/1176/1176 1175/1175/1175
f 505/505/505 506/506/506 1178/1178/1178
f 505/505/505 1178/1178/1178 1177/1177/1177
f 1178/1178/1178 506/506/506 507/507/507
f 1176/1176/1176 1178/1178/1178 507/507/507
f 1174/1174/1174 1176/1176/1176 507/507/507
f 1172/1172/1172 1174/1174/1174 507/507/507
f 1170/1170/1170 1172/1172/1172 507/507/507
f 495/495/495 1170/1170/1170 507/507/507
f 1179/1179/1179 1180/1180/1180 510/510/510
f 1179/1179/1179 510/510/510 509/509/509
f 1180/1180/1180 1155/1155/1155 476/476/476
f 1180/1180/1180 476/476/476 510/510/510
f 1181/1181/1181 1182/1182/1182 1183/1183/1183
f 1181/1181/1181 1183/1183/1183 1184/1184/1184
f 1182/1182/1182 1157/1157/1157 1160/1160/1160
f 1182/1182/1182 1160/1160/1160 1183/1183/1183
f 1185/1185/1185 1186/1186/1186 1182/1182/1182
f 1185/1185/1185 1182/1182/1182 1181/1181/1181
f 1186/1186/1186 1161/1161/1161 1157/1157/1157
f 1186/1186/1186 1157/1157/1157 1182/1182/1182
f 1187/1187/1187 1188/1188/1188 1186/1186/1186
f 1187/1187/1187 1186/1186/1186 1185/1185/1185
f 1188/1188/1188 1163/1163/1163 1161/1161/1161
f 1188/1188/1188 1161/1161/1161 1186/1186/1186
f 1189/1189/1189 1190/1190/1190 1188/1188/1188
f 1189/1189/1189 1188/1188/1188 1187/1187/1187
f 1190/1190/1190 1165/1165/1165 1163/1163/1163
f 1190/1190/1190 1163/1163/1163 1188/1188/1188
f 522/522/522 525/525/525 1191/1191/1191
f 522/522/522 1191/1191/1191 1192/1192/1192
f 525/525/525 489/489/489 1168/1168/1168
f 525/525/525 1168/1168/1168 1191/1191/1191
f 811/811/811 76/76/76 98/98/98
f 811/811/811 98/98/98 825/825/825
f 813/813/813 811/811/811 825/825/825
f 813/813/813 825/825/825 827/827/827
f 815/815/815 813/813/813 827/827/827
f 815/815/815 827/827/827 829/829/829
f 817/817/817 815/815/815 829/829/829
f 817/817/817 829/829/829 851/851/851
f 819/819/819 817/817/817 851/851/851
f 819/819/819 851/851/851 853/853/853
f 86/86/86 819/819/819 853/853/853
f 86/86/86 853/853/853 129/129/129
f 1193/1193/1193 1194/1194/1194 1079/1079/1079
f 1193/1193/1193 1079/1079/1079 1078/1078/1078
f 1195/1195/1195 1196/1196/1196 1194/1194/1194
f 1195/1195/1195 1194/1194/1194 1193/1193/1193
f 1197/1197/1197 1198/1198/1198 1196/1196/1196
f 1197/1197/1197 1196/1196/1196 1195/1195/1195
f 1199/1199/1199 1200/1200/1200 1198/1198/1198
f 1199/1199/1199 1198/1198/1198 1197/1197/1197
f 534/534/534 535/535/535 1200/1200/1200
f 534/534/534 1200/1200/1200 1199/1199/1199
f 1200/1200/1200 535/535/535 536/536/536
f 1198/1198/1198 1200/1200/1200 536/536/536
f 1196/1196/1196 1198/1198/1198 536/536/536
f 1194/1194/1194 1196/1196/1196 536/536/536
f 1079/1079/1079 1194/1194/1194 536/536/536
f 382/382/382 1079/1079/1079 536/536/536
f 1201/1201/1201 1202/1202/1202 539/539/539
f 1201/1201/1201 539/539/539 538/538/538
f 1202/1202/1202 1100/1100/1100 409/409/409
f 1202/1202/1202 409/409/409 539/539/539
f 1203/1203/1203 1204/1204/1204 1205/1205/1205
f 1203/1203/1203 1205/1205/1205 1206/1206/1206
f 1204/1204/1204 1093/1093/1093 1095/1095/1095
f 1204/1204/1204 1095/1095/1095 1205/1205/1205
f 1207/1207/1207 1208/1208/1208 1204/1204/1204
f 1207/1207/1207 1204/1204/1204 1203/1203/1203
f 1208/1208/1208 1091/1091/1091 1093/1093/1093
f 1208/1208/1208 1093/1093/1093 1204/1204/1204
f 1209/1209/1209 1210/1210/1210 1208/1208/1208
f 1209/1209/1209 1208/1208/1208 1207/1207/1207
f 1210/1210/1210 1085/1085/1085 1091/1091/1091
f 1210/1210/1210 1091/1091/1091 1208/1208/1208
f 1211/1211/1211 1212/1212/1212 1210/1210/1210
f 1211/1211/1211 1210/1210/1210 1209/1209/1209
f 1212/1212/1212 1082/1082/1082 1085/1085/1085
f 1212/1212/1212 1085/1085/1085 1210/1210/1210
f 551/551/551 554/554/554 1213/1213/1213
f 551/551/551 1213/1213/1213 1214/1214/1214
f 554/554/554 384/384/384 1081/1081/1081
f 554/554/554 1081/1081/1081 1213/1213/1213
f 1215/1215/1215 556/556/556 456/456/456
f 1215/1215/1215 456/456/456 1134/1134/1134
f 1216/1216/1216 1217/1217/1217 1124/1124/1124
f 1216/1216/1216 1124/1124/1124 1122/1122/1122
f 559/559/559 1216/1216/1216 1122/1122/1122
f 559/559/559 1122/1122/1122 435/435/435
f 560/560/560 556/556/556 1215/1215/1215
f 560/560/560 1215/1215/1215 1218/1218/1218
f 1218/1218/1218 1215/1215/1215 1069/1069/1069
f 1218/1218/1218 1069/1069/1069 1068/1068/1068
f 1071/1071/1071 1070/1070/1070 1217/1217/1217
f 1071/1071/1071 1217/1217/1217 1219/1219/1219
f 1219/1219/1219 1217/1217/1217 1216/1216/1216
f 1219/1219/1219 1216/1216/1216 1220/1220/1220
f 1220/1220/1220 1216/1216/1216 559/559/559
f 1220/1220/1220 559/559/559 564/564/564
f 1069/1069/1069 1215/1215/1215 1134/1134/1134
f 1069/1069/1069 1134/1134/1134 1132/1132/1132
f 1070/1070/1070 1069/1069/1069 1132/1132/1132
f 1070/1070/1070 1132/1132/1132 1126/1126/1126
f 1217/1217/1217 1070/1070/1070 1126/1126/1126
f 1217/1217/1217 1126/1126/1126 1124/1124/1124
f 276/276/276 998/998/998 1008/1008/1008
f 276/276/276 1008/1008/1008 565/565/565
f 1221/1221/1221 1222/1222/1222 1223/1223/1223
f 1221/1221/1221 1223/1223/1223 1224/1224/1224
f 1225/1225/1225 1226/1226/1226 1227/1227/1227
f 1225/1225/1225 1227/1227/1227 1228/1228/1228
f 871/871/871 1229/1229/1229 574/574/574
f 871/871/871 574/574/574 146/146/146
f 1031/1031/1031 1230/1230/1230 1231/1231/1231
f 1031/1031/1031 1231/1231/1231 870/870/870
f 1232/1232/1232 581/581/581 580/580/580
f 1232/1232/1232 580/580/580 1233/1233/1233
f 1234/1234/1234 1235/1235/1235 1236/1236/1236
f 1234/1234/1234 1236/1236/1236 1237/1237/1237
f 1238/1238/1238 1239/1239/1239 588/588/588
f 1238/1238/1238 588/588/588 587/587/587
f 1240/1240/1240 1241/1241/1241 1242/1242/1242
f 1240/1240/1240 1242/1242/1242 1243/1243/1243
f 1244/1244/1244 1245/1245/1245 596/596/596
f 1244/1244/1244 596/596/596 595/595/595
f 1246/1246/1246 1247/1247/1247 600/600/600
f 1246/1246/1246 600/600/600 599/599/599
f 1248/1248/1248 1249/1249/1249 1250/1250/1250
f 1248/1248/1248 1250/1250/1250 1251/1251/1251
f 1252/1252/1252 1253/1253/1253 1254/1254/1254
f 1252/1252/1252 1254/1254/1254 1255/1255/1255
f 1256/1256/1256 1257/1257/1257 1258/1258/1258
f 1256/1256/1256 1258/1258/1258 1259/1259/1259
f 1260/1260/1260 1261/1261/1261 1262/1262/1262
f 1260/1260/1260 1262/1262/1262 1263/1263/1263
f 1255/1255/1255 1254/1254/1254 1261/1261/1261
f 1255/1255/1255 1261/1261/1261 1260/1260/1260
f 1264/1264/1264 1265/1265/1265 620/620/620
f 1264/1264/1264 620/620/620 619/619/619
f 1266/1266/1266 1267/1267/1267 1268/1268/1268
f 1266/1266/1266 1268/1268/1268 1269/1269/1269
f 1270/1270/1270 1271/1271/1271 1272/1272/1272
f 1270/1270/1270 1272/1272/1272 1273/1273/1273
f 1274/1274/1274 1270/1270/1270 1273/1273/1273
f 1274/1274/1274 1273/1273/1273 1275/1275/1275
f 1276/1276/1276 1274/1274/1274 1275/1275/1275
f 1276/1276/1276 1275/1275/1275 1277/1277/1277
f 1278/1278/1278 1279/1279/1279 1280/1280/1280
f 1278/1278/1278 1280/1280/1280 1281/1281/1281
f 1282/1282/1282 1278/1278/1278 1281/1281/1281
f 1282/1282/1282 1281/1281/1281 1283/1283/1283
f 1271/1271/1271 1282/1282/1282 1283/1283/1283
f 1271/1271/1271 1283/1283/1283 1272/1272/1272
f 1265/1265/1265 1246/1246/1246 599/599/599
f 1265/1265/1265 599/599/599 620/620/620
f 1267/1267/1267 1248/1248/1248 1251/1251/1251
f 1267/1267/1267 1251/1251/1251 1268/1268/1268
f 1253/1253/1253 1221/1221/1221 1224/1224/1224
f 1253/1253/1253 1224/1224/1224 1254/1254/1254
f 1257/1257/1257 1225/1225/1225 1228/1228/1228
f 1257/1257/1257 1228/1228/1228 1258/1258/1258
f 1261/1261/1261 1272/1272/1272 1283/1283/1283
f 1261/1261/1261 1283/1283/1283 1262/1262/1262
f 1281/1281/1281 1280/1280/1280 1284/1284/1284
f 1281/1281/1281 1284/1284/1284 1262/1262/1262
f 1283/1283/1283 1281/1281/1281 1262/1262/1262
f 1254/1254/1254 1273/1273/1273 1272/1272/1272
f 1254/1254/1254 1272/1272/1272 1261/1261/1261
f 1275/1275/1275 1254/1254/1254 1224/1224/1224
f 1275/1275/1275 1224/1224/1224 1277/1277/1277
f 1273/1273/1273 1254/1254/1254 1275/1275/1275
f 1285/1285/1285 1286/1286/1286 643/643/643
f 1285/1285/1285 643/643/643 642/642/642
f 1287/1287/1287 648/648/648 647/647/647
f 1287/1287/1287 647/647/647 1288/1288/1288
f 1289/1289/1289 1244/1244/1244 595/595/595
f 1289/1289/1289 595/595/595 650/650/650
f 1239/1239/1239 1290/1290/1290 651/651/651
f 1239/1239/1239 651/651/651 588/588/588
f 1291/1291/1291 1285/1285/1285 642/642/642
f 1291/1291/1291 642/642/642 654/654/654
f 1245/1245/1245 1292/1292/1292 1293/1293/1293
f 1245/1245/1245 1293/1293/1293 1294/1294/1294
f 1235/1235/1235 658/658/658 648/648/648
f 1235/1235/1235 648/648/648 1287/1287/1287
f 1295/1295/1295 1240/1240/1240 1243/1243/1243
f 1295/1295/1295 1243/1243/1243 1296/1296/1296
f 1238/1238/1238 1297/1297/1297 1298/1298/1298
f 1238/1238/1238 1298/1298/1298 1299/1299/1299
f 1279/1279/1279 1300/1300/1300 1301/1301/1301
f 1279/1279/1279 1301/1301/1301 1280/1280/1280
f 1302/1302/1302 1284/1284/1284 1280/1280/1280
f 1302/1302/1302 1280/1280/1280 1301/1301/1301
f 1276/1276/1276 1277/1277/1277 1303/1303/1303
f 1276/1276/1276 1303/1303/1303 1304/1304/1304
f 1223/1223/1223 1303/1303/1303 1277/1277/1277
f 1223/1223/1223 1277/1277/1277 1224/1224/1224
f 669/669/669 670/670/670 1103/1103/1103
f 669/669/669 1103/1103/1103 1102/1102/1102
f 1141/1141/1141 1149/1149/1149 1030/1030/1030
f 1141/1141/1141 1030/1030/1030 1029/1029/1029
f 1140/1140/1140 1131/1131/1131 1149/1149/1149
f 1140/1140/1140 1149/1149/1149 1141/1141/1141
f 671/671/671 672/672/672 1137/1137/1137
f 671/671/671 1137/1137/1137 1136/1136/1136
f 673/673/673 674/674/674 1226/1226/1226
f 673/673/673 1226/1226/1226 1225/1225/1225
f 870/870/870 1231/1231/1231 1229/1229/1229
f 870/870/870 1229/1229/1229 871/871/871
f 1305/1305/1305 1232/1232/1232 1233/1233/1233
f 1305/1305/1305 1233/1233/1233 1306/1306/1306
f 677/677/677 658/658/658 1235/1235/1235
f 677/677/677 1235/1235/1235 1234/1234/1234
f 1299/1299/1299 1307/1307/1307 1239/1239/1239
f 1299/1299/1299 1239/1239/1239 1238/1238/1238
f 679/679/679 680/680/680 1241/1241/1241
f 679/679/679 1241/1241/1241 1240/1240/1240
f 1308/1308/1308 1292/1292/1292 1245/1245/1245
f 1308/1308/1308 1245/1245/1245 1244/1244/1244
f 1309/1309/1309 1310/1310/1310 1247/1247/1247
f 1309/1309/1309 1247/1247/1247 1246/1246/1246
f 684/684/684 685/685/685 1257/1257/1257
f 684/684/684 1257/1257/1257 1256/1256/1256
f 1311/1311/1311 1312/1312/1312 1265/1265/1265
f 1311/1311/1311 1265/1265/1265 1264/1264/1264
f 1312/1312/1312 1309/1309/1309 1246/1246/1246
f 1312/1312/1312 1246/1246/1246 1265/1265/1265
f 685/685/685 673/673/673 1225/1225/1225
f 685/685/685 1225/1225/1225 1257/1257/1257
f 1313/1313/1313 1314/1314/1314 1286/1286/1286
f 1313/1313/1313 1286/1286/1286 1285/1285/1285
f 1315/1315/1315 1287/1287/1287 1288/1288/1288
f 1315/1315/1315 1288/1288/1288 1316/1316/1316
f 1317/1317/1317 1308/1308/1308 1244/1244/1244
f 1317/1317/1317 1244/1244/1244 1289/1289/1289
f 1307/1307/1307 1318/1318/1318 1290/1290/1290
f 1307/1307/1307 1290/1290/1290 1239/1239/1239
f 1319/1319/1319 1313/1313/1313 1285/1285/1285
f 1319/1319/1319 1285/1285/1285 1291/1291/1291
f 596/596/596 1245/1245/1245 1294/1294/1294
f 596/596/596 1294/1294/1294 695/695/695
f 1236/1236/1236 1235/1235/1235 1287/1287/1287
f 1236/1236/1236 1287/1287/1287 1315/1315/1315
f 696/696/696 679/679/679 1240/1240/1240
f 696/696/696 1240/1240/1240 1295/1295/1295
f 587/587/587 697/697/697 1297/1297/1297
f 587/587/587 1297/1297/1297 1238/1238/1238
f 698/698/698 1112/1112/1112 1115/1115/1115
f 698/698/698 1115/1115/1115 459/459/459
f 1103/1103/1103 1140/1140/1140 1152/1152/1152
f 1103/1103/1103 1152/1152/1152 1104/1104/1104
f 1139/1139/1139 1138/1138/1138 1129/1129/1129
f 1139/1139/1139 1129/1129/1129 1128/1128/1128
f 1320/1320/1320 1321/1321/1321 1222/1222/1222
f 1320/1320/1320 1222/1222/1222 1221/1221/1221
f 1322/1322/1322 1234/1234/1234 1237/1237/1237
f 1322/1322/1322 1237/1237/1237 1323/1323/1323
f 1324/1324/1324 1325/1325/1325 1253/1253/1253
f 1324/1324/1324 1253/1253/1253 1252/1252/1252
f 1325/1325/1325 1320/1320/1320 1221/1221/1221
f 1325/1325/1325 1221/1221/1221 1253/1253/1253
f 1117/1117/1117 1153/1153/1153 1154/1154/1154
f 1117/1117/1117 1154/1154/1154 1118/1118/1118
f 705/705/705 677/677/677 1234/1234/1234
f 705/705/705 1234/1234/1234 1322/1322/1322
f 1142/1142/1142 1029/1029/1029 842/842/842
f 1142/1142/1142 842/842/842 841/841/841
f 1030/1030/1030 1151/1151/1151 1230/1230/1230
f 1030/1030/1030 1230/1230/1230 1031/1031/1031
f 1241/1241/1241 680/680/680 581/581/581
f 1241/1241/1241 581/581/581 1232/1232/1232
f 1284/1284/1284 1302/1302/1302 1249/1249/1249
f 1284/1284/1284 1249/1249/1249 1248/1248/1248
f 1263/1263/1263 1262/1262/1262 1267/1267/1267
f 1263/1263/1263 1267/1267/1267 1266/1266/1266
f 1262/1262/1262 1284/1284/1284 1248/1248/1248
f 1262/1262/1262 1248/1248/1248 1267/1267/1267
f 1147/1147/1147 858/858/858 861/861/861
f 1147/1147/1147 861/861/861 919/919/919
f 1242/1242/1242 1241/1241/1241 1232/1232/1232
f 1242/1242/1242 1232/1232/1232 1305/1305/1305
f 1326/1326/1326 1327/1327/1327 708/708/708
f 1326/1326/1326 708/708/708 707/707/707
f 1328/1328/1328 1329/1329/1329 1327/1327/1327
f 1328/1328/1328 1327/1327/1327 1326/1326/1326
f 1330/1330/1330 1331/1331/1331 1329/1329/1329
f 1330/1330/1330 1329/1329/1329 1328/1328/1328
f 1332/1332/1332 1333/1333/1333 1331/1331/1331
f 1332/1332/1332 1331/1331/1331 1330/1330/1330
f 1334/1334/1334 1335/1335/1335 1333/1333/1333
f 1334/1334/1334 1333/1333/1333 1332/1332/1332
f 718/718/718 719/719/719 1335/1335/1335
f 718/718/718 1335/1335/1335 1334/1334/1334
f 720/720/720 1336/1336/1336 753/753/753
f 720/720/720 753/753/753 1/1/1
f 1337/1337/1337 1338/1338/1338 756/756/756
f 1337/1337/1337 756/756/756 755/755/755
f 1338/1338/1338 1339/1339/1339 759/759/759
f 1338/1338/1338 759/759/759 756/756/756
f 1339/1339/1339 1340/1340/1340 761/761/761
f 1339/1339/1339 761/761/761 759/759/759
f 1340/1340/1340 1341/1341/1341 763/763/763
f 1340/1340/1340 763/763/763 761/761/761
f 1342/1342/1342 728/728/728 18/18/18
f 1342/1342/1342 18/18/18 765/765/765
f 1327/1327/1327 729/729/729 708/708/708
f 1329/1329/1329 729/729/729 1327/1327/1327
f 1331/1331/1331 729/729/729 1329/1329/1329
f 1333/1333/1333 729/729/729 1331/1331/1331
f 1335/1335/1335 729/729/729 1333/1333/1333
f 719/719/719 729/729/729 1335/1335/1335
f 1343/1343/1343 1252/1252/1252 1255/1255/1255
f 1343/1343/1343 1255/1255/1255 1344/1344/1344
f 1345/1345/1345 1256/1256/1256 1259/1259/1259
f 1345/1345/1345 1259/1259/1259 1346/1346/1346
f 1018/1018/1018 735/735/735 734/734/734
f 1018/1018/1018 734/734/734 1019/1019/1019
f 1019/1019/1019 734/734/734 736/736/736
f 1019/1019/1019 736/736/736 1021/1021/1021
f 1347/1347/1347 1260/1260/1260 1263/1263/1263
f 1347/1347/1347 1263/1263/1263 1348/1348/1348
f 1344/1344/1344 1255/1255/1255 1260/1260/1260
f 1344/1344/1344 1260/1260/1260 1347/1347/1347
f 1349/1349/1349 1264/1264/1264 619/619/619
f 1349/1349/1349 619/619/619 740/740/740
f 1350/1350/1350 1266/1266/1266 1269/1269/1269
f 1350/1350/1350 1269/1269/1269 1351/1351/1351
f 1021/1021/1021 736/736/736 743/743/743
f 1021/1021/1021 743/743/743 1023/1023/1023
f 1023/1023/1023 743/743/743 744/744/744
f 1023/1023/1023 744/744/744 1027/1027/1027
f 1026/1026/1026 745/745/745 314/314/314
f 1026/1026/1026 314/314/314 1004/1004/1004
f 746/746/746 684/684/684 1256/1256/1256
f 746/746/746 1256/1256/1256 1345/1345/1345
f 1352/1352/1352 1311/1311/1311 1264/1264/1264
f 1352/1352/1352 1264/1264/1264 1349/1349/1349
f 1353/1353/1353 1324/1324/1324 1252/1252/1252
f 1353/1353/1353 1252/1252/1252 1343/1343/1343
f 1348/1348/1348 1263/1263/1263 1266/1266/1266
f 1348/1348/1348 1266/1266/1266 1350/1350/1350
f 1103/1103/1103 670/670/670 671/671/671
f 1136/1136/1136 1139/1139/1139 1103/1103/1103
f 671/671/671 1136/1136/1136 1103/1103/1103
f 1148/1148/1148 919/919/919 923/923/923
f 1148/1148/1148 923/923/923 922/922/922
f 923/923/923 919/919/919 918/918/918
f 922/922/922 940/940/940 1154/1154/1154
f 922/922/922 1154/1154/1154 1148/1148/1148
f 938/938/938 1154/1154/1154 940/940/940
f 930/930/930 837/837/837 1087/1087/1087
f 930/930/930 1087/1087/1087 932/932/932
f 838/838/838 837/837/837 930/930/930
f 838/838/838 930/930/930 928/928/928
f 932/932/932 1087/1087/1087 934/934/934
f 928/928/928 856/856/856 838/838/838
f 1354/1354/1354 833/833/833 838/838/838
f 1354/1354/1354 838/838/838 855/855/855
f 1355/1355/1355 1087/1087/1087 1086/1086/1086
f 1355/1355/1355 1086/1086/1086 1356/1356/1356
f 1154/1154/1154 1355/1355/1355 1356/1356/1356
f 1154/1154/1154 1356/1356/1356 1118/1118/1118
f 861/861/861 1354/1354/1354 855/855/855
f 861/861/861 855/855/855 919/919/919
f 1354/1354/1354 1357/1357/1357 834/834/834
f 1354/1354/1354 834/834/834 833/833/833
f 861/861/861 860/860/860 1357/1357/1357
f 861/861/861 1357/1357/1357 1354/1354/1354
f 1355/1355/1355 1154/1154/1154 938/938/938
f 1355/1355/1355 938/938/938 936/936/936
f 1355/1355/1355 936/936/936 934/934/934
f 1355/1355/1355 934/934/934 1087/1087/1087
