v 0.5046982765197754 0.3921489417552948 0.17107583582401276
v 0.504958987236023 0.3921489417552948 0.17107583582401276
v 0.5035232305526733 0.3921489417552948 0.17643414437770844
v 0.5032974481582642 0.3921489417552948 0.17630378901958466
v 0.4942423403263092 0.3921489417552948 0.15196114778518677
v 0.4942423403263092 0.3921489417552948 0.15159592032432556
v 0.5003291964530945 0.3921489417552948 0.15159592032432556
v 0.5003291964530945 0.3921489417552948 0.15196114778518677
v 0.4890144169330597 0.3921489417552948 0.18013092875480652
v 0.4888840615749359 0.3921489417552948 0.1803567260503769
v 0.48496147990226746 0.3921489417552948 0.17643415927886963
v 0.485187292098999 0.3921489417552948 0.17630378901958466
v 0.500580906867981 0.3921489417552948 0.1747354120016098
v 0.5015615224838257 0.3921489417552948 0.17107583582401276
v 0.5015615224838257 0.36780068278312683 0.17107583582401276
v 0.500580906867981 0.36780068278312683 0.1747354120016098
v 0.5032974481582642 0.3918154239654541 0.17630378901958466
v 0.4994703233242035 0.3918154239654541 0.18013091385364532
v 0.4994703233242035 0.36780068278312683 0.18013091385364532
v 0.5032974481582642 0.36780068278312683 0.17630378901958466
v 0.5032974481582642 0.3918154239654541 0.16584788262844086
v 0.5046982765197754 0.3918154239654541 0.17107583582401276
v 0.5046982765197754 0.36780068278312683 0.17107583582401276
v 0.5032974481582642 0.36780068278312683 0.16584788262844086
v 0.49058279395103455 0.3921489417552948 0.1774144023656845
v 0.4942423701286316 0.3921489417552948 0.17839497327804565
v 0.4942423701286316 0.36780068278312683 0.17839497327804565
v 0.49058279395103455 0.36780068278312683 0.1774144023656845
v 0.4869232177734375 0.3921489417552948 0.17107583582401276
v 0.48790380358695984 0.3921489417552948 0.1747354120016098
v 0.48790380358695984 0.36780068278312683 0.1747354120016098
v 0.4869232177734375 0.36780068278312683 0.17107583582401276
v 0.4837864637374878 0.3918154239654541 0.17107583582401276
v 0.485187292098999 0.3918154239654541 0.16584788262844086
v 0.485187292098999 0.36780068278312683 0.16584788262844086
v 0.4837864637374878 0.36780068278312683 0.17107583582401276
v 0.49058279395103455 0.3921489417552948 0.1647372841835022
v 0.48790380358695984 0.3921489417552948 0.1674162745475769
v 0.48790380358695984 0.36780068278312683 0.1674162745475769
v 0.49058279395103455 0.36780068278312683 0.1647372841835022
v 0.4890144169330597 0.3918154239654541 0.1620207577943802
v 0.4942423701286316 0.3918154239654541 0.16061992943286896
v 0.4942423701286316 0.36780068278312683 0.16061992943286896
v 0.4890144169330597 0.36780068278312683 0.1620207577943802
v 0.4994703233242035 0.3918154239654541 0.1620207577943802
v 0.5032974481582642 0.3918154239654541 0.16584788262844086
v 0.5032974481582642 0.36780068278312683 0.16584788262844086
v 0.4994703233242035 0.36780068278312683 0.1620207577943802
v 0.49790194630622864 0.3921489417552948 0.164737269282341
v 0.4942423701286316 0.3921489417552948 0.16375669836997986
v 0.4942423701286316 0.36780068278312683 0.16375669836997986
v 0.49790194630622864 0.36780068278312683 0.164737269282341
v 0.49790194630622864 0.3921489417552948 0.1774144023656845
v 0.49790194630622864 0.36780068278312683 0.1774144023656845
v 0.4942421019077301 0.3674963116645813 0.15159592032432556
v 0.500329315662384 0.3674963116645813 0.15159592032432556
v 0.5003294348716736 0.3677428662776947 0.15159592032432556
v 0.4942423403263092 0.3677428662776947 0.15159592032432556
v 0.4942423403263092 0.3921489417552948 0.15159592032432556
v 0.4942423403263092 0.3917989730834961 0.15159592032432556
v 0.5003291964530945 0.3917989730834961 0.15159592032432556
v 0.5003291964530945 0.3921489417552948 0.15159592032432556
v 0.4942423701286316 0.3921489417552948 0.18153174221515656
v 0.4942423701286316 0.3921489417552948 0.1817924678325653
v 0.5043618679046631 0.3921489417552948 0.15534205734729767
v 0.5041564702987671 0.3921489417552948 0.1549862176179886
v 0.5064162611961365 0.3921489417552948 0.1543807089328766
v 0.5064162611961365 0.3921489417552948 0.15479159355163574
v 0.49960067868232727 0.3921489417552948 0.1803567111492157
v 0.4994703233242035 0.3921489417552948 0.18013091385364532
v 0.5043619275093079 0.3943808674812317 0.16245867311954498
v 0.5028579831123352 0.3943808674812317 0.16095475852489471
v 0.5028579831123352 0.3945837616920471 0.16095475852489471
v 0.5043619275093079 0.3945837616920471 0.16245867311954498
v 0.5028579831123352 0.3921489417552948 0.15684597194194794
v 0.5025021433830261 0.3921489417552948 0.15664052963256836
v 0.5064160823822021 0.3921489417552948 0.15196114778518677
v 0.500580906867981 0.3921489417552948 0.1747354120016098
v 0.49790194630622864 0.3921489417552948 0.1774144023656845
v 0.4977347254753113 0.3921489417552948 0.17712479829788208
v 0.5002913475036621 0.3921489417552948 0.17456820607185364
v 0.4942423701286316 0.3921489417552948 0.17839497327804565
v 0.49058279395103455 0.3921489417552948 0.1774144023656845
v 0.4907499849796295 0.3921489417552948 0.17712481319904327
v 0.4942423701286316 0.3921489417552948 0.1780605912208557
v 0.48790380358695984 0.3921489417552948 0.1747354120016098
v 0.4881933927536011 0.3921489417552948 0.17456822097301483
v 0.5015615224838257 0.3921489417552948 0.17107583582401276
v 0.5012271404266357 0.3921489417552948 0.17107583582401276
v 0.49790194630622864 0.3921489417552948 0.164737269282341
v 0.500580906867981 0.3921489417552948 0.1674162745475769
v 0.5002913475036621 0.3921489417552948 0.16758346557617188
v 0.4977347254753113 0.3921489417552948 0.16502687335014343
v 0.4942423701286316 0.3921489417552948 0.16375669836997986
v 0.4942423701286316 0.3921489417552948 0.164091095328331
v 0.49058279395103455 0.3921489417552948 0.1647372841835022
v 0.4907499849796295 0.3921489417552948 0.16502687335014343
v 0.48790380358695984 0.3921489417552948 0.1674162745475769
v 0.4881933927536011 0.3921489417552948 0.16758346557617188
v 0.4869232177734375 0.3921489417552948 0.17107583582401276
v 0.48725762963294983 0.3921489417552948 0.17107583582401276
v 0.4890144169330597 0.36780068278312683 0.1620207577943802
v 0.4890144169330597 0.3674963116645813 0.1620207577943802
v 0.485187292098999 0.3674963116645813 0.16584788262844086
v 0.4994703233242035 0.3674963116645813 0.1620207577943802
v 0.4942423701286316 0.3674963116645813 0.16061992943286896
v 0.49058279395103455 0.36780068278312683 0.1647372841835022
v 0.49058279395103455 0.3674963116645813 0.1647372841835022
v 0.4942423701286316 0.3674963116645813 0.16375669836997986
v 0.4994703233242035 0.36780068278312683 0.18013091385364532
v 0.4942423701286316 0.36780068278312683 0.18153174221515656
v 0.4942423701286316 0.3674963116645813 0.18153174221515656
v 0.4994703233242035 0.3674963116645813 0.18013091385364532
v 0.500580906867981 0.36780068278312683 0.1674162745475769
v 0.49790194630622864 0.3674963116645813 0.164737269282341
v 0.500580906867981 0.3674963116645813 0.1674162745475769
v 0.4890144169330597 0.36780068278312683 0.18013092875480652
v 0.485187292098999 0.36780068278312683 0.17630378901958466
v 0.485187292098999 0.3674963116645813 0.17630378901958466
v 0.4890144169330597 0.3674963116645813 0.18013092875480652
v 0.5015615224838257 0.3674963116645813 0.17107583582401276
v 0.500580906867981 0.3674963116645813 0.1747354120016098
v 0.4994703233242035 0.3674963116645813 0.18013091385364532
v 0.5032974481582642 0.3674963116645813 0.17630378901958466
v 0.5046982765197754 0.3674963116645813 0.17107583582401276
v 0.5032974481582642 0.3674963116645813 0.16584788262844086
v 0.4942423701286316 0.3674963116645813 0.17839497327804565
v 0.49058279395103455 0.3674963116645813 0.1774144023656845
v 0.48790380358695984 0.3674963116645813 0.1747354120016098
v 0.4869232177734375 0.3674963116645813 0.17107583582401276
v 0.4837864637374878 0.3674963116645813 0.17107583582401276
v 0.4890144169330597 0.3918154239654541 0.18013092875480652
v 0.485187292098999 0.3918154239654541 0.17630378901958466
v 0.500580906867981 0.3921489417552948 0.1674162745475769
v 0.4994703233242035 0.3918154239654541 0.18013091385364532
v 0.4942423701286316 0.3918154239654541 0.18153174221515656
v 0.49058279395103455 0.3921489417552948 0.1647372841835022
v 0.4890144169330597 0.3918154239654541 0.1620207577943802
v 0.49790194630622864 0.3921489417552948 0.1774144023656845
v 0.49790194630622864 0.36780068278312683 0.1774144023656845
v 0.485187292098999 0.3918154239654541 0.17630378901958466
v 0.485187292098999 0.36780068278312683 0.17630378901958466
v 0.500580906867981 0.3921489417552948 0.1674162745475769
v 0.500580906867981 0.36780068278312683 0.1674162745475769
v 0.48790380358695984 0.3921489417552948 0.1747354120016098
v 0.48790380358695984 0.36780068278312683 0.1747354120016098
v 0.5032974481582642 0.3921489417552948 0.17630378901958466
v 0.4994703233242035 0.3921489417552948 0.18013091385364532
v 0.5032974481582642 0.3921489417552948 0.16584788262844086
v 0.5046982765197754 0.3921489417552948 0.17107583582401276
v 0.4837864637374878 0.3921489417552948 0.17107583582401276
v 0.485187292098999 0.3921489417552948 0.16584788262844086
v 0.4890144169330597 0.3921489417552948 0.1620207577943802
v 0.4942423701286316 0.3921489417552948 0.16061992943286896
v 0.4994703233242035 0.3921489417552948 0.1620207577943802
v 0.5032974481582642 0.3921489417552948 0.16584788262844086
v 0.4890144169330597 0.3921489417552948 0.18013092875480652
v 0.485187292098999 0.3921489417552948 0.17630378901958466
v 0.4994703233242035 0.3921489417552948 0.18013091385364532
v 0.4942423701286316 0.3921489417552948 0.18153174221515656
v 0.4890144169330597 0.3921489417552948 0.1620207577943802
v 0.485187292098999 0.3921489417552948 0.17630378901958466
v 0.5008525848388672 0.3674963116645813 0.17489224672317505
v 0.4980587661266327 0.3674963116645813 0.17768605053424835
v 0.49790194630622864 0.3674963116645813 0.1774144023656845
v 0.500580906867981 0.3674963116645813 0.1747354120016098
v 0.4942423701286316 0.3674963116645813 0.17870865762233734
v 0.4904259443283081 0.3674963116645813 0.17768606543540955
v 0.49058279395103455 0.3674963116645813 0.1774144023656845
v 0.4942423701286316 0.3674963116645813 0.17839497327804565
v 0.487632155418396 0.3674963116645813 0.17489224672317505
v 0.48790380358695984 0.3674963116645813 0.1747354120016098
v 0.5018751621246338 0.3674963116645813 0.17107583582401276
v 0.5015615224838257 0.3674963116645813 0.17107583582401276
v 0.4980587661266327 0.3674963116645813 0.16446562111377716
v 0.5008525848388672 0.3674963116645813 0.16725943982601166
v 0.500580906867981 0.3674963116645813 0.1674162745475769
v 0.49790194630622864 0.3674963116645813 0.164737269282341
v 0.4942423701286316 0.3674963116645813 0.16344302892684937
v 0.4942423701286316 0.3674963116645813 0.16375669836997986
v 0.4904259741306305 0.3674963116645813 0.16446562111377716
v 0.49058279395103455 0.3674963116645813 0.1647372841835022
v 0.487632155418396 0.3674963116645813 0.16725943982601166
v 0.48790380358695984 0.3674963116645813 0.1674162745475769
v 0.486609548330307 0.3674963116645813 0.17107583582401276
v 0.4869232177734375 0.3674963116645813 0.17107583582401276
v 0.48790380358695984 0.3674963116645813 0.1674162745475769
v 0.49790194630622864 0.3674963116645813 0.1774144023656845
v 0.485187292098999 0.3674963116645813 0.17630378901958466
v 0.500580906867981 0.3674963116645813 0.1674162745475769
v 0.48790380358695984 0.3674963116645813 0.1747354120016098
v 0.49790194630622864 0.3674963116645813 0.1774144023656845
v 0.5032974481582642 0.3674963116645813 0.16584788262844086
v 0.4890144169330597 0.3674963116645813 0.1620207577943802
v 0.49058279395103455 0.3674963116645813 0.1647372841835022
v 0.5030529499053955 0.3674963116645813 0.17616264522075653
v 0.49932917952537537 0.3674963116645813 0.17988643050193787
v 0.4942423701286316 0.3674963116645813 0.1812494397163391
v 0.4891555607318878 0.3674963116645813 0.17988644540309906
v 0.4854317605495453 0.3674963116645813 0.17616264522075653
v 0.5044159889221191 0.3674963116645813 0.17107583582401276
v 0.499329149723053 0.3674963116645813 0.16226524114608765
v 0.5030529499053955 0.3674963116645813 0.16598904132843018
v 0.4942423701286316 0.3674963116645813 0.1609022319316864
v 0.4891555607318878 0.3674963116645813 0.16226524114608765
v 0.4854317605495453 0.3674963116645813 0.16598904132843018
v 0.48406875133514404 0.3674963116645813 0.17107583582401276
v 0.5032974481582642 0.3674963116645813 0.17630378901958466
v 0.4994703233242035 0.3674963116645813 0.18013091385364532
v 0.4942423701286316 0.3674963116645813 0.18153174221515656
v 0.4890144169330597 0.3674963116645813 0.18013092875480652
v 0.485187292098999 0.3674963116645813 0.17630378901958466
v 0.5046982765197754 0.3674963116645813 0.17107583582401276
v 0.4994703233242035 0.3674963116645813 0.1620207577943802
v 0.5032974481582642 0.3674963116645813 0.16584788262844086
v 0.4942423701286316 0.3674963116645813 0.16061992943286896
v 0.4890144169330597 0.3674963116645813 0.1620207577943802
v 0.485187292098999 0.3674963116645813 0.16584788262844086
v 0.4837864637374878 0.3674963116645813 0.17107583582401276
v 0.4896770417690277 0.40148091316223145 0.18324843049049377
v 0.4896770417690277 0.40188825130462646 0.18324843049049377
v 0.4886576533317566 0.40188825130462646 0.18705284595489502
v 0.4886576533317566 0.40148091316223145 0.18705284595489502
v 0.48587262630462646 0.40188825130462646 0.18983787298202515
v 0.48587262630462646 0.40148091316223145 0.18983787298202515
v 0.48587262630462646 0.40148091316223145 0.18983787298202515
v 0.48587262630462646 0.40188825130462646 0.18983787298202515
v 0.4820682108402252 0.40188825130462646 0.19085726141929626
v 0.4820682108402252 0.40148091316223145 0.19085726141929626
v 0.478263795375824 0.40188825130462646 0.18983787298202515
v 0.478263795375824 0.40148091316223145 0.18983787298202515
v 0.47547876834869385 0.40188825130462646 0.18705284595489502
v 0.47547876834869385 0.40148091316223145 0.18705284595489502
v 0.47547876834869385 0.40148091316223145 0.18705284595489502
v 0.47547876834869385 0.40188825130462646 0.18705284595489502
v 0.47445937991142273 0.40188825130462646 0.18324843049049377
v 0.47445937991142273 0.40148091316223145 0.18324843049049377
v 0.47547876834869385 0.3967142403125763 0.18705284595489502
v 0.47445937991142273 0.3967142403125763 0.18324843049049377
v 0.4740992784500122 0.3967142403125763 0.18324843049049377
v 0.475166916847229 0.3967142403125763 0.18723289668560028
v 0.478263795375824 0.3967142403125763 0.18983787298202515
v 0.4780837595462799 0.3967142403125763 0.19014972448349
v 0.4820682108402252 0.3967142403125763 0.19085726141929626
v 0.4820682108402252 0.3967142403125763 0.1912173628807068
v 0.48587262630462646 0.3967142403125763 0.18983787298202515
v 0.48605266213417053 0.3967142403125763 0.19014972448349
v 0.4886576533317566 0.3967142403125763 0.18705284595489502
v 0.48896950483322144 0.3967142403125763 0.18723289668560028
v 0.4896770417690277 0.3967142403125763 0.18324843049049377
v 0.49003714323043823 0.3967142403125763 0.18324843049049377
v 0.478263795375824 0.3967142403125763 0.18983787298202515
v 0.478263795375824 0.3971216082572937 0.18983787298202515
v 0.47547876834869385 0.3971216082572937 0.18705284595489502
v 0.47547876834869385 0.3967142403125763 0.18705284595489502
v 0.4820682108402252 0.3971216082572937 0.19085726141929626
v 0.4820682108402252 0.3967142403125763 0.19085726141929626
v 0.48587262630462646 0.3971216082572937 0.18983787298202515
v 0.48587262630462646 0.3967142403125763 0.18983787298202515
v 0.4886576533317566 0.3971216082572937 0.18705284595489502
v 0.48587262630462646 0.3971216082572937 0.18983787298202515
v 0.4886576533317566 0.3967142403125763 0.18705284595489502
v 0.48587262630462646 0.3967142403125763 0.18983787298202515
v 0.4896770417690277 0.3971216082572937 0.18324843049049377
v 0.4896770417690277 0.3967142403125763 0.18324843049049377
v 0.47445937991142273 0.40188825130462646 0.18324843049049377
v 0.47547876834869385 0.40188825130462646 0.18705284595489502
v 0.4759393632411957 0.40188825130462646 0.18678691983222961
v 0.47499123215675354 0.40188825130462646 0.18324843049049377
v 0.478263795375824 0.40188825130462646 0.18983787298202515
v 0.4785297214984894 0.40188825130462646 0.18937726318836212
v 0.4820682108402252 0.40188825130462646 0.19085726141929626
v 0.4820682108402252 0.40188825130462646 0.19032540917396545
v 0.48587262630462646 0.40188825130462646 0.18983787298202515
v 0.48560670018196106 0.40188825130462646 0.18937726318836212
v 0.4886576533317566 0.40188825130462646 0.18705284595489502
v 0.48819705843925476 0.40188825130462646 0.18678691983222961
v 0.4896770417690277 0.40188825130462646 0.18324843049049377
v 0.4891451895236969 0.40188825130462646 0.18324843049049377
v 0.47547876834869385 0.3967142403125763 0.18705284595489502
v 0.47547876834869385 0.3971216082572937 0.18705284595489502
v 0.47445937991142273 0.3971216082572937 0.18324843049049377
v 0.47445937991142273 0.3967142403125763 0.18324843049049377
v 0.4703170359134674 0.3967142403125763 0.19497637450695038
v 0.4703170359134674 0.3967142403125763 0.18324843049049377
v 0.46989408135414124 0.3967142403125763 0.18324843049049377
v 0.46989408135414124 0.3967142403125763 0.19497637450695038
v 0.5043618679046631 0.3943808674812317 0.15534205734729767
v 0.5043618679046631 0.3945837616920471 0.15534205734729767
v 0.5028579831123352 0.3945837616920471 0.15684597194194794
v 0.5028579831123352 0.3943808674812317 0.15684597194194794
v 0.5064162611961365 0.3943808674812317 0.15479159355163574
v 0.5064162611961365 0.3945837616920471 0.15479159355163574
v 0.5043618679046631 0.3945837616920471 0.15534205734729767
v 0.5043618679046631 0.3943808674812317 0.15534205734729767
v 0.5064162611961365 0.3945837616920471 0.15479159355163574
v 0.5064162611961365 0.3945837616920471 0.1552024632692337
v 0.5045673251152039 0.3945837616920471 0.15569788217544556
v 0.5043618679046631 0.3945837616920471 0.15534205734729767
v 0.5032138228416443 0.3945837616920471 0.15705141425132751
v 0.5028579831123352 0.3945837616920471 0.15684597194194794
v 0.4703170359134674 0.3967142403125763 0.19542255997657776
v 0.46989408135414124 0.3967142403125763 0.19542255997657776
v 0.5043618679046631 0.3921489417552948 0.15534205734729767
v 0.5043618679046631 0.39235183596611023 0.15534205734729767
v 0.5028579831123352 0.39235183596611023 0.15684597194194794
v 0.5028579831123352 0.3921489417552948 0.15684597194194794
v 0.4820682108402252 0.3967142403125763 0.19542257487773895
v 0.4820682108402252 0.3967142403125763 0.19497637450695038
v 0.5064162611961365 0.3921489417552948 0.15479159355163574
v 0.5064162611961365 0.39235183596611023 0.15479159355163574
v 0.5043618679046631 0.39235183596611023 0.15534205734729767
v 0.5043618679046631 0.3921489417552948 0.15534205734729767
v 0.5023075342178345 0.3921489417552948 0.15890036523342133
v 0.5018966197967529 0.3921489417552948 0.15890036523342133
v 0.5084706544876099 0.39235183596611023 0.1624586582183838
v 0.5064163208007812 0.39235183596611023 0.16300912201404572
v 0.5064163208007812 0.3943808674812317 0.16300912201404572
v 0.5084706544876099 0.3943808674812317 0.1624586582183838
v 0.5084706544876099 0.3921489417552948 0.1624586582183838
v 0.5064163208007812 0.3921489417552948 0.16300912201404572
v 0.5084706544876099 0.3945837616920471 0.1624586582183838
v 0.5064163208007812 0.3945837616920471 0.16300912201404572
v 0.5064163208007812 0.3945837616920471 0.16259825229644775
v 0.5082652568817139 0.3945837616920471 0.1621028333902359
v 0.5140253305435181 0.40148091316223145 0.18324843049049377
v 0.5140253305435181 0.40188825130462646 0.18324843049049377
v 0.5130059123039246 0.40188825130462646 0.18705284595489502
v 0.5130059123039246 0.40148091316223145 0.18705284595489502
v 0.5102208852767944 0.40188825130462646 0.18983787298202515
v 0.5102208852767944 0.40148091316223145 0.18983787298202515
v 0.5102208852767944 0.40148091316223145 0.18983787298202515
v 0.5102208852767944 0.40188825130462646 0.18983787298202515
v 0.5064164996147156 0.40188825130462646 0.19085726141929626
v 0.5064164996147156 0.40148091316223145 0.19085726141929626
v 0.5026120543479919 0.40188825130462646 0.18983787298202515
v 0.5026120543479919 0.40148091316223145 0.18983787298202515
v 0.4998270273208618 0.40188825130462646 0.18705284595489502
v 0.4998270273208618 0.40148091316223145 0.18705284595489502
v 0.4998270273208618 0.40148091316223145 0.18705284595489502
v 0.4998270273208618 0.40188825130462646 0.18705284595489502
v 0.4988076388835907 0.40188825130462646 0.18324843049049377
v 0.4988076388835907 0.40148091316223145 0.18324843049049377
v 0.4998270273208618 0.3967142403125763 0.18705284595489502
v 0.4988076388835907 0.3967142403125763 0.18324843049049377
v 0.4984475374221802 0.3967142403125763 0.18324843049049377
v 0.499515175819397 0.3967142403125763 0.18723289668560028
v 0.5026120543479919 0.3967142403125763 0.18983787298202515
v 0.5024319887161255 0.3967142403125763 0.19014972448349
v 0.5064164996147156 0.3967142403125763 0.19085726141929626
v 0.5064164996147156 0.3967142403125763 0.1912173628807068
v 0.5102208852767944 0.3967142403125763 0.18983787298202515
v 0.5104009509086609 0.3967142403125763 0.19014972448349
v 0.5130059123039246 0.3967142403125763 0.18705284595489502
v 0.5133177638053894 0.3967142403125763 0.18723289668560028
v 0.5140253305435181 0.3967142403125763 0.18324843049049377
v 0.5143854022026062 0.3967142403125763 0.18324843049049377
v 0.5026120543479919 0.3967142403125763 0.18983787298202515
v 0.5026120543479919 0.3971216082572937 0.18983787298202515
v 0.4998270273208618 0.3971216082572937 0.18705284595489502
v 0.4998270273208618 0.3967142403125763 0.18705284595489502
v 0.5064164996147156 0.3971216082572937 0.19085726141929626
v 0.5064164996147156 0.3967142403125763 0.19085726141929626
v 0.5102208852767944 0.3971216082572937 0.18983787298202515
v 0.5102208852767944 0.3967142403125763 0.18983787298202515
v 0.5130059123039246 0.3971216082572937 0.18705284595489502
v 0.5102208852767944 0.3971216082572937 0.18983787298202515
v 0.5130059123039246 0.3967142403125763 0.18705284595489502
v 0.5102208852767944 0.3967142403125763 0.18983787298202515
v 0.5140253305435181 0.3971216082572937 0.18324843049049377
v 0.5140253305435181 0.3967142403125763 0.18324843049049377
v 0.5026120543479919 0.40188825130462646 0.18983787298202515
v 0.5064164996147156 0.40188825130462646 0.19085726141929626
v 0.5064164996147156 0.40188825130462646 0.19032540917396545
v 0.5028780102729797 0.40188825130462646 0.18937726318836212
v 0.4998270273208618 0.3967142403125763 0.18705284595489502
v 0.4998270273208618 0.3971216082572937 0.18705284595489502
v 0.4988076388835907 0.3971216082572937 0.18324843049049377
v 0.4988076388835907 0.3967142403125763 0.18324843049049377
v 0.5064163208007812 0.3945837616920471 0.16300912201404572
v 0.5084706544876099 0.3945837616920471 0.1624586582183838
v 0.5003291964530945 0.3921489417552948 0.15890036523342133
v 0.5023075342178345 0.3945837616920471 0.15890036523342133
v 0.5023075342178345 0.3943808674812317 0.15890036523342133
v 0.5181674361228943 0.3967142403125763 0.19542257487773895
v 0.5181674361228943 0.3967142403125763 0.19497637450695038
v 0.5064164996147156 0.3967142403125763 0.19497637450695038
v 0.5064164996147156 0.3967142403125763 0.19542257487773895
v 0.5027183890342712 0.3945837616920471 0.15890036523342133
v 0.5023075342178345 0.3945837616920471 0.15890036523342133
v 0.5185906291007996 0.3967142403125763 0.19497637450695038
v 0.5185906291007996 0.3967142403125763 0.18324843049049377
v 0.5181674361228943 0.3967142403125763 0.18324843049049377
v 0.5023075342178345 0.39235183596611023 0.15890036523342133
v 0.5023075342178345 0.3921489417552948 0.15890036523342133
v 0.5185906291007996 0.3967142403125763 0.19542257487773895
v 0.5043619275093079 0.3945837616920471 0.16245867311954498
v 0.5028579831123352 0.3945837616920471 0.16095475852489471
v 0.5032138228416443 0.3945837616920471 0.16074931621551514
v 0.5045673251152039 0.3945837616920471 0.1621028482913971
v 0.5064163208007812 0.3921489417552948 0.16300912201404572
v 0.5084706544876099 0.3921489417552948 0.1624586582183838
v 0.5086761116981506 0.3921489417552948 0.16281448304653168
v 0.5064163208007812 0.3921489417552948 0.16342000663280487
v 0.5133554935455322 0.3674963116645813 0.1515960991382599
v 0.5133554935455322 0.3677428662776947 0.1515960991382599
v 0.5064163208007812 0.3677428662776947 0.1515960991382599
v 0.5064163208007812 0.3674963116645813 0.1515960991382599
v 0.5181674361228943 0.38210529088974 0.14672622084617615
v 0.5064162611961365 0.38210529088974 0.14672622084617615
v 0.5064162611961365 0.39636680483818054 0.14672622084617615
v 0.5181674361228943 0.39636680483818054 0.14672622084617615
v 0.5181674361228943 0.3674963116645813 0.14672622084617615
v 0.5064162611961365 0.3674963116645813 0.14672622084617615
v 0.5064162611961365 0.3678438067436218 0.14672622084617615
v 0.5181674361228943 0.3678438067436218 0.14672622084617615
v 0.5133554935455322 0.3917989730834961 0.1515960991382599
v 0.5133554935455322 0.3921489417552948 0.1515960991382599
v 0.5064160823822021 0.3921489417552948 0.15159593522548676
v 0.5064160823822021 0.3917989730834961 0.15159593522548676
v 0.5043619275093079 0.3921489417552948 0.16245867311954498
v 0.5028579831123352 0.3921489417552948 0.16095475852489471
v 0.5028579831123352 0.39235183596611023 0.16095475852489471
v 0.5043619275093079 0.39235183596611023 0.16245867311954498
v 0.4942423403263092 0.3967142403125763 0.19542257487773895
v 0.4942423403263092 0.3967142403125763 0.19497637450695038
v 0.5136131644248962 0.3674963116645813 0.15132102370262146
v 0.5133554935455322 0.3674963116645813 0.1515960991382599
v 0.5064163208007812 0.3674963116645813 0.1515960991382599
v 0.5064163208007812 0.3674963116645813 0.15132102370262146
v 0.4942423403263092 0.3967142403125763 0.18324843049049377
v 0.5099745988845825 0.39235183596611023 0.16095474362373352
v 0.5084706544876099 0.39235183596611023 0.1624586582183838
v 0.5084706544876099 0.3943808674812317 0.1624586582183838
v 0.5099745988845825 0.3943808674812317 0.16095474362373352
v 0.5099745988845825 0.3921489417552948 0.16095474362373352
v 0.5084706544876099 0.3921489417552948 0.1624586582183838
v 0.4776795208454132 0.40188825130462646 0.18578225374221802
v 0.47700056433677673 0.40188825130462646 0.18324843049049377
v 0.479534387588501 0.40188825130462646 0.18763713538646698
v 0.4820682108402252 0.40188825130462646 0.18831606209278107
v 0.48460203409194946 0.40188825130462646 0.18763713538646698
v 0.48645690083503723 0.40188825130462646 0.18578225374221802
v 0.4871358573436737 0.40188825130462646 0.18324843049049377
v 0.500287652015686 0.40188825130462646 0.18678691983222961
v 0.5020277500152588 0.40188825130462646 0.18578225374221802
v 0.5013488531112671 0.40188825130462646 0.18324843049049377
v 0.4993395209312439 0.40188825130462646 0.18324843049049377
v 0.5125452876091003 0.40188825130462646 0.18678691983222961
v 0.5108051896095276 0.40188825130462646 0.18578225374221802
v 0.5089502930641174 0.40188825130462646 0.18763713538646698
v 0.5099549889564514 0.40188825130462646 0.18937726318836212
v 0.5134934782981873 0.40188825130462646 0.18324843049049377
v 0.5114840865135193 0.40188825130462646 0.18324843049049377
v 0.4988076388835907 0.40188825130462646 0.18324843049049377
v 0.4998270273208618 0.40188825130462646 0.18705284595489502
v 0.5102208852767944 0.40188825130462646 0.18983787298202515
v 0.5130059123039246 0.40188825130462646 0.18705284595489502
v 0.5140253305435181 0.40188825130462646 0.18324843049049377
v 0.503882646560669 0.40188825130462646 0.18763713538646698
v 0.5064164996147156 0.40188825130462646 0.18831606209278107
v 0.5099745988845825 0.3945837616920471 0.16095474362373352
v 0.5096187591552734 0.3945837616920471 0.16074930131435394
v 0.4942421019077301 0.3674963116645813 0.15132471919059753
v 0.4942421019077301 0.3674963116645813 0.1471722424030304
v 0.5064162611961365 0.3674963116645813 0.1471722424030304
v 0.500329315662384 0.3674963116645813 0.15132471919059753
v 0.5084706544876099 0.3945837616920471 0.1624586582183838
v 0.5099745988845825 0.3945837616920471 0.16095474362373352
v 0.500329315662384 0.3674963116645813 0.15159592032432556
v 0.4942423403263092 0.3921489417552948 0.15890036523342133
v 0.5064162611961365 0.3945837616920471 0.15890036523342133
v 0.5099745988845825 0.3921489417552948 0.16095474362373352
v 0.5103304386138916 0.3921489417552948 0.1611601859331131
v 0.5137207508087158 0.3917989730834961 0.15890055894851685
v 0.5137207508087158 0.3677428662776947 0.15890009701251984
v 0.5137207508087158 0.3677428662776947 0.1649872064590454
v 0.5137207508087158 0.3917989730834961 0.16498742997646332
v 0.5139919519424438 0.3674963116645813 0.17107455432415009
v 0.5137207508087158 0.3674963116645813 0.17107455432415009
v 0.5137207508087158 0.3674963116645813 0.16498732566833496
v 0.5139919519424438 0.3674963116645813 0.16498734056949615
v 0.5137207508087158 0.3921489417552948 0.16498742997646332
v 0.5137207508087158 0.3921489417552948 0.15890055894851685
v 0.5137207508087158 0.3917989730834961 0.1519612967967987
v 0.5137207508087158 0.3677428662776947 0.1519612967967987
v 0.5101141929626465 0.3945837616920471 0.15890036523342133
v 0.5096187591552734 0.3945837616920471 0.15705141425132751
v 0.5137207508087158 0.3674963116645813 0.16498732566833496
v 0.5137207508087158 0.3674963116645813 0.15890009701251984
v 0.5137207508087158 0.3674963116645813 0.1519612967967987
v 0.5137207508087158 0.3674963116645813 0.1515960991382599
v 0.5137207508087158 0.3677428662776947 0.1515960991382599
v 0.5137207508087158 0.3677428662776947 0.1515960991382599
v 0.5137207508087158 0.3674963116645813 0.1515960991382599
v 0.5185904502868652 0.3674963116645813 0.15890036523342133
v 0.5185904502868652 0.3674963116645813 0.1471722424030304
v 0.5185904502868652 0.3678438067436218 0.1471722424030304
v 0.5185904502868652 0.3678438067436218 0.15890036523342133
v 0.5139919519424438 0.3674963116645813 0.15890011191368103
v 0.5137207508087158 0.3674963116645813 0.15890009701251984
v 0.5137207508087158 0.3674963116645813 0.1519612967967987
v 0.5139919519424438 0.3674963116645813 0.1516999751329422
v 0.5185904502868652 0.3674963116645813 0.15890036523342133
v 0.5181674361228943 0.3674963116645813 0.15890035033226013
v 0.5181674361228943 0.3674963116645813 0.1471722424030304
v 0.5185904502868652 0.3674963116645813 0.1471722424030304
v 0.5105250477790833 0.39235183596611023 0.15890036523342133
v 0.5105250477790833 0.3943808674812317 0.15890036523342133
v 0.5099745988845825 0.3943808674812317 0.15684597194194794
v 0.5099745988845825 0.39235183596611023 0.15684597194194794
v 0.5105250477790833 0.3921489417552948 0.15890036523342133
v 0.5099745988845825 0.3921489417552948 0.15684597194194794
v 0.5137207508087158 0.3917989730834961 0.1515960991382599
v 0.5137207508087158 0.3921489417552948 0.1515960991382599
v 0.5139919519424438 0.3674963116645813 0.15132102370262146
v 0.5137207508087158 0.3674963116645813 0.1515960991382599
v 0.5099745988845825 0.39235183596611023 0.15684597194194794
v 0.5099745988845825 0.3943808674812317 0.15684597194194794
v 0.5084706544876099 0.3943808674812317 0.15534205734729767
v 0.5084706544876099 0.39235183596611023 0.15534205734729767
v 0.5181674361228943 0.3674963116645813 0.17107455432415009
v 0.5137207508087158 0.3917989730834961 0.1515960991382599
v 0.5137207508087158 0.3921489417552948 0.1519612967967987
v 0.5137207508087158 0.3921489417552948 0.1515960991382599
v 0.5099745988845825 0.3921489417552948 0.15684597194194794
v 0.5084706544876099 0.3921489417552948 0.15534205734729767
v 0.5099745988845825 0.3945837616920471 0.15684597194194794
v 0.5082652568817139 0.3945837616920471 0.15569789707660675
v 0.5084706544876099 0.3945837616920471 0.15534205734729767
v 0.5105250477790833 0.3945837616920471 0.15890036523342133
v 0.5105250477790833 0.3945837616920471 0.15890036523342133
v 0.5099745988845825 0.3945837616920471 0.15684597194194794
v 0.4886576533317566 0.40148091316223145 0.17944401502609253
v 0.4886576533317566 0.40188825130462646 0.17944401502609253
v 0.4886576533317566 0.40148091316223145 0.17944401502609253
v 0.48587262630462646 0.40148091316223145 0.1766589879989624
v 0.48587262630462646 0.40188825130462646 0.1766589879989624
v 0.4886576533317566 0.40188825130462646 0.17944401502609253
v 0.4820682108402252 0.40148091316223145 0.17563959956169128
v 0.4820682108402252 0.40188825130462646 0.17563959956169128
v 0.478263795375824 0.40148091316223145 0.1766589879989624
v 0.478263795375824 0.40188825130462646 0.1766589879989624
v 0.478263795375824 0.40148091316223145 0.1766589879989624
v 0.47547876834869385 0.40148091316223145 0.17944401502609253
v 0.47547876834869385 0.40188825130462646 0.17944401502609253
v 0.478263795375824 0.40188825130462646 0.1766589879989624
v 0.47547876834869385 0.3967142403125763 0.17944401502609253
v 0.475166916847229 0.3967142403125763 0.17926396429538727
v 0.478263795375824 0.3967142403125763 0.1766589879989624
v 0.4780837595462799 0.3967142403125763 0.17634713649749756
v 0.4820682108402252 0.3967142403125763 0.17563959956169128
v 0.4820682108402252 0.3967142403125763 0.17527949810028076
v 0.48587262630462646 0.3967142403125763 0.1766589879989624
v 0.48605266213417053 0.3967142403125763 0.17634713649749756
v 0.4886576533317566 0.3967142403125763 0.17944401502609253
v 0.48896950483322144 0.3967142403125763 0.17926396429538727
v 0.478263795375824 0.3967142403125763 0.1766589879989624
v 0.47547876834869385 0.3967142403125763 0.17944401502609253
v 0.47547876834869385 0.3971216082572937 0.17944401502609253
v 0.478263795375824 0.3971216082572937 0.1766589879989624
v 0.4820682108402252 0.3971216082572937 0.17563959956169128
v 0.478263795375824 0.3971216082572937 0.1766589879989624
v 0.4820682108402252 0.3967142403125763 0.17563959956169128
v 0.478263795375824 0.3967142403125763 0.1766589879989624
v 0.48587262630462646 0.3971216082572937 0.1766589879989624
v 0.48587262630462646 0.3967142403125763 0.1766589879989624
v 0.4886576533317566 0.3971216082572937 0.17944401502609253
v 0.4886576533317566 0.3967142403125763 0.17944401502609253
v 0.4886576533317566 0.3971216082572937 0.17944401502609253
v 0.4886576533317566 0.3967142403125763 0.17944401502609253
v 0.4759393632411957 0.40188825130462646 0.17970994114875793
v 0.47547876834869385 0.40188825130462646 0.17944401502609253
v 0.4785297214984894 0.40188825130462646 0.17711959779262543
v 0.478263795375824 0.40188825130462646 0.1766589879989624
v 0.4820682108402252 0.40188825130462646 0.1761714667081833
v 0.4820682108402252 0.40188825130462646 0.17563959956169128
v 0.48560670018196106 0.40188825130462646 0.17711959779262543
v 0.48587262630462646 0.40188825130462646 0.1766589879989624
v 0.48819705843925476 0.40188825130462646 0.17970994114875793
v 0.4886576533317566 0.40188825130462646 0.17944401502609253
v 0.5130059123039246 0.40148091316223145 0.17944401502609253
v 0.5130059123039246 0.40188825130462646 0.17944401502609253
v 0.5130059123039246 0.40148091316223145 0.17944401502609253
v 0.5102208852767944 0.40148091316223145 0.1766589879989624
v 0.5102208852767944 0.40188825130462646 0.1766589879989624
v 0.5130059123039246 0.40188825130462646 0.17944401502609253
v 0.5064164996147156 0.40148091316223145 0.17563959956169128
v 0.5064164996147156 0.40188825130462646 0.17563959956169128
v 0.5026120543479919 0.40148091316223145 0.1766589879989624
v 0.5026120543479919 0.40188825130462646 0.1766589879989624
v 0.5026120543479919 0.40148091316223145 0.1766589879989624
v 0.4998270273208618 0.40148091316223145 0.17944401502609253
v 0.4998270273208618 0.40188825130462646 0.17944401502609253
v 0.5026120543479919 0.40188825130462646 0.1766589879989624
v 0.4998270273208618 0.3967142403125763 0.17944401502609253
v 0.499515175819397 0.3967142403125763 0.17926396429538727
v 0.5026120543479919 0.3967142403125763 0.1766589879989624
v 0.5024319887161255 0.3967142403125763 0.17634713649749756
v 0.5064164996147156 0.3967142403125763 0.17563959956169128
v 0.5064164996147156 0.3967142403125763 0.17527949810028076
v 0.5102208852767944 0.3967142403125763 0.1766589879989624
v 0.5104009509086609 0.3967142403125763 0.17634713649749756
v 0.5130059123039246 0.3967142403125763 0.17944401502609253
v 0.5133177638053894 0.3967142403125763 0.17926396429538727
v 0.5026120543479919 0.3967142403125763 0.1766589879989624
v 0.4998270273208618 0.3967142403125763 0.17944401502609253
v 0.4998270273208618 0.3971216082572937 0.17944401502609253
v 0.5026120543479919 0.3971216082572937 0.1766589879989624
v 0.5064164996147156 0.3971216082572937 0.17563959956169128
v 0.5026120543479919 0.3971216082572937 0.1766589879989624
v 0.5064164996147156 0.3967142403125763 0.17563959956169128
v 0.5026120543479919 0.3967142403125763 0.1766589879989624
v 0.5102208852767944 0.3971216082572937 0.1766589879989624
v 0.5102208852767944 0.3967142403125763 0.1766589879989624
v 0.5130059123039246 0.3971216082572937 0.17944401502609253
v 0.5130059123039246 0.3967142403125763 0.17944401502609253
v 0.5130059123039246 0.3971216082572937 0.17944401502609253
v 0.5130059123039246 0.3967142403125763 0.17944401502609253
v 0.5026120543479919 0.40188825130462646 0.1766589879989624
v 0.5028780102729797 0.40188825130462646 0.17711959779262543
v 0.5064164996147156 0.40188825130462646 0.1761714667081833
v 0.5064164996147156 0.40188825130462646 0.17563959956169128
v 0.5181674361228943 0.3967142403125763 0.1710743010044098
v 0.5099745988845825 0.3945837616920471 0.15684597194194794
v 0.5084706544876099 0.3945837616920471 0.15534205734729767
v 0.4942423403263092 0.3967142403125763 0.1710743010044098
v 0.4776795208454132 0.40188825130462646 0.18071462213993073
v 0.479534387588501 0.40188825130462646 0.17885972559452057
v 0.4820682108402252 0.40188825130462646 0.17818079888820648
v 0.48460203409194946 0.40188825130462646 0.17885974049568176
v 0.48645690083503723 0.40188825130462646 0.18071462213993073
v 0.500287652015686 0.40188825130462646 0.17970994114875793
v 0.5020277500152588 0.40188825130462646 0.18071462213993073
v 0.5125452876091003 0.40188825130462646 0.17970994114875793
v 0.5099549889564514 0.40188825130462646 0.17711959779262543
v 0.5089502930641174 0.40188825130462646 0.17885974049568176
v 0.5108051896095276 0.40188825130462646 0.18071462213993073
v 0.4998270273208618 0.40188825130462646 0.17944401502609253
v 0.5102208852767944 0.40188825130462646 0.1766589879989624
v 0.5130059123039246 0.40188825130462646 0.17944401502609253
v 0.503882646560669 0.40188825130462646 0.17885972559452057
v 0.5064164996147156 0.40188825130462646 0.17818079888820648
v 0.5103304386138916 0.3921489417552948 0.15664052963256836
v 0.5086761116981506 0.3921489417552948 0.15498623251914978
v 0.5133554935455322 0.3921489417552948 0.15196113288402557
v 0.5133554935455322 0.3921489417552948 0.1589001566171646
v 0.51093590259552 0.3921489417552948 0.15890036523342133
v 0.5084706544876099 0.3921489417552948 0.15534205734729767
v 0.5099745988845825 0.3921489417552948 0.15684597194194794
v 0.5185904502868652 0.38210529088974 0.1471722424030304
v 0.5185904502868652 0.39636680483818054 0.1471722424030304
v 0.5185904502868652 0.39636680483818054 0.15890035033226013
v 0.5185904502868652 0.38210529088974 0.15890035033226013
v 0.5185904502868652 0.38210529088974 0.14672622084617615
v 0.5185904502868652 0.39636680483818054 0.14672622084617615
v 0.5105250477790833 0.3921489417552948 0.15890036523342133
v 0.5137207508087158 0.3921489417552948 0.1519612967967987
v 0.5133554935455322 0.3921489417552948 0.1515960991382599
v 0.5137207508087158 0.3921489417552948 0.1515960991382599
v 0.5028579831123352 0.39235183596611023 0.16095475852489471
v 0.5028579831123352 0.3943808674812317 0.16095475852489471
v 0.5028579831123352 0.3921489417552948 0.16095475852489471
v 0.5185904502868652 0.39636680483818054 0.1710744947195053
v 0.5185904502868652 0.38210529088974 0.1710744947195053
v 0.5028579831123352 0.3945837616920471 0.16095475852489471
v 0.5185904502868652 0.3674963116645813 0.14672622084617615
v 0.5185904502868652 0.3678438067436218 0.14672622084617615
v 0.5185904502868652 0.3674963116645813 0.14672622084617615
v 0.5185904502868652 0.3678438067436218 0.14672622084617615
v 0.5181674361228943 0.3674963116645813 0.14672622084617615
v 0.5185904502868652 0.3674963116645813 0.14672622084617615
v 0.5185904502868652 0.38210529088974 0.14672622084617615
v 0.5185904502868652 0.39636680483818054 0.14672622084617615
v 0.5137207508087158 0.3921489417552948 0.15890055894851685
v 0.5133553147315979 0.3921489417552948 0.16498742997646332
v 0.5137207508087158 0.3921489417552948 0.16498742997646332
v 0.5028579831123352 0.3921489417552948 0.16095475852489471
v 0.5025021433830261 0.3921489417552948 0.1611602008342743
v 0.5064160823822021 0.3921489417552948 0.15159593522548676
v 0.5064160823822021 0.3921489417552948 0.16498742997646332
v 0.5043619275093079 0.3921489417552948 0.16245867311954498
v 0.5041564702987671 0.3921489417552948 0.16281449794769287
v 0.5028578042984009 0.3921489417552948 0.18119403719902039
v 0.5023073554039001 0.3921489417552948 0.18324844539165497
v 0.5018964409828186 0.3921489417552948 0.18324844539165497
v 0.5025019645690918 0.3921489417552948 0.180988609790802
v 0.5023073554039001 0.3943808674812317 0.18324844539165497
v 0.5028578042984009 0.3943808674812317 0.18119403719902039
v 0.5028578042984009 0.3945837616920471 0.18119403719902039
v 0.5023073554039001 0.3945837616920471 0.18324844539165497
v 0.5023073554039001 0.3945837616920471 0.18324844539165497
v 0.5028578042984009 0.3945837616920471 0.18119403719902039
v 0.5032135844230652 0.3945837616920471 0.18139947950839996
v 0.5027182102203369 0.3945837616920471 0.18324844539165497
v 0.5025019645690918 0.3921489417552948 0.18550826609134674
v 0.5003290176391602 0.3921489417552948 0.1901874840259552
v 0.5003290176391602 0.3921489417552948 0.18324822187423706
v 0.5101140141487122 0.3945837616920471 0.18324843049049377
v 0.5064160823822021 0.3945837616920471 0.18324843049049377
v 0.5096185803413391 0.3945837616920471 0.18139947950839996
v 0.5082650184631348 0.3945837616920471 0.1800459623336792
v 0.5064160823822021 0.3945837616920471 0.17955052852630615
v 0.5133553147315979 0.3921489417552948 0.19018763303756714
v 0.5133553147315979 0.3921489417552948 0.18324822187423706
v 0.5137205123901367 0.3921489417552948 0.18324822187423706
v 0.5137203335762024 0.3921489417552948 0.19018764793872833
v 0.5023073554039001 0.3921489417552948 0.18324844539165497
v 0.5028578042984009 0.3921489417552948 0.18119403719902039
v 0.5028578042984009 0.39235183596611023 0.18119403719902039
v 0.5023073554039001 0.39235183596611023 0.18324844539165497
v 0.5045671463012695 0.3945837616920471 0.1800459623336792
v 0.50321364402771 0.3945837616920471 0.18509739637374878
v 0.5041562914848328 0.3921489417552948 0.18716256320476532
v 0.5045671463012695 0.3945837616920471 0.18645091354846954
v 0.5064160823822021 0.3945837616920471 0.1869463175535202
v 0.5064160823822021 0.39235183596611023 0.18735720217227936
v 0.5043616890907288 0.39235183596611023 0.18680673837661743
v 0.5043616890907288 0.3943808674812317 0.18680673837661743
v 0.5064160823822021 0.3943808674812317 0.18735720217227936
v 0.5064160823822021 0.3921489417552948 0.18735720217227936
v 0.5043616890907288 0.3921489417552948 0.18680673837661743
v 0.4942421615123749 0.3921489417552948 0.19018764793872833
v 0.5003290176391602 0.3921489417552948 0.19055287539958954
v 0.4942421615123749 0.3921489417552948 0.19055287539958954
v 0.5064160823822021 0.3945837616920471 0.18735720217227936
v 0.5043616890907288 0.3945837616920471 0.18680673837661743
v 0.5043616890907288 0.3945837616920471 0.18680673837661743
v 0.5064160823822021 0.3945837616920471 0.18735720217227936
v 0.5064163208007812 0.3921489417552948 0.19018763303756714
v 0.5064160823822021 0.3921489417552948 0.18776807188987732
v 0.5043616890907288 0.3921489417552948 0.18680673837661743
v 0.5064160823822021 0.3921489417552948 0.18735720217227936
v 0.5096185803413391 0.3945837616920471 0.18509738147258759
v 0.5064160823822021 0.3921489417552948 0.1791396588087082
v 0.5043616890907288 0.3921489417552948 0.17969012260437012
v 0.504156231880188 0.3921489417552948 0.17933429777622223
v 0.5064160823822021 0.3921489417552948 0.17872877418994904
v 0.5099744200706482 0.39235183596611023 0.18530280888080597
v 0.5099744200706482 0.3943808674812317 0.18530280888080597
v 0.5105248689651489 0.3943808674812317 0.18324843049049377
v 0.5105248689651489 0.39235183596611023 0.18324843049049377
v 0.5064159035682678 0.3921489417552948 0.19055287539958954
v 0.5099744200706482 0.3921489417552948 0.18530280888080597
v 0.5105248689651489 0.3921489417552948 0.18324843049049377
v 0.5099744200706482 0.3945837616920471 0.18530280888080597
v 0.5105248689651489 0.3945837616920471 0.18324843049049377
v 0.5099744200706482 0.3945837616920471 0.18530280888080597
v 0.5105248689651489 0.3945837616920471 0.18324843049049377
v 0.5133551359176636 0.3921489417552948 0.19055287539958954
v 0.5064159035682678 0.3921489417552948 0.19055287539958954
v 0.5133551359176636 0.3921489417552948 0.19055287539958954
v 0.5133551359176636 0.3917989730834961 0.19055287539958954
v 0.5064159035682678 0.3917989730834961 0.19055287539958954
v 0.5185902118682861 0.38210529088974 0.19542257487773895
v 0.5185902118682861 0.38210529088974 0.19497637450695038
v 0.5185902118682861 0.39636680483818054 0.19497637450695038
v 0.5185902118682861 0.39636680483818054 0.19542257487773895
v 0.5103302597999573 0.3921489417552948 0.18550825119018555
v 0.5109357237815857 0.3921489417552948 0.18324843049049377
v 0.5181674361228943 0.3674963116645813 0.19542257487773895
v 0.5181674361228943 0.3674963116645813 0.19497637450695038
v 0.5185902118682861 0.3674963116645813 0.19497637450695038
v 0.5185902118682861 0.3674963116645813 0.19542257487773895
v 0.5181674361228943 0.3674963116645813 0.19542257487773895
v 0.5185902118682861 0.3674963116645813 0.19542257487773895
v 0.5185902118682861 0.3678438067436218 0.19542257487773895
v 0.5181674361228943 0.3678438067436218 0.19542257487773895
v 0.5185902118682861 0.3674963116645813 0.19542257487773895
v 0.5185902118682861 0.3674963116645813 0.19497637450695038
v 0.5185902118682861 0.3678438067436218 0.19497637450695038
v 0.5185902118682861 0.3678438067436218 0.19542257487773895
v 0.5043616890907288 0.3943808674812317 0.17969012260437012
v 0.5064160823822021 0.3943808674812317 0.1791396588087082
v 0.5064160823822021 0.3945837616920471 0.1791396588087082
v 0.5043616890907288 0.3945837616920471 0.17969012260437012
v 0.5064160823822021 0.3674963116645813 0.19497637450695038
v 0.5064163208007812 0.3674963116645813 0.19082407653331757
v 0.5136165022850037 0.3674963116645813 0.19082407653331757
v 0.5139954090118408 0.3674963116645813 0.19082407653331757
v 0.5043616890907288 0.3945837616920471 0.17969012260437012
v 0.5064160823822021 0.3945837616920471 0.1791396588087082
v 0.5064160823822021 0.38210529088974 0.19542257487773895
v 0.5064160823822021 0.39636680483818054 0.19542257487773895
v 0.49424198269844055 0.39636680483818054 0.19542257487773895
v 0.49424198269844055 0.38210529088974 0.19542257487773895
v 0.5043616890907288 0.3921489417552948 0.17969012260437012
v 0.5064160823822021 0.3921489417552948 0.1791396588087082
v 0.5064160823822021 0.39235183596611023 0.1791396588087082
v 0.5043616890907288 0.39235183596611023 0.17969012260437012
v 0.5105248689651489 0.3921489417552948 0.18324843049049377
v 0.5099744200706482 0.3921489417552948 0.18530280888080597
v 0.5137203335762024 0.3921489417552948 0.19055287539958954
v 0.4942421615123749 0.3921489417552948 0.18324843049049377
v 0.5084704756736755 0.3921489417552948 0.18680672347545624
v 0.5086759328842163 0.3921489417552948 0.18716256320476532
v 0.5181674361228943 0.38210529088974 0.19542257487773895
v 0.5185902118682861 0.38210529088974 0.19542257487773895
v 0.5185902118682861 0.39636680483818054 0.19542257487773895
v 0.5181674361228943 0.39636680483818054 0.19542257487773895
v 0.4942418932914734 0.3674963116645813 0.19497637450695038
v 0.5064160823822021 0.3674963116645813 0.19542257487773895
v 0.49424198269844055 0.3674963116645813 0.19542257487773895
v 0.49424198269844055 0.3674963116645813 0.19542257487773895
v 0.5064160823822021 0.3674963116645813 0.19542257487773895
v 0.5064160823822021 0.3678438067436218 0.19542257487773895
v 0.49424198269844055 0.3678438067436218 0.19542257487773895
v 0.5003291368484497 0.3674963116645813 0.19082407653331757
v 0.5003291368484497 0.3674963116645813 0.19055287539958954
v 0.506416380405426 0.3674963116645813 0.19055287539958954
v 0.5084704756736755 0.3943808674812317 0.18680672347545624
v 0.5084704756736755 0.3945837616920471 0.18680672347545624
v 0.5084704756736755 0.3945837616920471 0.18680672347545624
v 0.5084704756736755 0.3943808674812317 0.18680672347545624
v 0.5082650184631348 0.3945837616920471 0.18645089864730835
v 0.5084704756736755 0.3945837616920471 0.18680672347545624
v 0.5084704756736755 0.3921489417552948 0.18680672347545624
v 0.5084704756736755 0.39235183596611023 0.18680672347545624
v 0.5133551359176636 0.3674963116645813 0.19055287539958954
v 0.5137203335762024 0.3674963116645813 0.19055287539958954
v 0.5137203335762024 0.3921489417552948 0.19055287539958954
v 0.5137203335762024 0.3917989730834961 0.19055287539958954
v 0.5137203335762024 0.3677428662776947 0.19055287539958954
v 0.5133551359176636 0.3677428662776947 0.19055287539958954
v 0.4942418932914734 0.3674963116645813 0.19082407653331757
v 0.5137203335762024 0.3674963116645813 0.19018764793872833
v 0.5139954090118408 0.3674963116645813 0.19044528901576996
v 0.5137203335762024 0.3921489417552948 0.19018764793872833
v 0.5137203335762024 0.3917989730834961 0.19018764793872833
v 0.5137203335762024 0.3677428662776947 0.19018764793872833
v 0.5084704756736755 0.39235183596611023 0.18680672347545624
v 0.5084704756736755 0.3921489417552948 0.18680672347545624
v 0.5133551359176636 0.3674963116645813 0.19055287539958954
v 0.5137203335762024 0.3674963116645813 0.19055287539958954
v 0.5137203335762024 0.3674963116645813 0.19018764793872833
v 0.506416380405426 0.3674963116645813 0.19055287539958954
v 0.506416380405426 0.3677428662776947 0.19055287539958954
v 0.5003291368484497 0.3674963116645813 0.19055287539958954
v 0.5003292560577393 0.3677428662776947 0.19055287539958954
v 0.5003290176391602 0.3917989730834961 0.19055287539958954
v 0.4942421615123749 0.3677428662776947 0.19055287539958954
v 0.4942421615123749 0.3917989730834961 0.19055287539958954
v 0.5003290176391602 0.3921489417552948 0.19055287539958954
v 0.4942418932914734 0.3674963116645813 0.19055287539958954
v 0.4942418932914734 0.3674963116645813 0.19055287539958954
v 0.4942421615123749 0.3921489417552948 0.19055287539958954
v 0.5028578042984009 0.3921489417552948 0.18530282378196716
v 0.5133553147315979 0.3921489417552948 0.1771613508462906
v 0.5064160823822021 0.3921489417552948 0.1771613508462906
v 0.5064160823822021 0.3921489417552948 0.17107446491718292
v 0.5133553147315979 0.3921489417552948 0.17107447981834412
v 0.5139917135238647 0.3674963116645813 0.17716145515441895
v 0.5139954090118408 0.3674963116645813 0.18324844539165497
v 0.5137203335762024 0.3674963116645813 0.18324844539165497
v 0.5137205123901367 0.3674963116645813 0.17716145515441895
v 0.5028578042984009 0.3943808674812317 0.18530282378196716
v 0.5028578042984009 0.3945837616920471 0.18530282378196716
v 0.5137205123901367 0.3674963116645813 0.17716145515441895
v 0.5137203335762024 0.3674963116645813 0.18324844539165497
v 0.5137203335762024 0.3677428662776947 0.18324844539165497
v 0.5137205123901367 0.3677428662776947 0.1771615892648697
v 0.5028578042984009 0.3945837616920471 0.18530282378196716
v 0.5028578042984009 0.3921489417552948 0.18530282378196716
v 0.5028578042984009 0.39235183596611023 0.18530282378196716
v 0.5137205123901367 0.3917989730834961 0.18324822187423706
v 0.5137205123901367 0.3917989730834961 0.1771613508462906
v 0.5181674361228943 0.3674963116645813 0.18324844539165497
v 0.5043616890907288 0.39235183596611023 0.17969012260437012
v 0.5043616890907288 0.3943808674812317 0.17969012260437012
v 0.5043616890907288 0.3921489417552948 0.17969012260437012
v 0.5137205123901367 0.3921489417552948 0.18324822187423706
v 0.5185902118682861 0.3674963116645813 0.18324843049049377
v 0.5185902118682861 0.3678438067436218 0.18324843049049377
v 0.5185902118682861 0.3674963116645813 0.18324843049049377
v 0.5185902118682861 0.38210529088974 0.18324843049049377
v 0.5185902118682861 0.39636680483818054 0.18324843049049377
v 0.5084704756736755 0.39235183596611023 0.17969012260437012
v 0.5084704756736755 0.3943808674812317 0.17969012260437012
v 0.5084704756736755 0.3921489417552948 0.17969012260437012
v 0.5084704756736755 0.3945837616920471 0.17969012260437012
v 0.5084704756736755 0.3945837616920471 0.17969012260437012
v 0.5086759328842163 0.3921489417552948 0.17933429777622223
v 0.5028578042984009 0.3943808674812317 0.18530282378196716
v 0.5028578042984009 0.3945837616920471 0.18530282378196716
v 0.5028578042984009 0.3921489417552948 0.18530282378196716
v 0.5028578042984009 0.39235183596611023 0.18530282378196716
v 0.5084704756736755 0.3921489417552948 0.17969012260437012
v 0.5099744200706482 0.3943808674812317 0.18119403719902039
v 0.5099744200706482 0.39235183596611023 0.18119403719902039
v 0.5099744200706482 0.3921489417552948 0.18119403719902039
v 0.5099744200706482 0.39235183596611023 0.18119403719902039
v 0.5099744200706482 0.3943808674812317 0.18119403719902039
v 0.5099744200706482 0.3921489417552948 0.18119403719902039
v 0.5099744200706482 0.3945837616920471 0.18119403719902039
v 0.5099744200706482 0.3945837616920471 0.18119403719902039
v 0.5099744200706482 0.3945837616920471 0.18119403719902039
v 0.5103302597999573 0.3921489417552948 0.1809885948896408
v 0.5099744200706482 0.3921489417552948 0.18119403719902039
v 0.5043616890907288 0.3945837616920471 0.17969012260437012
v 0.5137205123901367 0.3921489417552948 0.17107447981834412
v 0.5137205123901367 0.3917989730834961 0.17107447981834412
v 0.5137205123901367 0.3921489417552948 0.1771613508462906
v 0.4896770417690277 0.40148091316223145 0.1589001715183258
v 0.4896770417690277 0.40188825130462646 0.1589001715183258
v 0.4886576533317566 0.40188825130462646 0.16270458698272705
v 0.4886576533317566 0.40148091316223145 0.16270458698272705
v 0.48587262630462646 0.40188825130462646 0.16548961400985718
v 0.48587262630462646 0.40148091316223145 0.16548961400985718
v 0.48587262630462646 0.40148091316223145 0.16548961400985718
v 0.48587262630462646 0.40188825130462646 0.16548961400985718
v 0.4820682108402252 0.40188825130462646 0.1665090024471283
v 0.4820682108402252 0.40148091316223145 0.1665090024471283
v 0.478263795375824 0.40188825130462646 0.16548961400985718
v 0.478263795375824 0.40148091316223145 0.16548961400985718
v 0.47547876834869385 0.40188825130462646 0.16270458698272705
v 0.47547876834869385 0.40148091316223145 0.16270458698272705
v 0.47547876834869385 0.40148091316223145 0.16270458698272705
v 0.47547876834869385 0.40188825130462646 0.16270458698272705
v 0.47445937991142273 0.40188825130462646 0.1589001715183258
v 0.47445937991142273 0.40148091316223145 0.1589001715183258
v 0.47547876834869385 0.3967142403125763 0.16270458698272705
v 0.47445937991142273 0.3967142403125763 0.1589001715183258
v 0.4740992784500122 0.3967142403125763 0.1589001715183258
v 0.475166916847229 0.3967142403125763 0.1628846377134323
v 0.478263795375824 0.3967142403125763 0.16548961400985718
v 0.4780837595462799 0.3967142403125763 0.16580146551132202
v 0.4820682108402252 0.3967142403125763 0.1665090024471283
v 0.4820682108402252 0.3967142403125763 0.16686910390853882
v 0.48587262630462646 0.3967142403125763 0.16548961400985718
v 0.48605266213417053 0.3967142403125763 0.16580146551132202
v 0.4886576533317566 0.3967142403125763 0.16270458698272705
v 0.48896950483322144 0.3967142403125763 0.1628846377134323
v 0.4896770417690277 0.3967142403125763 0.1589001715183258
v 0.49003714323043823 0.3967142403125763 0.1589001715183258
v 0.478263795375824 0.3967142403125763 0.16548961400985718
v 0.478263795375824 0.3971216082572937 0.16548961400985718
v 0.47547876834869385 0.3971216082572937 0.16270458698272705
v 0.47547876834869385 0.3967142403125763 0.16270458698272705
v 0.4820682108402252 0.3971216082572937 0.1665090024471283
v 0.4820682108402252 0.3967142403125763 0.1665090024471283
v 0.48587262630462646 0.3971216082572937 0.16548961400985718
v 0.48587262630462646 0.3967142403125763 0.16548961400985718
v 0.4886576533317566 0.3971216082572937 0.16270458698272705
v 0.48587262630462646 0.3971216082572937 0.16548961400985718
v 0.4886576533317566 0.3967142403125763 0.16270458698272705
v 0.48587262630462646 0.3967142403125763 0.16548961400985718
v 0.4896770417690277 0.3971216082572937 0.1589001715183258
v 0.4896770417690277 0.3967142403125763 0.1589001715183258
v 0.47445937991142273 0.40188825130462646 0.1589001715183258
v 0.47547876834869385 0.40188825130462646 0.16270458698272705
v 0.4759393632411957 0.40188825130462646 0.16243866086006165
v 0.47499123215675354 0.40188825130462646 0.1589001715183258
v 0.478263795375824 0.40188825130462646 0.16548961400985718
v 0.4785297214984894 0.40188825130462646 0.16502900421619415
v 0.4820682108402252 0.40188825130462646 0.1665090024471283
v 0.4820682108402252 0.40188825130462646 0.1659771353006363
v 0.48587262630462646 0.40188825130462646 0.16548961400985718
v 0.48560670018196106 0.40188825130462646 0.16502900421619415
v 0.4886576533317566 0.40188825130462646 0.16270458698272705
v 0.48819705843925476 0.40188825130462646 0.16243864595890045
v 0.4896770417690277 0.40188825130462646 0.1589001715183258
v 0.4891451895236969 0.40188825130462646 0.1589001715183258
v 0.47547876834869385 0.3967142403125763 0.16270458698272705
v 0.47547876834869385 0.3971216082572937 0.16270458698272705
v 0.47445937991142273 0.3971216082572937 0.1589001715183258
v 0.47445937991142273 0.3967142403125763 0.1589001715183258
v 0.5140253305435181 0.40148091316223145 0.1589001715183258
v 0.5140253305435181 0.40188825130462646 0.1589001715183258
v 0.5130059123039246 0.40188825130462646 0.16270458698272705
v 0.5130059123039246 0.40148091316223145 0.16270458698272705
v 0.5102208852767944 0.40188825130462646 0.16548961400985718
v 0.5102208852767944 0.40148091316223145 0.16548961400985718
v 0.5102208852767944 0.40148091316223145 0.16548961400985718
v 0.5102208852767944 0.40188825130462646 0.16548961400985718
v 0.5064164996147156 0.40188825130462646 0.1665090024471283
v 0.5064164996147156 0.40148091316223145 0.1665090024471283
v 0.5026120543479919 0.40188825130462646 0.16548961400985718
v 0.5026120543479919 0.40148091316223145 0.16548961400985718
v 0.4998270273208618 0.40188825130462646 0.16270458698272705
v 0.4998270273208618 0.40148091316223145 0.16270458698272705
v 0.4998270273208618 0.40148091316223145 0.16270458698272705
v 0.4998270273208618 0.40188825130462646 0.16270458698272705
v 0.4988076388835907 0.40188825130462646 0.1589001715183258
v 0.4988076388835907 0.40148091316223145 0.1589001715183258
v 0.4998270273208618 0.3967142403125763 0.16270458698272705
v 0.4988076388835907 0.3967142403125763 0.1589001715183258
v 0.4984475374221802 0.3967142403125763 0.1589001715183258
v 0.499515175819397 0.3967142403125763 0.1628846377134323
v 0.5026120543479919 0.3967142403125763 0.16548961400985718
v 0.5024319887161255 0.3967142403125763 0.16580146551132202
v 0.5064164996147156 0.3967142403125763 0.1665090024471283
v 0.5064164996147156 0.3967142403125763 0.16686910390853882
v 0.5102208852767944 0.3967142403125763 0.16548961400985718
v 0.5104009509086609 0.3967142403125763 0.16580146551132202
v 0.5130059123039246 0.3967142403125763 0.16270458698272705
v 0.5133177638053894 0.3967142403125763 0.1628846377134323
v 0.5140253305435181 0.3967142403125763 0.1589001715183258
v 0.5143854022026062 0.3967142403125763 0.1589001715183258
v 0.5026120543479919 0.3967142403125763 0.16548961400985718
v 0.5026120543479919 0.3971216082572937 0.16548961400985718
v 0.4998270273208618 0.3971216082572937 0.16270458698272705
v 0.4998270273208618 0.3967142403125763 0.16270458698272705
v 0.5064164996147156 0.3971216082572937 0.1665090024471283
v 0.5064164996147156 0.3967142403125763 0.1665090024471283
v 0.5102208852767944 0.3971216082572937 0.16548961400985718
v 0.5102208852767944 0.3967142403125763 0.16548961400985718
v 0.5130059123039246 0.3971216082572937 0.16270458698272705
v 0.5102208852767944 0.3971216082572937 0.16548961400985718
v 0.5130059123039246 0.3967142403125763 0.16270458698272705
v 0.5102208852767944 0.3967142403125763 0.16548961400985718
v 0.5140253305435181 0.3971216082572937 0.1589001715183258
v 0.5140253305435181 0.3967142403125763 0.1589001715183258
v 0.5026120543479919 0.40188825130462646 0.16548961400985718
v 0.5064164996147156 0.40188825130462646 0.1665090024471283
v 0.5064164996147156 0.40188825130462646 0.1659771353006363
v 0.5028780102729797 0.40188825130462646 0.16502900421619415
v 0.4998270273208618 0.3967142403125763 0.16270458698272705
v 0.4998270273208618 0.3971216082572937 0.16270458698272705
v 0.4988076388835907 0.3971216082572937 0.1589001715183258
v 0.4988076388835907 0.3967142403125763 0.1589001715183258
v 0.48460203409194946 0.40188825130462646 0.16328886151313782
v 0.48645690083503723 0.40188825130462646 0.16143397986888885
v 0.4820682108402252 0.40188825130462646 0.1589001715183258
v 0.4820682108402252 0.40188825130462646 0.1639678031206131
v 0.479534387588501 0.40188825130462646 0.16328886151313782
v 0.4776795208454132 0.40188825130462646 0.16143397986888885
v 0.47700056433677673 0.40188825130462646 0.1589001715183258
v 0.4776795208454132 0.40188825130462646 0.15636634826660156
v 0.4871358573436737 0.40188825130462646 0.1589001566171646
v 0.48645690083503723 0.40188825130462646 0.15636634826660156
v 0.48460203409194946 0.40188825130462646 0.1545114666223526
v 0.4820682108402252 0.40188825130462646 0.15383252501487732
v 0.479534387588501 0.40188825130462646 0.1545114666223526
v 0.5108051896095276 0.40188825130462646 0.16143397986888885
v 0.5114840865135193 0.40188825130462646 0.1589001715183258
v 0.5064164996147156 0.40188825130462646 0.1589001715183258
v 0.5089502930641174 0.40188825130462646 0.16328886151313782
v 0.5064164996147156 0.40188825130462646 0.1639678031206131
v 0.503882646560669 0.40188825130462646 0.16328886151313782
v 0.5020277500152588 0.40188825130462646 0.16143397986888885
v 0.5013488531112671 0.40188825130462646 0.1589001715183258
v 0.5108051896095276 0.40188825130462646 0.15636634826660156
v 0.5020277500152588 0.40188825130462646 0.15636634826660156
v 0.5089502930641174 0.40188825130462646 0.1545114666223526
v 0.5064164996147156 0.40188825130462646 0.15383252501487732
v 0.503882646560669 0.40188825130462646 0.1545114666223526
v 0.5064164996147156 0.40188825130462646 0.18324843049049377
v 0.4820682108402252 0.40188825130462646 0.18324843049049377
v 0.500287652015686 0.40188825130462646 0.16243866086006165
v 0.4993395209312439 0.40188825130462646 0.1589001715183258
v 0.5125452876091003 0.40188825130462646 0.16243864595890045
v 0.5099549889564514 0.40188825130462646 0.16502900421619415
v 0.5134934782981873 0.40188825130462646 0.1589001715183258
v 0.4988076388835907 0.40188825130462646 0.1589001715183258
v 0.4998270273208618 0.40188825130462646 0.16270458698272705
v 0.5102208852767944 0.40188825130462646 0.16548961400985718
v 0.5130059123039246 0.40188825130462646 0.16270458698272705
v 0.5140253305435181 0.40188825130462646 0.1589001715183258
v 0.5137205123901367 0.3921489417552948 0.17107447981834412
v 0.5137205123901367 0.3921489417552948 0.1771613508462906
v 0.5137205123901367 0.3677428662776947 0.17107447981834412
v 0.4881550967693329 0.3921489417552948 0.1901874542236328
v 0.4881550967693329 0.3921489417552948 0.19055268168449402
v 0.4820682406425476 0.3921489417552948 0.19055268168449402
v 0.4820682406425476 0.3921489417552948 0.1901874542236328
v 0.48562633991241455 0.3921489417552948 0.18119384348392487
v 0.4841224253177643 0.3921489417552948 0.1796899288892746
v 0.48432785272598267 0.3921489417552948 0.1793341040611267
v 0.48598214983940125 0.3921489417552948 0.1809884011745453
v 0.4881550967693329 0.3921489417552948 0.19055268168449402
v 0.4881550967693329 0.3917989730834961 0.19055268168449402
v 0.4820682406425476 0.3917989730834961 0.19055268168449402
v 0.4820682406425476 0.3921489417552948 0.19055268168449402
v 0.4788655638694763 0.3945837616920471 0.18509718775749207
v 0.4820680320262909 0.3945837616920471 0.18324825167655945
v 0.4802190959453583 0.3945837616920471 0.18645071983337402
v 0.4841224253177643 0.3921489417552948 0.1868065595626831
v 0.48432785272598267 0.3921489417552948 0.187162384390831
v 0.4820680320262909 0.3921489417552948 0.187767893075943
v 0.4820680320262909 0.3921489417552948 0.18735702335834503
v 0.4841224253177643 0.3943808674812317 0.1796899288892746
v 0.48562633991241455 0.3943808674812317 0.18119384348392487
v 0.48562633991241455 0.3945837616920471 0.18119384348392487
v 0.4841224253177643 0.3945837616920471 0.1796899288892746
v 0.48562633991241455 0.3921489417552948 0.18530263006687164
v 0.48598217964172363 0.3921489417552948 0.18550807237625122
v 0.4841224253177643 0.3943808674812317 0.1868065595626831
v 0.4841224253177643 0.3945837616920471 0.1868065595626831
v 0.48562633991241455 0.3945837616920471 0.18530263006687164
v 0.48562633991241455 0.3943808674812317 0.18530263006687164
v 0.4820680320262909 0.3943808674812317 0.18735702335834503
v 0.4820680320262909 0.3945837616920471 0.18735702335834503
v 0.4841224253177643 0.3945837616920471 0.1868065595626831
v 0.4841224253177643 0.3943808674812317 0.1868065595626831
v 0.4820680320262909 0.3945837616920471 0.18735702335834503
v 0.4820680320262909 0.3945837616920471 0.18694613873958588
v 0.4839169681072235 0.3945837616920471 0.18645071983337402
v 0.4841224253177643 0.3945837616920471 0.1868065595626831
v 0.48527050018310547 0.3945837616920471 0.18509718775749207
v 0.48562633991241455 0.3945837616920471 0.18530263006687164
v 0.4841224253177643 0.3921489417552948 0.1868065595626831
v 0.4841224253177643 0.39235183596611023 0.1868065595626831
v 0.48562633991241455 0.39235183596611023 0.18530263006687164
v 0.48562633991241455 0.3921489417552948 0.18530263006687164
v 0.4820680320262909 0.3921489417552948 0.18735702335834503
v 0.4820680320262909 0.39235183596611023 0.18735702335834503
v 0.4841224253177643 0.39235183596611023 0.1868065595626831
v 0.4841224253177643 0.3921489417552948 0.1868065595626831
v 0.48617681860923767 0.3921489417552948 0.18324825167655945
v 0.48658767342567444 0.3921489417552948 0.18324825167655945
v 0.4800136387348175 0.39235183596611023 0.1796899437904358
v 0.4820680320262909 0.39235183596611023 0.17913947999477386
v 0.4820680320262909 0.3943808674812317 0.17913947999477386
v 0.4800136387348175 0.3943808674812317 0.1796899437904358
v 0.4800136387348175 0.3921489417552948 0.1796899437904358
v 0.4820680320262909 0.3921489417552948 0.17913947999477386
v 0.4800136387348175 0.3945837616920471 0.1796899437904358
v 0.4820680320262909 0.3945837616920471 0.17913947999477386
v 0.4820680320262909 0.3945837616920471 0.17955034971237183
v 0.4802190661430359 0.3945837616920471 0.18004578351974487
v 0.4820680320262909 0.3945837616920471 0.17913947999477386
v 0.4800136387348175 0.3945837616920471 0.1796899437904358
v 0.4881551265716553 0.3921489417552948 0.18324825167655945
v 0.48617681860923767 0.3945837616920471 0.18324825167655945
v 0.48617681860923767 0.3943808674812317 0.18324825167655945
v 0.4857659339904785 0.3945837616920471 0.18324825167655945
v 0.48617681860923767 0.3945837616920471 0.18324825167655945
v 0.48617681860923767 0.39235183596611023 0.18324825167655945
v 0.48617681860923767 0.3921489417552948 0.18324825167655945
v 0.4841224253177643 0.3945837616920471 0.1796899288892746
v 0.48562633991241455 0.3945837616920471 0.18119384348392487
v 0.48527050018310547 0.3945837616920471 0.18139928579330444
v 0.4839169681072235 0.3945837616920471 0.18004575371742249
v 0.4820680320262909 0.3921489417552948 0.17913947999477386
v 0.4800136387348175 0.3921489417552948 0.1796899437904358
v 0.47980818152427673 0.3921489417552948 0.1793341189622879
v 0.4820680320262909 0.3921489417552948 0.1787285953760147
v 0.47512879967689514 0.3674963116645813 0.1905525028705597
v 0.47512879967689514 0.3677428662776947 0.1905525028705597
v 0.4820680320262909 0.3677428662776947 0.1905525028705597
v 0.4820680320262909 0.3674963116645813 0.1905525028705597
v 0.4703170359134674 0.38210529088974 0.19542238116264343
v 0.4820680320262909 0.38210529088974 0.19542238116264343
v 0.4820680320262909 0.39636680483818054 0.19542238116264343
v 0.4703170359134674 0.39636680483818054 0.19542238116264343
v 0.4703170359134674 0.3674963116645813 0.19497637450695038
v 0.4820680320262909 0.3674963116645813 0.19497637450695038
v 0.4820680320262909 0.3674963116645813 0.19542238116264343
v 0.4703170359134674 0.3674963116645813 0.19542238116264343
v 0.4703170359134674 0.3674963116645813 0.19542238116264343
v 0.4820680320262909 0.3674963116645813 0.19542238116264343
v 0.4820680320262909 0.3678438067436218 0.19542238116264343
v 0.4703170359134674 0.3678438067436218 0.19542238116264343
v 0.47512879967689514 0.3917989730834961 0.1905525028705597
v 0.47512879967689514 0.3921489417552948 0.1905525028705597
v 0.4841224253177643 0.3921489417552948 0.1796899288892746
v 0.48562633991241455 0.3921489417552948 0.18119384348392487
v 0.48562633991241455 0.39235183596611023 0.18119384348392487
v 0.4841224253177643 0.39235183596611023 0.1796899288892746
v 0.4748711585998535 0.3674963116645813 0.19082757830619812
v 0.47512879967689514 0.3674963116645813 0.1905525028705597
v 0.4820680320262909 0.3674963116645813 0.1905525028705597
v 0.4820680320262909 0.3674963116645813 0.19082757830619812
v 0.4744924008846283 0.3674963116645813 0.19082757830619812
v 0.48815488815307617 0.3677428662776947 0.19055268168449402
v 0.47850972414016724 0.39235183596611023 0.18119385838508606
v 0.4800136387348175 0.39235183596611023 0.1796899437904358
v 0.4800136387348175 0.3943808674812317 0.1796899437904358
v 0.47850972414016724 0.3943808674812317 0.18119385838508606
v 0.47850972414016724 0.3921489417552948 0.18119385838508606
v 0.4800136387348175 0.3921489417552948 0.1796899437904358
v 0.47850972414016724 0.3945837616920471 0.18119385838508606
v 0.4788655638694763 0.3945837616920471 0.18139930069446564
v 0.4881550073623657 0.3674963116645813 0.19055268168449402
v 0.4800136387348175 0.3945837616920471 0.1796899437904358
v 0.47850972414016724 0.3945837616920471 0.18119385838508606
v 0.4881550073623657 0.3674963116645813 0.19082388281822205
v 0.4881550073623657 0.3674963116645813 0.19055268168449402
v 0.47850972414016724 0.3921489417552948 0.18119385838508606
v 0.47815388441085815 0.3921489417552948 0.18098841607570648
v 0.4747636020183563 0.3921489417552948 0.1710743010044098
v 0.4747636020183563 0.3921489417552948 0.17716117203235626
v 0.4747636020183563 0.3917989730834961 0.17716117203235626
v 0.4747636020183563 0.3917989730834961 0.1710743010044098
v 0.4747636020183563 0.3917989730834961 0.18324804306030273
v 0.4747636020183563 0.3677428662776947 0.18324850499629974
v 0.4747636020183563 0.3677428662776947 0.17716141045093536
v 0.4747636020183563 0.3921489417552948 0.18324804306030273
v 0.4856265187263489 0.3921489417552948 0.1609545648097992
v 0.4861769676208496 0.3921489417552948 0.1589001715183258
v 0.48658785223960876 0.3921489417552948 0.1589001715183258
v 0.48598235845565796 0.3921489417552948 0.16116000711917877
v 0.4861769676208496 0.3943808674812317 0.1589001715183258
v 0.4856265187263489 0.3943808674812317 0.1609545648097992
v 0.4856265187263489 0.3945837616920471 0.1609545648097992
v 0.4861769676208496 0.3945837616920471 0.1589001715183258
v 0.4861769676208496 0.3945837616920471 0.1589001715183258
v 0.4856265187263489 0.3945837616920471 0.1609545648097992
v 0.4852707087993622 0.3945837616920471 0.16074912250041962
v 0.48576611280441284 0.3945837616920471 0.1589001715183258
v 0.48598232865333557 0.3921489417552948 0.15664033591747284
v 0.4881552755832672 0.3921489417552948 0.15196111798286438
v 0.4881552755832672 0.3921489417552948 0.15890038013458252
v 0.4783703088760376 0.3945837616920471 0.158900186419487
v 0.4820682108402252 0.3945837616920471 0.1589001715183258
v 0.47886574268341064 0.3945837616920471 0.16074912250041962
v 0.4802192747592926 0.3945837616920471 0.16210265457630157
v 0.4820682108402252 0.3945837616920471 0.16259807348251343
v 0.47512897849082947 0.3921489417552948 0.15196096897125244
v 0.47512900829315186 0.3921489417552948 0.1589003950357437
v 0.47476378083229065 0.3921489417552948 0.1589003950357437
v 0.474763959646225 0.3921489417552948 0.15196095407009125
v 0.4861769676208496 0.3921489417552948 0.1589001715183258
v 0.4856265187263489 0.3921489417552948 0.1609545648097992
v 0.4856265187263489 0.39235183596611023 0.1609545648097992
v 0.4861769676208496 0.39235183596611023 0.1589001715183258
v 0.4839171767234802 0.3945837616920471 0.16210263967514038
v 0.4852706789970398 0.3945837616920471 0.157051220536232
v 0.484328031539917 0.3921489417552948 0.15498603880405426
v 0.48391714692115784 0.3945837616920471 0.15569768846035004
v 0.4820682108402252 0.3945837616920471 0.15520228445529938
v 0.4820682108402252 0.39235183596611023 0.15479139983654022
v 0.4841226041316986 0.39235183596611023 0.15534186363220215
v 0.4841226041316986 0.3943808674812317 0.15534186363220215
v 0.4820682108402252 0.3943808674812317 0.15479139983654022
v 0.4820682108402252 0.3921489417552948 0.15479139983654022
v 0.4841226041316986 0.3921489417552948 0.15534186363220215
v 0.4820682108402252 0.3945837616920471 0.15479139983654022
v 0.4841226041316986 0.3945837616920471 0.15534186363220215
v 0.4841226041316986 0.3945837616920471 0.15534186363220215
v 0.4820682108402252 0.3945837616920471 0.15479139983654022
v 0.4820680022239685 0.3921489417552948 0.15196096897125244
v 0.4820682108402252 0.3921489417552948 0.15438053011894226
v 0.4841226041316986 0.3921489417552948 0.15534186363220215
v 0.4820682108402252 0.3921489417552948 0.15479139983654022
v 0.47886574268341064 0.3945837616920471 0.1570512354373932
v 0.4820682108402252 0.3921489417552948 0.1630089432001114
v 0.4841226041316986 0.3921489417552948 0.16245847940444946
v 0.4843280613422394 0.3921489417552948 0.16281430423259735
v 0.4820682108402252 0.3921489417552948 0.16341982781887054
v 0.47850990295410156 0.39235183596611023 0.1568457931280136
v 0.47850990295410156 0.3943808674812317 0.1568457931280136
v 0.47795945405960083 0.3943808674812317 0.158900186419487
v 0.47795945405960083 0.39235183596611023 0.158900186419487
v 0.48206841945648193 0.3921489417552948 0.15159572660923004
v 0.4881552755832672 0.3921489417552948 0.15159572660923004
v 0.47850990295410156 0.3921489417552948 0.1568457931280136
v 0.47795945405960083 0.3921489417552948 0.158900186419487
v 0.47850990295410156 0.3945837616920471 0.1568457931280136
v 0.47795945405960083 0.3945837616920471 0.158900186419487
v 0.47850990295410156 0.3945837616920471 0.1568457931280136
v 0.47795945405960083 0.3945837616920471 0.158900186419487
v 0.4751291573047638 0.3921489417552948 0.15159572660923004
v 0.48206841945648193 0.3921489417552948 0.15159572660923004
v 0.4751291573047638 0.3921489417552948 0.15159572660923004
v 0.4751291573047638 0.3917989730834961 0.15159572660923004
v 0.48206841945648193 0.3917989730834961 0.15159572660923004
v 0.46989408135414124 0.38210529088974 0.14672602713108063
v 0.46989408135414124 0.38210529088974 0.1471722424030304
v 0.46989408135414124 0.39636680483818054 0.1471722424030304
v 0.46989408135414124 0.39636680483818054 0.14672602713108063
v 0.47815409302711487 0.3921489417552948 0.15664035081863403
v 0.4775485694408417 0.3921489417552948 0.158900186419487
v 0.4886576533317566 0.40148091316223145 0.15509574115276337
v 0.48587262630462646 0.40148091316223145 0.15231071412563324
v 0.48587262630462646 0.40188825130462646 0.15231071412563324
v 0.4886576533317566 0.40188825130462646 0.15509574115276337
v 0.4820682108402252 0.40148091316223145 0.15129132568836212
v 0.4820682108402252 0.40188825130462646 0.15129132568836212
v 0.478263795375824 0.40148091316223145 0.15231071412563324
v 0.478263795375824 0.40188825130462646 0.15231071412563324
v 0.478263795375824 0.40148091316223145 0.15231071412563324
v 0.47547876834869385 0.40148091316223145 0.15509574115276337
v 0.47547876834869385 0.40188825130462646 0.15509574115276337
v 0.478263795375824 0.40188825130462646 0.15231071412563324
v 0.478263795375824 0.3967142403125763 0.15231071412563324
v 0.4780837595462799 0.3967142403125763 0.1519988626241684
v 0.475166916847229 0.3967142403125763 0.1549156904220581
v 0.47547876834869385 0.3967142403125763 0.15509574115276337
v 0.4820682108402252 0.3967142403125763 0.15129132568836212
v 0.4820682108402252 0.3967142403125763 0.1509312391281128
v 0.48587262630462646 0.3967142403125763 0.15231071412563324
v 0.48605266213417053 0.3967142403125763 0.1519988626241684
v 0.4886576533317566 0.3967142403125763 0.15509574115276337
v 0.48896950483322144 0.3967142403125763 0.1549156904220581
v 0.478263795375824 0.3967142403125763 0.15231071412563324
v 0.47547876834869385 0.3967142403125763 0.15509574115276337
v 0.47547876834869385 0.3971216082572937 0.15509574115276337
v 0.478263795375824 0.3971216082572937 0.15231071412563324
v 0.4820682108402252 0.3971216082572937 0.15129132568836212
v 0.478263795375824 0.3971216082572937 0.15231071412563324
v 0.4820682108402252 0.3967142403125763 0.15129132568836212
v 0.478263795375824 0.3967142403125763 0.15231071412563324
v 0.48587262630462646 0.3971216082572937 0.15231071412563324
v 0.48587262630462646 0.3967142403125763 0.15231071412563324
v 0.4886576533317566 0.3971216082572937 0.15509574115276337
v 0.4886576533317566 0.3967142403125763 0.15509574115276337
v 0.47547876834869385 0.40188825130462646 0.15509574115276337
v 0.4759393632411957 0.40188825130462646 0.15536166727542877
v 0.4785297214984894 0.40188825130462646 0.15277132391929626
v 0.478263795375824 0.40188825130462646 0.15231071412563324
v 0.4820682108402252 0.40188825130462646 0.15182319283485413
v 0.4820682108402252 0.40188825130462646 0.15129132568836212
v 0.48560670018196106 0.40188825130462646 0.15277132391929626
v 0.48587262630462646 0.40188825130462646 0.15231071412563324
v 0.48819705843925476 0.40188825130462646 0.15536168217658997
v 0.4886576533317566 0.40188825130462646 0.15509574115276337
v 0.4747636020183563 0.3677428662776947 0.1710743010044098
v 0.4703170359134674 0.3967142403125763 0.1471722424030304
v 0.46989408135414124 0.3967142403125763 0.1471722424030304
v 0.46989408135414124 0.3967142403125763 0.1589001715183258
v 0.4703170359134674 0.3967142403125763 0.1589001715183258
v 0.4703170359134674 0.39636680483818054 0.14672602713108063
v 0.46989408135414124 0.39636680483818054 0.14672602713108063
v 0.46989408135414124 0.3967142403125763 0.14672602713108063
v 0.4703170359134674 0.3967142403125763 0.14672602713108063
v 0.4703170359134674 0.3674963116645813 0.14672602713108063
v 0.4703170359134674 0.3674963116645813 0.1471722424030304
v 0.46989408135414124 0.3674963116645813 0.1471722424030304
v 0.46989408135414124 0.3674963116645813 0.14672602713108063
v 0.46989408135414124 0.3967142403125763 0.1471722424030304
v 0.46989408135414124 0.3967142403125763 0.14672602713108063
v 0.4703170359134674 0.3967142403125763 0.14672602713108063
v 0.46989408135414124 0.3967142403125763 0.14672602713108063
v 0.4820682108402252 0.39636680483818054 0.14672602713108063
v 0.4820682108402252 0.3967142403125763 0.14672602713108063
v 0.4820682108402252 0.3967142403125763 0.14672602713108063
v 0.4820682108402252 0.3967142403125763 0.1471722424030304
v 0.4703170359134674 0.3674963116645813 0.14672602713108063
v 0.46989408135414124 0.3674963116645813 0.14672602713108063
v 0.46989408135414124 0.3678438067436218 0.14672602713108063
v 0.4703170359134674 0.3678438067436218 0.14672602713108063
v 0.46989408135414124 0.3674963116645813 0.14672602713108063
v 0.46989408135414124 0.3674963116645813 0.1471722424030304
v 0.46989408135414124 0.3678438067436218 0.1471722424030304
v 0.46989408135414124 0.3678438067436218 0.14672602713108063
v 0.4841226041316986 0.3943808674812317 0.16245847940444946
v 0.4820682108402252 0.3943808674812317 0.1630089432001114
v 0.4820682108402252 0.3945837616920471 0.1630089432001114
v 0.4841226041316986 0.3945837616920471 0.16245847940444946
v 0.4820682108402252 0.3674963116645813 0.1471722424030304
v 0.4820679724216461 0.3674963116645813 0.15132452547550201
v 0.4748678207397461 0.3674963116645813 0.15132452547550201
v 0.47448888421058655 0.3674963116645813 0.15132452547550201
v 0.4841226041316986 0.3945837616920471 0.16245847940444946
v 0.4820682108402252 0.3945837616920471 0.1630089432001114
v 0.5130059123039246 0.40148091316223145 0.15509574115276337
v 0.5102208852767944 0.40148091316223145 0.15231071412563324
v 0.5102208852767944 0.40188825130462646 0.15231071412563324
v 0.5130059123039246 0.40188825130462646 0.15509574115276337
v 0.5064164996147156 0.40148091316223145 0.15129132568836212
v 0.5064164996147156 0.40188825130462646 0.15129132568836212
v 0.5026120543479919 0.40148091316223145 0.15231071412563324
v 0.5026120543479919 0.40188825130462646 0.15231071412563324
v 0.5026120543479919 0.40148091316223145 0.15231071412563324
v 0.4998270273208618 0.40148091316223145 0.15509574115276337
v 0.4998270273208618 0.40188825130462646 0.15509574115276337
v 0.5026120543479919 0.40188825130462646 0.15231071412563324
v 0.5026120543479919 0.3967142403125763 0.15231071412563324
v 0.5024319887161255 0.3967142403125763 0.1519988626241684
v 0.499515175819397 0.3967142403125763 0.1549156904220581
v 0.4998270273208618 0.3967142403125763 0.15509574115276337
v 0.5064164996147156 0.3967142403125763 0.15129132568836212
v 0.5064164996147156 0.3967142403125763 0.1509312391281128
v 0.5102208852767944 0.3967142403125763 0.15231071412563324
v 0.5104009509086609 0.3967142403125763 0.1519988626241684
v 0.5130059123039246 0.3967142403125763 0.15509574115276337
v 0.5133177638053894 0.3967142403125763 0.1549156904220581
v 0.5026120543479919 0.3967142403125763 0.15231071412563324
v 0.4998270273208618 0.3967142403125763 0.15509574115276337
v 0.4998270273208618 0.3971216082572937 0.15509574115276337
v 0.5026120543479919 0.3971216082572937 0.15231071412563324
v 0.5064164996147156 0.3971216082572937 0.15129132568836212
v 0.5026120543479919 0.3971216082572937 0.15231071412563324
v 0.5064164996147156 0.3967142403125763 0.15129132568836212
v 0.5026120543479919 0.3967142403125763 0.15231071412563324
v 0.5102208852767944 0.3971216082572937 0.15231071412563324
v 0.5102208852767944 0.3967142403125763 0.15231071412563324
v 0.5130059123039246 0.3971216082572937 0.15509574115276337
v 0.5130059123039246 0.3967142403125763 0.15509574115276337
v 0.5026120543479919 0.40188825130462646 0.15231071412563324
v 0.5028780102729797 0.40188825130462646 0.15277132391929626
v 0.5064164996147156 0.40188825130462646 0.15182319283485413
v 0.5064164996147156 0.40188825130462646 0.15129132568836212
v 0.4841226041316986 0.3921489417552948 0.16245847940444946
v 0.4820682108402252 0.3921489417552948 0.1630089432001114
v 0.4820682108402252 0.39235183596611023 0.1630089432001114
v 0.4841226041316986 0.39235183596611023 0.16245847940444946
v 0.5181674361228943 0.3967142403125763 0.14672602713108063
v 0.5064164996147156 0.3967142403125763 0.14672602713108063
v 0.5064164996147156 0.3967142403125763 0.1471722424030304
v 0.5181674361228943 0.3967142403125763 0.1471722424030304
v 0.47795945405960083 0.3921489417552948 0.158900186419487
v 0.47850990295410156 0.3921489417552948 0.1568457931280136
v 0.474763959646225 0.3921489417552948 0.15159572660923004
v 0.5185906291007996 0.3967142403125763 0.14672602713108063
v 0.5185906291007996 0.3967142403125763 0.1471722424030304
v 0.48001381754875183 0.3921489417552948 0.15534187853336334
v 0.47980839014053345 0.3921489417552948 0.15498603880405426
v 0.4703170359134674 0.38210529088974 0.14672602713108063
v 0.46989408135414124 0.38210529088974 0.14672602713108063
v 0.4820682108402252 0.38210529088974 0.14672602713108063
v 0.4942423403263092 0.3967142403125763 0.14672602713108063
v 0.4942423403263092 0.3967142403125763 0.1471722424030304
v 0.48815518617630005 0.3674963116645813 0.15132452547550201
v 0.48815518617630005 0.3674963116645813 0.15159572660923004
v 0.48206794261932373 0.3674963116645813 0.15159572660923004
v 0.48001381754875183 0.3943808674812317 0.15534187853336334
v 0.48001381754875183 0.3945837616920471 0.15534187853336334
v 0.48001381754875183 0.3945837616920471 0.15534187853336334
v 0.48001381754875183 0.3943808674812317 0.15534187853336334
v 0.4802192747592926 0.3945837616920471 0.15569770336151123
v 0.48001381754875183 0.3945837616920471 0.15534187853336334
v 0.5125452876091003 0.40188825130462646 0.15536168217658997
v 0.5099549889564514 0.40188825130462646 0.15277132391929626
v 0.4998270273208618 0.40188825130462646 0.15509574115276337
v 0.500287652015686 0.40188825130462646 0.15536166727542877
v 0.5102208852767944 0.40188825130462646 0.15231071412563324
v 0.5130059123039246 0.40188825130462646 0.15509574115276337
v 0.48001381754875183 0.3921489417552948 0.15534187853336334
v 0.48001381754875183 0.39235183596611023 0.15534187853336334
v 0.4751291573047638 0.3674963116645813 0.15159572660923004
v 0.474763959646225 0.3674963116645813 0.15159572660923004
v 0.474763959646225 0.3921489417552948 0.15159572660923004
v 0.474763959646225 0.3917989730834961 0.15159572660923004
v 0.474763959646225 0.3677428662776947 0.15159572660923004
v 0.4751291573047638 0.3677428662776947 0.15159572660923004
v 0.474763959646225 0.3674963116645813 0.15196095407009125
v 0.47448888421058655 0.3674963116645813 0.15170331299304962
v 0.4747636020183563 0.3917989730834961 0.19018730521202087
v 0.4747636020183563 0.3677428662776947 0.19018730521202087
v 0.474763959646225 0.3917989730834961 0.15159572660923004
v 0.474763959646225 0.3921489417552948 0.15159572660923004
v 0.474763959646225 0.3921489417552948 0.15196095407009125
v 0.474763959646225 0.3917989730834961 0.15196095407009125
v 0.474763959646225 0.3677428662776947 0.15159572660923004
v 0.474763959646225 0.3677428662776947 0.15196095407009125
v 0.48001381754875183 0.39235183596611023 0.15534187853336334
v 0.48001381754875183 0.3921489417552948 0.15534187853336334
v 0.47837013006210327 0.3945837616920471 0.18324825167655945
v 0.4747636020183563 0.3674963116645813 0.17716127634048462
v 0.4747636020183563 0.3674963116645813 0.18324850499629974
v 0.4747636020183563 0.3674963116645813 0.19018730521202087
v 0.4747636020183563 0.3674963116645813 0.1905525028705597
v 0.4747636020183563 0.3677428662776947 0.1905525028705597
v 0.4820682108402252 0.3674963116645813 0.14672602713108063
v 0.4820682108402252 0.3674963116645813 0.14672602713108063
v 0.4820682108402252 0.3678438067436218 0.14672602713108063
v 0.4747636020183563 0.3677428662776947 0.1905525028705597
v 0.4747636020183563 0.3674963116645813 0.1905525028705597
v 0.4751291573047638 0.3674963116645813 0.15159572660923004
v 0.474763959646225 0.3674963116645813 0.15159572660923004
v 0.474763959646225 0.3674963116645813 0.15159572660923004
v 0.474763959646225 0.3674963116645813 0.15196095407009125
v 0.4698938727378845 0.3674963116645813 0.18324825167655945
v 0.4698939025402069 0.3674963116645813 0.19497637450695038
v 0.4698939025402069 0.3678438067436218 0.19497637450695038
v 0.4698938727378845 0.3678438067436218 0.18324825167655945
v 0.48206794261932373 0.3674963116645813 0.15159572660923004
v 0.48206794261932373 0.3677428662776947 0.15159572660923004
v 0.4744924008846283 0.3674963116645813 0.18324849009513855
v 0.4747636020183563 0.3674963116645813 0.18324850499629974
v 0.4747636020183563 0.3674963116645813 0.19018730521202087
v 0.4744924008846283 0.3674963116645813 0.19044862687587738
v 0.4698938727378845 0.3674963116645813 0.18324825167655945
v 0.4703170359134674 0.3674963116645813 0.18324825167655945
v 0.4698939025402069 0.3674963116645813 0.19497637450695038
v 0.4779592752456665 0.39235183596611023 0.18324825167655945
v 0.4779592752456665 0.3943808674812317 0.18324825167655945
v 0.47850972414016724 0.3943808674812317 0.18530263006687164
v 0.47850972414016724 0.39235183596611023 0.18530263006687164
v 0.4779592752456665 0.3921489417552948 0.18324825167655945
v 0.47850972414016724 0.3921489417552948 0.18530263006687164
v 0.4747636020183563 0.3917989730834961 0.1905525028705597
v 0.4747636020183563 0.3921489417552948 0.1905525028705597
v 0.4747636020183563 0.3674963116645813 0.1905525028705597
v 0.48815518617630005 0.3674963116645813 0.15159572660923004
v 0.4881550669670105 0.3677428662776947 0.15159572660923004
v 0.47850972414016724 0.39235183596611023 0.18530263006687164
v 0.47850972414016724 0.3943808674812317 0.18530263006687164
v 0.4800136387348175 0.3943808674812317 0.1868065446615219
v 0.4800136387348175 0.39235183596611023 0.1868065446615219
v 0.4881552755832672 0.3921489417552948 0.15159572660923004
v 0.4881552755832672 0.3917989730834961 0.15159572660923004
v 0.4747636020183563 0.3917989730834961 0.1905525028705597
v 0.4747636020183563 0.3921489417552948 0.19018730521202087
v 0.4747636020183563 0.3921489417552948 0.1905525028705597
v 0.47850972414016724 0.3921489417552948 0.18530263006687164
v 0.4800136387348175 0.3921489417552948 0.1868065446615219
v 0.47850972414016724 0.3945837616920471 0.18530263006687164
v 0.4800136387348175 0.3945837616920471 0.1868065446615219
v 0.4779592752456665 0.3945837616920471 0.18324825167655945
v 0.4779592752456665 0.3945837616920471 0.18324825167655945
v 0.47850972414016724 0.3945837616920471 0.18530263006687164
v 0.47850972414016724 0.3945837616920471 0.18530263006687164
v 0.4800136387348175 0.3945837616920471 0.1868065446615219
v 0.4856265187263489 0.3921489417552948 0.15684577822685242
v 0.4744924008846283 0.3674963116645813 0.17716127634048462
v 0.4747636020183563 0.3674963116645813 0.17716127634048462
v 0.4698938727378845 0.3674963116645813 0.17107412219047546
v 0.4698938727378845 0.3678438067436218 0.17107412219047546
v 0.47815391421318054 0.3921489417552948 0.18550807237625122
v 0.4798082113265991 0.3921489417552948 0.187162384390831
v 0.47512882947921753 0.3921489417552948 0.190187469124794
v 0.47512882947921753 0.3921489417552948 0.18324846029281616
v 0.47754839062690735 0.3921489417552948 0.18324825167655945
v 0.4800136387348175 0.3921489417552948 0.1868065446615219
v 0.47850972414016724 0.3921489417552948 0.18530263006687164
v 0.4698939025402069 0.38210529088974 0.19497637450695038
v 0.4698939025402069 0.39636680483818054 0.19497637450695038
v 0.4698938727378845 0.39636680483818054 0.18324825167655945
v 0.4698938727378845 0.38210529088974 0.18324825167655945
v 0.4698939025402069 0.38210529088974 0.19542238116264343
v 0.4698939025402069 0.39636680483818054 0.19542238116264343
v 0.4779592752456665 0.3921489417552948 0.18324825167655945
v 0.47512897849082947 0.3921489417552948 0.17716117203235626
v 0.47512879967689514 0.3921489417552948 0.1710743010044098
v 0.4820680320262909 0.3921489417552948 0.1710743010044098
v 0.4820682406425476 0.3921489417552948 0.17716117203235626
v 0.4744925796985626 0.3674963116645813 0.16498716175556183
v 0.47448888421058655 0.3674963116645813 0.1589001715183258
v 0.474763959646225 0.3674963116645813 0.1589001715183258
v 0.47476378083229065 0.3674963116645813 0.16498714685440063
v 0.4747636020183563 0.3921489417552948 0.19018730521202087
v 0.47512879967689514 0.3921489417552948 0.1905525028705597
v 0.4747636020183563 0.3921489417552948 0.1905525028705597
v 0.4856265187263489 0.3943808674812317 0.15684577822685242
v 0.4856265187263489 0.3945837616920471 0.15684577822685242
v 0.4744925796985626 0.3674963116645813 0.17107437551021576
v 0.4703170359134674 0.3674963116645813 0.17107437551021576
v 0.4703170359134674 0.3674963116645813 0.1589001715183258
v 0.47476378083229065 0.3674963116645813 0.16498714685440063
v 0.474763959646225 0.3674963116645813 0.1589001715183258
v 0.474763959646225 0.3677428662776947 0.1589001715183258
v 0.47476378083229065 0.3677428662776947 0.16498702764511108
v 0.48562633991241455 0.39235183596611023 0.18119384348392487
v 0.48562633991241455 0.3943808674812317 0.18119384348392487
v 0.48562633991241455 0.3921489417552948 0.18119384348392487
v 0.4698938727378845 0.39636680483818054 0.17107412219047546
v 0.4698938727378845 0.38210529088974 0.17107412219047546
v 0.4856265187263489 0.3945837616920471 0.15684577822685242
v 0.48562633991241455 0.3945837616920471 0.18119384348392487
v 0.4856265187263489 0.3921489417552948 0.15684577822685242
v 0.4856265187263489 0.39235183596611023 0.15684577822685242
v 0.4698939025402069 0.3674963116645813 0.19542238116264343
v 0.4698939025402069 0.3678438067436218 0.19542238116264343
v 0.4698939025402069 0.3674963116645813 0.19542238116264343
v 0.4698939025402069 0.3678438067436218 0.19542238116264343
v 0.4698939025402069 0.3674963116645813 0.19542238116264343
v 0.47476378083229065 0.3917989730834961 0.1589003950357437
v 0.47476378083229065 0.3917989730834961 0.164987251162529
v 0.4698939025402069 0.38210529088974 0.19542238116264343
v 0.4698939025402069 0.39636680483818054 0.19542238116264343
v 0.4747636020183563 0.3921489417552948 0.18324804306030273
v 0.4747636020183563 0.3921489417552948 0.17716117203235626
v 0.4886576533317566 0.40148091316223145 0.15509574115276337
v 0.4886576533317566 0.40188825130462646 0.15509574115276337
v 0.4886576533317566 0.3971216082572937 0.15509574115276337
v 0.4886576533317566 0.3967142403125763 0.15509574115276337
v 0.5130059123039246 0.40148091316223145 0.15509574115276337
v 0.5130059123039246 0.40188825130462646 0.15509574115276337
v 0.5130059123039246 0.3971216082572937 0.15509574115276337
v 0.5130059123039246 0.3967142403125763 0.15509574115276337
v 0.5181674361228943 0.3967142403125763 0.1589001715183258
v 0.5185906291007996 0.3967142403125763 0.1589001715183258
v 0.4942423403263092 0.3967142403125763 0.1589001715183258
v 0.4841226041316986 0.39235183596611023 0.16245847940444946
v 0.4841226041316986 0.3943808674812317 0.16245847940444946
v 0.4841226041316986 0.3921489417552948 0.16245847940444946
v 0.4747636020183563 0.3921489417552948 0.1710743010044098
v 0.47476378083229065 0.3921489417552948 0.1589003950357437
v 0.46989408135414124 0.3674963116645813 0.1589001715183258
v 0.46989408135414124 0.3678438067436218 0.1589001715183258
v 0.46989408135414124 0.38210529088974 0.1589001715183258
v 0.46989408135414124 0.39636680483818054 0.1589001715183258
v 0.46989408135414124 0.3967142403125763 0.1589001715183258
v 0.48001381754875183 0.39235183596611023 0.16245847940444946
v 0.48001381754875183 0.3943808674812317 0.16245847940444946
v 0.48001381754875183 0.3921489417552948 0.16245847940444946
v 0.48001381754875183 0.3945837616920471 0.16245847940444946
v 0.48001381754875183 0.3945837616920471 0.16245847940444946
v 0.47980839014053345 0.3921489417552948 0.16281430423259735
v 0.4820682108402252 0.3921489417552948 0.164987251162529
v 0.47512900829315186 0.3921489417552948 0.164987251162529
v 0.4856265187263489 0.3943808674812317 0.15684577822685242
v 0.4856265187263489 0.3945837616920471 0.15684577822685242
v 0.4856265187263489 0.3921489417552948 0.15684577822685242
v 0.4856265187263489 0.39235183596611023 0.15684577822685242
v 0.48001381754875183 0.3921489417552948 0.16245847940444946
v 0.47850990295410156 0.3943808674812317 0.1609545648097992
v 0.47850990295410156 0.39235183596611023 0.1609545648097992
v 0.47850990295410156 0.3921489417552948 0.1609545648097992
v 0.47850990295410156 0.39235183596611023 0.1609545648097992
v 0.47850990295410156 0.3943808674812317 0.1609545648097992
v 0.47850990295410156 0.3921489417552948 0.1609545648097992
v 0.47850990295410156 0.3945837616920471 0.1609545648097992
v 0.47850990295410156 0.3945837616920471 0.1609545648097992
v 0.47850990295410156 0.3945837616920471 0.1609545648097992
v 0.47815409302711487 0.3921489417552948 0.16116000711917877
v 0.47850990295410156 0.3921489417552948 0.1609545648097992
v 0.4841226041316986 0.3945837616920471 0.16245847940444946
v 0.4703170359134674 0.3967142403125763 0.1710743010044098
v 0.46989408135414124 0.3967142403125763 0.1710743010044098
v 0.4820682108402252 0.3967142403125763 0.1710743010044098
v 0.5185906291007996 0.3967142403125763 0.1710743010044098
v 0.5064164996147156 0.3967142403125763 0.1710743010044098
v 0.47476378083229065 0.3674963116645813 0.17107437551021576
v 0.47476378083229065 0.3921489417552948 0.164987251162529
v 0.47476378083229065 0.3921489417552948 0.164987251162529
v 0.4942421019077301 0.3674963116645813 0.15159592032432556
v 0.4942421615123749 0.3674963116645813 0.14672622084617615
v 0.4942421615123749 0.3678438067436218 0.14672622084617615
v 0.4942421615123749 0.3674963116645813 0.14672622084617615
v 0.5064162611961365 0.3674963116645813 0.14672622084617615
v 0.4942421615123749 0.38210529088974 0.14672622084617615
v 0.4942421615123749 0.39636680483818054 0.14672622084617615
v 0.5137207508087158 0.3674963116645813 0.17107455432415009
v 0.5185902118682861 0.3674963116645813 0.1710743010044098
v 0.5185904502868652 0.3678438067436218 0.1710744947195053
v 0.5185902118682861 0.3674963116645813 0.1710743010044098
v 0.47476378083229065 0.3674963116645813 0.17107437551021576
v 0.4942423403263092 0.3967142403125763 0.14672602713108063
v 0.4698938727378845 0.3674963116645813 0.17107412219047546
v 0.46989408135414124 0.3674963116645813 0.1589001715183258
v 0.4994703233242035 0.3921489417552948 0.1620207577943802
v 0.49960067868232727 0.3921489417552948 0.16179496049880981
v 0.5035232305526733 0.3921489417552948 0.16571752727031708
v 0.5032974481582642 0.3921489417552948 0.16584788262844086
v 0.4942423701286316 0.3921489417552948 0.16061992943286896
v 0.4942423701286316 0.3921489417552948 0.1603592187166214
v 0.4890144169330597 0.3921489417552948 0.1620207577943802
v 0.4888840615749359 0.3921489417552948 0.161794975399971
v 0.485187292098999 0.3921489417552948 0.16584788262844086
v 0.48496147990226746 0.3921489417552948 0.16571752727031708
v 0.4837864637374878 0.3921489417552948 0.17107583582401276
v 0.48352572321891785 0.3921489417552948 0.17107583582401276
v 0.4942423701286316 0.3921489417552948 0.17107583582401276
v 0.5064164996147156 0.3967142403125763 0.14672602713108063
v 0.5181674361228943 0.3967142403125763 0.14672602713108063
v 0.5185906291007996 0.3967142403125763 0.14672602713108063
v 0.5185906291007996 0.3967142403125763 0.14672602713108063
v 0.5185906291007996 0.3967142403125763 0.1471722424030304
v 0.5185906291007996 0.3967142403125763 0.1589001715183258
v 0.5185906291007996 0.3967142403125763 0.1710743010044098
v 0.5185906291007996 0.3967142403125763 0.18324843049049377
v 0.5185906291007996 0.3967142403125763 0.19497637450695038
v 0.5185906291007996 0.3967142403125763 0.19542257487773895
v 0.5185906291007996 0.3967142403125763 0.19542257487773895
v 0.5181674361228943 0.3967142403125763 0.19542257487773895
v 0.5064164996147156 0.3967142403125763 0.19542257487773895
v 0.4942423403263092 0.3967142403125763 0.19542257487773895
v 0.4820682108402252 0.3967142403125763 0.19542257487773895
v 0.4703170359134674 0.3967142403125763 0.19542255997657776
v 0.46989408135414124 0.3967142403125763 0.19542255997657776
v 0.46989408135414124 0.3967142403125763 0.19542255997657776
v 0.46989408135414124 0.3967142403125763 0.19497637450695038
v 0.46989408135414124 0.3967142403125763 0.18324843049049377
v 0.46989408135414124 0.3967142403125763 0.1710743010044098
vt 0.6413198709487915 0.21554940938949585
vt 0.6423998475074768 0.21554940938949585
vt 0.6364529132843018 0.19335424900054932
vt 0.6355176568031311 0.19389420747756958
vt 0.5980086326599121 0.29472553730010986
vt 0.5980086326599121 0.29623836278915405
vt 0.6232215762138367 0.29623860120773315
vt 0.6232215762138367 0.29472577571868896
vt 0.5763548016548157 0.17804086208343506
vt 0.5758148431777954 0.1771056056022644
vt 0.5595667362213135 0.19335341453552246
vt 0.5605019927024841 0.1938934326171875
vt 0.9889031052589417 0.6996586322784424
vt 0.9737445116043091 0.6996586322784424
vt 0.9737444519996643 0.9962910413742065
vt 0.9889031052589417 0.9962910413742065
vt 0.87386155128479 0.7037220001220703
vt 0.858008861541748 0.7037222385406494
vt 0.858008861541748 0.9962910413742065
vt 0.87386155128479 0.9962908625602722
vt 0.917171835899353 0.7037220001220703
vt 0.8955167531967163 0.7037218809127808
vt 0.8955166935920715 0.9962908029556274
vt 0.9171717762947083 0.9962908625602722
vt 0.9474890232086182 0.6996586322784424
vt 0.9323304295539856 0.6996586322784424
vt 0.9323303699493408 0.9962910413742065
vt 0.9474890232086182 0.9962910413742065
vt 0.9143788814544678 0.2962389588356018
vt 0.8992202877998352 0.29623889923095703
vt 0.8992202281951904 0.5928711891174316
vt 0.914378821849823 0.5928713083267212
vt 0.23921795189380646 0.09859234094619751
vt 0.21756280958652496 0.09859234094619751
vt 0.21756277978420258 0.3911612629890442
vt 0.23921793699264526 0.3911612629890442
vt 0.9406343698501587 0.2962387204170227
vt 0.9295374751091003 0.29623889923095703
vt 0.9295374155044556 0.5928711891174316
vt 0.9406343102455139 0.5928710699081421
vt 0.8992202877998352 0.3003022074699402
vt 0.8775651454925537 0.3003022074699402
vt 0.8775651454925537 0.5928711295127869
vt 0.8992202877998352 0.5928711891174316
vt 0.8559100031852722 0.3003022074699402
vt 0.8400572538375854 0.30030232667922974
vt 0.8400572538375854 0.5928713083267212
vt 0.8559099435806274 0.5928711891174316
vt 0.9709515571594238 0.29623883962631226
vt 0.9557929039001465 0.29623889923095703
vt 0.9557929039001465 0.5928713083267212
vt 0.9709515571594238 0.5928713083267212
vt 0.917171835899353 0.6996586322784424
vt 0.917171835899353 0.9962910413742065
vt 0.759373128414154 0.5965791940689087
vt 0.7845875024795532 0.5965791940689087
vt 0.7845880389213562 0.5935757756233215
vt 0.7593741416931152 0.5935757756233215
vt 0.7593741416931152 0.29623889923095703
vt 0.7593741416931152 0.30050259828567505
vt 0.7845870852470398 0.30050259828567505
vt 0.7845870852470398 0.29623889923095703
vt 0.5980100631713867 0.17223864793777466
vt 0.5980100631713867 0.17115873098373413
vt 0.6399258375167847 0.28072160482406616
vt 0.6390748620033264 0.282195508480072
vt 0.6484354734420776 0.28470373153686523
vt 0.6484354734420776 0.2830018401145935
vt 0.6202051043510437 0.17710614204406738
vt 0.6196651458740234 0.17804139852523804
vt 0.27789244055747986 0.36767786741256714
vt 0.28412193059921265 0.36767780780792236
vt 0.28412193059921265 0.36520588397979736
vt 0.27789244055747986 0.36520594358444214
vt 0.633696436882019 0.2744920253753662
vt 0.6322224736213684 0.27534300088882446
vt 0.6484345197677612 0.29472601413726807
vt 0.7626392841339111 0.708187460899353
vt 0.7704859375953674 0.6945966482162476
vt 0.769148051738739 0.6942381262779236
vt 0.7616598606109619 0.7072080373764038
vt 0.7704859375953674 0.678903341293335
vt 0.7626392841339111 0.6653124094009399
vt 0.7616598606109619 0.6662918329238892
vt 0.769148051738739 0.6792618036270142
vt 0.7490484714508057 0.6574658155441284
vt 0.7486899495124817 0.6588037014007568
vt 0.7490484714508057 0.7160341739654541
vt 0.7486899495124817 0.7146962285041809
vt 0.7197642922401428 0.708187460899353
vt 0.7333551645278931 0.7160341739654541
vt 0.7337136268615723 0.7146962285041809
vt 0.720743715763092 0.7072080373764038
vt 0.7119176387786865 0.6945966482162476
vt 0.7132555246353149 0.6942381262779236
vt 0.7119176387786865 0.678903341293335
vt 0.7132555246353149 0.6792618036270142
vt 0.7197642922401428 0.6653124094009399
vt 0.720743715763092 0.6662918925285339
vt 0.7333551049232483 0.6574657559394836
vt 0.7337136268615723 0.6588037014007568
vt 0.20171009004116058 0.3911612033843994
vt 0.2017100751399994 0.3948690891265869
vt 0.21756277978420258 0.3948691487312317
vt 0.8559099435806274 0.5965790748596191
vt 0.8775651454925537 0.5965790152549744
vt 0.9406343698501587 0.5928712487220764
vt 0.9406343698501587 0.5965791940689087
vt 0.9557929039001465 0.5965791940689087
vt 0.35595881938934326 0.3911612033843994
vt 0.33430367708206177 0.39116114377975464
vt 0.33430367708206177 0.39486902952194214
vt 0.35595881938934326 0.3948690891265869
vt 0.9820484519004822 0.5928711891174316
vt 0.9709515571594238 0.5965791940689087
vt 0.9820484519004822 0.5965791344642639
vt 0.3126485049724579 0.3911612033843994
vt 0.2967957854270935 0.3911612629890442
vt 0.2967957854270935 0.3948691487312317
vt 0.3126485049724579 0.39486902952194214
vt 0.9737444519996643 0.999998927116394
vt 0.9889031052589417 0.999998927116394
vt 0.858008861541748 0.9999989867210388
vt 0.87386155128479 0.9999987483024597
vt 0.8955166935920715 0.9999986886978149
vt 0.9171717762947083 0.9999987483024597
vt 0.9323303699493408 0.9999989867210388
vt 0.9474890232086182 0.999998927116394
vt 0.8992202281951904 0.5965791344642639
vt 0.914378821849823 0.5965791940689087
vt 0.23921793699264526 0.3948691487312317
vt 0.3126485049724579 0.09859222173690796
vt 0.2967957854270935 0.09859228134155273
vt 0.9820484519004822 0.2962387800216675
vt 0.35595881938934326 0.09859222173690796
vt 0.33430367708206177 0.09859222173690796
vt 0.9406343698501587 0.29623883962631226
vt 0.20171010494232178 0.09859228134155273
vt 1.0 0.6996586918830872
vt 0.9999999403953552 0.9962910413742065
vt 0.26087307929992676 0.09859234094619751
vt 0.26087307929992676 0.3911612629890442
vt 0.9585859179496765 0.6996586322784424
vt 0.9585859179496765 0.9962910413742065
vt 0.9585859179496765 0.6996585726737976
vt 0.9585859179496765 0.996290922164917
vt 0.87386155128479 0.6996585130691528
vt 0.858008861541748 0.6996587514877319
vt 0.917171835899353 0.6996585130691528
vt 0.8955167531967163 0.6996584534645081
vt 0.23921795189380646 0.0945289134979248
vt 0.21756280958652496 0.09452885389328003
vt 0.8992202877998352 0.2962387800216675
vt 0.8775651454925537 0.2962387204170227
vt 0.8559100031852722 0.2962387800216675
vt 0.8400572538375854 0.29623889923095703
vt 0.3126485049724579 0.09452879428863525
vt 0.2967957854270935 0.09452885389328003
vt 0.35595881938934326 0.09452879428863525
vt 0.33430367708206177 0.09452873468399048
vt 0.20171010494232178 0.09452879428863525
vt 0.26087307929992676 0.09452885389328003
vt 0.4449511766433716 0.24622130393981934
vt 0.4449511766433716 0.2625872492790222
vt 0.4462062120437622 0.26225095987319946
vt 0.4462062120437622 0.2465575933456421
vt 0.45313411951065063 0.2767605185508728
vt 0.4673073887825012 0.28494352102279663
vt 0.46764370799064636 0.283688485622406
vt 0.4540528655052185 0.27584177255630493
vt 0.4836733341217041 0.28494352102279663
vt 0.48333704471588135 0.283688485622406
vt 0.453134149312973 0.23204803466796875
vt 0.4540528953075409 0.23296678066253662
vt 0.4836733639240265 0.2238650918006897
vt 0.4673074185848236 0.2238650918006897
vt 0.46764370799064636 0.22512012720108032
vt 0.48333707451820374 0.22512012720108032
vt 0.49784666299819946 0.23204809427261353
vt 0.4969278872013092 0.2329668402671814
vt 0.5060296058654785 0.2462213635444641
vt 0.5047745704650879 0.24655765295028687
vt 0.5060296058654785 0.262587308883667
vt 0.5047745704650879 0.26225101947784424
vt 0.4978466331958771 0.2767605781555176
vt 0.4969278872013092 0.2758418321609497
vt 0.9295374155044556 0.5965791344642639
vt 0.9999999403953552 0.9999989867210388
vt 0.26087307929992676 0.3948691487312317
vt 0.9585859179496765 0.999998927116394
vt 0.9585859179496765 0.9999988675117493
vt 0.917171835899353 0.999998927116394
vt 0.8400572538375854 0.5965791940689087
vt 0.8992202877998352 0.5965790748596191
vt 0.9406343102455139 0.5965789556503296
vt 0.4347853660583496 0.24349737167358398
vt 0.434785395860672 0.2653111219406128
vt 0.445692241191864 0.2842023968696594
vt 0.46458348631858826 0.2951093316078186
vt 0.48639723658561707 0.2951093316078186
vt 0.4456922709941864 0.22460615634918213
vt 0.48639729619026184 0.2136993408203125
vt 0.46458351612091064 0.21369928121566772
vt 0.5052885413169861 0.2246062159538269
vt 0.5161954164505005 0.24349743127822876
vt 0.5161954164505005 0.26531118154525757
vt 0.5052885413169861 0.2842024564743042
vt 0.43365585803985596 0.24319475889205933
vt 0.43365585803985596 0.2656137943267822
vt 0.444865345954895 0.2850292921066284
vt 0.4642808139324188 0.29623883962631226
vt 0.4866999089717865 0.29623883962631226
vt 0.4448654055595398 0.22377926111221313
vt 0.4866999387741089 0.21256977319717407
vt 0.4642808437347412 0.21256977319717407
vt 0.5061154365539551 0.2237793207168579
vt 0.5173249244689941 0.2431948184967041
vt 0.5173249244689941 0.265613853931427
vt 0.5061153769493103 0.2850293517112732
vt 0.7862445116043091 0.7155376076698303
vt 0.7862445116043091 0.7205003499984741
vt 0.8020030856132507 0.7205002903938293
vt 0.8020030856132507 0.7155375480651855
vt 0.8135392069816589 0.720500111579895
vt 0.8135392069816589 0.715537428855896
vt 0.08610661327838898 0.13508743047714233
vt 0.08610660582780838 0.1301247477531433
vt 0.07034802436828613 0.13012468814849854
vt 0.07034802436828613 0.13508743047714233
vt 0.05458942800760269 0.13012468814849854
vt 0.054589420557022095 0.13508743047714233
vt 0.04305330663919449 0.1301247477531433
vt 0.04305330663919449 0.1350874900817871
vt 0.8256855010986328 0.17513257265090942
vt 0.8256855010986328 0.17016983032226562
vt 0.8099269270896912 0.1701698899269104
vt 0.8099269270896912 0.1751326322555542
vt 0.03466895967721939 0.21629196405410767
vt 0.05042758584022522 0.21206945180892944
vt 0.05042758584022522 0.21057790517807007
vt 0.03392316773533821 0.2150002121925354
vt 0.02313287742435932 0.22782808542251587
vt 0.021841125562787056 0.2270822525024414
vt 0.018910376355051994 0.24358665943145752
vt 0.017418790608644485 0.24358665943145752
vt 0.023132869973778725 0.25934523344039917
vt 0.02184111811220646 0.26009100675582886
vt 0.03466895967721939 0.2708813548088074
vt 0.03392316773533821 0.27217310667037964
vt 0.05042755976319313 0.2751038670539856
vt 0.05042755976319313 0.27659541368484497
vt 0.05458942800760269 0.1931591033935547
vt 0.054589420557022095 0.1881963610649109
vt 0.04305330663919449 0.18819642066955566
vt 0.04305330663919449 0.19315916299819946
vt 0.07034802436828613 0.1881963610649109
vt 0.07034802436828613 0.1931591033935547
vt 0.08610660582780838 0.1881963610649109
vt 0.08610661327838898 0.1931591033935547
vt 0.8020031452178955 0.662428617477417
vt 0.8135392069816589 0.6624284982681274
vt 0.8020031452178955 0.657465934753418
vt 0.8135392069816589 0.6574658155441284
vt 0.7862445116043091 0.6624286770820618
vt 0.7862445116043091 0.657465934753418
vt 0.7646468877792358 0.7455599308013916
vt 0.7505180835723877 0.7374026775360107
vt 0.7499479055404663 0.7395306825637817
vt 0.763089120388031 0.7471177577972412
vt 0.7342036366462708 0.7374026775360107
vt 0.7347738146781921 0.7395306825637817
vt 0.7200748324394226 0.7455599308013916
vt 0.7216326594352722 0.7471177577972412
vt 0.7119176387786865 0.7596887350082397
vt 0.7140456438064575 0.7602589130401611
vt 0.7119176387786865 0.7760031819343567
vt 0.7140456438064575 0.7754330039024353
vt 0.7200748920440674 0.7901319861412048
vt 0.7216326594352722 0.7885741591453552
vt 0.8256855010986328 0.23320424556732178
vt 0.8256855010986328 0.22824156284332275
vt 0.8099269270896912 0.22824156284332275
vt 0.8099269270896912 0.23320424556732178
vt 0.0018482955638319254 0.1949111819267273
vt 0.05042756348848343 0.1949111819267273
vt 0.05042756348848343 0.19315916299819946
vt 0.0018482955638319254 0.1931591033935547
vt 0.5107226371765137 0.9621272087097168
vt 0.5107226371765137 0.9596552848815918
vt 0.5044931173324585 0.9596553444862366
vt 0.5044931173324585 0.9621273279190063
vt 0.2693827748298645 0.24902468919754028
vt 0.2693827748298645 0.24655276536941528
vt 0.26087313890457153 0.24655276536941528
vt 0.26087313890457153 0.24902468919754028
vt 0.3679932951927185 0.9596553444862366
vt 0.36843377351760864 0.9612992405891418
vt 0.3763626217842102 0.9612992405891418
vt 0.37680310010910034 0.9596552848815918
vt 0.38322919607162476 0.9652636647224426
vt 0.3844326436519623 0.9640602469444275
vt 9.768567110768345e-08 0.1949111819267273
vt 9.768567110768345e-08 0.1931591033935547
vt 0.5107226371765137 0.9893184900283813
vt 0.5107226371765137 0.9868465662002563
vt 0.5044931173324585 0.9868466854095459
vt 0.5044931173324585 0.9893186092376709
vt 6.011426023633248e-08 0.24358659982681274
vt 0.0018482805462554097 0.24358659982681274
vt 0.2693827748298645 0.2762160301208496
vt 0.2693827748298645 0.2737441062927246
vt 0.26087313890457153 0.27374404668807983
vt 0.26087313890457153 0.27621597051620483
vt 0.631416380405426 0.26598238945007324
vt 0.6297144293785095 0.26598232984542847
vt 0.26087310910224915 0.3923972249031067
vt 0.2693827450275421 0.3923972249031067
vt 0.2693827450275421 0.36767786741256714
vt 0.26087310910224915 0.36767786741256714
vt 0.26087310910224915 0.3948691487312317
vt 0.2693827450275421 0.3948691487312317
vt 0.36799320578575134 0.9925340414047241
vt 0.37680304050445557 0.9925340414047241
vt 0.37636256217956543 0.9908900856971741
vt 0.36843371391296387 0.9908901453018188
vt 0.8099269270896912 0.23816698789596558
vt 0.8099269270896912 0.23320430517196655
vt 0.7941682934761047 0.23320436477661133
vt 0.7941682934761047 0.23816710710525513
vt 0.7826321721076965 0.23320454359054565
vt 0.7826321721076965 0.23816722631454468
vt 0.2017100751399994 0.13508743047714233
vt 0.20171009004116058 0.13012468814849854
vt 0.18595150113105774 0.13012468814849854
vt 0.18595150113105774 0.13508743047714233
vt 0.1701928973197937 0.13012468814849854
vt 0.1701928973197937 0.13508743047714233
vt 0.1586567908525467 0.1301247477531433
vt 0.1586567908525467 0.1350874900817871
vt 0.7395788431167603 0.22824150323867798
vt 0.7395788431167603 0.233204185962677
vt 0.7553374171257019 0.233204185962677
vt 0.7553374171257019 0.2282414436340332
vt 0.034668952226638794 0.3171469569206238
vt 0.050427570939064026 0.31292444467544556
vt 0.050427570939064026 0.3114328980445862
vt 0.033923160284757614 0.3158552050590515
vt 0.023132869973778725 0.328683078289032
vt 0.02184111811220646 0.3279372453689575
vt 0.0189103614538908 0.34444165229797363
vt 0.01741877570748329 0.34444165229797363
vt 0.023132862523198128 0.3602002263069153
vt 0.021841110661625862 0.36094605922698975
vt 0.034668952226638794 0.3717363476753235
vt 0.033923160284757614 0.37302809953689575
vt 0.05042754486203194 0.3759588599205017
vt 0.05042754486203194 0.3774504065513611
vt 0.1701928973197937 0.1931591033935547
vt 0.1701928973197937 0.1881963610649109
vt 0.1586567908525467 0.18819642066955566
vt 0.1586567908525467 0.19315916299819946
vt 0.18595150113105774 0.1881963610649109
vt 0.18595150113105774 0.1931590437889099
vt 0.2017100751399994 0.1881963610649109
vt 0.20171009004116058 0.1931591033935547
vt 0.7941682934761047 0.2912759780883789
vt 0.7826321721076965 0.29127615690231323
vt 0.7941682934761047 0.2962387204170227
vt 0.7826321721076965 0.29623883962631226
vt 0.8099269270896912 0.29127591848373413
vt 0.8099269270896912 0.29623866081237793
vt 0.7200748324394226 0.6047364473342896
vt 0.7119176387786865 0.6188652515411377
vt 0.7140456438064575 0.6194354295730591
vt 0.7216326594352722 0.6062942743301392
vt 0.7395788431167603 0.17016983032226562
vt 0.7395788431167603 0.17513251304626465
vt 0.7553374767303467 0.17513251304626465
vt 0.7553374767303467 0.17016983032226562
vt 0.2693827450275421 0.36520594358444214
vt 0.26087310910224915 0.36520594358444214
vt 0.6232218742370605 0.2659822702407837
vt 0.4959834814071655 0.9596554040908813
vt 0.4959834814071655 0.9621273279190063
vt 0.0 0.39311617612838745
vt 0.0018482580780982971 0.39311617612838745
vt 0.001848265528678894 0.34444159269332886
vt 4.508569517724936e-08 0.34444159269332886
vt 0.38719362020492554 0.972130298614502
vt 0.3888375759124756 0.9716898202896118
vt 0.0018482505111023784 0.3948690891265869
vt 0.050427570939064026 0.3948691487312317
vt 0.05042756721377373 0.39311617612838745
vt 0.4959834814071655 0.9868466854095459
vt 0.4959834814071655 0.9893186092376709
vt 7.51428252954156e-09 0.3948690891265869
vt 0.3844326436519623 0.988129198551178
vt 0.3888375759124756 0.9804996848106384
vt 0.38719362020492554 0.9800592064857483
vt 0.38322919607162476 0.9869257807731628
vt 0.6484358906745911 0.24896329641342163
vt 0.656945526599884 0.251243531703949
vt 0.6577965021133423 0.24976962804794312
vt 0.6484358906745911 0.24726134538650513
vt 0.8385443687438965 0.5965791940689087
vt 0.8385443687438965 0.5935757756233215
vt 0.809800922870636 0.5935757160186768
vt 0.809800922870636 0.5965791940689087
vt 0.1779792606830597 0.5948262214660645
vt 0.1779792755842209 0.5461509227752686
vt 0.004232960753142834 0.5461509227752686
vt 0.00423294585198164 0.5948262214660645
vt 0.3559587895870209 0.5948262810707092
vt 0.35595881938934326 0.5461509227752686
vt 0.35172557830810547 0.5461509227752686
vt 0.35172560811042786 0.5948262810707092
vt 0.8385443687438965 0.30050259828567505
vt 0.8385443687438965 0.29623889923095703
vt 0.8097999691963196 0.29623889923095703
vt 0.8097999691963196 0.30050259828567505
vt 0.27789244055747986 0.3948691487312317
vt 0.28412193059921265 0.3948691487312317
vt 0.28412193059921265 0.3923971652984619
vt 0.27789244055747986 0.3923972249031067
vt 3.005713011816624e-08 0.2940140962600708
vt 0.0018482730956748128 0.2940140962600708
vt 0.8389762043952942 0.8189061880111694
vt 0.8378368020057678 0.8199734091758728
vt 0.8378366231918335 0.8487168550491333
vt 0.8389760851860046 0.8487168550491333
vt 0.05042758584022522 0.2940141558647156
vt 0.2671026289463043 0.18969815969467163
vt 0.26087313890457153 0.18969815969467163
vt 0.26087313890457153 0.21441751718521118
vt 0.2671026289463043 0.21441751718521118
vt 0.2671026289463043 0.18722623586654663
vt 0.26087313890457153 0.18722623586654663
vt 0.7477937340736389 0.7475701570510864
vt 0.7572038173675537 0.7530030012130737
vt 0.7369279861450195 0.7475701570510864
vt 0.7275179624557495 0.7530030012130737
vt 0.7220850586891174 0.7624130845069885
vt 0.7220850586891174 0.7732788324356079
vt 0.7275179624557495 0.7826888561248779
vt 0.7347738146781921 0.5987071990966797
vt 0.7369279861450195 0.6067466735839844
vt 0.7477937936782837 0.6067466735839844
vt 0.7499479055404663 0.5987071990966797
vt 0.7216326594352722 0.647750735282898
vt 0.7275179624557495 0.6418654322624207
vt 0.7220850586891174 0.6324553489685059
vt 0.7140456438064575 0.634609580039978
vt 0.7347738146781921 0.6553377509117126
vt 0.7369279861450195 0.6472983360290527
vt 0.7505181431770325 0.5965791940689087
vt 0.734203577041626 0.5965791940689087
vt 0.7119176387786865 0.6351797580718994
vt 0.7200748920440674 0.6493085026741028
vt 0.7342036366462708 0.6574657559394836
vt 0.7275179624557495 0.6121795773506165
vt 0.7220850586891174 0.6215896010398865
vt 0.3603636920452118 0.9881291389465332
vt 0.3615671396255493 0.9869257211685181
vt 0.8389605283737183 0.8991446495056152
vt 0.8561608791351318 0.8991447687149048
vt 0.8561611175537109 0.8487170338630676
vt 0.8389606475830078 0.8739302754402161
vt 0.26087313890457153 0.21688944101333618
vt 0.2671026289463043 0.21688950061798096
vt 0.837837278842926 0.8739302754402161
vt 0.5980088710784912 0.2659820318222046
vt 0.3723981976509094 0.976094663143158
vt 0.6631749272346497 0.25747305154800415
vt 0.6646488308906555 0.2566221356391907
vt 0.3862152695655823 0.30050259828567505
vt 0.3862133026123047 0.5935757160186768
vt 0.41142719984054565 0.5935757160186768
vt 0.41142818331718445 0.30050259828567505
vt 0.7571535110473633 0.8173367977142334
vt 0.7571535110473633 0.8184601664543152
vt 0.7823678851127625 0.8184602856636047
vt 0.7823678851127625 0.817336916923523
vt 0.41142818331718445 0.29623889923095703
vt 0.3862152695655823 0.29623889923095703
vt 0.3574715554714203 0.30050259828567505
vt 0.3574715256690979 0.5935757160186768
vt 0.3576027452945709 0.9800590872764587
vt 0.3576027452945709 0.9721302390098572
vt 0.41142773628234863 0.5965791940689087
vt 0.3862132728099823 0.5965791940689087
vt 0.3574715256690979 0.5965791940689087
vt 0.8400571942329407 0.5965791940689087
vt 0.8400571942329407 0.5935757756233215
vt 0.35595881938934326 0.5935757160186768
vt 0.35595881938934326 0.5965791940689087
vt 3.005713011816624e-08 0.7478609085083008
vt 0.0 0.7964408993721008
vt 0.004233246203511953 0.7964408993721008
vt 0.004233246203511953 0.7478609085083008
vt 0.8075822591781616 0.8173370361328125
vt 0.8075823187828064 0.8184604048728943
vt 0.8363240957260132 0.8184605836868286
vt 0.8374065160751343 0.8173372149467468
vt 0.80758136510849 0.7982892394065857
vt 0.80758136510849 0.8000414371490479
vt 0.85616135597229 0.800041675567627
vt 0.85616135597229 0.7982894778251648
vt 0.2756122946739197 0.18969815969467163
vt 0.2756122648715973 0.21441757678985596
vt 0.28412193059921265 0.21441757678985596
vt 0.28412193059921265 0.18969815969467163
vt 0.2756122946739197 0.18722623586654663
vt 0.28412193059921265 0.18722623586654663
vt 0.8400571942329407 0.30050259828567505
vt 0.8400571942329407 0.29623889923095703
vt 0.8389762043952942 0.8173372149467468
vt 0.8378368020057678 0.8184605836868286
vt 0.28412193059921265 0.27374404668807983
vt 0.28412193059921265 0.24902468919754028
vt 0.27789244055747986 0.24902468919754028
vt 0.27789244055747986 0.27374404668807983
vt 0.7571535706520081 0.8000411987304688
vt 0.35595881938934326 0.30050259828567505
vt 0.3574715554714203 0.29623889923095703
vt 0.35595881938934326 0.29623889923095703
vt 0.28412193059921265 0.27621597051620483
vt 0.27789244055747986 0.27621597051620483
vt 0.35595881938934326 0.971689760684967
vt 0.3615671694278717 0.9652636647224426
vt 0.36036375164985657 0.9640602469444275
vt 0.35595881938934326 0.9804996252059937
vt 0.2756122648715973 0.21688950061798096
vt 0.28412193059921265 0.21688950061798096
vt 0.7704859375953674 0.7155375480651855
vt 0.7704859375953674 0.7205002903938293
vt 0.1156034991145134 0.1350874900817871
vt 0.127139613032341 0.13508743047714233
vt 0.127139613032341 0.13012468814849854
vt 0.1156034991145134 0.1301247477531433
vt 0.14289821684360504 0.13508737087249756
vt 0.14289821684360504 0.13012468814849854
vt 0.1586567908525467 0.13508743047714233
vt 0.1586567908525467 0.13012468814849854
vt 0.7826321721076965 0.17513257265090942
vt 0.7941682934761047 0.17513257265090942
vt 0.7941682934761047 0.1701698899269104
vt 0.7826321721076965 0.17016983032226562
vt 0.06618617475032806 0.21629196405410767
vt 0.06693197041749954 0.2150002121925354
vt 0.07772225886583328 0.22782808542251587
vt 0.07901401072740555 0.22708231210708618
vt 0.08194475620985031 0.24358665943145752
vt 0.08343633264303207 0.24358665943145752
vt 0.07772225141525269 0.25934523344039917
vt 0.07901400327682495 0.26009106636047363
vt 0.06618615239858627 0.2708813548088074
vt 0.06693194806575775 0.27217310667037964
vt 0.7826321721076965 0.233204185962677
vt 0.7941682934761047 0.23320424556732178
vt 0.7941682934761047 0.22824150323867798
vt 0.7826321721076965 0.22824150323867798
vt 0.14289821684360504 0.1881963610649109
vt 0.1586567908525467 0.1881963610649109
vt 0.14289821684360504 0.1931590437889099
vt 0.1586567908525467 0.1931590437889099
vt 0.1271395981311798 0.1881963610649109
vt 0.1271395981311798 0.1931591033935547
vt 0.1156034916639328 0.18819642066955566
vt 0.1156034991145134 0.19315916299819946
vt 0.7704859375953674 0.662428617477417
vt 0.7704859375953674 0.657465934753418
vt 0.7706761360168457 0.7602589130401611
vt 0.7728041410446167 0.7596887350082397
vt 0.7706761360168457 0.7754330039024353
vt 0.7728041410446167 0.7760031819343567
vt 0.763089120388031 0.7885741591453552
vt 0.7646468877792358 0.7901319265365601
vt 0.7499479651451111 0.7961611747741699
vt 0.7505181431770325 0.7982891798019409
vt 0.7347738742828369 0.7961611747741699
vt 0.7342036366462708 0.7982891798019409
vt 0.8256855010986328 0.23816710710525513
vt 0.8256855010986328 0.23320436477661133
vt 0.696525514125824 0.17728066444396973
vt 0.7080616354942322 0.17728060483932495
vt 0.7080616354942322 0.17231786251068115
vt 0.696525514125824 0.17231792211532593
vt 0.7238202691078186 0.17728054523468018
vt 0.7238202691078186 0.17231780290603638
vt 0.7395788431167603 0.17728060483932495
vt 0.7395788431167603 0.17231786251068115
vt 0.7826321721076965 0.22824150323867798
vt 0.7710960507392883 0.22824150323867798
vt 0.7710960507392883 0.233204185962677
vt 0.7826321721076965 0.23320424556732178
vt 0.06618615984916687 0.3171469569206238
vt 0.06693195551633835 0.3158552050590515
vt 0.07772224396467209 0.328683078289032
vt 0.07901399582624435 0.3279373049736023
vt 0.08194474130868912 0.34444165229797363
vt 0.08343631774187088 0.34444165229797363
vt 0.0777222290635109 0.3602002263069153
vt 0.07901398092508316 0.36094605922698975
vt 0.06618613749742508 0.3717363476753235
vt 0.06693193316459656 0.37302809953689575
vt 0.7826321721076965 0.1701698899269104
vt 0.7710960507392883 0.17016983032226562
vt 0.7710960507392883 0.17513251304626465
vt 0.7826321721076965 0.17513257265090942
vt 0.7238202691078186 0.2303895354270935
vt 0.7395788431167603 0.2303895354270935
vt 0.7238202691078186 0.23535221815109253
vt 0.7395788431167603 0.23535221815109253
vt 0.7080616354942322 0.2303895354270935
vt 0.7080616354942322 0.23535221815109253
vt 0.696525514125824 0.23038959503173828
vt 0.696525514125824 0.23535233736038208
vt 0.8256855010986328 0.2912760376930237
vt 0.8256855010986328 0.2962387204170227
vt 0.7728041410446167 0.6188652515411377
vt 0.7706761360168457 0.6194354295730591
vt 0.7706761360168457 0.6346095204353333
vt 0.7728041410446167 0.6351797580718994
vt 0.1008550301194191 0.39311617612838745
vt 0.28412193059921265 0.24655276536941528
vt 0.27789244055747986 0.24655276536941528
vt 0.10085504502058029 0.2940141558647156
vt 0.7626367211341858 0.7624130845069885
vt 0.7626367211341858 0.7732788324356079
vt 0.7572038173675537 0.7826888561248779
vt 0.7477937936782837 0.78812175989151
vt 0.7369279861450195 0.78812175989151
vt 0.763089120388031 0.6062942743301392
vt 0.7572038173675537 0.6121795177459717
vt 0.7499479651451111 0.6553377509117126
vt 0.763089120388031 0.6477506756782532
vt 0.7572038173675537 0.6418653726577759
vt 0.7477937936782837 0.6472983360290527
vt 0.7646468877792358 0.6047364473342896
vt 0.7646468877792358 0.6493085026741028
vt 0.7505181431770325 0.6574657559394836
vt 0.7626367211341858 0.6215896010398865
vt 0.7626367211341858 0.6324553489685059
vt 0.6646486520767212 0.2753433585166931
vt 0.6577960848808289 0.28219568729400635
vt 0.6771788597106934 0.2947264313697815
vt 0.6771791577339172 0.2659837007522583
vt 0.6671568751335144 0.2659827470779419
vt 0.6569451689720154 0.2807217836380005
vt 0.6631747484207153 0.2744923233985901
vt 0.17797954380512238 0.7964408993721008
vt 0.35172581672668457 0.7964408993721008
vt 0.35172581672668457 0.7478609085083008
vt 0.17797954380512238 0.7478609085083008
vt 0.17797954380512238 0.7982884049415588
vt 0.35172584652900696 0.7982884049415588
vt 0.6654549837112427 0.2659827470779419
vt 0.6786916851997375 0.2947257161140442
vt 0.6771788597106934 0.29623842239379883
vt 0.6786916851997375 0.2962384819984436
vt 0.4874737858772278 0.9868466854095459
vt 0.4874737858772278 0.9621273279190063
vt 0.4874737858772278 0.9893186092376709
vt 0.35172584652900696 0.6974334120750427
vt 0.17797954380512238 0.6974334120750427
vt 0.4874737858772278 0.9596554040908813
vt 0.3559587895870209 0.5965784788131714
vt 0.35172560811042786 0.5965784788131714
vt 0.0 0.7982883453369141
vt 0.004233246203511953 0.7982883453369141
vt 0.858008861541748 0.800041675567627
vt 0.858008861541748 0.7982894778251648
vt 0.1779792606830597 0.5965784788131714
vt 0.00423294585198164 0.5965784192085266
vt 0.6786920428276062 0.2659820318222046
vt 0.6771787405014038 0.24076908826828003
vt 0.6786922812461853 0.24076908826828003
vt 0.6336966156959534 0.2574726939201355
vt 0.6322227120399475 0.25662171840667725
vt 0.6484344601631165 0.29623883962631226
vt 0.6484350562095642 0.24076879024505615
vt 0.6399261951446533 0.2512432932853699
vt 0.6390752196311951 0.249769389629364
vt 0.6336966753005981 0.17363786697387695
vt 0.6314166784286499 0.1651281714439392
vt 0.6297147870063782 0.1651281714439392
vt 0.6322227716445923 0.1744888424873352
vt 0.5254618525505066 0.9868465662002563
vt 0.5169521570205688 0.9868466258049011
vt 0.5169521570205688 0.9893185496330261
vt 0.5254618525505066 0.9893185496330261
vt 0.45459502935409546 0.9716898202896118
vt 0.4501902163028717 0.9640602469444275
vt 0.4489867687225342 0.9652636647224426
vt 0.4529511034488678 0.972130298614502
vt 0.6322230100631714 0.155767560005188
vt 0.6232224702835083 0.13638532161712646
vt 0.6232221722602844 0.16512900590896606
vt 0.4233602285385132 0.9800590872764587
vt 0.4381556808948517 0.976094663143158
vt 0.4233602285385132 0.9721302390098572
vt 0.42732468247413635 0.9652636647224426
vt 0.4341912865638733 0.9612992405891418
vt 0.6771798133850098 0.13638520240783691
vt 0.6771794557571411 0.16512954235076904
vt 0.6786922812461853 0.16512960195541382
vt 0.6786918044090271 0.13638520240783691
vt 0.5254618525505066 0.9596552848815918
vt 0.5169521570205688 0.9596553444862366
vt 0.5169521570205688 0.9621272683143616
vt 0.5254618525505066 0.9621272087097168
vt 0.44212016463279724 0.9612992405891418
vt 0.4529511034488678 0.9800591468811035
vt 0.639075517654419 0.14891523122787476
vt 0.448986679315567 0.9869257211685181
vt 0.4421200752258301 0.9908900856971741
vt 0.7813137769699097 0.6237705945968628
vt 0.7898234724998474 0.6237705945968628
vt 0.7898234724998474 0.5990511775016785
vt 0.7813137769699097 0.5990512371063232
vt 0.7813137769699097 0.6262425184249878
vt 0.7898234724998474 0.6262425184249878
vt 0.5980095267295837 0.13638436794281006
vt 0.6232224702835083 0.13487178087234497
vt 0.5980095863342285 0.13487154245376587
vt 0.4425605833530426 0.9925340414047241
vt 0.45019012689590454 0.988129198551178
vt 0.7898234724998474 0.5965792536735535
vt 0.7813137769699097 0.5965792536735535
vt 0.6484371423721313 0.13638490438461304
vt 0.6484361886978149 0.14640718698501587
vt 0.6399264931678772 0.15038913488388062
vt 0.6484361290931702 0.1481090784072876
vt 0.42732468247413635 0.9869256615638733
vt 0.6484357714653015 0.18214768171310425
vt 0.6399260759353638 0.1798674464225769
vt 0.6390751004219055 0.18134135007858276
vt 0.6484357714653015 0.18384963274002075
vt 0.27789244055747986 0.2440807819366455
vt 0.27789244055747986 0.21936142444610596
vt 0.2693827748298645 0.21936142444610596
vt 0.2693827748298645 0.2440807819366455
vt 0.6484354138374329 0.13487201929092407
vt 0.27789244055747986 0.2465527057647705
vt 0.2693827748298645 0.2465527057647705
vt 0.42612123489379883 0.9881291389465332
vt 0.4217163026332855 0.9804995656013489
vt 0.27789244055747986 0.21688950061798096
vt 0.2693827748298645 0.21688950061798096
vt 0.6771791577339172 0.13487237691879272
vt 0.5475813746452332 0.29623883962631226
vt 0.5188376903533936 0.29623883962631226
vt 0.5188376903533936 0.30050259828567505
vt 0.5475813746452332 0.30050259828567505
vt 0.17797954380512238 0.5965791940689087
vt 0.17797955870628357 0.598427414894104
vt 0.35172584652900696 0.598427414894104
vt 0.35172584652900696 0.5965791940689087
vt 0.6646491289138794 0.15576797723770142
vt 0.6671571731567383 0.16512858867645264
vt 0.6562996506690979 0.800040602684021
vt 0.6581478714942932 0.8000406622886658
vt 0.6581478714942932 0.7982892394065857
vt 0.6562996506690979 0.7982892394065857
vt 0.35595881938934326 0.8000421524047852
vt 0.3559587597846985 0.7982907295227051
vt 0.35172557830810547 0.7982907295227051
vt 0.35172560811042786 0.8000421524047852
vt 6.011426023633248e-08 0.5965791940689087
vt 6.011426023633248e-08 0.598427414894104
vt 0.004233246203511953 0.598427414894104
vt 0.004233246203511953 0.5965791940689087
vt 0.5804692506790161 0.9621272683143616
vt 0.5889789462089539 0.9621272683143616
vt 0.5889789462089539 0.9596553444862366
vt 0.5804692506790161 0.9596553444862366
vt 0.6581476330757141 0.8487167358398438
vt 0.6753472089767456 0.8487157821655273
vt 0.6753473877906799 0.8188915252685547
vt 0.6753473877906799 0.8173218369483948
vt 0.44256067276000977 0.9596552848815918
vt 0.43375077843666077 0.9596552848815918
vt 0.1779792755842209 0.8487182855606079
vt 0.004232953302562237 0.8487182259559631
vt 0.00423294585198164 0.8991457223892212
vt 0.1779792606830597 0.8991457223892212
vt 0.5804692506790161 0.9893185496330261
vt 0.5889789462089539 0.9893185496330261
vt 0.5889789462089539 0.9868466258049011
vt 0.5804692506790161 0.9868466258049011
vt 0.6654552221298218 0.16512858867645264
vt 0.6631751656532288 0.1566188931465149
vt 0.6786918640136719 0.13487237691879272
vt 0.5980092287063599 0.16512781381607056
vt 0.6569457650184631 0.15038931369781494
vt 0.6577967405319214 0.14891541004180908
vt 0.17797929048538208 0.8000421524047852
vt 0.1779792755842209 0.7982907295227051
vt 0.004232953302562237 0.7982907295227051
vt 0.004232953302562237 0.8000421524047852
vt 0.6581473350524902 0.8991444706916809
vt 0.656299352645874 0.8487167358398438
vt 0.6562991142272949 0.899144172668457
vt 0.35595881938934326 0.899145781993866
vt 0.3559587895870209 0.8487182855606079
vt 0.35172560811042786 0.8487182855606079
vt 0.35172560811042786 0.899145781993866
vt 0.675347089767456 0.8739302158355713
vt 0.6764704585075378 0.8739301562309265
vt 0.6764705777168274 0.8487157821655273
vt 0.28412193059921265 0.21936142444610596
vt 0.28412193059921265 0.21688950061798096
vt 0.7728041410446167 0.5965792536735535
vt 0.7728042006492615 0.5990511775016785
vt 0.4341912269592285 0.9908900856971741
vt 0.4337507486343384 0.9925340414047241
vt 0.28412193059921265 0.24655276536941528
vt 0.28412193059921265 0.24408084154129028
vt 0.6764707565307617 0.8199740052223206
vt 0.6764707565307617 0.8184612393379211
vt 0.5173249244689941 0.29623889923095703
vt 0.5173249244689941 0.30050259828567505
vt 0.5173249244689941 0.5935757160186768
vt 0.5188376903533936 0.5935757160186768
vt 0.6753469109535217 0.8991445899009705
vt 0.6779835820198059 0.8184612989425659
vt 0.6769163608551025 0.8173218965530396
vt 0.51581209897995 0.29623889923095703
vt 0.51581209897995 0.30050259828567505
vt 0.51581209897995 0.5935757160186768
vt 0.7728041410446167 0.6237705945968628
vt 0.7728041410446167 0.6262425184249878
vt 0.5188376903533936 0.5965791940689087
vt 0.5173249244689941 0.5965791940689087
vt 0.51581209897995 0.5965791940689087
vt 0.5475794076919556 0.5965791940689087
vt 0.5475794076919556 0.5935757160186768
vt 0.5727938413619995 0.5965791940689087
vt 0.5727933049201965 0.5935757756233215
vt 0.5727943181991577 0.30050259828567505
vt 0.5980072617530823 0.5935757160186768
vt 0.5980072617530823 0.30050259828567505
vt 0.5727943181991577 0.29623883962631226
vt 0.6764703392982483 0.8991445899009705
vt 0.5980082750320435 0.5965791940689087
vt 0.5980072617530823 0.29623889923095703
vt 0.6336969137191772 0.15661853551864624
vt 0.6771791577339172 0.1903424859046936
vt 0.6484357118606567 0.19034218788146973
vt 0.6484354138374329 0.2155551314353943
vt 0.6771789193153381 0.21555542945861816
vt 0.7319404482841492 0.8173374533653259
vt 0.7067270278930664 0.8173220157623291
vt 0.7067270278930664 0.8184614181518555
vt 0.7319403886795044 0.8184608221054077
vt 0.7960529327392578 0.5990511178970337
vt 0.7960529327392578 0.5965791940689087
vt 0.4618552327156067 0.5965791940689087
vt 0.48706862330436707 0.5965791940689087
vt 0.48706862330436707 0.5935757756233215
vt 0.4618557393550873 0.5935757756233215
vt 0.45459502935409546 0.9804996252059937
vt 0.7960529327392578 0.626242458820343
vt 0.7960529327392578 0.6237704753875732
vt 0.48706772923469543 0.30050259828567505
vt 0.4618547856807709 0.30050259828567505
vt 0.7067270874977112 0.8000409007072449
vt 0.5107226371765137 0.9621273279190063
vt 0.5107226371765137 0.9868466854095459
vt 0.5107226371765137 0.9596554040908813
vt 0.48706772923469543 0.29623889923095703
vt 3.005713011816624e-08 0.6470066905021667
vt 0.004233276471495628 0.6470066905021667
vt 0.706727147102356 0.7982894778251648
vt 0.17797955870628357 0.6470066905021667
vt 0.35172581672668457 0.6470066905021667
vt 0.5974885821342468 0.9868466258049011
vt 0.5974885821342468 0.9621272683143616
vt 0.5974885821342468 0.9893185496330261
vt 0.42612123489379883 0.9640601873397827
vt 0.5974885821342468 0.9596553444862366
vt 0.6577963829040527 0.1813415288925171
vt 0.5339714884757996 0.9868466258049011
vt 0.5339714884757996 0.9893185496330261
vt 0.5339714884757996 0.9596553444862366
vt 0.5339714884757996 0.9621272683143616
vt 0.6569454669952393 0.17986762523651123
vt 0.26087313890457153 0.21936142444610596
vt 0.26087313890457153 0.2440807819366455
vt 0.26087313890457153 0.2465527057647705
vt 0.603718101978302 0.9868465662002563
vt 0.603718101978302 0.9621272087097168
vt 0.603718101978302 0.9893185496330261
vt 0.4217163026332855 0.971689760684967
vt 0.26087313890457153 0.21688950061798096
vt 0.603718101978302 0.9596552848815918
vt 0.6646489500999451 0.17448920011520386
vt 0.6631750464439392 0.1736382246017456
vt 0.5107226371765137 0.9893186092376709
vt 0.4366418719291687 0.29623889923095703
vt 0.4366418719291687 0.30050259828567505
vt 0.4618547856807709 0.29623889923095703
vt 0.7553374171257019 0.29127615690231323
vt 0.7553374171257019 0.29623883962631226
vt 0.7710960507392883 0.2962387800216675
vt 0.7710960507392883 0.29127609729766846
vt 0.7826321721076965 0.29623866081237793
vt 0.7826321721076965 0.29127591848373413
vt 0.8687387704849243 0.23816704750061035
vt 0.8687387704849243 0.23320430517196655
vt 0.8529801964759827 0.23320430517196655
vt 0.8529801964759827 0.23816704750061035
vt 0.837221622467041 0.23320430517196655
vt 0.837221622467041 0.23816704750061035
vt 0.8256855010986328 0.23320436477661133
vt 0.8256855010986328 0.23816710710525513
vt 0.37379196286201477 0.2303895354270935
vt 0.37379196286201477 0.2353522777557373
vt 0.3895505666732788 0.2353522777557373
vt 0.3895505368709564 0.2303895354270935
vt 0.1355239450931549 0.21629196405410767
vt 0.15128253400325775 0.21206951141357422
vt 0.15128253400325775 0.21057790517807007
vt 0.13477815687656403 0.2150002121925354
vt 0.12398786842823029 0.22782808542251587
vt 0.12269611656665802 0.22708231210708618
vt 0.11976535618305206 0.24358665943145752
vt 0.1182737722992897 0.24358665943145752
vt 0.12398786097764969 0.25934523344039917
vt 0.12269610911607742 0.26009106636047363
vt 0.1355239450931549 0.2708813548088074
vt 0.13477815687656403 0.27217310667037964
vt 0.15128253400325775 0.2751038670539856
vt 0.15128253400325775 0.27659541368484497
vt 0.837221622467041 0.2962387204170227
vt 0.837221622467041 0.2912759780883789
vt 0.8256855010986328 0.2912760376930237
vt 0.8256855010986328 0.2962387204170227
vt 0.8529801964759827 0.2912759780883789
vt 0.8529801964759827 0.29623866081237793
vt 0.8687387704849243 0.2912759780883789
vt 0.8687387704849243 0.29623866081237793
vt 0.7710960507392883 0.2381671667098999
vt 0.7826321721076965 0.23816698789596558
vt 0.7710960507392883 0.2332044243812561
vt 0.7826321721076965 0.23320430517196655
vt 0.7553374171257019 0.23816722631454468
vt 0.7553374171257019 0.23320448398590088
vt 0.7395787835121155 0.2576383352279663
vt 0.7314215898513794 0.24350959062576294
vt 0.7298637628555298 0.24506735801696777
vt 0.7374508380889893 0.2582085132598877
vt 0.7172927856445312 0.23535233736038208
vt 0.7167226076126099 0.23748034238815308
vt 0.7009783387184143 0.23535233736038208
vt 0.7015485167503357 0.23748034238815308
vt 0.6868495345115662 0.24350959062576294
vt 0.6884073615074158 0.24506735801696777
vt 0.6786922812461853 0.2576383352279663
vt 0.6808202862739563 0.2582085132598877
vt 0.6786922812461853 0.273952841758728
vt 0.6808202862739563 0.27338260412216187
vt 0.37379196286201477 0.17231792211532593
vt 0.37379199266433716 0.17728060483932495
vt 0.3895505666732788 0.17728060483932495
vt 0.3895505666732788 0.17231786251068115
vt 0.8000988960266113 0.7402173280715942
vt 0.8000988960266113 0.7352546453475952
vt 0.7843402624130249 0.7352546453475952
vt 0.7843402624130249 0.7402174472808838
vt 0.7728041410446167 0.7352548837661743
vt 0.7728042006492615 0.7402175664901733
vt 7.51428252954156e-09 0.1881963610649109
vt 0.0 0.1931591033935547
vt 0.015758588910102844 0.19315916299819946
vt 0.015758588910102844 0.18819642066955566
vt 0.03151719644665718 0.1931591033935547
vt 0.03151719272136688 0.18819642066955566
vt 0.04305330291390419 0.1931590437889099
vt 0.04305330291390419 0.1881963610649109
vt 0.8565925359725952 0.6624285578727722
vt 0.8565925359725952 0.6574658155441284
vt 0.8408339619636536 0.6574658155441284
vt 0.8408339619636536 0.6624285578727722
vt 0.1355239301919937 0.3171469569206238
vt 0.15128251910209656 0.31292444467544556
vt 0.15128251910209656 0.3114328980445862
vt 0.13477814197540283 0.3158552646636963
vt 0.1239878460764885 0.328683078289032
vt 0.12269609421491623 0.3279373049736023
vt 0.11976534128189087 0.34444165229797363
vt 0.11827375739812851 0.34444165229797363
vt 0.1239878386259079 0.3602002263069153
vt 0.12269608676433563 0.36094605922698975
vt 0.1355239301919937 0.3717363476753235
vt 0.13477814197540283 0.37302809953689575
vt 0.15128251910209656 0.3759588599205017
vt 0.15128251910209656 0.37745046615600586
vt 0.03151719644665718 0.1301247477531433
vt 0.03151720017194748 0.13508743047714233
vt 0.04305331036448479 0.13508737087249756
vt 0.04305331036448479 0.13012468814849854
vt 0.015758588910102844 0.13508743047714233
vt 0.015758592635393143 0.1301247477531433
vt 1.502856505908312e-08 0.13508743047714233
vt 1.502856505908312e-08 0.1301247477531433
vt 0.7843402624130249 0.7933263778686523
vt 0.7728041410446167 0.7933264970779419
vt 0.7843402624130249 0.7982890605926514
vt 0.7728041410446167 0.7982891798019409
vt 0.8000988960266113 0.7933262586593628
vt 0.8000988960266113 0.7982890009880066
vt 0.3945593237876892 0.23535233736038208
vt 0.3782448172569275 0.23535233736038208
vt 0.37881502509117126 0.23748034238815308
vt 0.39398911595344543 0.23748034238815308
vt 0.8565925359725952 0.7205001711845398
vt 0.8565925359725952 0.715537428855896
vt 0.8408339619636536 0.7155374884605408
vt 0.8408339619636536 0.7205002307891846
vt 0.6942926049232483 0.25095266103744507
vt 0.688859760761261 0.2603626847267151
vt 0.7091355323791504 0.26579558849334717
vt 0.7037026882171631 0.245519757270813
vt 0.7145684361457825 0.245519757270813
vt 0.7239784598350525 0.25095266103744507
vt 0.7294113636016846 0.2603626847267151
vt 0.7294113636016846 0.27122849225997925
vt 0.688859760761261 0.27122849225997925
vt 0.6942926049232483 0.28063851594924927
vt 0.7037026286125183 0.28607141971588135
vt 0.7145684361457825 0.28607141971588135
vt 0.7239784598350525 0.28063851594924927
vt 0.36612623929977417 0.2603626847267151
vt 0.36612623929977417 0.27122849225997925
vt 0.38640207052230835 0.26579558849334717
vt 0.37155914306640625 0.25095266103744507
vt 0.38096916675567627 0.245519757270813
vt 0.39183494448661804 0.245519757270813
vt 0.40124499797821045 0.25095266103744507
vt 0.40667790174484253 0.2603626847267151
vt 0.37155914306640625 0.28063851594924927
vt 0.40667790174484253 0.27122849225997925
vt 0.38096919655799866 0.28607141971588135
vt 0.39183497428894043 0.28607141971588135
vt 0.40124499797821045 0.28063851594924927
vt 0.7423608899116516 0.6270225048065186
vt 0.7423608899116516 0.7678459286689758
vt 0.40713027119636536 0.24506735801696777
vt 0.41471731662750244 0.2582085132598877
vt 0.35808682441711426 0.2582085132598877
vt 0.36567386984825134 0.24506735801696777
vt 0.35808682441711426 0.27338260412216187
vt 0.4168453514575958 0.2576383352279663
vt 0.4086880683898926 0.24350953102111816
vt 0.36411604285240173 0.24350959062576294
vt 0.35595881938934326 0.2576383352279663
vt 0.35595881938934326 0.273952841758728
vt 0.6786917448043823 0.21555542945861816
vt 0.6786919832229614 0.1903424859046936
vt 0.4366418421268463 0.5935757756233215
vt 0.5727959275245667 0.13638484477996826
vt 0.5727959275245667 0.13487207889556885
vt 0.5475829839706421 0.13487178087234497
vt 0.5475829839706421 0.13638460636138916
vt 0.5623208284378052 0.17363792657852173
vt 0.5560912489891052 0.17986738681793213
vt 0.5569422245025635 0.181341290473938
vt 0.563794732093811 0.17448890209197998
vt 0.6232209205627441 0.29623883962631226
vt 0.6232209205627441 0.30050259828567505
vt 0.6484338045120239 0.30050259828567505
vt 0.6484338045120239 0.29623883962631226
vt 0.4858298599720001 0.9800590872764587
vt 0.4710344076156616 0.976094663143158
vt 0.48186540603637695 0.9869256615638733
vt 0.5560916066169739 0.15038901567459106
vt 0.5569425821304321 0.1489151120185852
vt 0.5475820302963257 0.146406888961792
vt 0.5475819706916809 0.14810878038406372
vt 0.6439862847328186 0.9621272683143616
vt 0.6502158045768738 0.9621272087097168
vt 0.6502158045768738 0.9596552848815918
vt 0.6439862847328186 0.9596553444862366
vt 0.5623210072517395 0.15661859512329102
vt 0.5637949705123901 0.15576767921447754
vt 0.5572203397750854 0.9621272683143616
vt 0.5572203397750854 0.9596553444862366
vt 0.5509908199310303 0.9596552848815918
vt 0.5509908199310303 0.9621272087097168
vt 0.2756122946739197 0.30340731143951416
vt 0.2756122946739197 0.30587923526763916
vt 0.28412193059921265 0.30587923526763916
vt 0.28412193059921265 0.30340731143951416
vt 0.47543931007385254 0.9925340414047241
vt 0.4749988317489624 0.9908900856971741
vt 0.46706998348236084 0.9908900856971741
vt 0.4666295051574707 0.9925340414047241
vt 0.4602033793926239 0.9869256615638733
vt 0.45899996161460876 0.9881291389465332
vt 0.5572203397750854 0.9893185496330261
vt 0.5572203397750854 0.9868466258049011
vt 0.5509908199310303 0.9868466258049011
vt 0.5509908199310303 0.9893185496330261
vt 0.2756122946739197 0.27621597051620483
vt 0.2756122946739197 0.27868789434432983
vt 0.28412193059921265 0.2786879539489746
vt 0.28412193059921265 0.27621597051620483
vt 0.5646010637283325 0.16512829065322876
vt 0.566303014755249 0.16512829065322876
vt 0.6269669532775879 0.9868466258049011
vt 0.6354766488075256 0.9868466258049011
vt 0.6354766488075256 0.9621272683143616
vt 0.6269669532775879 0.9621272683143616
vt 0.6269669532775879 0.9893185496330261
vt 0.6354766488075256 0.9893185496330261
vt 0.4754393994808197 0.9596552848815918
vt 0.4666295647621155 0.9596552848815918
vt 0.4670700430870056 0.9612992405891418
vt 0.47499892115592957 0.9612992405891418
vt 0.6354766488075256 0.9596553444862366
vt 0.6269669532775879 0.9596553444862366
vt 0.5727956295013428 0.16512835025787354
vt 0.5424811840057373 0.9596552848815918
vt 0.5424811840057373 0.9621272087097168
vt 0.4562389850616455 0.9800590872764587
vt 0.45459502935409546 0.9804995656013489
vt 0.5424811840057373 0.9868466258049011
vt 0.5424811840057373 0.9893185496330261
vt 0.45899996161460876 0.9640601277351379
vt 0.45459505915641785 0.9716896414756775
vt 0.4562389850616455 0.9721301794052124
vt 0.4602034091949463 0.9652636051177979
vt 0.5475815534591675 0.18214738368988037
vt 0.5390719175338745 0.17986714839935303
vt 0.5382209420204163 0.1813410520553589
vt 0.5475815534591675 0.1838492751121521
vt 0.6771782040596008 0.5965791940689087
vt 0.6771782040596008 0.5935757756233215
vt 0.6484347581863403 0.5935757160186768
vt 0.6484347581863403 0.5965791940689087
vt 0.1779792606830597 0.9982472062110901
vt 0.1779792606830597 0.9495724439620972
vt 0.00423294585198164 0.9495724439620972
vt 0.00423294585198164 0.9982472062110901
vt 0.6581467986106873 0.9982456564903259
vt 0.6581470966339111 0.9495709538459778
vt 0.6562996506690979 0.949570894241333
vt 0.656299352645874 0.9982456564903259
vt 0.3559587895870209 0.9982472062110901
vt 0.35595881938934326 0.9495724439620972
vt 0.35172560811042786 0.9495724439620972
vt 0.35172557830810547 0.9982472062110901
vt 0.6771782040596008 0.30050259828567505
vt 0.6771782040596008 0.29623889923095703
vt 0.6439862847328186 0.9893185496330261
vt 0.6502158045768738 0.9893185496330261
vt 0.6502158045768738 0.9868466258049011
vt 0.6439862847328186 0.9868466258049011
vt 0.6753320097923279 0.9793817400932312
vt 0.6764714121818542 0.9783145189285278
vt 0.6764715909957886 0.9495710730552673
vt 0.6753321886062622 0.9495710730552673
vt 0.6753320097923279 0.9809507131576538
vt 0.6232218742370605 0.5935757160186768
vt 0.2671026587486267 0.30835121870040894
vt 0.2608731687068939 0.3083512783050537
vt 0.2608731687068939 0.33307069540023804
vt 0.2671026587486267 0.3330705761909485
vt 0.2671026587486267 0.30587929487228394
vt 0.2608731687068939 0.3058793544769287
vt 0.48306891322135925 0.9640601873397827
vt 0.4818654954433441 0.9652636647224426
vt 0.6232213377952576 0.5965791940689087
vt 0.2608731687068939 0.33554261922836304
vt 0.2671026587486267 0.3355425000190735
vt 0.6753475666046143 0.9243576526641846
vt 0.6764709949493408 0.9243576526641846
vt 0.5328425168991089 0.17363756895065308
vt 0.531368613243103 0.17448854446411133
vt 0.6562990546226501 0.878971517086029
vt 0.6562990546226501 0.8537585735321045
vt 0.6520353555679321 0.8537585735321045
vt 0.6520353555679321 0.878971517086029
vt 0.6520353555679321 0.8285456299781799
vt 0.35896220803260803 0.8285436630249023
vt 0.3589622378349304 0.8537576198577881
vt 0.6562990546226501 0.8285456299781799
vt 0.5623207688331604 0.2574727535247803
vt 0.5646007657051086 0.265982449054718
vt 0.5663026571273804 0.2659825086593628
vt 0.5637946724891663 0.2566218376159668
vt 0.2693827748298645 0.33801454305648804
vt 0.27789244055747986 0.33801454305648804
vt 0.27789244055747986 0.33554261922836304
vt 0.2693827748298645 0.33554255962371826
vt 0.3888375461101532 0.9804995656013489
vt 0.39324238896369934 0.9881291389465332
vt 0.39444583654403687 0.9869256615638733
vt 0.39048150181770325 0.980059027671814
vt 0.5637944340705872 0.27534306049346924
vt 0.5727949738502502 0.29472535848617554
vt 0.5727952718734741 0.26598167419433594
vt 0.4200723469257355 0.972130298614502
vt 0.40527692437171936 0.976094663143158
vt 0.4200723469257355 0.9800590872764587
vt 0.4161079227924347 0.9869257211685181
vt 0.40924134850502014 0.9908901453018188
vt 0.5188376307487488 0.2947254180908203
vt 0.5188379883766174 0.2659810781478882
vt 0.517325222492218 0.2659810781478882
vt 0.5173255801200867 0.2947254776954651
vt 0.2693827748298645 0.3652058243751526
vt 0.27789244055747986 0.3652058243751526
vt 0.27789244055747986 0.3627339005470276
vt 0.2693827748298645 0.3627339005470276
vt 0.4013124406337738 0.9908901453018188
vt 0.39048147201538086 0.9721301794052124
vt 0.5569419264793396 0.28219544887542725
vt 0.39444589614868164 0.9652636051177979
vt 0.4013125002384186 0.9612992405891418
vt 0.7813137769699097 0.6549938321113586
vt 0.7898234128952026 0.6549938321113586
vt 0.7898234128952026 0.6302744150161743
vt 0.7813137769699097 0.6302744150161743
vt 0.7813137769699097 0.6574657559394836
vt 0.7898234724998474 0.6574657559394836
vt 0.40087202191352844 0.9596552848815918
vt 0.3932424783706665 0.9640601873397827
vt 0.7898234128952026 0.6278024911880493
vt 0.7813137769699097 0.6278024911880493
vt 0.5475803017616272 0.2947257161140442
vt 0.5475813150405884 0.28470349311828613
vt 0.5560909509658813 0.2807215452194214
vt 0.5475813150405884 0.28300154209136963
vt 0.4161079227924347 0.9652636647224426
vt 0.547581672668457 0.24896293878555298
vt 0.5560913681983948 0.2512432336807251
vt 0.556942343711853 0.24976933002471924
vt 0.547581672668457 0.24726104736328125
vt 0.609947681427002 0.9621272683143616
vt 0.609947681427002 0.9868466258049011
vt 0.6184573173522949 0.9868465662002563
vt 0.6184573173522949 0.9621272087097168
vt 0.5475820302963257 0.29623860120773315
vt 0.5727949738502502 0.29623883962631226
vt 0.609947681427002 0.9596553444862366
vt 0.6184573173522949 0.9596552848815918
vt 0.4173113703727722 0.9640602469444275
vt 0.42171627283096313 0.971689760684967
vt 0.6099476218223572 0.9893185496330261
vt 0.6184573173522949 0.9893185496330261
vt 0.5188383460044861 0.2962383031845093
vt 0.7089475393295288 0.29623889923095703
vt 0.6802037954330444 0.29623889923095703
vt 0.6802037954330444 0.30050259828567505
vt 0.7089475393295288 0.30050259828567505
vt 0.5339383482933044 0.5965791940689087
vt 0.5339383482933044 0.5984275341033936
vt 0.7076846361160278 0.5984275341033936
vt 0.7076846361160278 0.5965791940689087
vt 0.5313683152198792 0.2753427028656006
vt 0.5288602709770203 0.2659820318222046
vt 0.8256855607032776 0.17513257265090942
vt 0.837221622467041 0.17513251304626465
vt 0.837221622467041 0.17016983032226562
vt 0.8256855607032776 0.1701698899269104
vt 0.8529802560806274 0.17513251304626465
vt 0.8529802560806274 0.17016977071762085
vt 0.8687388300895691 0.17513251304626465
vt 0.8687388300895691 0.17016983032226562
vt 0.41684532165527344 0.23038959503173828
vt 0.40530920028686523 0.2303895354270935
vt 0.40530920028686523 0.2353522777557373
vt 0.41684529185295105 0.23535233736038208
vt 0.1785772442817688 0.22782808542251587
vt 0.17986899614334106 0.22708231210708618
vt 0.16778697073459625 0.21500027179718018
vt 0.16704116761684418 0.21629202365875244
vt 0.18279974162578583 0.24358665943145752
vt 0.18429133296012878 0.24358665943145752
vt 0.1785772442817688 0.25934529304504395
vt 0.17986899614334106 0.26009106636047363
vt 0.16704115271568298 0.2708813548088074
vt 0.16778694093227386 0.27217310667037964
vt 0.41684532165527344 0.17231792211532593
vt 0.40530920028686523 0.17231792211532593
vt 0.40530920028686523 0.17728060483932495
vt 0.41684532165527344 0.17728066444396973
vt 0.8529802560806274 0.2282414436340332
vt 0.8687388300895691 0.2282414436340332
vt 0.8529802560806274 0.23320412635803223
vt 0.8687388300895691 0.233204185962677
vt 0.837221622467041 0.2282414436340332
vt 0.837221622467041 0.233204185962677
vt 0.8256855607032776 0.22824156284332275
vt 0.8256855607032776 0.23320424556732178
vt 0.7395787835121155 0.273952841758728
vt 0.7374508380889893 0.27338266372680664
vt 0.7298637628555298 0.28652381896972656
vt 0.7314215898513794 0.28808164596557617
vt 0.7167226076126099 0.29411089420318604
vt 0.7172927856445312 0.29623883962631226
vt 0.7015485167503357 0.29411083459854126
vt 0.7009782791137695 0.29623883962631226
vt 0.6884073615074158 0.28652381896972656
vt 0.6868495345115662 0.2880815863609314
vt 0.3589622378349304 0.8789714574813843
vt 0.1998617947101593 0.1949111819267273
vt 0.1998617947101593 0.19315916299819946
vt 0.15128256380558014 0.19315916299819946
vt 0.15128256380558014 0.1949111819267273
vt 0.004232960753142834 0.3966212272644043
vt 0.004232960753142834 0.3948691487312317
vt 2.254284758862468e-08 0.3948691487312317
vt 2.254284758862468e-08 0.3966212272644043
vt 0.8580085635185242 0.9982466697692871
vt 0.8561603426933289 0.9982466697692871
vt 0.8561603426933289 0.9999986886978149
vt 0.8580085635185242 0.9999986886978149
vt 0.7119175791740417 0.5984275341033936
vt 0.7119175791740417 0.5965791940689087
vt 0.2017100602388382 0.1949111819267273
vt 0.2017100602388382 0.19315916299819946
vt 0.004232968203723431 0.44529664516448975
vt 2.254284758862468e-08 0.44529664516448975
vt 0.2017100602388382 0.24358665943145752
vt 0.1998617798089981 0.24358665943145752
vt 0.35595881938934326 0.3966212272644043
vt 0.35595881938934326 0.39486920833587646
vt 0.35172560811042786 0.39486920833587646
vt 0.35172560811042786 0.3966212272644043
vt 0.35595881938934326 0.5965791940689087
vt 0.3559587895870209 0.5984275341033936
vt 0.3601920008659363 0.5984274744987488
vt 0.36019203066825867 0.5965791940689087
vt 0.5804692506790161 0.9868466258049011
vt 0.5719595551490784 0.9868466258049011
vt 0.5719595551490784 0.9893185496330261
vt 0.5804692506790161 0.9893185496330261
vt 0.856160581111908 0.9495711922645569
vt 0.8389610052108765 0.9495721459388733
vt 0.8389608860015869 0.979396402835846
vt 0.8389608263969421 0.9809660911560059
vt 0.4008719325065613 0.9925340414047241
vt 0.4096818268299103 0.9925340414047241
vt 0.43365585803985596 0.1544981598854065
vt 0.44519197940826416 0.15449810028076172
vt 0.44519197940826416 0.14953535795211792
vt 0.43365585803985596 0.1495354175567627
vt 0.4609505832195282 0.15449804067611694
vt 0.4609505832195282 0.14953529834747314
vt 0.47670915722846985 0.15449810028076172
vt 0.47670915722846985 0.14953535795211792
vt 0.8135392069816589 0.6624284982681274
vt 0.8250753283500671 0.6624284982681274
vt 0.8250753283500671 0.6574658155441284
vt 0.8135392069816589 0.6574657559394836
vt 0.1785772442817688 0.328683078289032
vt 0.17986899614334106 0.3279373049736023
vt 0.16778695583343506 0.3158552646636963
vt 0.16704116761684418 0.31714701652526855
vt 0.18279972672462463 0.34444165229797363
vt 0.1842913180589676 0.34444165229797363
vt 0.1785772293806076 0.36020028591156006
vt 0.17986898124217987 0.36094605922698975
vt 0.1670411378145218 0.3717363476753235
vt 0.16778692603111267 0.37302809953689575
vt 0.8135392069816589 0.720500111579895
vt 0.8250753283500671 0.7205001711845398
vt 0.8250753283500671 0.715537428855896
vt 0.8135392069816589 0.715537428855896
vt 0.4609505832195282 0.2076069712638855
vt 0.47670915722846985 0.20760703086853027
vt 0.4609505832195282 0.2125697135925293
vt 0.47670915722846985 0.2125697135925293
vt 0.44519197940826416 0.20760703086853027
vt 0.44519197940826416 0.2125697135925293
vt 0.43365585803985596 0.20760709047317505
vt 0.43365585803985596 0.21256977319717407
vt 0.40868809819221497 0.28808164596557617
vt 0.40713027119636536 0.28652381896972656
vt 0.3939891457557678 0.29411083459854126
vt 0.3945593237876892 0.29623883962631226
vt 0.5804692506790161 0.9596552848815918
vt 0.5719595551490784 0.9596552848815918
vt 0.5719595551490784 0.9621272087097168
vt 0.5804692506790161 0.9621272087097168
vt 0.2017100602388382 0.3931162357330322
vt 0.201710045337677 0.34444165229797363
vt 0.19986176490783691 0.34444165229797363
vt 0.19986175000667572 0.3931162357330322
vt 0.5305622220039368 0.2659820318222046
vt 0.5328422784805298 0.27449172735214233
vt 0.5173255801200867 0.2962383031845093
vt 0.2017100602388382 0.3948691487312317
vt 0.19986175000667572 0.3948691487312317
vt 0.5390716791152954 0.2807213068008423
vt 0.5382207036018372 0.28219521045684814
vt 0.17797929048538208 0.3966212272644043
vt 0.17797929048538208 0.39486920833587646
vt 0.17797929048538208 0.4452967047691345
vt 0.2017100751399994 0.2940141558647156
vt 0.1998617798089981 0.2940141558647156
vt 0.8389611840248108 0.9243577718734741
vt 0.837837815284729 0.9243577718734741
vt 0.8378376364707947 0.9495722055435181
vt 0.6037181615829468 0.9868466854095459
vt 0.6037181615829468 0.9893186092376709
vt 0.7728041410446167 0.6278024911880493
vt 0.7728041410446167 0.6302744150161743
vt 0.40924134850502014 0.9612992405891418
vt 0.4096818268299103 0.9596552848815918
vt 0.36567386984825134 0.28652381896972656
vt 0.37881502509117126 0.29411083459854126
vt 0.41684532165527344 0.273952841758728
vt 0.41471734642982483 0.27338266372680664
vt 0.3782448470592499 0.29623883962631226
vt 0.3641160726547241 0.28808164596557617
vt 0.6037181615829468 0.9596554040908813
vt 0.6037181615829468 0.9621273279190063
vt 0.8378375172615051 0.9783139228820801
vt 0.8378374576568604 0.9798266887664795
vt 0.6786910891532898 0.29623889923095703
vt 0.6786910891532898 0.30050259828567505
vt 0.6786910891532898 0.5935757756233215
vt 0.6802037954330444 0.5935757756233215
vt 0.8363246917724609 0.9798266887664795
vt 0.8373918533325195 0.9809660911560059
vt 0.6520353555679321 0.7998019456863403
vt 0.3589622378349304 0.7998019456863403
vt 0.6520353555679321 0.9596552848815918
vt 0.6562990546226501 0.9596552848815918
vt 0.6562990546226501 0.9581424593925476
vt 0.6520353555679321 0.9581424593925476
vt 0.3589622378349304 0.9596552848815918
vt 0.3589622378349304 0.9581424593925476
vt 0.7728041410446167 0.6549937725067139
vt 0.7728041410446167 0.6574657559394836
vt 0.4858298599720001 0.9721302390098572
vt 0.35595881938934326 0.8537580966949463
vt 0.35595884919166565 0.8285436630249023
vt 0.35595884919166565 0.7998019456863403
vt 0.678691029548645 0.5965791940689087
vt 0.678691029548645 0.5935757756233215
vt 0.858008861541748 0.9495712518692017
vt 0.35595881938934326 0.4452967047691345
vt 0.35172557830810547 0.4452967047691345
vt 0.3589622378349304 0.7982892394065857
vt 0.35595884919166565 0.7982892394065857
vt 0.6802037954330444 0.5965791940689087
vt 0.6786910891532898 0.5965791940689087
vt 0.35595884919166565 0.9596552848815918
vt 0.35595884919166565 0.9581424593925476
vt 0.35595881938934326 0.7478609681129456
vt 0.35595881938934326 0.7964410185813904
vt 0.36019203066825867 0.7964410185813904
vt 0.36019203066825867 0.7478609681129456
vt 0.7089455723762512 0.5965791940689087
vt 0.7089455723762512 0.5935757756233215
vt 0.7067259550094604 0.9809508919715881
vt 0.7067258954048157 0.9798275232315063
vt 0.6779841184616089 0.979827344417572
vt 0.6769016981124878 0.9809507131576538
vt 0.7067268490791321 0.9999986886978149
vt 0.7067268490791321 0.998245894908905
vt 0.6581467986106873 0.9999984502792358
vt 0.27561232447624207 0.30835115909576416
vt 0.2756122946739197 0.3330705761909485
vt 0.28412193059921265 0.3330705761909485
vt 0.28412193059921265 0.30835121870040894
vt 0.27561232447624207 0.30587923526763916
vt 0.28412193059921265 0.30587929487228394
vt 0.678691029548645 0.30050259828567505
vt 0.678691029548645 0.29623883962631226
vt 0.6764714121818542 0.979827344417572
vt 0.7341600060462952 0.5965791940689087
vt 0.7341594696044922 0.5935757756233215
vt 0.26087313890457153 0.2786879539489746
vt 0.26087313890457153 0.30340737104415894
vt 0.2671026289463043 0.30340731143951416
vt 0.2671026289463043 0.27868789434432983
vt 0.7341604232788086 0.29623889923095703
vt 0.7341604232788086 0.30050259828567505
vt 0.6520353555679321 0.7982892394065857
vt 0.6562990546226501 0.7998019456863403
vt 0.6562990546226501 0.7982891798019409
vt 0.26087313890457153 0.2762160301208496
vt 0.2671026289463043 0.27621597051620483
vt 0.4874737858772278 0.9804995656013489
vt 0.4830688536167145 0.9881290793418884
vt 0.4874737858772278 0.971689760684967
vt 0.2756122946739197 0.3355425000190735
vt 0.28412193059921265 0.3355425000190735
vt 0.26087313890457153 0.30587929487228394
vt 0.2671026289463043 0.30587923526763916
vt 0.5623205304145813 0.274492084980011
vt 0.7319403290748596 0.9809510111808777
vt 0.7319403290748596 0.9798276424407959
vt 0.35595881938934326 0.6974334716796875
vt 0.36019203066825867 0.6974334716796875
vt 0.5313688516616821 0.1557673215866089
vt 0.5382213592529297 0.14891493320465088
vt 0.51883864402771 0.1363842487335205
vt 0.5188383460044861 0.16512691974639893
vt 0.5288605690002441 0.16512787342071533
vt 0.5390723347663879 0.1503888964653015
vt 0.532842755317688 0.15661829710006714
vt 0.5339383482933044 0.7964410185813904
vt 0.7076846361160278 0.7964410185813904
vt 0.7076846361160278 0.7478610277175903
vt 0.5339383482933044 0.7478609681129456
vt 0.5339383482933044 0.7982884645462036
vt 0.7076846361160278 0.7982884645462036
vt 0.5305625200271606 0.1651279330253601
vt 0.5188387036323547 0.19034159183502197
vt 0.5188377499580383 0.21555447578430176
vt 0.5475812554359436 0.21555477380752563
vt 0.5475823879241943 0.19034188985824585
vt 0.7823677659034729 0.9809504747390747
vt 0.8075811862945557 0.9809659123420715
vt 0.8075811862945557 0.9798265099525452
vt 0.7823678255081177 0.9798271059989929
vt 0.517325758934021 0.13638490438461304
vt 0.5188385844230652 0.1348721981048584
vt 0.517325758934021 0.1348721981048584
vt 0.7960529327392578 0.6302744150161743
vt 0.7960529327392578 0.6278024911880493
vt 0.7571533918380737 0.9809503555297852
vt 0.7571532726287842 0.9982461929321289
vt 0.8075810670852661 0.998246431350708
vt 0.35595887899398804 0.9041855931282043
vt 0.35595884919166565 0.9293989539146423
vt 0.3589622378349304 0.9293990135192871
vt 0.3589622378349304 0.9041861295700073
vt 0.5339714884757996 0.9868466258049011
vt 0.5339714884757996 0.9621272087097168
vt 0.5339714884757996 0.9893185496330261
vt 0.7076846361160278 0.6974334716796875
vt 0.5339383482933044 0.6974334716796875
vt 0.3888375461101532 0.9716897010803223
vt 0.5339714884757996 0.9596552848815918
vt 0.7960529327392578 0.6574656963348389
vt 0.7960529327392578 0.6549937725067139
vt 0.35595881938934326 1.0
vt 0.35172563791275024 1.0
vt 0.3559587895870209 0.7982884645462036
vt 0.36019203066825867 0.7982884645462036
vt 0.656299352645874 0.9999984502792358
vt 0.6520353555679321 0.9293980598449707
vt 0.6520353555679321 0.9041851162910461
vt 0.1779792755842209 1.0
vt 0.00423294585198164 1.0
vt 0.5173254609107971 0.1651286482810974
vt 0.517325222492218 0.1903415322303772
vt 0.7395788431167603 0.29127609729766846
vt 0.7395788431167603 0.2962387800216675
vt 0.7395788431167603 0.2381671667098999
vt 0.7395788431167603 0.2332044243812561
vt 0.815857470035553 0.7402174472808838
vt 0.815857470035553 0.7352546453475952
vt 0.815857470035553 0.7933263778686523
vt 0.815857470035553 0.7982890605926514
vt 0.15128250420093536 0.39311617612838745
vt 0.15128248929977417 0.3948691487312317
vt 0.15128250420093536 0.2940141558647156
vt 0.28412193059921265 0.3627339005470276
vt 0.28412196040153503 0.33801454305648804
vt 0.28412196040153503 0.3652058243751526
vt 0.5173249244689941 0.21555447578430176
vt 0.6562990546226501 0.9293980598449707
vt 0.35595881938934326 0.6470067501068115
vt 0.36019203066825867 0.6470067501068115
vt 0.5339383482933044 0.6470067501068115
vt 0.7076846361160278 0.6470067501068115
vt 0.7119175791740417 0.6470067501068115
vt 0.5634498596191406 0.9621272087097168
vt 0.5634498596191406 0.9868466258049011
vt 0.5634498596191406 0.9596552848815918
vt 0.4173113703727722 0.9881291389465332
vt 0.5634498596191406 0.9893185496330261
vt 0.5382210612297058 0.24976909160614014
vt 0.5475817322731018 0.2407684326171875
vt 0.5188382863998413 0.24076813459396362
vt 0.26087310910224915 0.33801454305648804
vt 0.26087310910224915 0.33554261922836304
vt 0.26087310910224915 0.3652058243751526
vt 0.26087310910224915 0.3627339005470276
vt 0.5390719771385193 0.251242995262146
vt 0.6269669532775879 0.9868466258049011
vt 0.6269669532775879 0.9621272683143616
vt 0.6269669532775879 0.9596553444862366
vt 0.5572203993797302 0.9621272683143616
vt 0.5572203397750854 0.9868466258049011
vt 0.5572203993797302 0.9596553444862366
vt 0.42171627283096313 0.9804996252059937
vt 0.6269669532775879 0.9893185496330261
vt 0.5572203397750854 0.9893185496330261
vt 0.5313685536384583 0.25662147998809814
vt 0.5328424572944641 0.2574724555015564
vt 0.28412196040153503 0.33554261922836304
vt 0.10085505992174149 0.1949111819267273
vt 0.10085505992174149 0.19315916299819946
vt 0.10085505247116089 0.24358665943145752
vt 0.1008550301194191 0.3948691487312317
vt 0.1008550375699997 0.34444165229797363
vt 0.7571533918380737 0.9798269867897034
vt 0.6562990546226501 0.9041851162910461
vt 0.5173254609107971 0.24076813459396362
vt 0.8378371596336365 0.8991446495056152
vt 0.35595881938934326 0.4957234859466553
vt 0.35172560811042786 0.4957234859466553
vt 0.8580083250999451 0.8991445302963257
vt 0.8580085635185242 0.8487170338630676
vt 0.17797929048538208 0.4957234263420105
vt 0.004232960753142834 0.4957234263420105
vt 0.4366421401500702 0.5965791940689087
vt 3.005713011816624e-08 0.6974341869354248
vt 0.004233246203511953 0.6974334120750427
vt 0.757154643535614 0.7982897758483887
vt 0.35595881938934326 0.8789712190628052
vt 1.502856505908312e-08 0.4957242012023926
vt 0.7571543455123901 0.9999989867210388
vt 0.8075810074806213 0.9999984502792358
vt 0.6196643114089966 0.25305700302124023
vt 0.6202043294906616 0.2539922595024109
vt 0.6364524364471436 0.23774445056915283
vt 0.6355172395706177 0.23720449209213257
vt 0.5980091094970703 0.2588592767715454
vt 0.5980091094970703 0.25993919372558594
vt 0.5763540267944336 0.25305652618408203
vt 0.5758140683174133 0.2539917826652527
vt 0.5605015158653259 0.2372036576271057
vt 0.5595662593841553 0.23774361610412598
vt 0.5546992421150208 0.21554845571517944
vt 0.5536193251609802 0.21554845571517944
vt 0.7412018179893494 0.6867499351501465
vt 7.51428252954156e-09 0.5461516380310059
vt 0.0 0.5948262214660645
vt 0.0 0.5965791940689087
vt 0.3559587895870209 0.7982891798019409
vt 0.3559587895870209 0.7964408993721008
vt 0.3559587597846985 0.7478616237640381
vt 0.3559587597846985 0.6974341869354248
vt 0.3559587597846985 0.6470067501068115
vt 0.3559587895870209 0.598427414894104
vt 0.3559587895870209 0.5965791940689087
vt 7.51428252954156e-09 0.7982891798019409
vt 7.51428252954156e-09 0.8000421524047852
vt 1.502856505908312e-08 0.8487167358398438
vt 7.51428252954156e-09 0.8991442322731018
vt 0.0 0.9495717287063599
vt 0.0 0.9982472062110901
vt 0.0 0.9999992251396179
vt 0.7119175791740417 0.7982891798019409
vt 0.7119175791740417 0.7964410185813904
vt 0.7119175791740417 0.7478617429733276
vt 0.7119175791740417 0.6974342465400696
vn 0.2709636688232422 -0.9625895023345947 -6.016602079289383e-17
vn 1.0414393364877616e-23 -1.0 -2.3236233044541614e-39
vn 1.0414393364877616e-23 -1.0 -2.3236233044541614e-39
vn 0.2346557229757309 -0.9625909924507141 0.1354820281267166
vn 1.0414393364877616e-23 -1.0 -2.3236233044541614e-39
vn -7.637471238728483e-24 -0.9467727541923523 0.3219027519226074
vn -7.637471238728483e-24 -0.9467727541923523 0.3219027519226074
vn 1.0414393364877616e-23 -1.0 -2.3236233044541614e-39
vn -0.1354820281267166 -0.9625909924507141 0.2346557229757309
vn 1.0414393364877616e-23 -1.0 -2.3236233044541614e-39
vn 1.0414393364877616e-23 -1.0 -2.3236233044541614e-39
vn -0.2346557229757309 -0.9625909924507141 0.1354820281267166
vn -0.317533940076828 -0.9303590655326843 -0.18331429362297058
vn -0.3666442334651947 -0.930361270904541 8.14113739678201e-17
vn -1.0 -2.220446049250313e-16 2.220446049250313e-16
vn -0.8660315871238708 3.7748137060589215e-08 -0.49998927116394043
vn 0.8660315871238708 -3.7748137060589215e-08 0.49998927116394043
vn 0.49998927116394043 -6.53835598996011e-08 0.8660315871238708
vn 0.49998927116394043 -6.53835598996011e-08 0.8660315871238708
vn 0.8660315871238708 -3.7748137060589215e-08 0.49998927116394043
vn 0.8660315871238708 3.7748137060589215e-08 -0.49998927116394043
vn 1.0 2.220446049250313e-16 -2.220446049250313e-16
vn 1.0 2.220446049250313e-16 -2.220446049250313e-16
vn 0.8660315871238708 3.7748137060589215e-08 -0.49998927116394043
vn 0.18331429362297058 -0.9303590655326843 -0.317533940076828
vn 2.96186756770676e-23 -0.930361270904541 -0.3666442334651947
vn 5.43565932028859e-23 7.549789415861596e-08 -1.0
vn 0.49998927116394043 6.53835598996011e-08 -0.8660315871238708
vn 0.3666442334651947 -0.930361270904541 -8.14113739678201e-17
vn 0.317533940076828 -0.9303590655326843 -0.18331429362297058
vn 0.8660315871238708 3.7748137060589215e-08 -0.49998927116394043
vn 1.0 2.220446049250313e-16 -2.220446049250313e-16
vn -1.0 -2.220446049250313e-16 2.220446049250313e-16
vn -0.8660315871238708 3.7748137060589215e-08 -0.49998927116394043
vn -0.8660315871238708 3.7748137060589215e-08 -0.49998927116394043
vn -1.0 -2.220446049250313e-16 2.220446049250313e-16
vn 0.18331429362297058 -0.9303591251373291 0.317533940076828
vn 0.317533940076828 -0.9303591251373291 0.18331429362297058
vn 0.8660315871238708 -3.7748137060589215e-08 0.49998927116394043
vn 0.49998927116394043 -6.53835598996011e-08 0.8660315871238708
vn -0.49998927116394043 6.53835598996011e-08 -0.8660315871238708
vn 5.43565932028859e-23 7.549789415861596e-08 -1.0
vn 5.43565932028859e-23 7.549789415861596e-08 -1.0
vn -0.49998927116394043 6.53835598996011e-08 -0.8660315871238708
vn 0.49998927116394043 6.53835598996011e-08 -0.8660315871238708
vn 0.8660315871238708 3.7748137060589215e-08 -0.49998927116394043
vn 0.8660315871238708 3.7748137060589215e-08 -0.49998927116394043
vn 0.49998927116394043 6.53835598996011e-08 -0.8660315871238708
vn -0.18331429362297058 -0.9303591251373291 0.317533940076828
vn -1.0240380115516724e-23 -0.9303612112998962 0.3666441738605499
vn -5.43565932028859e-23 -7.549789415861596e-08 1.0
vn -0.49998927116394043 -6.53835598996011e-08 0.8660315871238708
vn -0.18331429362297058 -0.9303590655326843 -0.317533940076828
vn -0.49998927116394043 6.53835598996011e-08 -0.8660315871238708
vn -7.637471238728483e-24 -0.9467727541923523 0.3219027519226074
vn -7.637471238728483e-24 -0.9467727541923523 0.3219027519226074
vn -5.43565932028859e-23 -7.549789415861596e-08 1.0
vn -5.43565932028859e-23 -7.549789415861596e-08 1.0
vn -7.637471238728483e-24 -0.9467727541923523 0.3219027519226074
vn -5.43565932028859e-23 -7.549789415861596e-08 1.0
vn -5.43565932028859e-23 -7.549789415861596e-08 1.0
vn -7.637471238728483e-24 -0.9467727541923523 0.3219027519226074
vn -4.70387581477612e-24 -0.9625895023345947 0.2709636688232422
vn 1.0414393364877616e-23 -1.0 -2.3236233044541614e-39
vn 0.1354820281267166 -0.9625909924507141 0.2346557229757309
vn 1.0414393364877616e-23 -1.0 -2.3236233044541614e-39
vn 1.0414393364877616e-23 -1.0 -2.3236233044541614e-39
vn -4.70387581477612e-24 -0.9625895023345947 0.2709636688232422
vn 1.0414393364877616e-23 -1.0 -2.3236233044541614e-39
vn 0.1354820281267166 -0.9625909924507141 0.2346557229757309
vn 0.49998927116394043 6.53835598996011e-08 -0.8660315871238708
vn 0.8660315871238708 3.7748137060589215e-08 -0.49998927116394043
vn 0.317533940076828 -0.9303590655326843 -0.18331429362297058
vn 0.18331429362297058 -0.9303590655326843 -0.317533940076828
vn 0.2346557229757309 -0.9625909924507141 0.1354820281267166
vn 1.0414393364877616e-23 -1.0 -2.3236233044541614e-39
vn 1.0414393364877616e-23 -1.0 -2.3236233044541614e-39
vn -0.317533940076828 -0.9303590655326843 -0.18331429362297058
vn -0.18331429362297058 -0.9303590655326843 -0.317533940076828
vn 1.0414393364877616e-23 -1.0 -2.3236233044541614e-39
vn 1.0414393364877616e-23 -1.0 -2.3236233044541614e-39
vn 2.96186756770676e-23 -0.930361270904541 -0.3666442334651947
vn 0.18331429362297058 -0.9303590655326843 -0.317533940076828
vn 1.0414393364877616e-23 -1.0 -2.3236233044541614e-39
vn 1.0414393364877616e-23 -1.0 -2.3236233044541614e-39
vn 0.317533940076828 -0.9303590655326843 -0.18331429362297058
vn 1.0414393364877616e-23 -1.0 -2.3236233044541614e-39
vn -0.3666442334651947 -0.930361270904541 8.14113739678201e-17
vn 1.0414393364877616e-23 -1.0 -2.3236233044541614e-39
vn -0.18331429362297058 -0.9303591251373291 0.317533940076828
vn -0.317533940076828 -0.9303591251373291 0.18331429362297058
vn 1.0414393364877616e-23 -1.0 -2.3236233044541614e-39
vn 1.0414393364877616e-23 -1.0 -2.3236233044541614e-39
vn -1.0240380115516724e-23 -0.9303612112998962 0.3666441738605499
vn 1.0414394153738522e-23 -1.0 -2.3236233044541614e-39
vn 0.18331429362297058 -0.9303591251373291 0.317533940076828
vn 1.0414393364877616e-23 -1.0 -2.3236233044541614e-39
vn 0.317533940076828 -0.9303591251373291 0.18331429362297058
vn 1.0414393364877616e-23 -1.0 -2.3236233044541614e-39
vn 0.3666442334651947 -0.930361270904541 -8.14113739678201e-17
vn 1.0414393364877616e-23 -1.0 -2.3236233044541614e-39
vn -0.49998927116394043 6.53835598996011e-08 -0.8660315871238708
vn -0.18331429362297058 -0.9303590655326843 -0.317533940076828
vn -0.31751978397369385 -0.9303609728813171 -0.18332943320274353
vn 0.18331429362297058 -0.9303590655326843 -0.317533940076828
vn 2.96186756770676e-23 -0.930361270904541 -0.3666442334651947
vn 0.49998927116394043 -6.53835598996011e-08 0.8660315871238708
vn 0.1354820281267166 -0.9625909924507141 0.2346557229757309
vn -4.70387581477612e-24 -0.9625895023345947 0.2709636688232422
vn 0.49998927116394043 -6.53835598996011e-08 0.8660315871238708
vn -5.43565932028859e-23 -7.549789415861596e-08 1.0
vn -1.0240380115516724e-23 -0.9303612112998962 0.3666441738605499
vn 0.18331429362297058 -0.9303591251373291 0.317533940076828
vn -0.8660315871238708 -3.7748137060589215e-08 0.49998927116394043
vn -0.1354820281267166 -0.9625909924507141 0.2346557229757309
vn -0.2346557229757309 -0.9625909924507141 0.1354820281267166
vn -0.49998927116394043 -6.53835598996011e-08 0.8660315871238708
vn -0.8660315871238708 -3.7748137060589215e-08 0.49998927116394043
vn -0.317533940076828 -0.9303591251373291 0.18331429362297058
vn -0.18331429362297058 -0.9303591251373291 0.317533940076828
vn -0.2709636688232422 -0.9625895023345947 6.016602079289383e-17
vn -0.23466794192790985 -0.9625880122184753 -0.13548161089420319
vn 0.18331429362297058 -0.9303591251373291 0.317533940076828
vn 0.3175206184387207 -0.9303634166717529 0.18331514298915863
vn 0.3666442334651947 -0.930361270904541 -8.14113739678201e-17
vn 0.317533940076828 -0.9303590655326843 -0.18331429362297058
vn 2.4753447041598478e-23 -0.9625895023345947 -0.2709636688232422
vn 0.1354820281267166 -0.9625909924507141 -0.2346557229757309
vn 0.2346557229757309 -0.9625909924507141 -0.1354820281267166
vn 0.2709636688232422 -0.9625895023345947 -6.016602079289383e-17
vn -0.3666442334651947 -0.930361270904541 8.14113739678201e-17
vn -0.49998927116394043 -6.53835598996011e-08 0.8660315871238708
vn -0.8660315871238708 -3.7748137060589215e-08 0.49998927116394043
vn -0.317533940076828 -0.9303591251373291 0.18331429362297058
vn 0.49998927116394043 -6.53835598996011e-08 0.8660315871238708
vn -5.43565932028859e-23 -7.549789415861596e-08 1.0
vn 0.18331429362297058 -0.9303591251373291 0.317533940076828
vn -0.49998927116394043 6.53835598996011e-08 -0.8660315871238708
vn -0.18331429362297058 -0.9303590655326843 -0.317533940076828
vn -0.49998927116394043 6.53835598996011e-08 -0.8660315871238708
vn -0.8660315871238708 -3.7748137060589215e-08 0.49998927116394043
vn -0.8660315871238708 -3.7748137060589215e-08 0.49998927116394043
vn -0.317533940076828 -0.9303591251373291 0.18331429362297058
vn -0.8660315871238708 -3.7748137060589215e-08 0.49998927116394043
vn 0.317533940076828 -0.9303590655326843 -0.18331429362297058
vn 0.8660315871238708 3.7748137060589215e-08 -0.49998927116394043
vn 0.2346557229757309 -0.9625909924507141 0.1354820281267166
vn 0.1354820281267166 -0.9625909924507141 0.2346557229757309
vn 0.2346557229757309 -0.9625909924507141 -0.1354820281267166
vn 0.2709636688232422 -0.9625895023345947 -6.016602079289383e-17
vn -0.2709636688232422 -0.9625895023345947 6.016602079289383e-17
vn -0.2346557229757309 -0.9625909924507141 -0.1354820281267166
vn -0.1354820281267166 -0.9625909924507141 -0.2346557229757309
vn 2.4753447041598478e-23 -0.9625895023345947 -0.2709636688232422
vn 0.1354820281267166 -0.9625909924507141 -0.2346557229757309
vn 0.2346557229757309 -0.9625909924507141 -0.1354820281267166
vn -0.1354820281267166 -0.9625909924507141 0.2346557229757309
vn -0.2346557229757309 -0.9625909924507141 0.1354820281267166
vn 0.1354820281267166 -0.9625909924507141 0.2346557229757309
vn -4.70387581477612e-24 -0.9625895023345947 0.2709636688232422
vn -0.1354820281267166 -0.9625909924507141 -0.2346557229757309
vn -0.2346557229757309 -0.9625909924507141 0.1354820281267166
vn 1.0414393364877616e-23 -1.0 -2.3236233044541614e-39
vn 1.0414393364877616e-23 -1.0 -2.3236233044541614e-39
vn -0.1354820281267166 -0.9625909924507141 -0.2346557229757309
vn -0.23466794192790985 -0.9625880122184753 -0.13548161089420319
vn 1.0414393364877616e-23 -1.0 -2.3236233044541614e-39
vn 1.0414393364877616e-23 -1.0 -2.3236233044541614e-39
vn 0.1354820281267166 -0.9625909924507141 -0.2346557229757309
vn 2.4753447041598478e-23 -0.9625895023345947 -0.2709636688232422
vn 1.0414393364877616e-23 -1.0 -2.3236233044541614e-39
vn 0.2346557229757309 -0.9625909924507141 -0.1354820281267166
vn 1.0414393364877616e-23 -1.0 -2.3236233044541614e-39
vn -0.2709636688232422 -0.9625895023345947 6.016602079289383e-17
vn 1.0414393364877616e-23 -1.0 -2.3236233044541614e-39
vn 1.0414393364877616e-23 -1.0 -2.3236233044541614e-39
vn -0.2346557229757309 -0.9625909924507141 0.1354820281267166
vn -0.1354820281267166 -0.9625909924507141 0.2346557229757309
vn 1.0414393364877616e-23 -1.0 -2.3236233044541614e-39
vn -4.70387581477612e-24 -0.9625895023345947 0.2709636688232422
vn 1.0414393364877616e-23 -1.0 -2.3236233044541614e-39
vn 0.1354820281267166 -0.9625909924507141 0.2346557229757309
vn 1.0414393364877616e-23 -1.0 -2.3236233044541614e-39
vn 0.2346557229757309 -0.9625909924507141 0.1354820281267166
vn 1.0414393364877616e-23 -1.0 -2.3236233044541614e-39
vn 0.2709636688232422 -0.9625895023345947 -6.016602079289383e-17
vn 0.2346557229757309 -0.9625909924507141 0.1354820281267166
vn -0.1354820281267166 -0.9625909924507141 -0.2346557229757309
vn -0.317533940076828 -0.9303591251373291 0.18331429362297058
vn -0.2346557229757309 -0.9625909924507141 0.1354820281267166
vn 0.2346557229757309 -0.9625909924507141 -0.1354820281267166
vn -0.1354820281267166 -0.9625909924507141 -0.2346557229757309
vn 0.317533940076828 -0.9303590655326843 -0.18331429362297058
vn -0.18331429362297058 -0.9303590655326843 -0.317533940076828
vn 0.1354820281267166 -0.9625909924507141 0.2346557229757309
vn 1.0414393364877616e-23 -1.0 -2.3236233044541614e-39
vn 1.0414393364877616e-23 -1.0 -2.3236233044541614e-39
vn 1.0414393364877616e-23 -1.0 -2.3236233044541614e-39
vn 1.0414393364877616e-23 -1.0 -2.3236233044541614e-39
vn 1.0414393364877616e-23 -1.0 -2.3236233044541614e-39
vn 1.0414393364877616e-23 -1.0 -2.3236233044541614e-39
vn 1.0414393364877616e-23 -1.0 -2.3236233044541614e-39
vn 1.0414393364877616e-23 -1.0 -2.3236233044541614e-39
vn 1.0414393364877616e-23 -1.0 -2.3236233044541614e-39
vn 1.0414393364877616e-23 -1.0 -2.3236233044541614e-39
vn 1.0414393364877616e-23 -1.0 -2.3236233044541614e-39
vn 1.0414393364877616e-23 -1.0 -2.3236233044541614e-39
vn 0.3175206184387207 -0.9303634166717529 0.18331514298915863
vn 0.18331429362297058 -0.9303591251373291 0.317533940076828
vn -1.0240380115516724e-23 -0.9303612112998962 0.3666441738605499
vn -0.18331429362297058 -0.9303591251373291 0.317533940076828
vn -0.317533940076828 -0.9303591251373291 0.18331429362297058
vn 0.3666442334651947 -0.930361270904541 -8.14113739678201e-17
vn 0.18331429362297058 -0.9303590655326843 -0.317533940076828
vn 0.317533940076828 -0.9303590655326843 -0.18331429362297058
vn 2.96186756770676e-23 -0.930361270904541 -0.3666442334651947
vn -0.18331429362297058 -0.9303590655326843 -0.317533940076828
vn -0.31751978397369385 -0.9303609728813171 -0.18332943320274353
vn -0.3666442334651947 -0.930361270904541 8.14113739678201e-17
vn 1.0 2.220446049250313e-16 -2.220446049250313e-16
vn 0.3666442334651947 0.930361270904541 -8.14113739678201e-17
vn 0.317533940076828 0.9303590655326843 0.18331429362297058
vn 0.8660315871238708 -3.7748137060589215e-08 0.49998927116394043
vn 0.18331429362297058 0.9303590655326843 0.317533940076828
vn 0.49998927116394043 -6.53835598996011e-08 0.8660315871238708
vn 0.49998927116394043 -6.53835598996011e-08 0.8660315871238708
vn 0.18331429362297058 0.9303590655326843 0.317533940076828
vn -2.96186756770676e-23 0.930361270904541 0.3666442334651947
vn -5.43565932028859e-23 -7.549789415861596e-08 1.0
vn -0.18331429362297058 0.9303590655326843 0.317533940076828
vn -0.49998927116394043 -6.53835598996011e-08 0.8660315871238708
vn -0.317533940076828 0.9303590655326843 0.18331429362297058
vn -0.8660315871238708 -3.7748137060589215e-08 0.49998927116394043
vn -0.8660315871238708 -3.7748137060589215e-08 0.49998927116394043
vn -0.317533940076828 0.9303590655326843 0.18331429362297058
vn -0.3666442334651947 0.930361270904541 8.14113739678201e-17
vn -1.0 -2.220446049250313e-16 2.220446049250313e-16
vn -0.2346557229757309 0.9625909924507141 0.1354820281267166
vn -0.2709636688232422 0.9625895023345947 6.016602079289383e-17
vn -1.0414393364877616e-23 1.0 2.3236233044541614e-39
vn -1.0414393364877616e-23 1.0 2.3236233044541614e-39
vn -0.1354820281267166 0.9625909924507141 0.2346557229757309
vn -1.0414393364877616e-23 1.0 2.3236233044541614e-39
vn -2.4753447041598478e-23 0.9625895023345947 0.2709636688232422
vn -1.0414393364877616e-23 1.0 2.3236233044541614e-39
vn 0.1354820281267166 0.9625909924507141 0.2346557229757309
vn -1.0414393364877616e-23 1.0 2.3236233044541614e-39
vn 0.2346557229757309 0.9625909924507141 0.1354820281267166
vn -1.0414393364877616e-23 1.0 2.3236233044541614e-39
vn 0.2709636688232422 0.9625895023345947 -6.016602079289383e-17
vn -1.0414393364877616e-23 1.0 2.3236233044541614e-39
vn -0.1354820281267166 0.9625909924507141 0.2346557229757309
vn -0.49998927116394043 -6.53835598996011e-08 0.8660315871238708
vn -0.8660315871238708 -3.7748137060589215e-08 0.49998927116394043
vn -0.2346557229757309 0.9625909924507141 0.1354820281267166
vn -5.43565932028859e-23 -7.549789415861596e-08 1.0
vn -2.4753447041598478e-23 0.9625895023345947 0.2709636688232422
vn 0.49998927116394043 -6.53835598996011e-08 0.8660315871238708
vn 0.1354820281267166 0.9625909924507141 0.2346557229757309
vn 0.8660315871238708 -3.7748137060589215e-08 0.49998927116394043
vn 0.49998927116394043 -6.53835598996011e-08 0.8660315871238708
vn 0.2346557229757309 0.9625909924507141 0.1354820281267166
vn 0.1354820281267166 0.9625909924507141 0.2346557229757309
vn 1.0 2.220446049250313e-16 -2.220446049250313e-16
vn 0.2709636688232422 0.9625895023345947 -6.016602079289383e-17
vn -0.3666442334651947 0.930361270904541 8.14113739678201e-17
vn -0.317533940076828 0.9303590655326843 0.18331429362297058
vn -1.0414393364877616e-23 1.0 2.3236233044541614e-39
vn -1.0414393364877616e-23 1.0 2.3236233044541614e-39
vn -0.18331429362297058 0.9303590655326843 0.317533940076828
vn -1.0414393364877616e-23 1.0 2.3236233044541614e-39
vn -2.96186756770676e-23 0.930361270904541 0.3666442334651947
vn -1.0414393364877616e-23 1.0 2.3236233044541614e-39
vn 0.18331429362297058 0.9303590655326843 0.317533940076828
vn -1.0414393364877616e-23 1.0 2.3236233044541614e-39
vn 0.317533940076828 0.9303590655326843 0.18331429362297058
vn -1.0414393364877616e-23 1.0 2.3236233044541614e-39
vn 0.3666442334651947 0.930361270904541 -8.14113739678201e-17
vn -1.0414393364877616e-23 1.0 2.3236233044541614e-39
vn -0.2346557229757309 0.9625909924507141 0.1354820281267166
vn -0.8660315871238708 -3.7748137060589215e-08 0.49998927116394043
vn -1.0 -2.220446049250313e-16 2.220446049250313e-16
vn -0.2709636688232422 0.9625895023345947 6.016602079289383e-17
vn -1.0414393364877616e-23 1.0 2.3236233044541614e-39
vn -1.0414393364877616e-23 1.0 2.3236233044541614e-39
vn -0.3218529224395752 0.9467896819114685 7.146570500706222e-17
vn -0.3218529224395752 0.9467896819114685 7.146570500706222e-17
vn 0.49998927116394043 -6.53835598996011e-08 0.8660315871238708
vn 0.18331429362297058 -0.9303591251373291 0.317533940076828
vn 0.317533940076828 -0.9303591251373291 0.18331429362297058
vn 0.8660315871238708 -3.7748137060589215e-08 0.49998927116394043
vn -5.43565932028859e-23 -7.549789415861596e-08 1.0
vn -1.0240380115516724e-23 -0.9303612112998962 0.3666441738605499
vn 0.18331429362297058 -0.9303591251373291 0.317533940076828
vn 0.49998927116394043 -6.53835598996011e-08 0.8660315871238708
vn -1.0240380115516724e-23 -0.9303612112998962 0.3666441738605499
vn 1.0414393364877616e-23 -1.0 -2.3236233044541614e-39
vn 1.0414393364877616e-23 -1.0 -2.3236233044541614e-39
vn 0.18331429362297058 -0.9303591251373291 0.317533940076828
vn 1.0414393364877616e-23 -1.0 -2.3236233044541614e-39
vn 0.317533940076828 -0.9303591251373291 0.18331429362297058
vn -2.736012904009639e-23 0.9467557668685913 0.3219525218009949
vn -0.30637115240097046 0.9012345671653748 0.3064521253108978
vn 0.1354820281267166 -0.9625909924507141 0.2346557229757309
vn 0.49998927116394043 -6.53835598996011e-08 0.8660315871238708
vn 0.8660315871238708 -3.7748137060589215e-08 0.49998927116394043
vn 0.2346557229757309 -0.9625909924507141 0.1354820281267166
vn -2.7359501106815835e-23 0.9467600584030151 0.3219400942325592
vn -1.0414393364877616e-23 1.0 2.3236233044541614e-39
vn -4.70387581477612e-24 -0.9625895023345947 0.2709636688232422
vn -5.43565932028859e-23 -7.549789415861596e-08 1.0
vn 0.49998927116394043 -6.53835598996011e-08 0.8660315871238708
vn 0.1354820281267166 -0.9625909924507141 0.2346557229757309
vn 0.2709636688232422 -0.9625895023345947 -6.016602079289383e-17
vn 1.0414393364877616e-23 -1.0 -2.3236233044541614e-39
vn -0.49998927116394043 6.53835598996011e-08 -0.8660315871238708
vn 5.43565932028859e-23 7.549789415861596e-08 -1.0
vn 5.43565932028859e-23 7.549789415861596e-08 -1.0
vn -0.49998927116394043 6.53835598996011e-08 -0.8660315871238708
vn -0.1354820281267166 -0.9625909924507141 -0.2346557229757309
vn 2.4753447041598478e-23 -0.9625895023345947 -0.2709636688232422
vn -0.18331429362297058 -0.9303590655326843 -0.317533940076828
vn 2.96186756770676e-23 -0.930361270904541 -0.3666442334651947
vn 1.0414393364877616e-23 -1.0 -2.3236233044541614e-39
vn 1.0414393364877616e-23 -1.0 -2.3236233044541614e-39
vn 1.0 2.220446049250313e-16 -2.220446049250313e-16
vn 0.3666442334651947 0.930361270904541 -8.14113739678201e-17
vn 0.317533940076828 0.9303590655326843 0.18331429362297058
vn 0.8660315871238708 -3.7748137060589215e-08 0.49998927116394043
vn 0.18331429362297058 0.9303590655326843 0.317533940076828
vn 0.49998927116394043 -6.53835598996011e-08 0.8660315871238708
vn 0.49998927116394043 -6.53835598996011e-08 0.8660315871238708
vn 0.18331429362297058 0.9303590655326843 0.317533940076828
vn -2.96186756770676e-23 0.930361270904541 0.3666442334651947
vn -5.43565932028859e-23 -7.549789415861596e-08 1.0
vn -0.18331429362297058 0.9303590655326843 0.317533940076828
vn -0.49998927116394043 -6.53835598996011e-08 0.8660315871238708
vn -0.317533940076828 0.9303590655326843 0.18331429362297058
vn -0.8660315871238708 -3.7748137060589215e-08 0.49998927116394043
vn -0.8660315871238708 -3.7748137060589215e-08 0.49998927116394043
vn -0.317533940076828 0.9303590655326843 0.18331429362297058
vn -0.3666442334651947 0.930361270904541 8.14113739678201e-17
vn -1.0 -2.220446049250313e-16 2.220446049250313e-16
vn -0.2346557229757309 0.9625909924507141 0.1354820281267166
vn -0.2709636688232422 0.9625895023345947 6.016602079289383e-17
vn -1.0414393364877616e-23 1.0 2.3236233044541614e-39
vn -1.0414393364877616e-23 1.0 2.3236233044541614e-39
vn -0.1354820281267166 0.9625909924507141 0.2346557229757309
vn -1.0414393364877616e-23 1.0 2.3236233044541614e-39
vn -2.4753447041598478e-23 0.9625895023345947 0.2709636688232422
vn -1.0414393364877616e-23 1.0 2.3236233044541614e-39
vn 0.1354820281267166 0.9625909924507141 0.2346557229757309
vn -1.0414393364877616e-23 1.0 2.3236233044541614e-39
vn 0.2346557229757309 0.9625909924507141 0.1354820281267166
vn -1.0414393364877616e-23 1.0 2.3236233044541614e-39
vn 0.2709636688232422 0.9625895023345947 -6.016602079289383e-17
vn -1.0414393364877616e-23 1.0 2.3236233044541614e-39
vn -0.1354820281267166 0.9625909924507141 0.2346557229757309
vn -0.49998927116394043 -6.53835598996011e-08 0.8660315871238708
vn -0.8660315871238708 -3.7748137060589215e-08 0.49998927116394043
vn -0.2346557229757309 0.9625909924507141 0.1354820281267166
vn -5.43565932028859e-23 -7.549789415861596e-08 1.0
vn -2.4753447041598478e-23 0.9625895023345947 0.2709636688232422
vn 0.49998927116394043 -6.53835598996011e-08 0.8660315871238708
vn 0.1354820281267166 0.9625909924507141 0.2346557229757309
vn 0.8660315871238708 -3.7748137060589215e-08 0.49998927116394043
vn 0.49998927116394043 -6.53835598996011e-08 0.8660315871238708
vn 0.2346557229757309 0.9625909924507141 0.1354820281267166
vn 0.1354820281267166 0.9625909924507141 0.2346557229757309
vn 1.0 2.220446049250313e-16 -2.220446049250313e-16
vn 0.2709636688232422 0.9625895023345947 -6.016602079289383e-17
vn -0.18331429362297058 0.9303590655326843 0.317533940076828
vn -2.96186756770676e-23 0.930361270904541 0.3666442334651947
vn -1.0414393364877616e-23 1.0 2.3236233044541614e-39
vn -1.0414393364877616e-23 1.0 2.3236233044541614e-39
vn -0.2346557229757309 0.9625909924507141 0.1354820281267166
vn -0.8660315871238708 -3.7748137060589215e-08 0.49998927116394043
vn -1.0 -2.220446049250313e-16 2.220446049250313e-16
vn -0.2709636688232422 0.9625895023345947 6.016602079289383e-17
vn 2.96186756770676e-23 -0.930361270904541 -0.3666442334651947
vn -0.18331429362297058 -0.9303590655326843 -0.317533940076828
vn 1.0414393364877616e-23 -1.0 -2.3236233044541614e-39
vn 0.3666442334651947 -0.930361270904541 -8.14113739678201e-17
vn 1.0 2.220446049250313e-16 -2.220446049250313e-16
vn -2.735759837431244e-23 0.9467727541923523 0.3219027519226074
vn -1.0414393364877616e-23 1.0 2.3236233044541614e-39
vn -1.0414393364877616e-23 1.0 2.3236233044541614e-39
vn -2.735759837431244e-23 0.9467727541923523 0.3219027519226074
vn 1.0414393364877616e-23 -1.0 -2.3236233044541614e-39
vn 0.3666442334651947 -0.930361270904541 -8.14113739678201e-17
vn 0.3220023512840271 0.9467388391494751 -7.149888487579295e-17
vn 0.32198989391326904 0.9467430710792542 -7.149611878382457e-17
vn -1.0414393364877616e-23 1.0 2.3236233044541614e-39
vn 1.0 2.220446049250313e-16 -2.220446049250313e-16
vn 0.2709636688232422 -0.9625895023345947 -6.016602079289383e-17
vn 0.3065164387226105 0.9011853933334351 0.30645161867141724
vn 0.18331429362297058 -0.9303590655326843 -0.317533940076828
vn 0.317533940076828 -0.9303590655326843 -0.18331429362297058
vn 1.0414393364877616e-23 -1.0 -2.3236233044541614e-39
vn 1.0414393364877616e-23 -1.0 -2.3236233044541614e-39
vn 2.4753447041598478e-23 -0.9625895023345947 -0.2709636688232422
vn -0.1354820281267166 -0.9625909924507141 -0.2346557229757309
vn 1.0414393364877616e-23 -1.0 -2.3236233044541614e-39
vn 1.0414393364877616e-23 -1.0 -2.3236233044541614e-39
vn -7.637471238728483e-24 -0.9467727541923523 0.3219027519226074
vn -5.43565932028859e-23 -7.549789415861596e-08 1.0
vn -5.43565932028859e-23 -7.549789415861596e-08 1.0
vn -7.637471238728483e-24 -0.9467727541923523 0.3219027519226074
vn 5.43565932028859e-23 7.549789415861596e-08 -1.0
vn 5.43565932028859e-23 7.549789415861596e-08 -1.0
vn 5.435939523682124e-23 -0.0002692054840736091 -1.0
vn 5.435939523682124e-23 -0.0002692054840736091 -1.0
vn 2.735759837431244e-23 -0.9467727541923523 -0.3219027519226074
vn 2.735759837431244e-23 -0.9467727541923523 -0.3219027519226074
vn 5.43565932028859e-23 7.549789415861596e-08 -1.0
vn 5.43565932028859e-23 7.549789415861596e-08 -1.0
vn -5.43565932028859e-23 -7.549789415861596e-08 1.0
vn -7.637471238728483e-24 -0.9467727541923523 0.3219027519226074
vn -7.637471238728483e-24 -0.9467727541923523 0.3219027519226074
vn -5.43565932028859e-23 -7.549789415861596e-08 1.0
vn 0.1354820281267166 -0.9625909924507141 -0.2346557229757309
vn 0.2346557229757309 -0.9625909924507141 -0.1354820281267166
vn 0.8660315871238708 3.7748137060589215e-08 -0.49998927116394043
vn 0.49998927116394043 6.53835598996011e-08 -0.8660315871238708
vn -2.735823261848024e-23 0.9467685222625732 0.3219152092933655
vn -1.0414393364877616e-23 1.0 2.3236233044541614e-39
vn 1.0414393364877616e-23 -1.0 -2.3236233044541614e-39
vn -7.637471238728483e-24 -0.9467727541923523 0.3219027519226074
vn -7.637471238728483e-24 -0.9467727541923523 0.3219027519226074
vn 1.0414393364877616e-23 -1.0 -2.3236233044541614e-39
vn -1.0414393364877616e-23 1.0 2.3236233044541614e-39
vn -0.8660315871238708 3.7748137060589215e-08 -0.49998927116394043
vn -0.49998927116394043 6.53835598996011e-08 -0.8660315871238708
vn -0.49998927116394043 6.53835598996011e-08 -0.8660315871238708
vn -0.8660315871238708 3.7748137060589215e-08 -0.49998927116394043
vn -0.2346557229757309 -0.9625909924507141 -0.1354820281267166
vn -0.1354820281267166 -0.9625909924507141 -0.2346557229757309
vn -1.0414393364877616e-23 1.0 2.3236233044541614e-39
vn -1.0414393364877616e-23 1.0 2.3236233044541614e-39
vn -1.0414393364877616e-23 1.0 2.3236233044541614e-39
vn -1.0414393364877616e-23 1.0 2.3236233044541614e-39
vn -1.0414393364877616e-23 1.0 2.3236233044541614e-39
vn -1.0414393364877616e-23 1.0 2.3236233044541614e-39
vn -1.0414393364877616e-23 1.0 2.3236233044541614e-39
vn -1.0414393364877616e-23 1.0 2.3236233044541614e-39
vn -1.0414393364877616e-23 1.0 2.3236233044541614e-39
vn -1.0414393364877616e-23 1.0 2.3236233044541614e-39
vn -1.0414393364877616e-23 1.0 2.3236233044541614e-39
vn -1.0414393364877616e-23 1.0 2.3236233044541614e-39
vn -1.0414393364877616e-23 1.0 2.3236233044541614e-39
vn -1.0414393364877616e-23 1.0 2.3236233044541614e-39
vn -1.0414393364877616e-23 1.0 2.3236233044541614e-39
vn -1.0414393364877616e-23 1.0 2.3236233044541614e-39
vn -1.0414393364877616e-23 1.0 2.3236233044541614e-39
vn -0.3666442334651947 0.930361270904541 8.14113739678201e-17
vn -0.317533940076828 0.9303590655326843 0.18331429362297058
vn 0.18331429362297058 0.9303590655326843 0.317533940076828
vn 0.317533940076828 0.9303590655326843 0.18331429362297058
vn 0.3666442334651947 0.930361270904541 -8.14113739678201e-17
vn -1.0414393364877616e-23 1.0 2.3236233044541614e-39
vn -1.0414393364877616e-23 1.0 2.3236233044541614e-39
vn -0.317533940076828 -0.9303590655326843 -0.18331429362297058
vn 1.0414393364877616e-23 -1.0 -2.3236233044541614e-39
vn 1.0414393364877616e-23 -1.0 -2.3236233044541614e-39
vn 1.0414393364877616e-23 -1.0 -2.3236233044541614e-39
vn 1.0414393364877616e-23 -1.0 -2.3236233044541614e-39
vn 1.0414394153738522e-23 -1.0 -2.3236233044541614e-39
vn -0.18331429362297058 -0.9303590655326843 -0.317533940076828
vn -0.317533940076828 -0.9303590655326843 -0.18331429362297058
vn -7.637471238728483e-24 -0.9467727541923523 0.3219027519226074
vn 1.0414393364877616e-23 -1.0 -2.3236233044541614e-39
vn 1.0414394153738522e-23 -1.0 -2.3236233044541614e-39
vn -0.2346557229757309 -0.9625909924507141 -0.1354820281267166
vn 1.0414393364877616e-23 -1.0 -2.3236233044541614e-39
vn -1.0 -2.220446049250313e-16 2.220446049250313e-16
vn -1.0 -2.220446049250313e-16 2.220446049250313e-16
vn -1.0 -8.976032404461876e-05 2.220446049250313e-16
vn -1.0 -2.220446049250313e-16 2.220446049250313e-16
vn 1.0414393364877616e-23 -1.0 -2.3236233044541614e-39
vn -0.32186535000801086 -0.9467853903770447 7.14684644815857e-17
vn -0.32189029455184937 -0.9467770457267761 7.147400328296735e-17
vn 1.0414394153738522e-23 -1.0 -2.3236233044541614e-39
vn -0.3219027519226074 -0.9467727541923523 7.147676937493573e-17
vn -0.3219027519226074 -0.9467727541923523 7.147676937493573e-17
vn -1.0 -2.220446049250313e-16 2.220446049250313e-16
vn -1.0 -2.220446049250313e-16 2.220446049250313e-16
vn 1.0414393364877616e-23 -1.0 -2.3236233044541614e-39
vn 1.0414393364877616e-23 -1.0 -2.3236233044541614e-39
vn -0.32189029455184937 -0.9467770457267761 7.147400328296735e-17
vn -0.3219027519226074 -0.9467727541923523 7.147676937493573e-17
vn -0.3219027519226074 -0.9467727541923523 7.147676937493573e-17
vn -0.11190140247344971 -0.9873986840248108 0.11190140247344971
vn -0.7071067690849304 -5.338507236274381e-08 0.7071067690849304
vn -0.7071067690849304 -5.338507236274381e-08 0.7071067690849304
vn -0.11190140247344971 -0.9873986840248108 0.11190140247344971
vn 0.32189029455184937 -0.9467770457267761 -7.147400328296735e-17
vn 0.3219027519226074 -0.9467727541923523 -7.147676937493573e-17
vn 1.0 2.220446049250313e-16 -2.220446049250313e-16
vn 1.0 2.220446049250313e-16 -2.220446049250313e-16
vn 1.0414393364877616e-23 -1.0 -2.3236233044541614e-39
vn -0.3219027519226074 -0.9467727541923523 7.147676937493573e-17
vn -0.3219027519226074 -0.9467727541923523 7.147676937493573e-17
vn 1.0414393364877616e-23 -1.0 -2.3236233044541614e-39
vn 0.32189029455184937 -0.9467770457267761 -7.147400328296735e-17
vn 1.0414393364877616e-23 -1.0 -2.3236233044541614e-39
vn 1.0414394153738522e-23 -1.0 -2.3236233044541614e-39
vn 0.3219027519226074 -0.9467727541923523 -7.147676937493573e-17
vn -1.0 -2.220446049250313e-16 2.220446049250313e-16
vn -1.0 -2.220446049250313e-16 2.220446049250313e-16
vn -0.8660315871238708 -3.7748137060589215e-08 0.49998927116394043
vn -0.8660315871238708 -3.7748137060589215e-08 0.49998927116394043
vn -0.2709636688232422 -0.9625895023345947 6.016602079289383e-17
vn -0.2346557229757309 -0.9625909924507141 0.1354820281267166
vn -0.7071067690849304 -5.338507236274381e-08 0.7071067690849304
vn -0.306418240070343 -0.9012301564216614 0.306418240070343
vn 1.0414393364877616e-23 -1.0 -2.3236233044541614e-39
vn -0.11190140247344971 -0.9873986840248108 0.11190140247344971
vn -0.8660315871238708 -3.7748137060589215e-08 0.49998927116394043
vn -0.8660315871238708 -3.7748137060589215e-08 0.49998927116394043
vn -0.49998927116394043 -6.53835598996011e-08 0.8660315871238708
vn -0.49998927116394043 -6.53835598996011e-08 0.8660315871238708
vn 1.0414393364877616e-23 -1.0 -2.3236233044541614e-39
vn -0.7071067690849304 -5.338507236274381e-08 0.7071067690849304
vn -0.3219027519226074 -0.9467727541923523 7.147676937493573e-17
vn -0.306418240070343 -0.9012301564216614 0.306418240070343
vn -0.2346557229757309 -0.9625909924507141 0.1354820281267166
vn -0.1354820281267166 -0.9625909924507141 0.2346557229757309
vn -0.317533940076828 -0.9303591251373291 0.18331429362297058
vn 1.0414393364877616e-23 -1.0 -2.3236233044541614e-39
vn -0.18331429362297058 -0.9303591251373291 0.317533940076828
vn -0.3666442334651947 -0.930361270904541 8.14113739678201e-17
vn -0.3666442334651947 -0.930361270904541 8.14113739678201e-17
vn -0.317533940076828 -0.9303591251373291 0.18331429362297058
vn 0.8660315871238708 3.7748137060589215e-08 -0.49998927116394043
vn 0.317533940076828 0.9303591251373291 -0.18331429362297058
vn 0.8660315871238708 3.7748137060589215e-08 -0.49998927116394043
vn 0.49998927116394043 6.53835598996011e-08 -0.8660315871238708
vn 0.18331429362297058 0.9303591251373291 -0.317533940076828
vn 0.317533940076828 0.9303591251373291 -0.18331429362297058
vn 5.43565932028859e-23 7.549789415861596e-08 -1.0
vn 1.0240380115516724e-23 0.9303612112998962 -0.3666441738605499
vn -0.49998927116394043 6.53835598996011e-08 -0.8660315871238708
vn -0.18331429362297058 0.9303591251373291 -0.317533940076828
vn -0.49998927116394043 6.53835598996011e-08 -0.8660315871238708
vn -0.8660315871238708 3.7748137060589215e-08 -0.49998927116394043
vn -0.317533940076828 0.9303591251373291 -0.18331429362297058
vn -0.18331429362297058 0.9303591251373291 -0.317533940076828
vn -0.2346557229757309 0.9625909924507141 -0.1354820281267166
vn -1.0414393364877616e-23 1.0 2.3236233044541614e-39
vn -0.1354820281267166 0.9625909924507141 -0.2346557229757309
vn -1.0414393364877616e-23 1.0 2.3236233044541614e-39
vn 4.70387581477612e-24 0.9625895023345947 -0.2709636688232422
vn -1.0414393364877616e-23 1.0 2.3236233044541614e-39
vn 0.1354820281267166 0.9625909924507141 -0.2346557229757309
vn -1.0414393364877616e-23 1.0 2.3236233044541614e-39
vn 0.2346557229757309 0.9625909924507141 -0.1354820281267166
vn -1.0414393364877616e-23 1.0 2.3236233044541614e-39
vn -0.1354820281267166 0.9625909924507141 -0.2346557229757309
vn -0.2346557229757309 0.9625909924507141 -0.1354820281267166
vn -0.8660315871238708 3.7748137060589215e-08 -0.49998927116394043
vn -0.49998927116394043 6.53835598996011e-08 -0.8660315871238708
vn 5.43565932028859e-23 7.549789415861596e-08 -1.0
vn -0.49998927116394043 6.53835598996011e-08 -0.8660315871238708
vn 4.70387581477612e-24 0.9625895023345947 -0.2709636688232422
vn -0.1354820281267166 0.9625909924507141 -0.2346557229757309
vn 0.49998927116394043 6.53835598996011e-08 -0.8660315871238708
vn 0.1354820281267166 0.9625909924507141 -0.2346557229757309
vn 0.8660315871238708 3.7748137060589215e-08 -0.49998927116394043
vn 0.2346557229757309 0.9625909924507141 -0.1354820281267166
vn 0.8660315871238708 3.7748137060589215e-08 -0.49998927116394043
vn 0.2346557229757309 0.9625909924507141 -0.1354820281267166
vn -1.0414393364877616e-23 1.0 2.3236233044541614e-39
vn -0.317533940076828 0.9303591251373291 -0.18331429362297058
vn -1.0414393364877616e-23 1.0 2.3236233044541614e-39
vn -0.18331429362297058 0.9303591251373291 -0.317533940076828
vn -1.0414393364877616e-23 1.0 2.3236233044541614e-39
vn 1.0240380115516724e-23 0.9303612112998962 -0.3666441738605499
vn -1.0414393364877616e-23 1.0 2.3236233044541614e-39
vn 0.18331429362297058 0.9303591251373291 -0.317533940076828
vn -1.0414393364877616e-23 1.0 2.3236233044541614e-39
vn 0.317533940076828 0.9303591251373291 -0.18331429362297058
vn 0.8660315871238708 3.7748137060589215e-08 -0.49998927116394043
vn 0.317533940076828 0.9303591251373291 -0.18331429362297058
vn 0.8660315871238708 3.7748137060589215e-08 -0.49998927116394043
vn 0.49998927116394043 6.53835598996011e-08 -0.8660315871238708
vn 0.18331429362297058 0.9303591251373291 -0.317533940076828
vn 0.317533940076828 0.9303591251373291 -0.18331429362297058
vn 5.43565932028859e-23 7.549789415861596e-08 -1.0
vn 1.0240380115516724e-23 0.9303612112998962 -0.3666441738605499
vn -0.49998927116394043 6.53835598996011e-08 -0.8660315871238708
vn -0.18331429362297058 0.9303591251373291 -0.317533940076828
vn -0.49998927116394043 6.53835598996011e-08 -0.8660315871238708
vn -0.8660315871238708 3.7748137060589215e-08 -0.49998927116394043
vn -0.317533940076828 0.9303591251373291 -0.18331429362297058
vn -0.18331429362297058 0.9303591251373291 -0.317533940076828
vn -0.2346557229757309 0.9625909924507141 -0.1354820281267166
vn -1.0414393364877616e-23 1.0 2.3236233044541614e-39
vn -0.1354820281267166 0.9625909924507141 -0.2346557229757309
vn -1.0414393364877616e-23 1.0 2.3236233044541614e-39
vn 4.70387581477612e-24 0.9625895023345947 -0.2709636688232422
vn -1.0414393364877616e-23 1.0 2.3236233044541614e-39
vn 0.1354820281267166 0.9625909924507141 -0.2346557229757309
vn -1.0414393364877616e-23 1.0 2.3236233044541614e-39
vn 0.2346557229757309 0.9625909924507141 -0.1354820281267166
vn -1.0414393364877616e-23 1.0 2.3236233044541614e-39
vn -0.1354820281267166 0.9625909924507141 -0.2346557229757309
vn -0.2346557229757309 0.9625909924507141 -0.1354820281267166
vn -0.8660315871238708 3.7748137060589215e-08 -0.49998927116394043
vn -0.49998927116394043 6.53835598996011e-08 -0.8660315871238708
vn 5.43565932028859e-23 7.549789415861596e-08 -1.0
vn -0.49998927116394043 6.53835598996011e-08 -0.8660315871238708
vn 4.70387581477612e-24 0.9625895023345947 -0.2709636688232422
vn -0.1354820281267166 0.9625909924507141 -0.2346557229757309
vn 0.49998927116394043 6.53835598996011e-08 -0.8660315871238708
vn 0.1354820281267166 0.9625909924507141 -0.2346557229757309
vn 0.8660315871238708 3.7748137060589215e-08 -0.49998927116394043
vn 0.2346557229757309 0.9625909924507141 -0.1354820281267166
vn 0.8660315871238708 3.7748137060589215e-08 -0.49998927116394043
vn 0.2346557229757309 0.9625909924507141 -0.1354820281267166
vn -0.18331429362297058 0.9303591251373291 -0.317533940076828
vn -1.0414393364877616e-23 1.0 2.3236233044541614e-39
vn -1.0414393364877616e-23 1.0 2.3236233044541614e-39
vn 1.0240380115516724e-23 0.9303612112998962 -0.3666441738605499
vn -1.0414393364877616e-23 1.0 2.3236233044541614e-39
vn -0.317533940076828 -0.9303591251373291 0.18331429362297058
vn -0.18331429362297058 -0.9303591251373291 0.317533940076828
vn -1.0414393364877616e-23 1.0 2.3236233044541614e-39
vn -1.0414393364877616e-23 1.0 2.3236233044541614e-39
vn -1.0414393364877616e-23 1.0 2.3236233044541614e-39
vn -1.0414393364877616e-23 1.0 2.3236233044541614e-39
vn -1.0414393364877616e-23 1.0 2.3236233044541614e-39
vn -1.0414393364877616e-23 1.0 2.3236233044541614e-39
vn -1.0414393364877616e-23 1.0 2.3236233044541614e-39
vn -1.0414393364877616e-23 1.0 2.3236233044541614e-39
vn -1.0414394153738522e-23 1.0 2.3236233044541614e-39
vn -1.0414393364877616e-23 1.0 2.3236233044541614e-39
vn -1.0414393364877616e-23 1.0 2.3236233044541614e-39
vn -1.0414393364877616e-23 1.0 2.3236233044541614e-39
vn -0.317533940076828 0.9303591251373291 -0.18331429362297058
vn 0.18331429362297058 0.9303591251373291 -0.317533940076828
vn 0.317533940076828 0.9303591251373291 -0.18331429362297058
vn -1.0414393364877616e-23 1.0 2.3236233044541614e-39
vn -1.0414393364877616e-23 1.0 2.3236233044541614e-39
vn 1.0414393364877616e-23 -1.0 -2.3236233044541614e-39
vn 1.0414393364877616e-23 -1.0 -2.3236233044541614e-39
vn 1.0414393364877616e-23 -1.0 -2.3236233044541614e-39
vn 1.0414393364877616e-23 -1.0 -2.3236233044541614e-39
vn 1.0414393364877616e-23 -1.0 -2.3236233044541614e-39
vn -0.1354820281267166 -0.9625909924507141 0.2346557229757309
vn -0.2346557229757309 -0.9625909924507141 0.1354820281267166
vn 1.0 2.220446049250313e-16 -2.220446049250313e-16
vn 1.0 -0.0001795206480892375 -2.220446049250313e-16
vn 1.0 -0.0001795206480892375 -2.220446049250313e-16
vn 1.0 2.220446049250313e-16 -2.220446049250313e-16
vn 0.7071067690849304 5.338507236274381e-08 -0.7071067690849304
vn 0.7071067094802856 -0.00035899976501241326 -0.7071067094802856
vn -0.2709636688232422 -0.9625895023345947 6.016602079289383e-17
vn -0.3219027519226074 -0.9467727541923523 7.147676937493573e-17
vn -7.637471238728483e-24 -0.9467727541923523 0.3219027519226074
vn -0.306418240070343 -0.9012301564216614 0.306418240070343
vn 0.8660315871238708 3.7748137060589215e-08 -0.49998927116394043
vn 0.8660315871238708 3.7748137060589215e-08 -0.49998927116394043
vn 0.2346557229757309 -0.9625909924507141 -0.1354820281267166
vn 1.0 -0.0002692809794098139 -2.220446049250313e-16
vn 1.0 2.220446049250313e-16 -2.220446049250313e-16
vn 0.317533940076828 -0.9303590655326843 -0.18331429362297058
vn 0.306418240070343 -0.9012300968170166 -0.306418240070343
vn 0.7071067690849304 5.338507236274381e-08 -0.7071067690849304
vn 0.306418240070343 -0.9012300968170166 -0.306418240070343
vn 0.7071067690849304 5.338507236274381e-08 -0.7071067690849304
vn 2.735759837431244e-23 -0.9467727541923523 -0.3219027519226074
vn 0.306418240070343 -0.9012300968170166 -0.306418240070343
vn 0.7071067690849304 5.338507236274381e-08 -0.7071067690849304
vn 0.7071067094802856 -0.00035899976501241326 -0.7071067094802856
vn -0.3219027519226074 -0.9467727541923523 7.147676937493573e-17
vn 1.0414393364877616e-23 -1.0 -2.3236233044541614e-39
vn -0.3219027519226074 -0.9467727541923523 7.147676937493573e-17
vn 0.2346557229757309 -0.9625909924507141 -0.1354820281267166
vn 1.0414393364877616e-23 -1.0 -2.3236233044541614e-39
vn -7.637471238728483e-24 -0.9467727541923523 0.3219027519226074
vn 1.0414393364877616e-23 -1.0 -2.3236233044541614e-39
vn 0.1354820281267166 -0.9625909924507141 -0.2346557229757309
vn 1.0414393364877616e-23 -1.0 -2.3236233044541614e-39
vn 0.2346557229757309 -0.9625909924507141 0.1354820281267166
vn 0.2709636688232422 -0.9625895023345947 -6.016602079289383e-17
vn 1.0414393364877616e-23 -1.0 -2.3236233044541614e-39
vn 1.0414394153738522e-23 -1.0 -2.3236233044541614e-39
vn 1.0 2.220446049250313e-16 -2.220446049250313e-16
vn 0.8660315871238708 -3.7748137060589215e-08 0.49998927116394043
vn 0.317533940076828 -0.9303591251373291 0.18331429362297058
vn 0.3666442334651947 -0.930361270904541 -8.14113739678201e-17
vn 0.3666442334651947 -0.930361270904541 -8.14113739678201e-17
vn 0.317533940076828 -0.9303591251373291 0.18331429362297058
vn 1.0414393364877616e-23 -1.0 -2.3236233044541614e-39
vn 1.0414393364877616e-23 -1.0 -2.3236233044541614e-39
vn 1.0414393364877616e-23 -1.0 -2.3236233044541614e-39
vn 1.0414393364877616e-23 -1.0 -2.3236233044541614e-39
vn 1.0414393364877616e-23 -1.0 -2.3236233044541614e-39
vn 1.0414393364877616e-23 -1.0 -2.3236233044541614e-39
vn 1.0414394153738522e-23 -1.0 -2.3236233044541614e-39
vn 1.0414393364877616e-23 -1.0 -2.3236233044541614e-39
vn 1.0414393364877616e-23 -1.0 -2.3236233044541614e-39
vn 1.0414393364877616e-23 -1.0 -2.3236233044541614e-39
vn 1.0414394153738522e-23 -1.0 -2.3236233044541614e-39
vn 1.0414393364877616e-23 -1.0 -2.3236233044541614e-39
vn -0.3219027519226074 -0.9467727541923523 7.147676937493573e-17
vn -0.3219027519226074 -0.9467727541923523 7.147676937493573e-17
vn 0.2709636688232422 -0.9625895023345947 -6.016602079289383e-17
vn 0.2346557229757309 -0.9625909924507141 0.1354820281267166
vn 0.8660315871238708 -3.7748137060589215e-08 0.49998927116394043
vn 1.0 2.220446049250313e-16 -2.220446049250313e-16
vn 1.0414393364877616e-23 -1.0 -2.3236233044541614e-39
vn 1.0414393364877616e-23 -1.0 -2.3236233044541614e-39
vn 1.0414393364877616e-23 -1.0 -2.3236233044541614e-39
vn 1.0414393364877616e-23 -1.0 -2.3236233044541614e-39
vn 1.0414393364877616e-23 -1.0 -2.3236233044541614e-39
vn 5.43565932028859e-23 7.549789415861596e-08 -1.0
vn 0.49998927116394043 6.53835598996011e-08 -0.8660315871238708
vn 0.49998927116394043 6.53835598996011e-08 -0.8660315871238708
vn 5.43565932028859e-23 7.549789415861596e-08 -1.0
vn 2.4753447041598478e-23 -0.9625895023345947 -0.2709636688232422
vn 0.1354820281267166 -0.9625909924507141 -0.2346557229757309
vn 1.0414393364877616e-23 -1.0 -2.3236233044541614e-39
vn 2.735759837431244e-23 -0.9467727541923523 -0.3219027519226074
vn 2.735759837431244e-23 -0.9467727541923523 -0.3219027519226074
vn 2.96186756770676e-23 -0.930361270904541 -0.3666442334651947
vn 0.18331429362297058 -0.9303590655326843 -0.317533940076828
vn 0.18331429362297058 -0.9303590655326843 -0.317533940076828
vn 2.96186756770676e-23 -0.930361270904541 -0.3666442334651947
vn 1.0414393364877616e-23 -1.0 -2.3236233044541614e-39
vn 1.0414393364877616e-23 -1.0 -2.3236233044541614e-39
vn 0.1354820281267166 -0.9625909924507141 -0.2346557229757309
vn 2.4753447041598478e-23 -0.9625895023345947 -0.2709636688232422
vn 1.0414393364877616e-23 -1.0 -2.3236233044541614e-39
vn -4.70387581477612e-24 -0.9625895023345947 0.2709636688232422
vn 0.1354820281267166 -0.9625909924507141 0.2346557229757309
vn 1.0414393364877616e-23 -1.0 -2.3236233044541614e-39
vn 1.0414393364877616e-23 -1.0 -2.3236233044541614e-39
vn -0.8660315871238708 3.7748137060589215e-08 -0.49998927116394043
vn -0.8660315871238708 3.7748137060589215e-08 -0.49998927116394043
vn -1.0 -2.220446049250313e-16 2.220446049250313e-16
vn -1.0 -2.220446049250313e-16 2.220446049250313e-16
vn 2.735759837431244e-23 -0.9467727541923523 -0.3219027519226074
vn -0.2346557229757309 -0.9625909924507141 -0.1354820281267166
vn -0.2709636688232422 -0.9625895023345947 6.016602079289383e-17
vn -0.317533940076828 -0.9303590655326843 -0.18331429362297058
vn -0.3666442334651947 -0.930361270904541 8.14113739678201e-17
vn -0.317533940076828 -0.9303590655326843 -0.18331429362297058
vn -0.3666442334651947 -0.930361270904541 8.14113739678201e-17
vn 2.735759837431244e-23 -0.9467727541923523 -0.3219027519226074
vn 2.735759837431244e-23 -0.9467727541923523 -0.3219027519226074
vn 2.735759837431244e-23 -0.9467727541923523 -0.3219027519226074
vn 5.43565932028859e-23 7.549789415861596e-08 -1.0
vn 5.43565932028859e-23 7.549789415861596e-08 -1.0
vn 0.7071067690849304 -5.338507236274381e-08 0.7071067690849304
vn 1.0 2.220446049250313e-16 -2.220446049250313e-16
vn 0.9999998807907104 -0.00044880155473947525 -2.220445784552517e-16
vn 0.7070609331130981 -0.00035909880534745753 0.7071524858474731
vn 1.0414393364877616e-23 -1.0 -2.3236233044541614e-39
vn 1.0414393364877616e-23 -1.0 -2.3236233044541614e-39
vn -7.637471238728483e-24 -0.9467727541923523 0.3219027519226074
vn 1.0414393364877616e-23 -1.0 -2.3236233044541614e-39
vn 0.3219027519226074 -0.9467727541923523 -7.147676937493573e-17
vn 0.306418240070343 -0.9012301564216614 0.306418240070343
vn -7.637471238728483e-24 -0.9467727541923523 0.3219027519226074
vn 0.306418240070343 -0.9012301564216614 0.306418240070343
vn 0.7071067690849304 -5.338507236274381e-08 0.7071067690849304
vn -5.43565932028859e-23 -7.549789415861596e-08 1.0
vn 0.306418240070343 -0.9012301564216614 0.306418240070343
vn 0.3219027519226074 -0.9467727541923523 -7.147676937493573e-17
vn 1.0 2.220446049250313e-16 -2.220446049250313e-16
vn 0.7071067690849304 -5.338507236274381e-08 0.7071067690849304
vn 0.49998927116394043 -6.53835598996011e-08 0.8660315871238708
vn -5.43565932028859e-23 -7.549789415861596e-08 1.0
vn -1.0240380115516724e-23 -0.9303612112998962 0.3666441738605499
vn 0.18331429362297058 -0.9303591251373291 0.317533940076828
vn 1.0414393364877616e-23 -1.0 -2.3236233044541614e-39
vn 1.0414393364877616e-23 -1.0 -2.3236233044541614e-39
vn 1.0414393364877616e-23 -1.0 -2.3236233044541614e-39
vn 1.0414393364877616e-23 -1.0 -2.3236233044541614e-39
vn 0.18331429362297058 -0.9303591251373291 0.317533940076828
vn -1.0240380115516724e-23 -0.9303612112998962 0.3666441738605499
vn -5.43565932028859e-23 -7.549789415861596e-08 1.0
vn -5.43565932028859e-23 -7.549789415861596e-08 1.0
vn -5.43565932028859e-23 -7.549789415861596e-08 1.0
vn -5.43565932028859e-23 -7.549789415861596e-08 1.0
vn 0.1354820281267166 -0.9625909924507141 0.2346557229757309
vn -4.70387581477612e-24 -0.9625895023345947 0.2709636688232422
vn -5.43565932028859e-23 -7.549789415861596e-08 1.0
vn 0.49998927116394043 -6.53835598996011e-08 0.8660315871238708
vn -0.2709636688232422 -0.9625895023345947 6.016602079289383e-17
vn -0.2346557229757309 -0.9625909924507141 -0.1354820281267166
vn -0.306418240070343 -0.9012300968170166 -0.306418240070343
vn 1.0414393364877616e-23 -1.0 -2.3236233044541614e-39
vn -0.1354820281267166 -0.9625909924507141 -0.2346557229757309
vn 1.0414393364877616e-23 -1.0 -2.3236233044541614e-39
vn -5.43565932028859e-23 -7.549789415861596e-08 1.0
vn 0.7071067690849304 -5.338507236274381e-08 0.7071067690849304
vn 0.7070609331130981 -0.00035909880534745753 0.7071524858474731
vn -5.43565932028859e-23 -7.549789415861596e-08 1.0
vn 1.0414393364877616e-23 -1.0 -2.3236233044541614e-39
vn -7.637471238728483e-24 -0.9467727541923523 0.3219027519226074
vn -7.637471238728483e-24 -0.9467727541923523 0.3219027519226074
vn -7.637471238728483e-24 -0.9467727541923523 0.3219027519226074
vn -7.637471238728483e-24 -0.9467727541923523 0.3219027519226074
vn -5.43565932028859e-23 -7.549789415861596e-08 1.0
vn -5.43565932028859e-23 -7.549789415861596e-08 1.0
vn 1.0414394153738522e-23 -1.0 -2.3236233044541614e-39
vn 2.735759837431244e-23 -0.9467727541923523 -0.3219027519226074
vn 2.735759837431244e-23 -0.9467727541923523 -0.3219027519226074
vn -0.49998927116394043 6.53835598996011e-08 -0.8660315871238708
vn -0.18331429362297058 -0.9303590655326843 -0.317533940076828
vn -0.18331429362297058 -0.9303590655326843 -0.317533940076828
vn -0.49998927116394043 6.53835598996011e-08 -0.8660315871238708
vn 1.0414393364877616e-23 -1.0 -2.3236233044541614e-39
vn -0.18331429362297058 -0.9303590655326843 -0.317533940076828
vn -0.1354820281267166 -0.9625909924507141 -0.2346557229757309
vn -0.49998927116394043 6.53835598996011e-08 -0.8660315871238708
vn 2.735759837431244e-23 -0.9467727541923523 -0.3219027519226074
vn -0.11190140247344971 -0.9873986840248108 -0.11190140247344971
vn -0.306418240070343 -0.9012300968170166 -0.306418240070343
vn -0.7071067690849304 5.338507236274381e-08 -0.7071067690849304
vn -0.7071067690849304 5.338507236274381e-08 -0.7071067690849304
vn 5.43565932028859e-23 7.549789415861596e-08 -1.0
vn 1.0414393364877616e-23 -1.0 -2.3236233044541614e-39
vn -0.3219027519226074 -0.9467727541923523 7.147676937493573e-17
vn 1.0414393364877616e-23 -1.0 -2.3236233044541614e-39
vn -0.3219027519226074 -0.9467727541923523 7.147676937493573e-17
vn -1.0 -2.220446049250313e-16 2.220446049250313e-16
vn -1.0 -2.220446049250313e-16 2.220446049250313e-16
vn -0.49998927116394043 6.53835598996011e-08 -0.8660315871238708
vn -0.1354820281267166 -0.9625909924507141 -0.2346557229757309
vn 2.735759837431244e-23 -0.9467727541923523 -0.3219027519226074
vn -0.11190140247344971 -0.9873986840248108 -0.11190140247344971
vn -0.3219027519226074 -0.9467727541923523 7.147676937493573e-17
vn 2.735759837431244e-23 -0.9467727541923523 -0.3219027519226074
vn 5.43565932028859e-23 7.549789415861596e-08 -1.0
vn 2.735759837431244e-23 -0.9467727541923523 -0.3219027519226074
vn 5.43565932028859e-23 7.549789415861596e-08 -1.0
vn 5.43565932028859e-23 7.549789415861596e-08 -1.0
vn 5.43565932028859e-23 7.549789415861596e-08 -1.0
vn 5.43565932028859e-23 7.549789415861596e-08 -1.0
vn 2.735759837431244e-23 -0.9467727541923523 -0.3219027519226074
vn 2.735759837431244e-23 -0.9467727541923523 -0.3219027519226074
vn 2.735759837431244e-23 -0.9467727541923523 -0.3219027519226074
vn 2.735759837431244e-23 -0.9467727541923523 -0.3219027519226074
vn 0.2346557229757309 -0.9625909924507141 -0.1354820281267166
vn 1.0414394153738522e-23 -1.0 -2.3236233044541614e-39
vn 1.0414393364877616e-23 -1.0 -2.3236233044541614e-39
vn 1.0414393364877616e-23 -1.0 -2.3236233044541614e-39
vn 1.0414393364877616e-23 -1.0 -2.3236233044541614e-39
vn 1.0414394153738522e-23 -1.0 -2.3236233044541614e-39
vn 1.0414393364877616e-23 -1.0 -2.3236233044541614e-39
vn -0.3219027519226074 -0.9467727541923523 7.147676937493573e-17
vn -0.32189029455184937 -0.9467770457267761 7.147400328296735e-17
vn 0.8660315871238708 3.7748137060589215e-08 -0.49998927116394043
vn 0.317533940076828 -0.9303590655326843 -0.18331429362297058
vn -0.32189029455184937 -0.9467770457267761 7.147400328296735e-17
vn -0.3219027519226074 -0.9467727541923523 7.147676937493573e-17
vn -1.0 -2.220446049250313e-16 2.220446049250313e-16
vn -1.0 -8.976032404461876e-05 2.220446049250313e-16
vn 0.317533940076828 -0.9303590655326843 -0.18331429362297058
vn 0.2346557229757309 -0.9625909924507141 -0.1354820281267166
vn 0.8660315871238708 3.7748137060589215e-08 -0.49998927116394043
vn -1.0 -2.220446049250313e-16 2.220446049250313e-16
vn -1.0 -2.220446049250313e-16 2.220446049250313e-16
vn 1.0414393364877616e-23 -1.0 -2.3236233044541614e-39
vn 0.49998927116394043 -6.53835598996011e-08 0.8660315871238708
vn 0.49998927116394043 -6.53835598996011e-08 0.8660315871238708
vn 0.1354820281267166 -0.9625909924507141 0.2346557229757309
vn -0.3219027519226074 -0.9467727541923523 7.147676937493573e-17
vn 0.32189029455184937 -0.9467770457267761 -7.147400328296735e-17
vn 1.0 2.220446049250313e-16 -2.220446049250313e-16
vn 0.32189029455184937 -0.9467770457267761 -7.147400328296735e-17
vn 1.0 2.220446049250313e-16 -2.220446049250313e-16
vn 0.9999998807907104 -0.00044880155473947525 -2.220445784552517e-16
vn -0.49998927116394043 -6.53835598996011e-08 0.8660315871238708
vn -0.49998927116394043 -6.53835598996011e-08 0.8660315871238708
vn -0.1354820281267166 -0.9625909924507141 0.2346557229757309
vn -0.18331429362297058 -0.9303591251373291 0.317533940076828
vn -0.18331429362297058 -0.9303591251373291 0.317533940076828
vn 1.0414393364877616e-23 -1.0 -2.3236233044541614e-39
vn 0.8660315871238708 3.7748137060589215e-08 -0.49998927116394043
vn 0.317533940076828 -0.9303590655326843 -0.18331429362297058
vn 0.2346557229757309 -0.9625909924507141 -0.1354820281267166
vn 0.8660315871238708 3.7748137060589215e-08 -0.49998927116394043
vn -0.1354820281267166 -0.9625909924507141 0.2346557229757309
vn -0.8660315871238708 -3.7748137060589215e-08 0.49998927116394043
vn -0.8660315871238708 -3.7748137060589215e-08 0.49998927116394043
vn -0.2346557229757309 -0.9625909924507141 0.1354820281267166
vn -0.8660315871238708 -3.7748137060589215e-08 0.49998927116394043
vn -0.8660315871238708 -3.7748137060589215e-08 0.49998927116394043
vn -0.2346557229757309 -0.9625909924507141 0.1354820281267166
vn -0.317533940076828 -0.9303591251373291 0.18331429362297058
vn -0.317533940076828 -0.9303591251373291 0.18331429362297058
vn -0.317533940076828 -0.9303591251373291 0.18331429362297058
vn 1.0414393364877616e-23 -1.0 -2.3236233044541614e-39
vn -0.2346557229757309 -0.9625909924507141 0.1354820281267166
vn 0.18331429362297058 -0.9303591251373291 0.317533940076828
vn -0.3219027519226074 -0.9467727541923523 7.147676937493573e-17
vn -1.0 -2.220446049250313e-16 2.220446049250313e-16
vn -0.3219027519226074 -0.9467727541923523 7.147676937493573e-17
vn 1.0 2.220446049250313e-16 -2.220446049250313e-16
vn 0.3666442334651947 0.930361270904541 -8.14113739678201e-17
vn 0.317533940076828 0.9303590655326843 0.18331429362297058
vn 0.8660315871238708 -3.7748137060589215e-08 0.49998927116394043
vn 0.18331429362297058 0.9303590655326843 0.317533940076828
vn 0.49998927116394043 -6.53835598996011e-08 0.8660315871238708
vn 0.49998927116394043 -6.53835598996011e-08 0.8660315871238708
vn 0.18331429362297058 0.9303590655326843 0.317533940076828
vn -2.96186756770676e-23 0.930361270904541 0.3666442334651947
vn -5.43565932028859e-23 -7.549789415861596e-08 1.0
vn -0.18331429362297058 0.9303590655326843 0.317533940076828
vn -0.49998927116394043 -6.53835598996011e-08 0.8660315871238708
vn -0.317533940076828 0.9303590655326843 0.18331429362297058
vn -0.8660315871238708 -3.7748137060589215e-08 0.49998927116394043
vn -0.8660315871238708 -3.7748137060589215e-08 0.49998927116394043
vn -0.317533940076828 0.9303590655326843 0.18331429362297058
vn -0.3666442334651947 0.930361270904541 8.14113739678201e-17
vn -1.0 -2.220446049250313e-16 2.220446049250313e-16
vn -0.2346557229757309 0.9625909924507141 0.1354820281267166
vn -0.2709636688232422 0.9625895023345947 6.016602079289383e-17
vn -1.0414393364877616e-23 1.0 2.3236233044541614e-39
vn -1.0414393364877616e-23 1.0 2.3236233044541614e-39
vn -0.1354820281267166 0.9625909924507141 0.2346557229757309
vn -1.0414393364877616e-23 1.0 2.3236233044541614e-39
vn -2.4753447041598478e-23 0.9625895023345947 0.2709636688232422
vn -1.0414393364877616e-23 1.0 2.3236233044541614e-39
vn 0.1354820281267166 0.9625909924507141 0.2346557229757309
vn -1.0414393364877616e-23 1.0 2.3236233044541614e-39
vn 0.2346557229757309 0.9625909924507141 0.1354820281267166
vn -1.0414393364877616e-23 1.0 2.3236233044541614e-39
vn 0.2709636688232422 0.9625895023345947 -6.016602079289383e-17
vn -1.0414393364877616e-23 1.0 2.3236233044541614e-39
vn -0.1354820281267166 0.9625909924507141 0.2346557229757309
vn -0.49998927116394043 -6.53835598996011e-08 0.8660315871238708
vn -0.8660315871238708 -3.7748137060589215e-08 0.49998927116394043
vn -0.2346557229757309 0.9625909924507141 0.1354820281267166
vn -5.43565932028859e-23 -7.549789415861596e-08 1.0
vn -2.4753447041598478e-23 0.9625895023345947 0.2709636688232422
vn 0.49998927116394043 -6.53835598996011e-08 0.8660315871238708
vn 0.1354820281267166 0.9625909924507141 0.2346557229757309
vn 0.8660315871238708 -3.7748137060589215e-08 0.49998927116394043
vn 0.49998927116394043 -6.53835598996011e-08 0.8660315871238708
vn 0.2346557229757309 0.9625909924507141 0.1354820281267166
vn 0.1354820281267166 0.9625909924507141 0.2346557229757309
vn 1.0 2.220446049250313e-16 -2.220446049250313e-16
vn 0.2709636688232422 0.9625895023345947 -6.016602079289383e-17
vn -0.3666442334651947 0.930361270904541 8.14113739678201e-17
vn -0.317533940076828 0.9303590655326843 0.18331429362297058
vn -1.0414393364877616e-23 1.0 2.3236233044541614e-39
vn -1.0414393364877616e-23 1.0 2.3236233044541614e-39
vn -0.18331429362297058 0.9303590655326843 0.317533940076828
vn -1.0414393364877616e-23 1.0 2.3236233044541614e-39
vn -2.96186756770676e-23 0.930361270904541 0.3666442334651947
vn -1.0414393364877616e-23 1.0 2.3236233044541614e-39
vn 0.18331429362297058 0.9303590655326843 0.317533940076828
vn -1.0414393364877616e-23 1.0 2.3236233044541614e-39
vn 0.317533940076828 0.9303590655326843 0.18331429362297058
vn -1.0414393364877616e-23 1.0 2.3236233044541614e-39
vn 0.3666442334651947 0.930361270904541 -8.14113739678201e-17
vn -1.0414393364877616e-23 1.0 2.3236233044541614e-39
vn -0.2346557229757309 0.9625909924507141 0.1354820281267166
vn -0.8660315871238708 -3.7748137060589215e-08 0.49998927116394043
vn -1.0 -2.220446049250313e-16 2.220446049250313e-16
vn -0.2709636688232422 0.9625895023345947 6.016602079289383e-17
vn 1.0 2.220446049250313e-16 -2.220446049250313e-16
vn 0.3666442334651947 0.930361270904541 -8.14113739678201e-17
vn 0.317533940076828 0.9303590655326843 0.18331429362297058
vn 0.8660315871238708 -3.7748137060589215e-08 0.49998927116394043
vn 0.18331429362297058 0.9303590655326843 0.317533940076828
vn 0.49998927116394043 -6.53835598996011e-08 0.8660315871238708
vn 0.49998927116394043 -6.53835598996011e-08 0.8660315871238708
vn 0.18331429362297058 0.9303590655326843 0.317533940076828
vn -2.96186756770676e-23 0.930361270904541 0.3666442334651947
vn -5.43565932028859e-23 -7.549789415861596e-08 1.0
vn -0.18331429362297058 0.9303590655326843 0.317533940076828
vn -0.49998927116394043 -6.53835598996011e-08 0.8660315871238708
vn -0.317533940076828 0.9303590655326843 0.18331429362297058
vn -0.8660315871238708 -3.7748137060589215e-08 0.49998927116394043
vn -0.8660315871238708 -3.7748137060589215e-08 0.49998927116394043
vn -0.317533940076828 0.9303590655326843 0.18331429362297058
vn -0.3666442334651947 0.930361270904541 8.14113739678201e-17
vn -1.0 -2.220446049250313e-16 2.220446049250313e-16
vn -0.2346557229757309 0.9625909924507141 0.1354820281267166
vn -0.2709636688232422 0.9625895023345947 6.016602079289383e-17
vn -1.0414393364877616e-23 1.0 2.3236233044541614e-39
vn -1.0414393364877616e-23 1.0 2.3236233044541614e-39
vn -0.1354820281267166 0.9625909924507141 0.2346557229757309
vn -1.0414393364877616e-23 1.0 2.3236233044541614e-39
vn -2.4753447041598478e-23 0.9625895023345947 0.2709636688232422
vn -1.0414393364877616e-23 1.0 2.3236233044541614e-39
vn 0.1354820281267166 0.9625909924507141 0.2346557229757309
vn -1.0414393364877616e-23 1.0 2.3236233044541614e-39
vn 0.2346557229757309 0.9625909924507141 0.1354820281267166
vn -1.0414393364877616e-23 1.0 2.3236233044541614e-39
vn 0.2709636688232422 0.9625895023345947 -6.016602079289383e-17
vn -1.0414393364877616e-23 1.0 2.3236233044541614e-39
vn -0.1354820281267166 0.9625909924507141 0.2346557229757309
vn -0.49998927116394043 -6.53835598996011e-08 0.8660315871238708
vn -0.8660315871238708 -3.7748137060589215e-08 0.49998927116394043
vn -0.2346557229757309 0.9625909924507141 0.1354820281267166
vn -5.43565932028859e-23 -7.549789415861596e-08 1.0
vn -2.4753447041598478e-23 0.9625895023345947 0.2709636688232422
vn 0.49998927116394043 -6.53835598996011e-08 0.8660315871238708
vn 0.1354820281267166 0.9625909924507141 0.2346557229757309
vn 0.8660315871238708 -3.7748137060589215e-08 0.49998927116394043
vn 0.49998927116394043 -6.53835598996011e-08 0.8660315871238708
vn 0.2346557229757309 0.9625909924507141 0.1354820281267166
vn 0.1354820281267166 0.9625909924507141 0.2346557229757309
vn 1.0 2.220446049250313e-16 -2.220446049250313e-16
vn 0.2709636688232422 0.9625895023345947 -6.016602079289383e-17
vn -0.18331429362297058 0.9303590655326843 0.317533940076828
vn -2.96186756770676e-23 0.930361270904541 0.3666442334651947
vn -1.0414393364877616e-23 1.0 2.3236233044541614e-39
vn -1.0414393364877616e-23 1.0 2.3236233044541614e-39
vn -0.2346557229757309 0.9625909924507141 0.1354820281267166
vn -0.8660315871238708 -3.7748137060589215e-08 0.49998927116394043
vn -1.0 -2.220446049250313e-16 2.220446049250313e-16
vn -0.2709636688232422 0.9625895023345947 6.016602079289383e-17
vn -1.0414393364877616e-23 1.0 2.3236233044541614e-39
vn -1.0414393364877616e-23 1.0 2.3236233044541614e-39
vn -1.0414393364877616e-23 1.0 2.3236233044541614e-39
vn -1.0414393364877616e-23 1.0 2.3236233044541614e-39
vn -1.0414393364877616e-23 1.0 2.3236233044541614e-39
vn -1.0414393364877616e-23 1.0 2.3236233044541614e-39
vn -1.0414393364877616e-23 1.0 2.3236233044541614e-39
vn -1.0414393364877616e-23 1.0 2.3236233044541614e-39
vn -1.0414393364877616e-23 1.0 2.3236233044541614e-39
vn -1.0414393364877616e-23 1.0 2.3236233044541614e-39
vn -1.0414393364877616e-23 1.0 2.3236233044541614e-39
vn -1.0414393364877616e-23 1.0 2.3236233044541614e-39
vn -1.0414393364877616e-23 1.0 2.3236233044541614e-39
vn -1.0414393364877616e-23 1.0 2.3236233044541614e-39
vn -1.0414393364877616e-23 1.0 2.3236233044541614e-39
vn -1.0414393364877616e-23 1.0 2.3236233044541614e-39
vn -1.0414393364877616e-23 1.0 2.3236233044541614e-39
vn -1.0414393364877616e-23 1.0 2.3236233044541614e-39
vn -1.0414393364877616e-23 1.0 2.3236233044541614e-39
vn -1.0414393364877616e-23 1.0 2.3236233044541614e-39
vn -1.0414393364877616e-23 1.0 2.3236233044541614e-39
vn -1.0414393364877616e-23 1.0 2.3236233044541614e-39
vn -1.0414393364877616e-23 1.0 2.3236233044541614e-39
vn -1.0414393364877616e-23 1.0 2.3236233044541614e-39
vn -1.0414393364877616e-23 1.0 2.3236233044541614e-39
vn -1.0414393364877616e-23 1.0 2.3236233044541614e-39
vn -1.0414393364877616e-23 1.0 2.3236233044541614e-39
vn -1.0414393364877616e-23 1.0 2.3236233044541614e-39
vn -1.0414393364877616e-23 1.0 2.3236233044541614e-39
vn -1.0414393364877616e-23 1.0 2.3236233044541614e-39
vn -1.0414393364877616e-23 1.0 2.3236233044541614e-39
vn -1.0414393364877616e-23 1.0 2.3236233044541614e-39
vn -1.0414393364877616e-23 1.0 2.3236233044541614e-39
vn -0.3666442334651947 0.930361270904541 8.14113739678201e-17
vn -0.317533940076828 0.9303590655326843 0.18331429362297058
vn 0.18331429362297058 0.9303590655326843 0.317533940076828
vn 0.317533940076828 0.9303590655326843 0.18331429362297058
vn 0.3666442334651947 0.930361270904541 -8.14113739678201e-17
vn -0.3219027519226074 -0.9467727541923523 7.147676937493573e-17
vn -0.3219027519226074 -0.9467727541923523 7.147676937493573e-17
vn -1.0 -0.0001795206480892375 2.220446049250313e-16
vn 1.0414394153738522e-23 -1.0 -2.3236233044541614e-39
vn 2.735759837431244e-23 -0.9467727541923523 -0.3219027519226074
vn 2.735759837431244e-23 -0.9467727541923523 -0.3219027519226074
vn 1.0414393364877616e-23 -1.0 -2.3236233044541614e-39
vn -0.2346557229757309 -0.9625909924507141 0.1354820281267166
vn -0.1354820281267166 -0.9625909924507141 0.2346557229757309
vn 1.0414393364877616e-23 -1.0 -2.3236233044541614e-39
vn 1.0414393364877616e-23 -1.0 -2.3236233044541614e-39
vn 2.735759837431244e-23 -0.9467727541923523 -0.3219027519226074
vn 5.43565932028859e-23 7.549789415861596e-08 -1.0
vn 5.43565932028859e-23 7.549789415861596e-08 -1.0
vn 2.735759837431244e-23 -0.9467727541923523 -0.3219027519226074
vn 1.0414393364877616e-23 -1.0 -2.3236233044541614e-39
vn 1.0414393364877616e-23 -1.0 -2.3236233044541614e-39
vn 1.0414393364877616e-23 -1.0 -2.3236233044541614e-39
vn -0.1354820281267166 -0.9625909924507141 -0.2346557229757309
vn 1.0414393364877616e-23 -1.0 -2.3236233044541614e-39
vn 1.0414393364877616e-23 -1.0 -2.3236233044541614e-39
vn 2.4753447041598478e-23 -0.9625895023345947 -0.2709636688232422
vn -0.49998927116394043 -6.53835598996011e-08 0.8660315871238708
vn -0.8660315871238708 -3.7748137060589215e-08 0.49998927116394043
vn -0.317533940076828 -0.9303591251373291 0.18331429362297058
vn -0.18331429362297058 -0.9303591251373291 0.317533940076828
vn -0.2346557229757309 -0.9625909924507141 -0.1354820281267166
vn 1.0414393364877616e-23 -1.0 -2.3236233044541614e-39
vn -0.49998927116394043 6.53835598996011e-08 -0.8660315871238708
vn -0.18331429362297058 -0.9303590655326843 -0.317533940076828
vn -0.317533940076828 -0.9303590655326843 -0.18331429362297058
vn -0.8660315871238708 3.7748137060589215e-08 -0.49998927116394043
vn 5.43565932028859e-23 7.549789415861596e-08 -1.0
vn 2.96186756770676e-23 -0.930361270904541 -0.3666442334651947
vn -0.18331429362297058 -0.9303590655326843 -0.317533940076828
vn -0.49998927116394043 6.53835598996011e-08 -0.8660315871238708
vn 2.96186756770676e-23 -0.930361270904541 -0.3666442334651947
vn 1.0414393364877616e-23 -1.0 -2.3236233044541614e-39
vn 1.0414393364877616e-23 -1.0 -2.3236233044541614e-39
vn -0.18331429362297058 -0.9303590655326843 -0.317533940076828
vn 1.0414393364877616e-23 -1.0 -2.3236233044541614e-39
vn -0.317533940076828 -0.9303590655326843 -0.18331429362297058
vn -0.1354820281267166 -0.9625909924507141 -0.2346557229757309
vn -0.49998927116394043 6.53835598996011e-08 -0.8660315871238708
vn -0.8660315871238708 3.7748137060589215e-08 -0.49998927116394043
vn -0.2346557229757309 -0.9625909924507141 -0.1354820281267166
vn 2.4753447041598478e-23 -0.9625895023345947 -0.2709636688232422
vn 5.43565932028859e-23 7.549789415861596e-08 -1.0
vn -0.49998927116394043 6.53835598996011e-08 -0.8660315871238708
vn -0.1354820281267166 -0.9625909924507141 -0.2346557229757309
vn -0.2709636688232422 -0.9625895023345947 6.016602079289383e-17
vn 1.0414393364877616e-23 -1.0 -2.3236233044541614e-39
vn 0.49998927116394043 -6.53835598996011e-08 0.8660315871238708
vn -5.43565932028859e-23 -7.549789415861596e-08 1.0
vn -5.43565932028859e-23 -7.549789415861596e-08 1.0
vn 0.49998927116394043 -6.53835598996011e-08 0.8660315871238708
vn 0.1354820281267166 -0.9625909924507141 0.2346557229757309
vn -4.70387581477612e-24 -0.9625895023345947 0.2709636688232422
vn 0.18331429362297058 -0.9303591251373291 0.317533940076828
vn -1.0240380115516724e-23 -0.9303612112998962 0.3666441738605499
vn 1.0414393364877616e-23 -1.0 -2.3236233044541614e-39
vn 1.0414393364877616e-23 -1.0 -2.3236233044541614e-39
vn -1.0240380115516724e-23 -0.9303612112998962 0.3666441738605499
vn 0.18331429362297058 -0.9303591251373291 0.317533940076828
vn 1.0414393364877616e-23 -1.0 -2.3236233044541614e-39
vn -0.3666442334651947 -0.930361270904541 8.14113739678201e-17
vn -1.0 -2.220446049250313e-16 2.220446049250313e-16
vn 1.0414393364877616e-23 -1.0 -2.3236233044541614e-39
vn -0.3666442334651947 -0.930361270904541 8.14113739678201e-17
vn -1.0 -2.220446049250313e-16 2.220446049250313e-16
vn -0.2709636688232422 -0.9625895023345947 6.016602079289383e-17
vn -0.18331429362297058 -0.9303591251373291 0.317533940076828
vn -0.317533940076828 -0.9303591251373291 0.18331429362297058
vn 1.0414393364877616e-23 -1.0 -2.3236233044541614e-39
vn 1.0414393364877616e-23 -1.0 -2.3236233044541614e-39
vn -4.70387581477612e-24 -0.9625895023345947 0.2709636688232422
vn 0.1354820281267166 -0.9625909924507141 0.2346557229757309
vn 1.0414393364877616e-23 -1.0 -2.3236233044541614e-39
vn 1.0414393364877616e-23 -1.0 -2.3236233044541614e-39
vn 2.735759837431244e-23 -0.9467727541923523 -0.3219027519226074
vn 5.43565932028859e-23 7.549789415861596e-08 -1.0
vn 5.43565932028859e-23 7.549789415861596e-08 -1.0
vn 2.735759837431244e-23 -0.9467727541923523 -0.3219027519226074
vn -5.43565932028859e-23 -7.549789415861596e-08 1.0
vn -5.43565932028859e-23 -7.549789415861596e-08 1.0
vn -5.435472518026233e-23 -0.00017959614342544228 1.0
vn -5.435472518026233e-23 -0.00017959614342544228 1.0
vn 1.0414393364877616e-23 -1.0 -2.3236233044541614e-39
vn 1.0414393364877616e-23 -1.0 -2.3236233044541614e-39
vn -7.637471238728483e-24 -0.9467727541923523 0.3219027519226074
vn -7.637471238728483e-24 -0.9467727541923523 0.3219027519226074
vn -7.637471238728483e-24 -0.9467727541923523 0.3219027519226074
vn -7.637471238728483e-24 -0.9467727541923523 0.3219027519226074
vn -5.43565932028859e-23 -7.549789415861596e-08 1.0
vn -5.43565932028859e-23 -7.549789415861596e-08 1.0
vn 5.43565932028859e-23 7.549789415861596e-08 -1.0
vn 2.735759837431244e-23 -0.9467727541923523 -0.3219027519226074
vn -0.1354820281267166 -0.9625909924507141 0.2346557229757309
vn -0.2346557229757309 -0.9625909924507141 0.1354820281267166
vn -0.8660315871238708 -3.7748137060589215e-08 0.49998927116394043
vn -0.49998927116394043 -6.53835598996011e-08 0.8660315871238708
vn 1.0414393364877616e-23 -1.0 -2.3236233044541614e-39
vn 2.735759837431244e-23 -0.9467727541923523 -0.3219027519226074
vn 2.735759837431244e-23 -0.9467727541923523 -0.3219027519226074
vn 1.0414393364877616e-23 -1.0 -2.3236233044541614e-39
vn 1.0414393364877616e-23 -1.0 -2.3236233044541614e-39
vn 5.43565932028859e-23 7.549789415861596e-08 -1.0
vn 0.8660315871238708 -3.7748137060589215e-08 0.49998927116394043
vn 0.49998927116394043 -6.53835598996011e-08 0.8660315871238708
vn 0.49998927116394043 -6.53835598996011e-08 0.8660315871238708
vn 0.8660315871238708 -3.7748137060589215e-08 0.49998927116394043
vn 0.2346557229757309 -0.9625909924507141 0.1354820281267166
vn 0.1354820281267166 -0.9625909924507141 0.2346557229757309
vn 0.317533940076828 -0.9303591251373291 0.18331429362297058
vn 1.0414393364877616e-23 -1.0 -2.3236233044541614e-39
vn 2.735759837431244e-23 -0.9467727541923523 -0.3219027519226074
vn 0.18331429362297058 -0.9303591251373291 0.317533940076828
vn 0.317533940076828 -0.9303591251373291 0.18331429362297058
vn 1.0414393364877616e-23 -1.0 -2.3236233044541614e-39
vn 2.735759837431244e-23 -0.9467727541923523 -0.3219027519226074
vn 0.2346557229757309 -0.9625909924507141 0.1354820281267166
vn 1.0414393364877616e-23 -1.0 -2.3236233044541614e-39
vn 0.3219027519226074 -0.9467727541923523 -7.147676937493573e-17
vn 0.3219027519226074 -0.9467727541923523 -7.147676937493573e-17
vn 1.0 2.220446049250313e-16 -2.220446049250313e-16
vn 1.0 2.220446049250313e-16 -2.220446049250313e-16
vn 1.0 2.220446049250313e-16 -2.220446049250313e-16
vn 1.0 2.220446049250313e-16 -2.220446049250313e-16
vn 1.0 8.976032404461876e-05 -2.220446049250313e-16
vn 0.3219027519226074 -0.9467727541923523 -7.147676937493573e-17
vn -0.2346557229757309 -0.9625909924507141 -0.1354820281267166
vn -0.2709636688232422 -0.9625895023345947 6.016602079289383e-17
vn 1.0414393364877616e-23 -1.0 -2.3236233044541614e-39
vn 1.0414393364877616e-23 -1.0 -2.3236233044541614e-39
vn -1.0 -2.220446049250313e-16 2.220446049250313e-16
vn -0.8660315871238708 3.7748137060589215e-08 -0.49998927116394043
vn -0.317533940076828 -0.9303590655326843 -0.18331429362297058
vn -0.3666442334651947 -0.930361270904541 8.14113739678201e-17
vn -0.3666442334651947 -0.930361270904541 8.14113739678201e-17
vn -0.317533940076828 -0.9303590655326843 -0.18331429362297058
vn 1.0414393364877616e-23 -1.0 -2.3236233044541614e-39
vn 1.0414393364877616e-23 -1.0 -2.3236233044541614e-39
vn 1.0414393364877616e-23 -1.0 -2.3236233044541614e-39
vn 1.0414393364877616e-23 -1.0 -2.3236233044541614e-39
vn 1.0414393364877616e-23 -1.0 -2.3236233044541614e-39
vn 1.0414393364877616e-23 -1.0 -2.3236233044541614e-39
vn 1.0414393364877616e-23 -1.0 -2.3236233044541614e-39
vn 1.0414393364877616e-23 -1.0 -2.3236233044541614e-39
vn 1.0414393364877616e-23 -1.0 -2.3236233044541614e-39
vn 1.0414393364877616e-23 -1.0 -2.3236233044541614e-39
vn 1.0414394153738522e-23 -1.0 -2.3236233044541614e-39
vn 1.0414393364877616e-23 -1.0 -2.3236233044541614e-39
vn 0.3219027519226074 -0.9467727541923523 -7.147676937493573e-17
vn 0.3219027519226074 -0.9467727541923523 -7.147676937493573e-17
vn -0.2709636688232422 -0.9625895023345947 6.016602079289383e-17
vn -0.2346557229757309 -0.9625909924507141 -0.1354820281267166
vn -0.8660315871238708 3.7748137060589215e-08 -0.49998927116394043
vn -1.0 -2.220446049250313e-16 2.220446049250313e-16
vn 1.0414393364877616e-23 -1.0 -2.3236233044541614e-39
vn 1.0414393364877616e-23 -1.0 -2.3236233044541614e-39
vn 1.0414393364877616e-23 -1.0 -2.3236233044541614e-39
vn 1.0414393364877616e-23 -1.0 -2.3236233044541614e-39
vn 1.0414393364877616e-23 -1.0 -2.3236233044541614e-39
vn -5.43565932028859e-23 -7.549789415861596e-08 1.0
vn -0.49998927116394043 -6.53835598996011e-08 0.8660315871238708
vn -0.49998927116394043 -6.53835598996011e-08 0.8660315871238708
vn -5.43565932028859e-23 -7.549789415861596e-08 1.0
vn -4.70387581477612e-24 -0.9625895023345947 0.2709636688232422
vn -0.1354820281267166 -0.9625909924507141 0.2346557229757309
vn -1.0240380115516724e-23 -0.9303612112998962 0.3666441738605499
vn -0.18331429362297058 -0.9303591251373291 0.317533940076828
vn -0.18331429362297058 -0.9303591251373291 0.317533940076828
vn -1.0240380115516724e-23 -0.9303612112998962 0.3666441738605499
vn 1.0414393364877616e-23 -1.0 -2.3236233044541614e-39
vn 1.0414393364877616e-23 -1.0 -2.3236233044541614e-39
vn -0.1354820281267166 -0.9625909924507141 0.2346557229757309
vn -4.70387581477612e-24 -0.9625895023345947 0.2709636688232422
vn 1.0414393364877616e-23 -1.0 -2.3236233044541614e-39
vn 2.4753447041598478e-23 -0.9625895023345947 -0.2709636688232422
vn -0.1354820281267166 -0.9625909924507141 -0.2346557229757309
vn 1.0414393364877616e-23 -1.0 -2.3236233044541614e-39
vn 1.0414393364877616e-23 -1.0 -2.3236233044541614e-39
vn 0.8660315871238708 -3.7748137060589215e-08 0.49998927116394043
vn 0.8660315871238708 -3.7748137060589215e-08 0.49998927116394043
vn 1.0 2.220446049250313e-16 -2.220446049250313e-16
vn 1.0 2.220446049250313e-16 -2.220446049250313e-16
vn -7.637471238728483e-24 -0.9467727541923523 0.3219027519226074
vn -7.637471238728483e-24 -0.9467727541923523 0.3219027519226074
vn 0.2346557229757309 -0.9625909924507141 0.1354820281267166
vn 0.2709636688232422 -0.9625895023345947 -6.016602079289383e-17
vn 0.317533940076828 -0.9303591251373291 0.18331429362297058
vn 0.3666442334651947 -0.930361270904541 -8.14113739678201e-17
vn 0.317533940076828 -0.9303591251373291 0.18331429362297058
vn 0.3666442334651947 -0.930361270904541 -8.14113739678201e-17
vn -7.637471238728483e-24 -0.9467727541923523 0.3219027519226074
vn -7.637471238728483e-24 -0.9467727541923523 0.3219027519226074
vn -7.637471238728483e-24 -0.9467727541923523 0.3219027519226074
vn -5.43565932028859e-23 -7.549789415861596e-08 1.0
vn -5.43565932028859e-23 -7.549789415861596e-08 1.0
vn -0.7071067690849304 5.338507236274381e-08 -0.7071067690849304
vn -1.0 -2.220446049250313e-16 2.220446049250313e-16
vn -1.0 -2.220446049250313e-16 2.220446049250313e-16
vn -0.7071067690849304 5.338507236274381e-08 -0.7071067690849304
vn 1.0414393364877616e-23 -1.0 -2.3236233044541614e-39
vn 1.0414393364877616e-23 -1.0 -2.3236233044541614e-39
vn 0.8660315871238708 3.7748137060589215e-08 -0.49998927116394043
vn 0.49998927116394043 6.53835598996011e-08 -0.8660315871238708
vn 0.18331429362297058 0.9303591251373291 -0.317533940076828
vn 0.317533940076828 0.9303591251373291 -0.18331429362297058
vn 5.43565932028859e-23 7.549789415861596e-08 -1.0
vn 1.0240380115516724e-23 0.9303612112998962 -0.3666441738605499
vn -0.49998927116394043 6.53835598996011e-08 -0.8660315871238708
vn -0.18331429362297058 0.9303591251373291 -0.317533940076828
vn -0.49998927116394043 6.53835598996011e-08 -0.8660315871238708
vn -0.8660315871238708 3.7748137060589215e-08 -0.49998927116394043
vn -0.317533940076828 0.9303591251373291 -0.18331429362297058
vn -0.18331429362297058 0.9303591251373291 -0.317533940076828
vn -0.1354820281267166 0.9625909924507141 -0.2346557229757309
vn -1.0414393364877616e-23 1.0 2.3236233044541614e-39
vn -1.0414393364877616e-23 1.0 2.3236233044541614e-39
vn -0.2346557229757309 0.9625909924507141 -0.1354820281267166
vn 4.70387581477612e-24 0.9625895023345947 -0.2709636688232422
vn -1.0414393364877616e-23 1.0 2.3236233044541614e-39
vn 0.1354820281267166 0.9625909924507141 -0.2346557229757309
vn -1.0414393364877616e-23 1.0 2.3236233044541614e-39
vn 0.2346557229757309 0.9625909924507141 -0.1354820281267166
vn -1.0414393364877616e-23 1.0 2.3236233044541614e-39
vn -0.1354820281267166 0.9625909924507141 -0.2346557229757309
vn -0.2346557229757309 0.9625909924507141 -0.1354820281267166
vn -0.8660315871238708 3.7748137060589215e-08 -0.49998927116394043
vn -0.49998927116394043 6.53835598996011e-08 -0.8660315871238708
vn 5.43565932028859e-23 7.549789415861596e-08 -1.0
vn -0.49998927116394043 6.53835598996011e-08 -0.8660315871238708
vn 4.70387581477612e-24 0.9625895023345947 -0.2709636688232422
vn -0.1354820281267166 0.9625909924507141 -0.2346557229757309
vn 0.49998927116394043 6.53835598996011e-08 -0.8660315871238708
vn 0.1354820281267166 0.9625909924507141 -0.2346557229757309
vn 0.8660315871238708 3.7748137060589215e-08 -0.49998927116394043
vn 0.2346557229757309 0.9625909924507141 -0.1354820281267166
vn -0.317533940076828 0.9303591251373291 -0.18331429362297058
vn -1.0414393364877616e-23 1.0 2.3236233044541614e-39
vn -1.0414393364877616e-23 1.0 2.3236233044541614e-39
vn -0.18331429362297058 0.9303591251373291 -0.317533940076828
vn -1.0414393364877616e-23 1.0 2.3236233044541614e-39
vn 1.0240380115516724e-23 0.9303612112998962 -0.3666441738605499
vn -1.0414393364877616e-23 1.0 2.3236233044541614e-39
vn 0.18331429362297058 0.9303591251373291 -0.317533940076828
vn -1.0414393364877616e-23 1.0 2.3236233044541614e-39
vn 0.317533940076828 0.9303591251373291 -0.18331429362297058
vn 1.0 0.0001795206480892375 -2.220446049250313e-16
vn -1.0414393364877616e-23 1.0 2.3236233044541614e-39
vn -0.3219027519226074 0.9467727541923523 7.147676937493573e-17
vn -0.32189029455184937 0.9467770457267761 7.147400328296735e-17
vn -1.0414393364877616e-23 1.0 2.3236233044541614e-39
vn 5.43565932028859e-23 7.549789415861596e-08 -1.0
vn -0.7071067690849304 5.338507236274381e-08 -0.7071067690849304
vn -0.306431382894516 0.9012211561203003 -0.306431382894516
vn 7.637471238728483e-24 0.9467727541923523 -0.3219027519226074
vn 2.735759837431244e-23 -0.9467727541923523 -0.3219027519226074
vn 1.0414393364877616e-23 -1.0 -2.3236233044541614e-39
vn -0.3219027519226074 -0.9467727541923523 7.147676937493573e-17
vn -0.306418240070343 -0.9012300968170166 -0.306418240070343
vn -0.3219027519226074 0.9467727541923523 7.147676937493573e-17
vn -0.306431382894516 0.9012211561203003 -0.306431382894516
vn 7.637471238728483e-24 0.9467727541923523 -0.3219027519226074
vn -0.306431382894516 0.9012211561203003 -0.306431382894516
vn 5.43565932028859e-23 7.549789415861596e-08 -1.0
vn 7.638192257595855e-24 0.9467685222625732 -0.3219152092933655
vn 7.638192257595855e-24 0.9467685222625732 -0.3219152092933655
vn -1.0414393364877616e-23 1.0 2.3236233044541614e-39
vn 2.735759837431244e-23 -0.9467727541923523 -0.3219027519226074
vn -0.306418240070343 -0.9012300968170166 -0.306418240070343
vn -0.7071067690849304 5.338507236274381e-08 -0.7071067690849304
vn 5.43565932028859e-23 7.549789415861596e-08 -1.0
vn -0.306418240070343 -0.9012300968170166 -0.306418240070343
vn -0.3219027519226074 -0.9467727541923523 7.147676937493573e-17
vn -1.0 -2.220446049250313e-16 2.220446049250313e-16
vn -0.7071067690849304 5.338507236274381e-08 -0.7071067690849304
vn -0.49998927116394043 6.53835598996011e-08 -0.8660315871238708
vn 5.43565932028859e-23 7.549789415861596e-08 -1.0
vn 2.96186756770676e-23 -0.930361270904541 -0.3666442334651947
vn -0.18331429362297058 -0.9303590655326843 -0.317533940076828
vn 1.0414393364877616e-23 -1.0 -2.3236233044541614e-39
vn 1.0414393364877616e-23 -1.0 -2.3236233044541614e-39
vn 1.0414393364877616e-23 -1.0 -2.3236233044541614e-39
vn 1.0414393364877616e-23 -1.0 -2.3236233044541614e-39
vn -0.18331429362297058 -0.9303590655326843 -0.317533940076828
vn 2.96186756770676e-23 -0.930361270904541 -0.3666442334651947
vn 0.8660315871238708 3.7748137060589215e-08 -0.49998927116394043
vn 0.49998927116394043 6.53835598996011e-08 -0.8660315871238708
vn 0.18331429362297058 0.9303591251373291 -0.317533940076828
vn 0.317533940076828 0.9303591251373291 -0.18331429362297058
vn 5.43565932028859e-23 7.549789415861596e-08 -1.0
vn 1.0240380115516724e-23 0.9303612112998962 -0.3666441738605499
vn -0.49998927116394043 6.53835598996011e-08 -0.8660315871238708
vn -0.18331429362297058 0.9303591251373291 -0.317533940076828
vn -0.49998927116394043 6.53835598996011e-08 -0.8660315871238708
vn -0.8660315871238708 3.7748137060589215e-08 -0.49998927116394043
vn -0.317533940076828 0.9303591251373291 -0.18331429362297058
vn -0.18331429362297058 0.9303591251373291 -0.317533940076828
vn -0.1354820281267166 0.9625909924507141 -0.2346557229757309
vn -1.0414393364877616e-23 1.0 2.3236233044541614e-39
vn -1.0414393364877616e-23 1.0 2.3236233044541614e-39
vn -0.2346557229757309 0.9625909924507141 -0.1354820281267166
vn 4.70387581477612e-24 0.9625895023345947 -0.2709636688232422
vn -1.0414393364877616e-23 1.0 2.3236233044541614e-39
vn 0.1354820281267166 0.9625909924507141 -0.2346557229757309
vn -1.0414393364877616e-23 1.0 2.3236233044541614e-39
vn 0.2346557229757309 0.9625909924507141 -0.1354820281267166
vn -1.0414393364877616e-23 1.0 2.3236233044541614e-39
vn -0.1354820281267166 0.9625909924507141 -0.2346557229757309
vn -0.2346557229757309 0.9625909924507141 -0.1354820281267166
vn -0.8660315871238708 3.7748137060589215e-08 -0.49998927116394043
vn -0.49998927116394043 6.53835598996011e-08 -0.8660315871238708
vn 5.43565932028859e-23 7.549789415861596e-08 -1.0
vn -0.49998927116394043 6.53835598996011e-08 -0.8660315871238708
vn 4.70387581477612e-24 0.9625895023345947 -0.2709636688232422
vn -0.1354820281267166 0.9625909924507141 -0.2346557229757309
vn 0.49998927116394043 6.53835598996011e-08 -0.8660315871238708
vn 0.1354820281267166 0.9625909924507141 -0.2346557229757309
vn 0.8660315871238708 3.7748137060589215e-08 -0.49998927116394043
vn 0.2346557229757309 0.9625909924507141 -0.1354820281267166
vn -0.18331429362297058 0.9303591251373291 -0.317533940076828
vn -1.0414393364877616e-23 1.0 2.3236233044541614e-39
vn -1.0414393364877616e-23 1.0 2.3236233044541614e-39
vn 1.0240380115516724e-23 0.9303612112998962 -0.3666441738605499
vn -0.1354820281267166 -0.9625909924507141 -0.2346557229757309
vn 2.4753447041598478e-23 -0.9625895023345947 -0.2709636688232422
vn 5.43565932028859e-23 7.549789415861596e-08 -1.0
vn -0.49998927116394043 6.53835598996011e-08 -0.8660315871238708
vn 7.640356103058876e-24 0.9467557668685913 -0.3219525218009949
vn 7.640356103058876e-24 0.9467557668685913 -0.3219525218009949
vn -1.0414393364877616e-23 1.0 2.3236233044541614e-39
vn -1.0414393364877616e-23 1.0 2.3236233044541614e-39
vn 0.2709636688232422 -0.9625895023345947 -6.016602079289383e-17
vn 0.2346557229757309 -0.9625909924507141 0.1354820281267166
vn 0.306418240070343 -0.9012301564216614 0.306418240070343
vn 0.30648401379585266 0.9011853337287903 -0.30648401379585266
vn 0.3219525218009949 0.9467557668685913 -7.148782050791944e-17
vn 0.1354820281267166 -0.9625909924507141 0.2346557229757309
vn 1.0414393364877616e-23 -1.0 -2.3236233044541614e-39
vn 5.43565932028859e-23 7.549789415861596e-08 -1.0
vn -0.7071067690849304 5.338507236274381e-08 -0.7071067690849304
vn 5.43565932028859e-23 7.549789415861596e-08 -1.0
vn 7.639635084191504e-24 0.9467601180076599 -0.3219400942325592
vn -1.0414393364877616e-23 1.0 2.3236233044541614e-39
vn 1.0414393364877616e-23 -1.0 -2.3236233044541614e-39
vn -7.637471238728483e-24 -0.9467727541923523 0.3219027519226074
vn -7.637471238728483e-24 -0.9467727541923523 0.3219027519226074
vn 0.49998927116394043 -6.53835598996011e-08 0.8660315871238708
vn 0.18331429362297058 -0.9303591251373291 0.317533940076828
vn 0.18331429362297058 -0.9303591251373291 0.317533940076828
vn 0.49998927116394043 -6.53835598996011e-08 0.8660315871238708
vn 1.0414393364877616e-23 -1.0 -2.3236233044541614e-39
vn 0.18331429362297058 -0.9303591251373291 0.317533940076828
vn -1.0414393364877616e-23 1.0 2.3236233044541614e-39
vn -1.0414393364877616e-23 1.0 2.3236233044541614e-39
vn -0.317533940076828 0.9303591251373291 -0.18331429362297058
vn -1.0414393364877616e-23 1.0 2.3236233044541614e-39
vn 0.18331429362297058 0.9303591251373291 -0.317533940076828
vn 0.317533940076828 0.9303591251373291 -0.18331429362297058
vn 0.1354820281267166 -0.9625909924507141 0.2346557229757309
vn 0.49998927116394043 -6.53835598996011e-08 0.8660315871238708
vn -7.637471238728483e-24 -0.9467727541923523 0.3219027519226074
vn 0.11190140247344971 -0.9873986840248108 0.11190140247344971
vn 0.306418240070343 -0.9012301564216614 0.306418240070343
vn 0.7071067690849304 -5.338507236274381e-08 0.7071067690849304
vn 0.7071067690849304 -5.338507236274381e-08 0.7071067690849304
vn -5.43565932028859e-23 -7.549789415861596e-08 1.0
vn 0.3219027519226074 -0.9467727541923523 -7.147676937493573e-17
vn 1.0414393364877616e-23 -1.0 -2.3236233044541614e-39
vn 1.0 2.220446049250313e-16 -2.220446049250313e-16
vn 1.0 2.220446049250313e-16 -2.220446049250313e-16
vn 0.7071067690849304 -5.338507236274381e-08 0.7071067690849304
vn 0.306418240070343 -0.9012301564216614 0.306418240070343
vn 0.3219027519226074 -0.9467727541923523 -7.147676937493573e-17
vn 1.0 2.220446049250313e-16 -2.220446049250313e-16
vn 0.7071067690849304 -5.338507236274381e-08 0.7071067690849304
vn 1.0 2.220446049250313e-16 -2.220446049250313e-16
vn 0.49998927116394043 -6.53835598996011e-08 0.8660315871238708
vn 0.1354820281267166 -0.9625909924507141 0.2346557229757309
vn 1.0414393364877616e-23 -1.0 -2.3236233044541614e-39
vn 0.3219152092933655 -0.9467685222625732 -7.14795354669041e-17
vn 0.3219027519226074 -0.9467727541923523 -7.147676937493573e-17
vn 0.3219027519226074 -0.9467727541923523 -7.147676937493573e-17
vn 0.11190140247344971 -0.9873986840248108 -0.11190140247344971
vn 0.7071067690849304 5.338507236274381e-08 -0.7071067690849304
vn 2.735759837431244e-23 -0.9467727541923523 -0.3219027519226074
vn 2.735759837431244e-23 -0.9467727541923523 -0.3219027519226074
vn 5.43565932028859e-23 7.549789415861596e-08 -1.0
vn 0.7071067690849304 5.338507236274381e-08 -0.7071067690849304
vn 0.11190140247344971 -0.9873986840248108 -0.11190140247344971
vn -7.637471238728483e-24 -0.9467727541923523 0.3219027519226074
vn 0.11190140247344971 -0.9873986840248108 0.11190140247344971
vn 0.11190140247344971 -0.9873986840248108 0.11190140247344971
vn 0.3219027519226074 -0.9467727541923523 -7.147676937493573e-17
vn -0.3219027519226074 -0.9467727541923523 7.147676937493573e-17
vn -0.3219027519226074 -0.9467727541923523 7.147676937493573e-17
vn -1.0 -2.220446049250313e-16 2.220446049250313e-16
vn -1.0 -2.220446049250313e-16 2.220446049250313e-16
vn -7.637471238728483e-24 -0.9467727541923523 0.3219027519226074
vn -5.43565932028859e-23 -7.549789415861596e-08 1.0
vn 1.0414393364877616e-23 -1.0 -2.3236233044541614e-39
vn 0.3219027519226074 -0.9467727541923523 -7.147676937493573e-17
vn 0.3219027519226074 -0.9467727541923523 -7.147676937493573e-17
vn 1.0414393364877616e-23 -1.0 -2.3236233044541614e-39
vn -0.3219027519226074 -0.9467727541923523 7.147676937493573e-17
vn 1.0414393364877616e-23 -1.0 -2.3236233044541614e-39
vn -0.3219027519226074 -0.9467727541923523 7.147676937493573e-17
vn 1.0 2.220446049250313e-16 -2.220446049250313e-16
vn 1.0 2.220446049250313e-16 -2.220446049250313e-16
vn 0.8660315871238708 3.7748137060589215e-08 -0.49998927116394043
vn 0.8660315871238708 3.7748137060589215e-08 -0.49998927116394043
vn 0.2709636688232422 -0.9625895023345947 -6.016602079289383e-17
vn 0.2346557229757309 -0.9625909924507141 -0.1354820281267166
vn 0.7071067690849304 5.338507236274381e-08 -0.7071067690849304
vn 0.306418240070343 -0.9012300968170166 -0.306418240070343
vn 0.11190140247344971 -0.9873986840248108 -0.11190140247344971
vn -7.637471238728483e-24 -0.9467727541923523 0.3219027519226074
vn -5.43565932028859e-23 -7.549789415861596e-08 1.0
vn 0.8660315871238708 3.7748137060589215e-08 -0.49998927116394043
vn 0.8660315871238708 3.7748137060589215e-08 -0.49998927116394043
vn 0.49998927116394043 6.53835598996011e-08 -0.8660315871238708
vn 0.49998927116394043 6.53835598996011e-08 -0.8660315871238708
vn -7.637471238728483e-24 -0.9467727541923523 0.3219027519226074
vn -5.43565932028859e-23 -7.549789415861596e-08 1.0
vn 0.7071067690849304 5.338507236274381e-08 -0.7071067690849304
vn 0.3219027519226074 -0.9467727541923523 -7.147676937493573e-17
vn 0.306418240070343 -0.9012300968170166 -0.306418240070343
vn 0.2346557229757309 -0.9625909924507141 -0.1354820281267166
vn 0.1354820281267166 -0.9625909924507141 -0.2346557229757309
vn 0.317533940076828 -0.9303590655326843 -0.18331429362297058
vn 0.18331429362297058 -0.9303590655326843 -0.317533940076828
vn 0.3666442334651947 -0.930361270904541 -8.14113739678201e-17
vn 0.3666442334651947 -0.930361270904541 -8.14113739678201e-17
vn 0.317533940076828 -0.9303590655326843 -0.18331429362297058
vn 0.317533940076828 -0.9303590655326843 -0.18331429362297058
vn 0.18331429362297058 -0.9303590655326843 -0.317533940076828
vn -0.2346557229757309 -0.9625909924507141 0.1354820281267166
vn 1.0414394153738522e-23 -1.0 -2.3236233044541614e-39
vn 0.3219152092933655 -0.9467685222625732 -7.14795354669041e-17
vn -0.3219027519226074 -0.9467727541923523 7.147676937493573e-17
vn -1.0 -2.220446049250313e-16 2.220446049250313e-16
vn 1.0414393364877616e-23 -1.0 -2.3236233044541614e-39
vn 1.0414393364877616e-23 -1.0 -2.3236233044541614e-39
vn 1.0414394153738522e-23 -1.0 -2.3236233044541614e-39
vn 1.0414393364877616e-23 -1.0 -2.3236233044541614e-39
vn 1.0414393364877616e-23 -1.0 -2.3236233044541614e-39
vn 0.1354820281267166 -0.9625909924507141 -0.2346557229757309
vn 0.2346557229757309 -0.9625909924507141 -0.1354820281267166
vn -1.0 -2.220446049250313e-16 2.220446049250313e-16
vn -1.0 0.0001795206480892375 2.220446049250313e-16
vn -1.0 0.0001795206480892375 2.220446049250313e-16
vn -1.0 -2.220446049250313e-16 2.220446049250313e-16
vn -0.7071067690849304 -5.338507236274381e-08 0.7071067690849304
vn -0.7071524858474731 -5.338161557233434e-08 0.7070609331130981
vn 0.2709636688232422 -0.9625895023345947 -6.016602079289383e-17
vn 1.0414393364877616e-23 -1.0 -2.3236233044541614e-39
vn 1.0414393364877616e-23 -1.0 -2.3236233044541614e-39
vn 1.0414393364877616e-23 -1.0 -2.3236233044541614e-39
vn 1.0414393364877616e-23 -1.0 -2.3236233044541614e-39
vn 1.0414393364877616e-23 -1.0 -2.3236233044541614e-39
vn 1.0414393364877616e-23 -1.0 -2.3236233044541614e-39
vn 0.3219027519226074 -0.9467727541923523 -7.147676937493573e-17
vn 0.3219152092933655 -0.9467685222625732 -7.14795354669041e-17
vn 0.3219027519226074 -0.9467727541923523 -7.147676937493573e-17
vn 2.735759837431244e-23 -0.9467727541923523 -0.3219027519226074
vn 0.306418240070343 -0.9012300968170166 -0.306418240070343
vn -0.8660315871238708 -3.7748137060589215e-08 0.49998927116394043
vn -0.317533940076828 -0.9303591251373291 0.18331429362297058
vn 1.0414393364877616e-23 -1.0 -2.3236233044541614e-39
vn 1.0414393364877616e-23 -1.0 -2.3236233044541614e-39
vn 1.0414393364877616e-23 -1.0 -2.3236233044541614e-39
vn 0.3219152092933655 -0.9467685222625732 -7.14795354669041e-17
vn 0.3219027519226074 -0.9467727541923523 -7.147676937493573e-17
vn 1.0 2.220446049250313e-16 -2.220446049250313e-16
vn 1.0 8.976032404461876e-05 -2.220446049250313e-16
vn -0.8660315871238708 -3.7748137060589215e-08 0.49998927116394043
vn -0.8660315871238708 -3.7748137060589215e-08 0.49998927116394043
vn -0.2346557229757309 -0.9625909924507141 0.1354820281267166
vn -1.0 0.0001795206480892375 2.220446049250313e-16
vn -1.0 -2.220446049250313e-16 2.220446049250313e-16
vn -0.317533940076828 -0.9303591251373291 0.18331429362297058
vn -0.317533940076828 -0.9303591251373291 0.18331429362297058
vn -0.2346557229757309 -0.9625909924507141 0.1354820281267166
vn -0.8660315871238708 -3.7748137060589215e-08 0.49998927116394043
vn -0.306418240070343 -0.9012301564216614 0.306418240070343
vn -0.7071067690849304 -5.338507236274381e-08 0.7071067690849304
vn -0.306418240070343 -0.9012301564216614 0.306418240070343
vn -0.7071067690849304 -5.338507236274381e-08 0.7071067690849304
vn -0.306418240070343 -0.9012301564216614 0.306418240070343
vn 1.0 2.220446049250313e-16 -2.220446049250313e-16
vn 1.0 2.220446049250313e-16 -2.220446049250313e-16
vn -0.7071067690849304 -5.338507236274381e-08 0.7071067690849304
vn -0.7071524858474731 -5.338161557233434e-08 0.7070609331130981
vn 0.3219027519226074 -0.9467727541923523 -7.147676937493573e-17
vn 0.3219027519226074 -0.9467727541923523 -7.147676937493573e-17
vn 0.8660315871238708 3.7748137060589215e-08 -0.49998927116394043
vn 0.317533940076828 0.9303591251373291 -0.18331429362297058
vn 0.8660315871238708 3.7748137060589215e-08 -0.49998927116394043
vn 0.2346557229757309 0.9625909924507141 -0.1354820281267166
vn 0.8660315871238708 3.7748137060589215e-08 -0.49998927116394043
vn 0.317533940076828 0.9303591251373291 -0.18331429362297058
vn 0.8660315871238708 3.7748137060589215e-08 -0.49998927116394043
vn 0.2346557229757309 0.9625909924507141 -0.1354820281267166
vn -1.0414393364877616e-23 1.0 2.3236233044541614e-39
vn 0.3219525218009949 0.9467557668685913 -7.148782050791944e-17
vn -1.0414393364877616e-23 1.0 2.3236233044541614e-39
vn -0.49998927116394043 6.53835598996011e-08 -0.8660315871238708
vn -0.49998927116394043 6.53835598996011e-08 -0.8660315871238708
vn -0.1354820281267166 -0.9625909924507141 -0.2346557229757309
vn 0.3219027519226074 -0.9467727541923523 -7.147676937493573e-17
vn 0.3219027519226074 -0.9467727541923523 -7.147676937493573e-17
vn -0.3219027519226074 -0.9467727541923523 7.147676937493573e-17
vn -1.0 -2.220446049250313e-16 2.220446049250313e-16
vn -1.0 -2.220446049250313e-16 2.220446049250313e-16
vn -1.0 -2.220446049250313e-16 2.220446049250313e-16
vn -0.32189029455184937 0.9467770457267761 7.147400328296735e-17
vn 0.49998927116394043 6.53835598996011e-08 -0.8660315871238708
vn 0.49998927116394043 6.53835598996011e-08 -0.8660315871238708
vn 0.1354820281267166 -0.9625909924507141 -0.2346557229757309
vn 0.18331429362297058 -0.9303590655326843 -0.317533940076828
vn 0.18331429362297058 -0.9303590655326843 -0.317533940076828
vn 1.0414393364877616e-23 -1.0 -2.3236233044541614e-39
vn 1.0414393364877616e-23 -1.0 -2.3236233044541614e-39
vn 1.0414393364877616e-23 -1.0 -2.3236233044541614e-39
vn -0.8660315871238708 -3.7748137060589215e-08 0.49998927116394043
vn -0.317533940076828 -0.9303591251373291 0.18331429362297058
vn -0.2346557229757309 -0.9625909924507141 0.1354820281267166
vn -0.8660315871238708 -3.7748137060589215e-08 0.49998927116394043
vn 0.1354820281267166 -0.9625909924507141 -0.2346557229757309
vn 0.8660315871238708 3.7748137060589215e-08 -0.49998927116394043
vn 0.8660315871238708 3.7748137060589215e-08 -0.49998927116394043
vn 0.2346557229757309 -0.9625909924507141 -0.1354820281267166
vn 0.8660315871238708 3.7748137060589215e-08 -0.49998927116394043
vn 0.8660315871238708 3.7748137060589215e-08 -0.49998927116394043
vn 0.2346557229757309 -0.9625909924507141 -0.1354820281267166
vn 0.317533940076828 -0.9303590655326843 -0.18331429362297058
vn 0.317533940076828 -0.9303590655326843 -0.18331429362297058
vn 0.317533940076828 -0.9303590655326843 -0.18331429362297058
vn 1.0414393364877616e-23 -1.0 -2.3236233044541614e-39
vn 0.2346557229757309 -0.9625909924507141 -0.1354820281267166
vn -0.18331429362297058 -0.9303590655326843 -0.317533940076828
vn -1.0414393364877616e-23 1.0 2.3236233044541614e-39
vn -0.32186535000801086 0.9467853903770447 7.14684644815857e-17
vn -1.0414393364877616e-23 1.0 2.3236233044541614e-39
vn 0.3219650089740753 0.946751594543457 -7.149059321733271e-17
vn -1.0414393364877616e-23 1.0 2.3236233044541614e-39
vn 0.3219400942325592 -0.9467601180076599 -7.148506103339596e-17
vn 0.3219027519226074 -0.9467727541923523 -7.147676937493573e-17
vn 0.3219027519226074 -0.9467727541923523 -7.147676937493573e-17
vn -7.637471238728483e-24 -0.9467727541923523 0.3219027519226074
vn 2.735759837431244e-23 -0.9467727541923523 -0.3219027519226074
vn 5.43565932028859e-23 7.549789415861596e-08 -1.0
vn 2.735759837431244e-23 -0.9467727541923523 -0.3219027519226074
vn 2.735759837431244e-23 -0.9467727541923523 -0.3219027519226074
vn 5.43565932028859e-23 7.549789415861596e-08 -1.0
vn 5.435846122550946e-23 -0.00017944515275303274 -1.0
vn -0.32186535000801086 -0.9467853903770447 7.14684644815857e-17
vn 0.3218778073787689 -0.9467812180519104 -7.147123057355407e-17
vn 1.0 -8.976032404461876e-05 -2.220446049250313e-16
vn 0.3218778073787689 -0.9467812180519104 -7.147123057355407e-17
vn 0.3219400942325592 -0.9467601180076599 -7.148506103339596e-17
vn 7.639635084191504e-24 0.9467601180076599 -0.3219400942325592
vn -0.3219027519226074 -0.9467727541923523 7.147676937493573e-17
vn -0.3219027519226074 -0.9467727541923523 7.147676937493573e-17
vn 0.1354820281267166 -0.9625909924507141 -0.2346557229757309
vn 1.0414393364877616e-23 -1.0 -2.3236233044541614e-39
vn 1.0414393364877616e-23 -1.0 -2.3236233044541614e-39
vn 0.2346557229757309 -0.9625909924507141 -0.1354820281267166
vn 2.4753447041598478e-23 -0.9625895023345947 -0.2709636688232422
vn 1.0414393364877616e-23 -1.0 -2.3236233044541614e-39
vn -0.1354820281267166 -0.9625909924507141 -0.2346557229757309
vn 1.0414393364877616e-23 -1.0 -2.3236233044541614e-39
vn -0.2346557229757309 -0.9625909924507141 -0.1354820281267166
vn 1.0414393364877616e-23 -1.0 -2.3236233044541614e-39
vn -0.2709636688232422 -0.9625895023345947 6.016602079289383e-17
vn 1.0414393364877616e-23 -1.0 -2.3236233044541614e-39
vn 1.0414393364877616e-23 -1.0 -2.3236233044541614e-39
vn 7.640356103058876e-24 0.9467557668685913 -0.3219525218009949
vn 7.640356103058876e-24 0.9467557668685913 -0.3219525218009949
vn 0.30648401379585266 0.9011853337287903 -0.30648401379585266
vn 0.30648401379585266 0.9011853337287903 -0.30648401379585266
vn 0.3219525218009949 0.9467557668685913 -7.148782050791944e-17
vn 0.3219525218009949 0.9467557668685913 -7.148782050791944e-17
vn 0.3219650089740753 0.946751594543457 -7.149059321733271e-17
vn 0.32198989391326904 0.9467430710792542 -7.149611878382457e-17
vn 0.3220023512840271 0.9467388391494751 -7.149888487579295e-17
vn 0.3065164387226105 0.9011853933334351 0.30645161867141724
vn 0.3065164387226105 0.9011853933334351 0.30645161867141724
vn -2.735759837431244e-23 0.9467727541923523 0.3219027519226074
vn -2.735759837431244e-23 0.9467727541923523 0.3219027519226074
vn -2.735823261848024e-23 0.9467685222625732 0.3219152092933655
vn -2.7359501106815835e-23 0.9467600584030151 0.3219400942325592
vn -2.736012904009639e-23 0.9467557668685913 0.3219525218009949
vn -0.30637115240097046 0.9012345671653748 0.3064521253108978
vn -0.30637115240097046 0.9012345671653748 0.3064521253108978
vn -0.3218529224395752 0.9467896819114685 7.146570500706222e-17
vn -0.3218529224395752 0.9467896819114685 7.146570500706222e-17
vn -0.32186535000801086 0.9467853903770447 7.14684644815857e-17
f 1/1/1 2/2/2 3/3/3
f 1/1/1 3/3/3 4/4/4
f 5/5/5 6/6/6 7/7/7
f 5/5/5 7/7/7 8/8/8
f 9/9/9 10/10/10 11/11/11
f 9/9/9 11/11/11 12/12/12
f 13/13/13 14/14/14 15/15/15
f 13/13/13 15/15/15 16/16/16
f 17/17/17 18/18/18 19/19/19
f 17/17/17 19/19/19 20/20/20
f 21/21/21 22/22/22 23/23/23
f 21/21/21 23/23/23 24/24/24
f 25/25/25 26/26/26 27/27/27
f 25/25/25 27/27/27 28/28/28
f 29/29/29 30/30/30 31/31/31
f 29/29/29 31/31/31 32/32/32
f 33/33/33 34/34/34 35/35/35
f 33/33/33 35/35/35 36/36/36
f 37/37/37 38/38/38 39/39/39
f 37/37/37 39/39/39 40/40/40
f 41/41/41 42/42/42 43/43/43
f 41/41/41 43/43/43 44/44/44
f 45/45/45 46/46/46 47/47/47
f 45/45/45 47/47/47 48/48/48
f 49/49/49 50/50/50 51/51/51
f 49/49/49 51/51/51 52/52/52
f 22/22/22 17/17/17 20/20/20
f 22/22/22 20/20/20 23/23/23
f 26/26/26 53/53/53 54/54/54
f 26/26/26 54/54/54 27/27/27
f 55/55/55 56/56/56 57/57/57
f 55/55/55 57/57/57 58/58/58
f 59/59/59 60/60/60 61/61/61
f 59/59/59 61/61/61 62/62/62
f 63/63/63 64/64/64 10/10/10
f 63/63/63 10/10/10 9/9/9
f 65/65/65 66/66/66 67/67/67
f 65/65/65 67/67/67 68/68/68
f 4/4/4 3/3/3 69/69/69
f 4/4/4 69/69/69 70/70/70
f 71/71/71 72/72/72 73/73/73
f 71/71/71 73/73/73 74/74/74
f 75/75/75 76/76/76 66/66/66
f 75/75/75 66/66/66 65/65/65
f 77/77/77 67/67/67 66/66/66
f 77/77/77 66/66/66 8/8/8
f 78/78/78 79/79/79 80/80/80
f 78/78/78 80/80/80 81/81/81
f 82/82/82 83/83/83 84/84/84
f 82/82/82 84/84/84 85/85/85
f 83/83/83 86/86/86 87/87/87
f 83/83/83 87/87/87 84/84/84
f 88/88/88 78/78/78 81/81/81
f 88/88/88 81/81/81 89/89/89
f 79/79/79 82/82/82 85/85/85
f 79/79/79 85/85/85 80/80/80
f 90/90/90 91/91/91 92/92/92
f 90/90/90 92/92/92 93/93/93
f 94/94/94 90/90/90 93/93/93
f 94/94/94 93/93/93 95/95/95
f 96/96/96 94/94/94 95/95/95
f 96/96/96 95/95/95 97/97/97
f 98/98/98 96/96/96 97/97/97
f 98/98/98 97/97/97 99/99/99
f 100/100/100 98/98/98 99/99/99
f 100/100/100 99/99/99 101/101/101
f 86/86/86 100/100/100 101/101/101
f 86/86/86 101/101/101 87/87/87
f 91/91/91 88/88/88 89/89/89
f 91/91/91 89/89/89 92/92/92
f 35/35/35 102/102/102 103/103/103
f 35/35/35 103/103/103 104/104/104
f 43/43/43 48/48/48 105/105/105
f 43/43/43 105/105/105 106/106/106
f 51/51/51 107/107/107 108/108/108
f 51/51/51 108/108/108 109/109/109
f 110/110/110 111/111/111 112/112/112
f 110/110/110 112/112/112 113/113/113
f 114/114/114 52/52/52 115/115/115
f 114/114/114 115/115/115 116/116/116
f 117/117/117 118/118/118 119/119/119
f 117/117/117 119/119/119 120/120/120
f 16/16/16 15/15/15 121/121/121
f 16/16/16 121/121/121 122/122/122
f 20/20/20 19/19/19 123/123/123
f 20/20/20 123/123/123 124/124/124
f 24/24/24 23/23/23 125/125/125
f 24/24/24 125/125/125 126/126/126
f 28/28/28 27/27/27 127/127/127
f 28/28/28 127/127/127 128/128/128
f 32/32/32 31/31/31 129/129/129
f 32/32/32 129/129/129 130/130/130
f 36/36/36 35/35/35 104/104/104
f 36/36/36 104/104/104 131/131/131
f 132/132/132 133/133/133 118/118/118
f 132/132/132 118/118/118 117/117/117
f 134/134/134 49/49/49 52/52/52
f 134/134/134 52/52/52 114/114/114
f 135/135/135 136/136/136 111/111/111
f 135/135/135 111/111/111 110/110/110
f 50/50/50 137/137/137 107/107/107
f 50/50/50 107/107/107 51/51/51
f 42/42/42 45/45/45 48/48/48
f 42/42/42 48/48/48 43/43/43
f 34/34/34 138/138/138 102/102/102
f 34/34/34 102/102/102 35/35/35
f 38/38/38 29/29/29 32/32/32
f 38/38/38 32/32/32 39/39/39
f 139/139/139 13/13/13 16/16/16
f 139/139/139 16/16/16 140/140/140
f 141/141/141 33/33/33 36/36/36
f 141/141/141 36/36/36 142/142/142
f 14/14/14 143/143/143 144/144/144
f 14/14/14 144/144/144 15/15/15
f 145/145/145 25/25/25 28/28/28
f 145/145/145 28/28/28 146/146/146
f 136/136/136 132/132/132 117/117/117
f 136/136/136 117/117/117 111/111/111
f 147/147/147 148/148/148 18/18/18
f 147/147/147 18/18/18 17/17/17
f 149/149/149 150/150/150 22/22/22
f 149/149/149 22/22/22 21/21/21
f 151/151/151 152/152/152 34/34/34
f 151/151/151 34/34/34 33/33/33
f 153/153/153 154/154/154 42/42/42
f 153/153/153 42/42/42 41/41/41
f 155/155/155 156/156/156 46/46/46
f 155/155/155 46/46/46 45/45/45
f 150/150/150 147/147/147 17/17/17
f 150/150/150 17/17/17 22/22/22
f 157/157/157 158/158/158 133/133/133
f 157/157/157 133/133/133 132/132/132
f 159/159/159 160/160/160 136/136/136
f 159/159/159 136/136/136 135/135/135
f 154/154/154 155/155/155 45/45/45
f 154/154/154 45/45/45 42/42/42
f 152/152/152 161/161/161 138/138/138
f 152/152/152 138/138/138 34/34/34
f 162/162/162 151/151/151 33/33/33
f 162/162/162 33/33/33 141/141/141
f 160/160/160 157/157/157 132/132/132
f 160/160/160 132/132/132 136/136/136
f 163/163/163 164/164/164 165/165/165
f 163/163/163 165/165/165 166/166/166
f 167/167/167 168/168/168 169/169/169
f 167/167/167 169/169/169 170/170/170
f 168/168/168 171/171/171 172/172/172
f 168/168/168 172/172/172 169/169/169
f 173/173/173 163/163/163 166/166/166
f 173/173/173 166/166/166 174/174/174
f 164/164/164 167/167/167 170/170/170
f 164/164/164 170/170/170 165/165/165
f 175/175/175 176/176/176 177/177/177
f 175/175/175 177/177/177 178/178/178
f 179/179/179 175/175/175 178/178/178
f 179/179/179 178/178/178 180/180/180
f 181/181/181 179/179/179 180/180/180
f 181/181/181 180/180/180 182/182/182
f 183/183/183 181/181/181 182/182/182
f 183/183/183 182/182/182 184/184/184
f 185/185/185 183/183/183 184/184/184
f 185/185/185 184/184/184 186/186/186
f 171/171/171 185/185/185 186/186/186
f 171/171/171 186/186/186 172/172/172
f 176/176/176 173/173/173 174/174/174
f 176/176/176 174/174/174 177/177/177
f 39/39/39 32/32/32 130/130/130
f 39/39/39 130/130/130 187/187/187
f 140/140/140 16/16/16 122/122/122
f 140/140/140 122/122/122 188/188/188
f 142/142/142 36/36/36 131/131/131
f 142/142/142 131/131/131 189/189/189
f 15/15/15 144/144/144 190/190/190
f 15/15/15 190/190/190 121/121/121
f 146/146/146 28/28/28 128/128/128
f 146/146/146 128/128/128 191/191/191
f 111/111/111 117/117/117 120/120/120
f 111/111/111 120/120/120 112/112/112
f 27/27/27 54/54/54 192/192/192
f 27/27/27 192/192/192 127/127/127
f 23/23/23 20/20/20 124/124/124
f 23/23/23 124/124/124 125/125/125
f 52/52/52 51/51/51 109/109/109
f 52/52/52 109/109/109 115/115/115
f 48/48/48 47/47/47 193/193/193
f 48/48/48 193/193/193 105/105/105
f 44/44/44 43/43/43 106/106/106
f 44/44/44 106/106/106 194/194/194
f 40/40/40 39/39/39 187/187/187
f 40/40/40 187/187/187 195/195/195
f 196/196/196 197/197/197 164/164/164
f 196/196/196 164/164/164 163/163/163
f 198/198/198 199/199/199 168/168/168
f 198/198/198 168/168/168 167/167/167
f 199/199/199 200/200/200 171/171/171
f 199/199/199 171/171/171 168/168/168
f 201/201/201 196/196/196 163/163/163
f 201/201/201 163/163/163 173/173/173
f 197/197/197 198/198/198 167/167/167
f 197/197/197 167/167/167 164/164/164
f 202/202/202 203/203/203 176/176/176
f 202/202/202 176/176/176 175/175/175
f 204/204/204 202/202/202 175/175/175
f 204/204/204 175/175/175 179/179/179
f 205/205/205 204/204/204 179/179/179
f 205/205/205 179/179/179 181/181/181
f 206/206/206 205/205/205 181/181/181
f 206/206/206 181/181/181 183/183/183
f 207/207/207 206/206/206 183/183/183
f 207/207/207 183/183/183 185/185/185
f 200/200/200 207/207/207 185/185/185
f 200/200/200 185/185/185 171/171/171
f 203/203/203 201/201/201 173/173/173
f 203/203/203 173/173/173 176/176/176
f 208/208/208 209/209/209 197/197/197
f 208/208/208 197/197/197 196/196/196
f 210/210/210 211/211/211 199/199/199
f 210/210/210 199/199/199 198/198/198
f 211/211/211 212/212/212 200/200/200
f 211/211/211 200/200/200 199/199/199
f 213/213/213 208/208/208 196/196/196
f 213/213/213 196/196/196 201/201/201
f 209/209/209 210/210/210 198/198/198
f 209/209/209 198/198/198 197/197/197
f 214/214/214 215/215/215 203/203/203
f 214/214/214 203/203/203 202/202/202
f 216/216/216 214/214/214 202/202/202
f 216/216/216 202/202/202 204/204/204
f 217/217/217 216/216/216 204/204/204
f 217/217/217 204/204/204 205/205/205
f 218/218/218 217/217/217 205/205/205
f 218/218/218 205/205/205 206/206/206
f 219/219/219 218/218/218 206/206/206
f 219/219/219 206/206/206 207/207/207
f 212/212/212 219/219/219 207/207/207
f 212/212/212 207/207/207 200/200/200
f 215/215/215 213/213/213 201/201/201
f 215/215/215 201/201/201 203/203/203
f 220/220/220 221/221/221 222/222/222
f 220/220/220 222/222/222 223/223/223
f 223/223/223 222/222/222 224/224/224
f 223/223/223 224/224/224 225/225/225
f 226/226/226 227/227/227 228/228/228
f 226/226/226 228/228/228 229/229/229
f 229/229/229 228/228/228 230/230/230
f 229/229/229 230/230/230 231/231/231
f 231/231/231 230/230/230 232/232/232
f 231/231/231 232/232/232 233/233/233
f 234/234/234 235/235/235 236/236/236
f 234/234/234 236/236/236 237/237/237
f 238/238/238 239/239/239 240/240/240
f 238/238/238 240/240/240 241/241/241
f 242/242/242 238/238/238 241/241/241
f 242/242/242 241/241/241 243/243/243
f 244/244/244 242/242/242 243/243/243
f 244/244/244 243/243/243 245/245/245
f 246/246/246 244/244/244 245/245/245
f 246/246/246 245/245/245 247/247/247
f 248/248/248 246/246/246 247/247/247
f 248/248/248 247/247/247 249/249/249
f 250/250/250 248/248/248 249/249/249
f 250/250/250 249/249/249 251/251/251
f 252/252/252 253/253/253 254/254/254
f 252/252/252 254/254/254 255/255/255
f 256/256/256 229/229/229 231/231/231
f 256/256/256 231/231/231 253/253/253
f 257/257/257 256/256/256 253/253/253
f 257/257/257 253/253/253 252/252/252
f 258/258/258 226/226/226 229/229/229
f 258/258/258 229/229/229 256/256/256
f 259/259/259 258/258/258 256/256/256
f 259/259/259 256/256/256 257/257/257
f 260/260/260 223/223/223 225/225/225
f 260/260/260 225/225/225 261/261/261
f 262/262/262 260/260/260 261/261/261
f 262/262/262 261/261/261 263/263/263
f 264/264/264 220/220/220 223/223/223
f 264/264/264 223/223/223 260/260/260
f 265/265/265 264/264/264 260/260/260
f 265/265/265 260/260/260 262/262/262
f 266/266/266 267/267/267 268/268/268
f 266/266/266 268/268/268 269/269/269
f 267/267/267 270/270/270 271/271/271
f 267/267/267 271/271/271 268/268/268
f 270/270/270 272/272/272 273/273/273
f 270/270/270 273/273/273 271/271/271
f 272/272/272 274/274/274 275/275/275
f 272/272/272 275/275/275 273/273/273
f 274/274/274 276/276/276 277/277/277
f 274/274/274 277/277/277 275/275/275
f 276/276/276 278/278/278 279/279/279
f 276/276/276 279/279/279 277/277/277
f 253/253/253 231/231/231 233/233/233
f 253/253/253 233/233/233 254/254/254
f 280/280/280 281/281/281 282/282/282
f 280/280/280 282/282/282 283/283/283
f 281/281/281 234/234/234 237/237/237
f 281/281/281 237/237/237 282/282/282
f 66/66/66 76/76/76 8/8/8
f 284/284/284 285/285/285 286/286/286
f 284/284/284 286/286/286 287/287/287
f 288/288/288 289/289/289 290/290/290
f 288/288/288 290/290/290 291/291/291
f 292/292/292 293/293/293 294/294/294
f 292/292/292 294/294/294 295/295/295
f 296/296/296 297/297/297 298/298/298
f 296/296/296 298/298/298 299/299/299
f 299/299/299 298/298/298 300/300/300
f 299/299/299 300/300/300 301/301/301
f 302/302/302 284/284/284 287/287/287
f 302/302/302 287/287/287 303/303/303
f 304/304/304 305/305/305 306/306/306
f 304/304/304 306/306/306 307/307/307
f 308/308/308 309/309/309 284/284/284
f 308/308/308 284/284/284 302/302/302
f 245/245/245 243/243/243 284/284/284
f 245/245/245 284/284/284 309/309/309
f 305/305/305 288/288/288 291/291/291
f 305/305/305 291/291/291 306/306/306
f 310/310/310 311/311/311 312/312/312
f 310/310/310 312/312/312 313/313/313
f 311/311/311 292/292/292 295/295/295
f 311/311/311 295/295/295 312/312/312
f 241/241/241 240/240/240 285/285/285
f 241/241/241 285/285/285 284/284/284
f 241/241/241 284/284/284 243/243/243
f 314/314/314 315/315/315 76/76/76
f 314/314/314 76/76/76 75/75/75
f 316/316/316 317/317/317 318/318/318
f 316/316/316 318/318/318 319/319/319
f 320/320/320 321/321/321 317/317/317
f 320/320/320 317/317/317 316/316/316
f 322/322/322 323/323/323 324/324/324
f 322/322/322 324/324/324 325/325/325
f 326/326/326 327/327/327 328/328/328
f 326/326/326 328/328/328 329/329/329
f 329/329/329 328/328/328 330/330/330
f 329/329/329 330/330/330 331/331/331
f 332/332/332 333/333/333 334/334/334
f 332/332/332 334/334/334 335/335/335
f 335/335/335 334/334/334 336/336/336
f 335/335/335 336/336/336 337/337/337
f 337/337/337 336/336/336 338/338/338
f 337/337/337 338/338/338 339/339/339
f 340/340/340 341/341/341 342/342/342
f 340/340/340 342/342/342 343/343/343
f 344/344/344 345/345/345 346/346/346
f 344/344/344 346/346/346 347/347/347
f 348/348/348 344/344/344 347/347/347
f 348/348/348 347/347/347 349/349/349
f 350/350/350 348/348/348 349/349/349
f 350/350/350 349/349/349 351/351/351
f 352/352/352 350/350/350 351/351/351
f 352/352/352 351/351/351 353/353/353
f 354/354/354 352/352/352 353/353/353
f 354/354/354 353/353/353 355/355/355
f 356/356/356 354/354/354 355/355/355
f 356/356/356 355/355/355 357/357/357
f 358/358/358 359/359/359 360/360/360
f 358/358/358 360/360/360 361/361/361
f 362/362/362 335/335/335 337/337/337
f 362/362/362 337/337/337 359/359/359
f 363/363/363 362/362/362 359/359/359
f 363/363/363 359/359/359 358/358/358
f 364/364/364 332/332/332 335/335/335
f 364/364/364 335/335/335 362/362/362
f 365/365/365 364/364/364 362/362/362
f 365/365/365 362/362/362 363/363/363
f 366/366/366 329/329/329 331/331/331
f 366/366/366 331/331/331 367/367/367
f 368/368/368 366/366/366 367/367/367
f 368/368/368 367/367/367 369/369/369
f 370/370/370 326/326/326 329/329/329
f 370/370/370 329/329/329 366/366/366
f 371/371/371 370/370/370 366/366/366
f 371/371/371 366/366/366 368/368/368
f 372/372/372 373/373/373 374/374/374
f 372/372/372 374/374/374 375/375/375
f 359/359/359 337/337/337 339/339/339
f 359/359/359 339/339/339 360/360/360
f 376/376/376 377/377/377 378/378/378
f 376/376/376 378/378/378 379/379/379
f 377/377/377 340/340/340 343/343/343
f 377/377/377 343/343/343 378/378/378
f 319/319/319 318/318/318 380/380/380
f 319/319/319 380/380/380 381/381/381
f 76/76/76 315/315/315 382/382/382
f 76/76/76 382/382/382 8/8/8
f 291/291/291 290/290/290 383/383/383
f 291/291/291 383/383/383 384/384/384
f 385/385/385 386/386/386 387/387/387
f 385/385/385 387/387/387 388/388/388
f 301/301/301 300/300/300 389/389/389
f 301/301/301 389/389/389 390/390/390
f 391/391/391 392/392/392 393/393/393
f 391/391/391 393/393/393 386/386/386
f 307/307/307 306/306/306 394/394/394
f 307/307/307 394/394/394 395/395/395
f 396/396/396 391/391/391 386/386/386
f 396/396/396 386/386/386 385/385/385
f 397/397/397 398/398/398 399/399/399
f 397/397/397 399/399/399 400/400/400
f 306/306/306 291/291/291 384/384/384
f 306/306/306 384/384/384 394/394/394
f 401/401/401 402/402/402 403/403/403
f 401/401/401 403/403/403 404/404/404
f 405/405/405 406/406/406 407/407/407
f 405/405/405 407/407/407 408/408/408
f 355/355/355 386/386/386 393/393/393
f 355/355/355 393/393/393 357/357/357
f 351/351/351 387/387/387 386/386/386
f 351/351/351 386/386/386 353/353/353
f 353/353/353 386/386/386 355/355/355
f 409/409/409 410/410/410 411/411/411
f 409/409/409 411/411/411 412/412/412
f 413/413/413 414/414/414 415/415/415
f 413/413/413 415/415/415 416/416/416
f 417/417/417 418/418/418 419/419/419
f 417/417/417 419/419/419 420/420/420
f 421/421/421 422/422/422 423/423/423
f 421/421/421 423/423/423 424/424/424
f 424/424/424 423/423/423 72/72/72
f 424/424/424 72/72/72 71/71/71
f 425/425/425 426/426/426 309/309/309
f 425/425/425 309/309/309 308/308/308
f 427/427/427 428/428/428 429/429/429
f 427/427/427 429/429/429 430/430/430
f 249/249/249 426/426/426 431/431/431
f 249/249/249 431/431/431 251/251/251
f 245/245/245 309/309/309 426/426/426
f 245/245/245 426/426/426 247/247/247
f 247/247/247 426/426/426 249/249/249
f 406/406/406 417/417/417 420/420/420
f 406/406/406 420/420/420 407/407/407
f 420/420/420 61/61/61 57/57/57
f 420/420/420 57/57/57 407/407/407
f 388/388/388 387/387/387 426/426/426
f 388/388/388 426/426/426 425/425/425
f 351/351/351 349/349/349 426/426/426
f 351/351/351 426/426/426 387/387/387
f 432/432/432 433/433/433 434/434/434
f 432/432/432 434/434/434 435/435/435
f 347/347/347 346/346/346 431/431/431
f 347/347/347 431/431/431 426/426/426
f 347/347/347 426/426/426 349/349/349
f 436/436/436 437/437/437 433/433/433
f 436/436/436 433/433/433 432/432/432
f 268/268/268 438/438/438 439/439/439
f 268/268/268 439/439/439 269/269/269
f 271/271/271 440/440/440 438/438/438
f 271/271/271 438/438/438 268/268/268
f 273/273/273 441/441/441 440/440/440
f 273/273/273 440/440/440 271/271/271
f 275/275/275 442/442/442 441/441/441
f 275/275/275 441/441/441 273/273/273
f 277/277/277 443/443/443 442/442/442
f 277/277/277 442/442/442 275/275/275
f 279/279/279 444/444/444 443/443/443
f 279/279/279 443/443/443 277/277/277
f 445/445/445 446/446/446 447/447/447
f 445/445/445 447/447/447 448/448/448
f 449/449/449 450/450/450 451/451/451
f 449/449/449 451/451/451 452/452/452
f 453/453/453 454/454/454 450/450/450
f 453/453/453 450/450/450 449/449/449
f 455/455/455 456/456/456 445/445/445
f 455/455/455 445/445/445 448/448/448
f 456/456/456 372/372/372 375/375/375
f 456/456/456 375/375/375 445/445/445
f 373/373/373 457/457/457 452/452/452
f 373/373/373 452/452/452 374/374/374
f 457/457/457 458/458/458 449/449/449
f 457/457/457 449/449/449 452/452/452
f 458/458/458 459/459/459 453/453/453
f 458/458/458 453/453/453 449/449/449
f 375/375/375 460/460/460 446/446/446
f 375/375/375 446/446/446 445/445/445
f 374/374/374 461/461/461 460/460/460
f 374/374/374 460/460/460 375/375/375
f 452/452/452 451/451/451 461/461/461
f 452/452/452 461/461/461 374/374/374
f 462/462/462 322/322/322 325/325/325
f 462/462/462 325/325/325 463/463/463
f 56/56/56 408/408/408 407/407/407
f 56/56/56 407/407/407 57/57/57
f 464/464/464 465/465/465 466/466/466
f 466/466/466 430/430/430 467/467/467
f 466/466/466 467/467/467 464/464/464
f 435/435/435 434/434/434 468/468/468
f 435/435/435 468/468/468 469/469/469
f 467/467/467 430/430/430 429/429/429
f 467/467/467 429/429/429 470/470/470
f 8/8/8 382/382/382 471/471/471
f 8/8/8 471/471/471 5/5/5
f 400/400/400 399/399/399 472/472/472
f 402/402/402 473/473/473 474/474/474
f 402/402/402 474/474/474 403/403/403
f 475/475/475 476/476/476 477/477/477
f 475/475/475 477/477/477 478/478/478
f 479/479/479 480/480/480 481/481/481
f 479/479/479 481/481/481 482/482/482
f 483/483/483 484/484/484 475/475/475
f 483/483/483 475/475/475 478/478/478
f 485/485/485 486/486/486 476/476/476
f 485/485/485 476/476/476 475/475/475
f 487/487/487 472/472/472 488/488/488
f 489/489/489 477/477/477 476/476/476
f 489/489/489 476/476/476 490/490/490
f 490/490/490 476/476/476 486/486/486
f 490/490/490 486/486/486 491/491/491
f 492/492/492 493/493/493 406/406/406
f 492/492/492 406/406/406 405/405/405
f 491/491/491 486/486/486 494/494/494
f 491/491/491 494/494/494 495/495/495
f 496/496/496 497/497/497 498/498/498
f 496/496/496 498/498/498 499/499/499
f 500/500/500 501/501/501 502/502/502
f 500/500/500 502/502/502 503/503/503
f 504/504/504 505/505/505 506/506/506
f 504/504/504 506/506/506 507/507/507
f 508/508/508 509/509/509 510/510/510
f 508/508/508 510/510/510 511/511/511
f 512/512/512 508/508/508 511/511/511
f 512/512/512 511/511/511 513/513/513
f 493/493/493 514/514/514 417/417/417
f 493/493/493 417/417/417 406/406/406
f 514/514/514 515/515/515 418/418/418
f 514/514/514 418/418/418 417/417/417
f 516/516/516 517/517/517 428/428/428
f 516/516/516 428/428/428 427/427/427
f 518/518/518 519/519/519 520/520/520
f 518/518/518 520/520/520 521/521/521
f 505/505/505 522/522/522 479/479/479
f 479/479/479 482/482/482 500/500/500
f 479/479/479 500/500/500 505/505/505
f 485/485/485 523/523/523 494/494/494
f 485/485/485 494/494/494 486/486/486
f 485/485/485 524/524/524 525/525/525
f 485/485/485 525/525/525 523/523/523
f 503/503/503 502/502/502 517/517/517
f 503/503/503 517/517/517 516/516/516
f 526/526/526 518/518/518 521/521/521
f 526/526/526 521/521/521 527/527/527
f 528/528/528 488/488/488 529/529/529
f 528/528/528 529/529/529 530/530/530
f 531/531/531 487/487/487 488/488/488
f 531/531/531 488/488/488 528/528/528
f 509/509/509 532/532/532 533/533/533
f 509/509/509 533/533/533 510/510/510
f 220/220/220 534/534/534 535/535/535
f 220/220/220 535/535/535 221/221/221
f 536/536/536 537/537/537 538/538/538
f 536/536/536 538/538/538 539/539/539
f 537/537/537 540/540/540 541/541/541
f 537/537/537 541/541/541 538/538/538
f 540/540/540 542/542/542 543/543/543
f 540/540/540 543/543/543 541/541/541
f 544/544/544 545/545/545 546/546/546
f 544/544/544 546/546/546 547/547/547
f 545/545/545 237/237/237 236/236/236
f 545/545/545 236/236/236 546/546/546
f 548/548/548 549/549/549 240/240/240
f 548/548/548 240/240/240 239/239/239
f 550/550/550 551/551/551 549/549/549
f 550/550/550 549/549/549 548/548/548
f 552/552/552 553/553/553 551/551/551
f 552/552/552 551/551/551 550/550/550
f 554/554/554 555/555/555 553/553/553
f 554/554/554 553/553/553 552/552/552
f 556/556/556 557/557/557 555/555/555
f 556/556/556 555/555/555 554/554/554
f 250/250/250 251/251/251 557/557/557
f 250/250/250 557/557/557 556/556/556
f 558/558/558 559/559/559 560/560/560
f 558/558/558 560/560/560 561/561/561
f 562/562/562 563/563/563 542/542/542
f 562/562/562 542/542/542 540/540/540
f 564/564/564 565/565/565 563/563/563
f 564/564/564 563/563/563 562/562/562
f 566/566/566 562/562/562 540/540/540
f 566/566/566 540/540/540 537/537/537
f 567/567/567 564/564/564 562/562/562
f 567/567/567 562/562/562 566/566/566
f 568/568/568 566/566/566 537/537/537
f 568/568/568 537/537/537 536/536/536
f 569/569/569 567/567/567 566/566/566
f 569/569/569 566/566/566 568/568/568
f 264/264/264 570/570/570 534/534/534
f 264/264/264 534/534/534 220/220/220
f 265/265/265 571/571/571 570/570/570
f 265/265/265 570/570/570 264/264/264
f 266/266/266 269/269/269 572/572/572
f 266/266/266 572/572/572 573/573/573
f 573/573/573 572/572/572 574/574/574
f 573/573/573 574/574/574 575/575/575
f 575/575/575 574/574/574 576/576/576
f 575/575/575 576/576/576 577/577/577
f 577/577/577 576/576/576 578/578/578
f 577/577/577 578/578/578 579/579/579
f 579/579/579 578/578/578 580/580/580
f 579/579/579 580/580/580 581/581/581
f 581/581/581 580/580/580 279/279/279
f 581/581/581 279/279/279 278/278/278
f 561/561/561 560/560/560 545/545/545
f 561/561/561 545/545/545 544/544/544
f 559/559/559 283/283/283 282/282/282
f 559/559/559 282/282/282 560/560/560
f 560/560/560 282/282/282 237/237/237
f 560/560/560 237/237/237 545/545/545
f 326/326/326 582/582/582 583/583/583
f 326/326/326 583/583/583 327/327/327
f 584/584/584 585/585/585 586/586/586
f 584/584/584 586/586/586 587/587/587
f 585/585/585 588/588/588 589/589/589
f 585/585/585 589/589/589 586/586/586
f 588/588/588 590/590/590 591/591/591
f 588/588/588 591/591/591 589/589/589
f 592/592/592 593/593/593 594/594/594
f 592/592/592 594/594/594 595/595/595
f 593/593/593 343/343/343 342/342/342
f 593/593/593 342/342/342 594/594/594
f 596/596/596 597/597/597 346/346/346
f 596/596/596 346/346/346 345/345/345
f 598/598/598 599/599/599 597/597/597
f 598/598/598 597/597/597 596/596/596
f 600/600/600 601/601/601 599/599/599
f 600/600/600 599/599/599 598/598/598
f 602/602/602 603/603/603 601/601/601
f 602/602/602 601/601/601 600/600/600
f 604/604/604 605/605/605 603/603/603
f 604/604/604 603/603/603 602/602/602
f 356/356/356 357/357/357 605/605/605
f 356/356/356 605/605/605 604/604/604
f 606/606/606 607/607/607 608/608/608
f 606/606/606 608/608/608 609/609/609
f 610/610/610 611/611/611 590/590/590
f 610/610/610 590/590/590 588/588/588
f 612/612/612 613/613/613 611/611/611
f 612/612/612 611/611/611 610/610/610
f 614/614/614 610/610/610 588/588/588
f 614/614/614 588/588/588 585/585/585
f 615/615/615 612/612/612 610/610/610
f 615/615/615 610/610/610 614/614/614
f 616/616/616 614/614/614 585/585/585
f 616/616/616 585/585/585 584/584/584
f 617/617/617 615/615/615 614/614/614
f 617/617/617 614/614/614 616/616/616
f 370/370/370 618/618/618 582/582/582
f 370/370/370 582/582/582 326/326/326
f 371/371/371 619/619/619 618/618/618
f 371/371/371 618/618/618 370/370/370
f 620/620/620 621/621/621 622/622/622
f 620/620/620 622/622/622 623/623/623
f 609/609/609 608/608/608 593/593/593
f 609/609/609 593/593/593 592/592/592
f 607/607/607 379/379/379 378/378/378
f 607/607/607 378/378/378 608/608/608
f 608/608/608 378/378/378 343/343/343
f 608/608/608 343/343/343 593/593/593
f 605/605/605 357/357/357 393/393/393
f 605/605/605 393/393/393 624/624/624
f 603/603/603 605/605/605 624/624/624
f 519/519/519 625/625/625 626/626/626
f 519/519/519 626/626/626 520/520/520
f 482/482/482 481/481/481 501/501/501
f 482/482/482 501/501/501 500/500/500
f 557/557/557 251/251/251 431/431/431
f 557/557/557 431/431/431 627/627/627
f 555/555/555 557/557/557 627/627/627
f 597/597/597 627/627/627 431/431/431
f 597/597/597 431/431/431 346/346/346
f 597/597/597 599/599/599 627/627/627
f 572/572/572 269/269/269 439/439/439
f 572/572/572 439/439/439 628/628/628
f 574/574/574 572/572/572 628/628/628
f 574/574/574 628/628/628 629/629/629
f 576/576/576 574/574/574 629/629/629
f 576/576/576 629/629/629 630/630/630
f 578/578/578 576/576/576 630/630/630
f 578/578/578 630/630/630 631/631/631
f 580/580/580 578/578/578 631/631/631
f 580/580/580 631/631/631 632/632/632
f 279/279/279 580/580/580 632/632/632
f 279/279/279 632/632/632 444/444/444
f 633/633/633 448/448/448 447/447/447
f 633/633/633 447/447/447 634/634/634
f 635/635/635 636/636/636 637/637/637
f 635/635/635 637/637/637 638/638/638
f 453/453/453 635/635/635 638/638/638
f 453/453/453 638/638/638 454/454/454
f 455/455/455 448/448/448 633/633/633
f 455/455/455 633/633/633 639/639/639
f 639/639/639 633/633/633 621/621/621
f 639/639/639 621/621/621 620/620/620
f 623/623/623 622/622/622 636/636/636
f 623/623/623 636/636/636 640/640/640
f 640/640/640 636/636/636 635/635/635
f 640/640/640 635/635/635 641/641/641
f 641/641/641 635/635/635 453/453/453
f 641/641/641 453/453/453 459/459/459
f 621/621/621 633/633/633 634/634/634
f 621/621/621 634/634/634 642/642/642
f 622/622/622 621/621/621 642/642/642
f 622/622/622 642/642/642 643/643/643
f 636/636/636 622/622/622 643/643/643
f 636/636/636 643/643/643 637/637/637
f 644/644/644 645/645/645 646/646/646
f 647/647/647 648/648/648 644/644/644
f 647/647/647 644/644/644 646/646/646
f 649/649/649 645/645/645 644/644/644
f 649/649/649 644/644/644 650/650/650
f 651/651/651 652/652/652 653/653/653
f 651/651/651 653/653/653 654/654/654
f 651/651/651 655/655/655 656/656/656
f 651/651/651 656/656/656 652/652/652
f 650/650/650 644/644/644 648/648/648
f 650/650/650 648/648/648 657/657/657
f 317/317/317 424/424/424 71/71/71
f 317/317/317 71/71/71 318/318/318
f 658/658/658 646/646/646 659/659/659
f 658/658/658 659/659/659 660/660/660
f 68/68/68 67/67/67 645/645/645
f 68/68/68 645/645/645 649/649/649
f 661/661/661 394/394/394 384/384/384
f 661/661/661 384/384/384 662/662/662
f 663/663/663 395/395/395 394/394/394
f 663/663/663 394/394/394 661/661/661
f 654/654/654 653/653/653 664/664/664
f 654/654/654 664/664/664 665/665/665
f 398/398/398 390/390/390 389/389/389
f 398/398/398 389/389/389 399/399/399
f 506/506/506 505/505/505 500/500/500
f 503/503/503 516/516/516 506/506/506
f 500/500/500 503/503/503 506/506/506
f 662/662/662 384/384/384 383/383/383
f 662/662/662 383/383/383 666/666/666
f 667/667/667 413/413/413 416/416/416
f 667/667/667 416/416/416 668/668/668
f 497/497/497 669/669/669 670/670/670
f 497/497/497 670/670/670 498/498/498
f 507/507/507 506/506/506 671/671/671
f 507/507/507 671/671/671 672/672/672
f 645/645/645 67/67/67 77/77/77
f 645/645/645 77/77/77 646/646/646
f 673/673/673 409/409/409 412/412/412
f 673/673/673 412/412/412 674/674/674
f 484/484/484 524/524/524 485/485/485
f 484/484/484 485/485/485 475/475/475
f 647/647/647 646/646/646 658/658/658
f 647/647/647 658/658/658 675/675/675
f 520/520/520 626/626/626 293/293/293
f 520/520/520 293/293/293 292/292/292
f 530/530/530 529/529/529 297/297/297
f 530/530/530 297/297/297 296/296/296
f 527/527/527 521/521/521 311/311/311
f 527/527/527 311/311/311 310/310/310
f 676/676/676 647/647/647 675/675/675
f 676/676/676 675/675/675 677/677/677
f 521/521/521 520/520/520 292/292/292
f 521/521/521 292/292/292 311/311/311
f 314/314/314 678/678/678 679/679/679
f 314/314/314 679/679/679 315/315/315
f 529/529/529 472/472/472 297/297/297
f 473/473/473 657/657/657 648/648/648
f 473/473/473 648/648/648 474/474/474
f 647/647/647 676/676/676 474/474/474
f 647/647/647 474/474/474 648/648/648
f 509/509/509 435/435/435 469/469/469
f 509/509/509 469/469/469 532/532/532
f 531/531/531 462/462/462 463/463/463
f 531/531/531 463/463/463 487/487/487
f 512/512/512 436/436/436 432/432/432
f 512/512/512 432/432/432 508/508/508
f 508/508/508 432/432/432 435/435/435
f 508/508/508 435/435/435 509/509/509
f 487/487/487 463/463/463 472/472/472
f 463/463/463 325/325/325 472/472/472
f 474/474/474 676/676/676 403/403/403
f 325/325/325 324/324/324 472/472/472
f 324/324/324 400/400/400 472/472/472
f 399/399/399 389/389/389 472/472/472
f 321/321/321 421/421/421 424/424/424
f 321/321/321 424/424/424 317/317/317
f 646/646/646 77/77/77 680/680/680
f 646/646/646 680/680/680 659/659/659
f 300/300/300 472/472/472 389/389/389
f 298/298/298 472/472/472 300/300/300
f 297/297/297 472/472/472 298/298/298
f 403/403/403 676/676/676 681/681/681
f 403/403/403 681/681/681 404/404/404
f 323/323/323 397/397/397 400/400/400
f 323/323/323 400/400/400 324/324/324
f 318/318/318 71/71/71 74/74/74
f 318/318/318 74/74/74 380/380/380
f 682/682/682 401/401/401 404/404/404
f 682/682/682 404/404/404 683/683/683
f 684/684/684 685/685/685 686/686/686
f 684/684/684 686/686/686 687/687/687
f 688/688/688 689/689/689 690/690/690
f 688/688/688 690/690/690 691/691/691
f 692/692/692 693/693/693 694/694/694
f 692/692/692 694/694/694 695/695/695
f 696/696/696 697/697/697 698/698/698
f 696/696/696 698/698/698 686/686/686
f 699/699/699 700/700/700 701/701/701
f 701/701/701 700/700/700 702/702/702
f 702/702/702 700/700/700 703/703/703
f 704/704/704 705/705/705 706/706/706
f 704/704/704 706/706/706 707/707/707
f 708/708/708 709/709/709 710/710/710
f 708/708/708 710/710/710 711/711/711
f 712/712/712 703/703/703 700/700/700
f 695/695/695 694/694/694 700/700/700
f 713/713/713 695/695/695 700/700/700
f 714/714/714 697/697/697 696/696/696
f 715/715/715 713/713/713 700/700/700
f 716/716/716 715/715/715 700/700/700
f 717/717/717 718/718/718 719/719/719
f 717/717/717 719/719/719 720/720/720
f 721/721/721 722/722/722 718/718/718
f 721/721/721 718/718/718 717/717/717
f 723/723/723 697/697/697 724/724/724
f 723/723/723 724/724/724 725/725/725
f 726/726/726 727/727/727 715/715/715
f 726/726/726 715/715/715 716/716/716
f 720/720/720 719/719/719 728/728/728
f 720/720/720 728/728/728 729/729/729
f 730/730/730 697/697/697 714/714/714
f 730/730/730 714/714/714 731/731/731
f 732/732/732 733/733/733 731/731/731
f 732/732/732 731/731/731 714/714/714
f 734/734/734 700/700/700 699/699/699
f 735/735/735 736/736/736 737/737/737
f 735/735/735 737/737/737 738/738/738
f 739/739/739 740/740/740 741/741/741
f 739/739/739 741/741/741 742/742/742
f 697/697/697 730/730/730 743/743/743
f 697/697/697 743/743/743 724/724/724
f 744/744/744 739/739/739 742/742/742
f 744/744/744 742/742/742 745/745/745
f 746/746/746 734/734/734 699/699/699
f 746/746/746 699/699/699 747/747/747
f 740/740/740 748/748/748 749/749/749
f 740/740/740 749/749/749 741/741/741
f 730/730/730 704/704/704 750/750/750
f 730/730/730 750/750/750 743/743/743
f 751/751/751 752/752/752 753/753/753
f 751/751/751 753/753/753 754/754/754
f 755/755/755 756/756/756 757/757/757
f 755/755/755 757/757/757 758/758/758
f 759/759/759 760/760/760 705/705/705
f 759/759/759 705/705/705 704/704/704
f 761/761/761 762/762/762 763/763/763
f 761/761/761 763/763/763 764/764/764
f 765/765/765 766/766/766 767/767/767
f 765/765/765 767/767/767 768/768/768
f 769/769/769 770/770/770 771/771/771
f 769/769/769 771/771/771 772/772/772
f 773/773/773 774/774/774 775/775/775
f 773/773/773 775/775/775 776/776/776
f 762/762/762 777/777/777 778/778/778
f 779/779/779 780/780/780 762/762/762
f 778/778/778 779/779/779 762/762/762
f 781/781/781 782/782/782 703/703/703
f 781/781/781 703/703/703 712/712/712
f 783/783/783 784/784/784 785/785/785
f 783/783/783 785/785/785 786/786/786
f 787/787/787 788/788/788 789/789/789
f 787/787/787 789/789/789 790/790/790
f 790/790/790 789/789/789 774/774/774
f 790/790/790 774/774/774 773/773/773
f 791/791/791 760/760/760 759/759/759
f 791/791/791 759/759/759 792/792/792
f 750/750/750 704/704/704 707/707/707
f 750/750/750 707/707/707 793/793/793
f 711/711/711 710/710/710 689/689/689
f 711/711/711 689/689/689 688/688/688
f 697/697/697 723/723/723 794/794/794
f 697/697/697 794/794/794 698/698/698
f 795/795/795 796/796/796 731/731/731
f 795/795/795 731/731/731 733/733/733
f 797/797/797 798/798/798 799/799/799
f 797/797/797 799/799/799 800/800/800
f 797/797/797 800/800/800 784/784/784
f 797/797/797 784/784/784 783/783/783
f 792/792/792 759/759/759 796/796/796
f 792/792/792 796/796/796 795/795/795
f 730/730/730 731/731/731 796/796/796
f 730/730/730 796/796/796 704/704/704
f 796/796/796 759/759/759 704/704/704
f 801/801/801 777/777/777 802/802/802
f 801/801/801 802/802/802 803/803/803
f 804/804/804 805/805/805 806/806/806
f 804/804/804 806/806/806 807/807/807
f 808/808/808 809/809/809 810/810/810
f 808/808/808 810/810/810 778/778/778
f 811/811/811 812/812/812 748/748/748
f 811/811/811 748/748/748 740/740/740
f 720/720/720 729/729/729 813/813/813
f 720/720/720 813/813/813 814/814/814
f 726/726/726 716/716/716 815/815/815
f 726/726/726 815/815/815 816/816/816
f 816/816/816 815/815/815 734/734/734
f 816/816/816 734/734/734 746/746/746
f 817/817/817 818/818/818 739/739/739
f 817/817/817 739/739/739 744/744/744
f 779/779/779 819/819/819 820/820/820
f 779/779/779 820/820/820 780/780/780
f 753/753/753 752/752/752 821/821/821
f 753/753/753 821/821/821 822/822/822
f 753/753/753 822/822/822 823/823/823
f 753/753/753 823/823/823 824/824/824
f 777/777/777 801/801/801 825/825/825
f 825/825/825 808/808/808 778/778/778
f 825/825/825 778/778/778 777/777/777
f 818/818/818 811/811/811 740/740/740
f 818/818/818 740/740/740 739/739/739
f 780/780/780 820/820/820 826/826/826
f 780/780/780 826/826/826 827/827/827
f 822/822/822 821/821/821 828/828/828
f 822/822/822 828/828/828 829/829/829
f 823/823/823 822/822/822 829/829/829
f 823/823/823 829/829/829 830/830/830
f 721/721/721 717/717/717 831/831/831
f 721/721/721 831/831/831 832/832/832
f 717/717/717 720/720/720 814/814/814
f 717/717/717 814/814/814 831/831/831
f 802/802/802 777/777/777 762/762/762
f 802/802/802 762/762/762 761/761/761
f 778/778/778 810/810/810 819/819/819
f 778/778/778 819/819/819 779/779/779
f 805/805/805 765/765/765 768/768/768
f 805/805/805 768/768/768 806/806/806
f 833/833/833 824/824/824 823/823/823
f 833/833/833 823/823/823 834/834/834
f 834/834/834 823/823/823 830/830/830
f 834/834/834 830/830/830 835/835/835
f 836/836/836 837/837/837 824/824/824
f 836/836/836 824/824/824 833/833/833
f 838/838/838 839/839/839 837/837/837
f 838/838/838 837/837/837 836/836/836
f 716/716/716 700/700/700 815/815/815
f 753/753/753 824/824/824 837/837/837
f 753/753/753 837/837/837 754/754/754
f 840/840/840 839/839/839 841/841/841
f 840/840/840 841/841/841 842/842/842
f 843/843/843 751/751/751 754/754/754
f 843/843/843 754/754/754 840/840/840
f 825/825/825 844/844/844 809/809/809
f 825/825/825 809/809/809 808/808/808
f 845/845/845 841/841/841 839/839/839
f 845/845/845 839/839/839 838/838/838
f 754/754/754 837/837/837 839/839/839
f 754/754/754 839/839/839 840/840/840
f 846/846/846 843/843/843 840/840/840
f 846/846/846 840/840/840 842/842/842
f 847/847/847 732/732/732 714/714/714
f 847/847/847 714/714/714 696/696/696
f 694/694/694 712/712/712 700/700/700
f 848/848/848 849/849/849 850/850/850
f 848/848/848 850/850/850 851/851/851
f 852/852/852 853/853/853 854/854/854
f 852/852/852 854/854/854 855/855/855
f 719/719/719 856/856/856 857/857/857
f 719/719/719 857/857/857 728/728/728
f 858/858/858 859/859/859 860/860/860
f 858/858/858 860/860/860 861/861/861
f 727/727/727 862/862/862 713/713/713
f 727/727/727 713/713/713 715/715/715
f 722/722/722 863/863/863 864/864/864
f 722/722/722 864/864/864 718/718/718
f 718/718/718 864/864/864 856/856/856
f 718/718/718 856/856/856 719/719/719
f 865/865/865 866/866/866 861/861/861
f 865/865/865 861/861/861 860/860/860
f 827/827/827 853/853/853 867/867/867
f 867/867/867 762/762/762 780/780/780
f 827/827/827 867/867/867 780/780/780
f 830/830/830 829/829/829 865/865/865
f 830/830/830 865/865/865 860/860/860
f 827/827/827 826/826/826 854/854/854
f 827/827/827 854/854/854 853/853/853
f 710/710/710 868/868/868 869/869/869
f 710/710/710 869/869/869 689/689/689
f 709/709/709 870/870/870 868/868/868
f 709/709/709 868/868/868 710/710/710
f 829/829/829 828/828/828 871/871/871
f 829/829/829 871/871/871 865/865/865
f 770/770/770 872/872/872 873/873/873
f 770/770/770 873/873/873 771/771/771
f 762/762/762 867/867/867 874/874/874
f 762/762/762 874/874/874 763/763/763
f 756/756/756 875/875/875 876/876/876
f 756/756/756 876/876/876 757/757/757
f 835/835/835 830/830/830 860/860/860
f 835/835/835 860/860/860 859/859/859
f 685/685/685 847/847/847 696/696/696
f 685/685/685 696/696/696 686/686/686
f 877/877/877 878/878/878 774/774/774
f 877/877/877 774/774/774 789/789/789
f 693/693/693 781/781/781 712/712/712
f 693/693/693 712/712/712 694/694/694
f 879/879/879 877/877/877 789/789/789
f 879/879/879 789/789/789 788/788/788
f 880/880/880 702/702/702 703/703/703
f 880/880/880 703/703/703 782/782/782
f 878/878/878 881/881/881 775/775/775
f 878/878/878 775/775/775 774/774/774
f 882/882/882 738/738/738 849/849/849
f 882/882/882 849/849/849 848/848/848
f 883/883/883 688/688/688 691/691/691
f 883/883/883 691/691/691 884/884/884
f 862/862/862 692/692/692 695/695/695
f 862/862/862 695/695/695 713/713/713
f 885/885/885 708/708/708 711/711/711
f 885/885/885 711/711/711 886/886/886
f 886/886/886 711/711/711 688/688/688
f 886/886/886 688/688/688 883/883/883
f 735/735/735 738/738/738 882/882/882
f 735/735/735 882/882/882 887/887/887
f 742/742/742 741/741/741 888/888/888
f 742/742/742 888/888/888 889/889/889
f 745/745/745 742/742/742 889/889/889
f 745/745/745 889/889/889 890/890/890
f 891/891/891 892/892/892 878/878/878
f 891/891/891 878/878/878 877/877/877
f 893/893/893 891/891/891 877/877/877
f 893/893/893 877/877/877 879/879/879
f 894/894/894 701/701/701 702/702/702
f 894/894/894 702/702/702 880/880/880
f 747/747/747 699/699/699 701/701/701
f 747/747/747 701/701/701 894/894/894
f 741/741/741 749/749/749 895/895/895
f 741/741/741 895/895/895 888/888/888
f 892/892/892 896/896/896 881/881/881
f 892/892/892 881/881/881 878/878/878
f 897/897/897 882/882/882 848/848/848
f 705/705/705 760/760/760 897/897/897
f 705/705/705 897/897/897 848/848/848
f 887/887/887 882/882/882 897/897/897
f 887/887/887 897/897/897 898/898/898
f 689/689/689 869/869/869 899/899/899
f 689/689/689 899/899/899 690/690/690
f 898/898/898 897/897/897 760/760/760
f 898/898/898 760/760/760 791/791/791
f 900/900/900 901/901/901 866/866/866
f 900/900/900 866/866/866 902/902/902
f 903/903/903 904/904/904 905/905/905
f 903/903/903 905/905/905 906/906/906
f 906/906/906 905/905/905 907/907/907
f 906/906/906 907/907/907 908/908/908
f 909/909/909 910/910/910 911/911/911
f 909/909/909 911/911/911 912/912/912
f 912/912/912 911/911/911 913/913/913
f 912/912/912 913/913/913 914/914/914
f 914/914/914 913/913/913 915/915/915
f 914/914/914 915/915/915 916/916/916
f 917/917/917 918/918/918 919/919/919
f 917/917/917 919/919/919 920/920/920
f 921/921/921 922/922/922 923/923/923
f 921/921/921 923/923/923 924/924/924
f 925/925/925 921/921/921 924/924/924
f 925/925/925 924/924/924 926/926/926
f 927/927/927 925/925/925 926/926/926
f 927/927/927 926/926/926 928/928/928
f 929/929/929 927/927/927 928/928/928
f 929/929/929 928/928/928 930/930/930
f 931/931/931 929/929/929 930/930/930
f 931/931/931 930/930/930 932/932/932
f 933/933/933 931/931/931 932/932/932
f 933/933/933 932/932/932 934/934/934
f 935/935/935 936/936/936 937/937/937
f 935/935/935 937/937/937 938/938/938
f 939/939/939 912/912/912 914/914/914
f 939/939/939 914/914/914 936/936/936
f 940/940/940 939/939/939 936/936/936
f 940/940/940 936/936/936 935/935/935
f 941/941/941 909/909/909 912/912/912
f 941/941/941 912/912/912 939/939/939
f 942/942/942 941/941/941 939/939/939
f 942/942/942 939/939/939 940/940/940
f 943/943/943 906/906/906 908/908/908
f 943/943/943 908/908/908 944/944/944
f 945/945/945 943/943/943 944/944/944
f 945/945/945 944/944/944 946/946/946
f 947/947/947 903/903/903 906/906/906
f 947/947/947 906/906/906 943/943/943
f 948/948/948 947/947/947 943/943/943
f 948/948/948 943/943/943 945/945/945
f 949/949/949 950/950/950 951/951/951
f 949/949/949 951/951/951 952/952/952
f 950/950/950 953/953/953 954/954/954
f 950/950/950 954/954/954 951/951/951
f 953/953/953 955/955/955 956/956/956
f 953/953/953 956/956/956 954/954/954
f 955/955/955 957/957/957 958/958/958
f 955/955/955 958/958/958 956/956/956
f 957/957/957 959/959/959 960/960/960
f 957/957/957 960/960/960 958/958/958
f 959/959/959 961/961/961 962/962/962
f 959/959/959 962/962/962 960/960/960
f 936/936/936 914/914/914 916/916/916
f 936/936/936 916/916/916 937/937/937
f 963/963/963 964/964/964 965/965/965
f 963/963/963 965/965/965 966/966/966
f 964/964/964 917/917/917 920/920/920
f 964/964/964 920/920/920 965/965/965
f 967/967/967 968/968/968 969/969/969
f 967/967/967 969/969/969 970/970/970
f 970/970/970 969/969/969 971/971/971
f 970/970/970 971/971/971 972/972/972
f 973/973/973 974/974/974 975/975/975
f 973/973/973 975/975/975 976/976/976
f 976/976/976 975/975/975 977/977/977
f 976/976/976 977/977/977 978/978/978
f 978/978/978 977/977/977 979/979/979
f 978/978/978 979/979/979 980/980/980
f 981/981/981 982/982/982 983/983/983
f 981/981/981 983/983/983 984/984/984
f 985/985/985 986/986/986 987/987/987
f 985/985/985 987/987/987 988/988/988
f 989/989/989 985/985/985 988/988/988
f 989/989/989 988/988/988 990/990/990
f 991/991/991 989/989/989 990/990/990
f 991/991/991 990/990/990 992/992/992
f 993/993/993 991/991/991 992/992/992
f 993/993/993 992/992/992 994/994/994
f 995/995/995 993/993/993 994/994/994
f 995/995/995 994/994/994 996/996/996
f 997/997/997 995/995/995 996/996/996
f 997/997/997 996/996/996 998/998/998
f 999/999/999 1000/1000/1000 1001/1001/1001
f 999/999/999 1001/1001/1001 1002/1002/1002
f 1003/1003/1003 976/976/976 978/978/978
f 1003/1003/1003 978/978/978 1000/1000/1000
f 1004/1004/1004 1003/1003/1003 1000/1000/1000
f 1004/1004/1004 1000/1000/1000 999/999/999
f 1005/1005/1005 973/973/973 976/976/976
f 1005/1005/1005 976/976/976 1003/1003/1003
f 1006/1006/1006 1005/1005/1005 1003/1003/1003
f 1006/1006/1006 1003/1003/1003 1004/1004/1004
f 1007/1007/1007 970/970/970 972/972/972
f 1007/1007/1007 972/972/972 1008/1008/1008
f 1009/1009/1009 1007/1007/1007 1008/1008/1008
f 1009/1009/1009 1008/1008/1008 1010/1010/1010
f 1011/1011/1011 967/967/967 970/970/970
f 1011/1011/1011 970/970/970 1007/1007/1007
f 1012/1012/1012 1011/1011/1011 1007/1007/1007
f 1012/1012/1012 1007/1007/1007 1009/1009/1009
f 1013/1013/1013 1014/1014/1014 1015/1015/1015
f 1013/1013/1013 1015/1015/1015 1016/1016/1016
f 1000/1000/1000 978/978/978 980/980/980
f 1000/1000/1000 980/980/980 1001/1001/1001
f 1017/1017/1017 1018/1018/1018 1019/1019/1019
f 1017/1017/1017 1019/1019/1019 1020/1020/1020
f 1018/1018/1018 981/981/981 984/984/984
f 1018/1018/1018 984/984/984 1019/1019/1019
f 1021/1021/1021 1022/1022/1022 1023/1023/1023
f 1024/1024/1024 1021/1021/1021 1023/1023/1023
f 1025/1025/1025 1024/1024/1024 1023/1023/1023
f 1026/1026/1026 1025/1025/1025 1023/1023/1023
f 1027/1027/1027 1026/1026/1026 1023/1023/1023
f 1028/1028/1028 1027/1027/1027 1023/1023/1023
f 1022/1022/1022 1029/1029/1029 1023/1023/1023
f 1029/1029/1029 1030/1030/1030 1023/1023/1023
f 1030/1030/1030 1031/1031/1031 1023/1023/1023
f 1031/1031/1031 1032/1032/1032 1023/1023/1023
f 1032/1032/1032 1033/1033/1033 1023/1023/1023
f 1033/1033/1033 1028/1028/1028 1023/1023/1023
f 1034/1034/1034 1035/1035/1035 1036/1036/1036
f 1037/1037/1037 1034/1034/1034 1036/1036/1036
f 1038/1038/1038 1037/1037/1037 1036/1036/1036
f 1039/1039/1039 1038/1038/1038 1036/1036/1036
f 1040/1040/1040 1039/1039/1039 1036/1036/1036
f 1041/1041/1041 1040/1040/1040 1036/1036/1036
f 1035/1035/1035 1042/1042/1042 1036/1036/1036
f 1043/1043/1043 1041/1041/1041 1036/1036/1036
f 1042/1042/1042 1044/1044/1044 1036/1036/1036
f 1044/1044/1044 1045/1045/1045 1036/1036/1036
f 1045/1045/1045 1046/1046/1046 1036/1036/1036
f 1046/1046/1046 1043/1043/1043 1036/1036/1036
f 454/454/454 638/638/638 1047/1047/1047
f 638/638/638 637/637/637 1047/1047/1047
f 637/637/637 643/643/643 1047/1047/1047
f 643/643/643 642/642/642 1047/1047/1047
f 642/642/642 634/634/634 1047/1047/1047
f 634/634/634 447/447/447 1047/1047/1047
f 450/450/450 454/454/454 1047/1047/1047
f 951/951/951 1026/1026/1026 1027/1027/1027
f 951/951/951 1027/1027/1027 952/952/952
f 954/954/954 1025/1025/1025 1026/1026/1026
f 954/954/954 1026/1026/1026 951/951/951
f 956/956/956 1024/1024/1024 1025/1025/1025
f 956/956/956 1025/1025/1025 954/954/954
f 958/958/958 1021/1021/1021 1024/1024/1024
f 958/958/958 1024/1024/1024 956/956/956
f 960/960/960 1022/1022/1022 1021/1021/1021
f 960/960/960 1021/1021/1021 958/958/958
f 451/451/451 450/450/450 1047/1047/1047
f 461/461/461 451/451/451 1047/1047/1047
f 460/460/460 461/461/461 1047/1047/1047
f 446/446/446 460/460/460 1047/1047/1047
f 447/447/447 446/446/446 1047/1047/1047
f 444/444/444 632/632/632 1048/1048/1048
f 632/632/632 631/631/631 1048/1048/1048
f 631/631/631 630/630/630 1048/1048/1048
f 630/630/630 629/629/629 1048/1048/1048
f 629/629/629 628/628/628 1048/1048/1048
f 628/628/628 439/439/439 1048/1048/1048
f 443/443/443 444/444/444 1048/1048/1048
f 442/442/442 443/443/443 1048/1048/1048
f 441/441/441 442/442/442 1048/1048/1048
f 440/440/440 441/441/441 1048/1048/1048
f 438/438/438 440/440/440 1048/1048/1048
f 439/439/439 438/438/438 1048/1048/1048
f 1049/1049/1049 1040/1040/1040 1041/1041/1041
f 1049/1049/1049 1041/1041/1041 1050/1050/1050
f 1051/1051/1051 1034/1034/1034 1037/1037/1037
f 1051/1051/1051 1037/1037/1037 1052/1052/1052
f 1053/1053/1053 1035/1035/1035 1034/1034/1034
f 1053/1053/1053 1034/1034/1034 1051/1051/1051
f 1054/1054/1054 1055/1055/1055 1049/1049/1049
f 1054/1054/1054 1049/1049/1049 1050/1050/1050
f 1055/1055/1055 1013/1013/1013 1016/1016/1016
f 1055/1055/1055 1016/1016/1016 1049/1049/1049
f 1014/1014/1014 1056/1056/1056 1052/1052/1052
f 1014/1014/1014 1052/1052/1052 1015/1015/1015
f 1056/1056/1056 1057/1057/1057 1051/1051/1051
f 1056/1056/1056 1051/1051/1051 1052/1052/1052
f 1057/1057/1057 1058/1058/1058 1053/1053/1053
f 1057/1057/1057 1053/1053/1053 1051/1051/1051
f 1016/1016/1016 1039/1039/1039 1040/1040/1040
f 1016/1016/1016 1040/1040/1040 1049/1049/1049
f 1015/1015/1015 1038/1038/1038 1039/1039/1039
f 1015/1015/1015 1039/1039/1039 1016/1016/1016
f 1052/1052/1052 1037/1037/1037 1038/1038/1038
f 1052/1052/1052 1038/1038/1038 1015/1015/1015
f 851/851/851 1059/1059/1059 1060/1060/1060
f 851/851/851 1060/1060/1060 848/848/848
f 815/815/815 700/700/700 734/734/734
f 902/902/902 866/866/866 865/865/865
f 902/902/902 865/865/865 871/871/871
f 866/866/866 901/901/901 1061/1061/1061
f 866/866/866 1061/1061/1061 861/861/861
f 736/736/736 684/684/684 687/687/687
f 736/736/736 687/687/687 737/737/737
f 848/848/848 1060/1060/1060 706/706/706
f 848/848/848 706/706/706 705/705/705
f 1062/1062/1062 1063/1063/1063 1064/1064/1064
f 1062/1062/1062 1064/1064/1064 1065/1065/1065
f 1066/1066/1066 1067/1067/1067 1068/1068/1068
f 1066/1066/1066 1068/1068/1068 1069/1069/1069
f 1070/1070/1070 1071/1071/1071 1072/1072/1072
f 1070/1070/1070 1072/1072/1072 1073/1073/1073
f 1074/1074/1074 1075/1075/1075 1076/1076/1076
f 1077/1077/1077 1078/1078/1078 1079/1079/1079
f 1077/1077/1077 1079/1079/1079 1080/1080/1080
f 1081/1081/1081 1082/1082/1082 1083/1083/1083
f 1081/1081/1081 1083/1083/1083 1084/1084/1084
f 1085/1085/1085 1086/1086/1086 1078/1078/1078
f 1085/1085/1085 1078/1078/1078 1077/1077/1077
f 1065/1065/1065 1079/1079/1079 1078/1078/1078
f 1065/1065/1065 1078/1078/1078 1062/1062/1062
f 1078/1078/1078 1086/1086/1086 1062/1062/1062
f 1087/1087/1087 1088/1088/1088 1089/1089/1089
f 1087/1087/1087 1089/1089/1089 1090/1090/1090
f 1091/1091/1091 1092/1092/1092 1093/1093/1093
f 1091/1091/1091 1093/1093/1093 1094/1094/1094
f 1095/1095/1095 1096/1096/1096 1097/1097/1097
f 1095/1095/1095 1097/1097/1097 1098/1098/1098
f 1098/1098/1098 1097/1097/1097 1099/1099/1099
f 1098/1098/1098 1099/1099/1099 1100/1100/1100
f 1101/1101/1101 1102/1102/1102 1103/1103/1103
f 1101/1101/1101 1103/1103/1103 1104/1104/1104
f 1102/1102/1102 1087/1087/1087 1090/1090/1090
f 1102/1102/1102 1090/1090/1090 1103/1103/1103
f 1105/1105/1105 1106/1106/1106 1107/1107/1107
f 1105/1105/1105 1107/1107/1107 1108/1108/1108
f 1106/1106/1106 1091/1091/1091 1094/1094/1094
f 1106/1106/1106 1094/1094/1094 1107/1107/1107
f 1109/1109/1109 1110/1110/1110 1086/1086/1086
f 1109/1109/1109 1086/1086/1086 1085/1085/1085
f 1111/1111/1111 1112/1112/1112 1113/1113/1113
f 1111/1111/1111 1113/1113/1113 1114/1114/1114
f 1115/1115/1115 1116/1116/1116 1112/1112/1112
f 1115/1115/1115 1112/1112/1112 1111/1111/1111
f 1117/1117/1117 1118/1118/1118 1119/1119/1119
f 1117/1117/1117 1119/1119/1119 1120/1120/1120
f 1114/1114/1114 1113/1113/1113 1121/1121/1121
f 1114/1114/1114 1121/1121/1121 1122/1122/1122
f 1086/1086/1086 1110/1110/1110 1123/1123/1123
f 1086/1086/1086 1123/1123/1123 1062/1062/1062
f 1090/1090/1090 1089/1089/1089 1124/1124/1124
f 1090/1090/1090 1124/1124/1124 1125/1125/1125
f 1100/1100/1100 1099/1099/1099 1126/1126/1126
f 1100/1100/1100 1126/1126/1126 1127/1127/1127
f 1104/1104/1104 1103/1103/1103 1128/1128/1128
f 1104/1104/1104 1128/1128/1128 1129/1129/1129
f 1130/1130/1130 1131/1131/1131 1132/1132/1132
f 1130/1130/1130 1132/1132/1132 1133/1133/1133
f 1103/1103/1103 1090/1090/1090 1125/1125/1125
f 1103/1103/1103 1125/1125/1125 1128/1128/1128
f 1134/1134/1134 1135/1135/1135 1136/1136/1136
f 1134/1134/1134 1136/1136/1136 1137/1137/1137
f 1138/1138/1138 1139/1139/1139 1140/1140/1140
f 1138/1138/1138 1140/1140/1140 1141/1141/1141
f 1142/1142/1142 1143/1143/1143 1144/1144/1144
f 1142/1142/1142 1144/1144/1144 1145/1145/1145
f 1146/1146/1146 1147/1147/1147 1148/1148/1148
f 1146/1146/1146 1148/1148/1148 1149/1149/1149
f 1150/1150/1150 1151/1151/1151 1152/1152/1152
f 1150/1150/1150 1152/1152/1152 1153/1153/1153
f 1154/1154/1154 1155/1155/1155 1073/1073/1073
f 1154/1154/1154 1073/1073/1073 1072/1072/1072
f 1156/1156/1156 1157/1157/1157 1158/1158/1158
f 1156/1156/1156 1158/1158/1158 1159/1159/1159
f 1159/1159/1159 1158/1158/1158 1082/1082/1082
f 1159/1159/1159 1082/1082/1082 1081/1081/1081
f 1160/1160/1160 1161/1161/1161 1162/1162/1162
f 1160/1160/1160 1162/1162/1162 1163/1163/1163
f 1139/1139/1139 1154/1154/1154 1072/1072/1072
f 1139/1139/1139 1072/1072/1072 1140/1140/1140
f 1164/1164/1164 1160/1160/1160 1163/1163/1163
f 1163/1163/1163 1147/1147/1147 1146/1146/1146
f 1163/1163/1163 1146/1146/1146 1164/1164/1164
f 1072/1072/1072 1071/1071/1071 1165/1165/1165
f 1072/1072/1072 1165/1165/1165 1140/1140/1140
f 1166/1166/1166 1167/1167/1167 1168/1168/1168
f 1166/1166/1166 1168/1168/1168 1169/1169/1169
f 1170/1170/1170 1171/1171/1171 1167/1167/1167
f 1170/1170/1170 1167/1167/1167 1166/1166/1166
f 1172/1172/1172 1117/1117/1117 1120/1120/1120
f 1172/1172/1172 1120/1120/1120 1173/1173/1173
f 1174/1174/1174 1141/1141/1141 1140/1140/1140
f 1174/1174/1174 1140/1140/1140 1165/1165/1165
f 1169/1169/1169 1168/1168/1168 1175/1175/1175
f 1169/1169/1169 1175/1175/1175 1176/1176/1176
f 1177/1177/1177 1163/1163/1163 1162/1162/1162
f 1177/1177/1177 1162/1162/1162 1178/1178/1178
f 1133/1133/1133 1132/1132/1132 1075/1075/1075
f 1135/1135/1135 1179/1179/1179 1180/1180/1180
f 1135/1135/1135 1180/1180/1180 1136/1136/1136
f 1181/1181/1181 1182/1182/1182 1183/1183/1183
f 1181/1181/1181 1183/1183/1183 1184/1184/1184
f 1185/1185/1185 1186/1186/1186 1187/1187/1187
f 1185/1185/1185 1187/1187/1187 1183/1183/1183
f 1182/1182/1182 1188/1188/1188 1185/1185/1185
f 1182/1182/1182 1185/1185/1185 1183/1183/1183
f 1189/1189/1189 1190/1190/1190 1191/1191/1191
f 1189/1189/1189 1191/1191/1191 1192/1192/1192
f 1193/1193/1193 1194/1194/1194 1195/1195/1195
f 1193/1193/1193 1195/1195/1195 1196/1196/1196
f 1197/1197/1197 1198/1198/1198 1199/1199/1199
f 1197/1197/1197 1199/1199/1199 1200/1200/1200
f 1201/1201/1201 1202/1202/1202 1203/1203/1203
f 1201/1201/1201 1203/1203/1203 1191/1191/1191
f 1204/1204/1204 1205/1205/1205 1206/1206/1206
f 1206/1206/1206 1205/1205/1205 1207/1207/1207
f 1207/1207/1207 1205/1205/1205 1208/1208/1208
f 1209/1209/1209 1210/1210/1210 1211/1211/1211
f 1209/1209/1209 1211/1211/1211 1212/1212/1212
f 1213/1213/1213 1214/1214/1214 1215/1215/1215
f 1213/1213/1213 1215/1215/1215 1216/1216/1216
f 1217/1217/1217 1208/1208/1208 1205/1205/1205
f 1200/1200/1200 1199/1199/1199 1205/1205/1205
f 1218/1218/1218 1200/1200/1200 1205/1205/1205
f 1219/1219/1219 1202/1202/1202 1201/1201/1201
f 1220/1220/1220 1218/1218/1218 1205/1205/1205
f 1221/1221/1221 1220/1220/1220 1205/1205/1205
f 1222/1222/1222 1223/1223/1223 1224/1224/1224
f 1222/1222/1222 1224/1224/1224 1225/1225/1225
f 1226/1226/1226 1227/1227/1227 1223/1223/1223
f 1226/1226/1226 1223/1223/1223 1222/1222/1222
f 1228/1228/1228 1229/1229/1229 1220/1220/1220
f 1228/1228/1228 1220/1220/1220 1221/1221/1221
f 1225/1225/1225 1224/1224/1224 1230/1230/1230
f 1225/1225/1225 1230/1230/1230 1231/1231/1231
f 1232/1232/1232 1202/1202/1202 1219/1219/1219
f 1232/1232/1232 1219/1219/1219 1233/1233/1233
f 1234/1234/1234 1235/1235/1235 1233/1233/1233
f 1234/1234/1234 1233/1233/1233 1219/1219/1219
f 1236/1236/1236 1205/1205/1205 1204/1204/1204
f 1237/1237/1237 1238/1238/1238 1239/1239/1239
f 1237/1237/1237 1239/1239/1239 1240/1240/1240
f 1241/1241/1241 1242/1242/1242 1243/1243/1243
f 1241/1241/1241 1243/1243/1243 1244/1244/1244
f 1202/1202/1202 1232/1232/1232 1245/1245/1245
f 1202/1202/1202 1245/1245/1245 1246/1246/1246
f 1247/1247/1247 1241/1241/1241 1244/1244/1244
f 1247/1247/1247 1244/1244/1244 1248/1248/1248
f 1249/1249/1249 1236/1236/1236 1204/1204/1204
f 1249/1249/1249 1204/1204/1204 1250/1250/1250
f 1242/1242/1242 1251/1251/1251 1252/1252/1252
f 1242/1242/1242 1252/1252/1252 1243/1243/1243
f 1232/1232/1232 1209/1209/1209 1253/1253/1253
f 1232/1232/1232 1253/1253/1253 1245/1245/1245
f 1254/1254/1254 1255/1255/1255 1256/1256/1256
f 1254/1254/1254 1256/1256/1256 1257/1257/1257
f 1258/1258/1258 1259/1259/1259 1260/1260/1260
f 1258/1258/1258 1260/1260/1260 1261/1261/1261
f 1262/1262/1262 1263/1263/1263 1210/1210/1210
f 1262/1262/1262 1210/1210/1210 1209/1209/1209
f 1264/1264/1264 1265/1265/1265 1266/1266/1266
f 1264/1264/1264 1266/1266/1266 1267/1267/1267
f 1265/1265/1265 1268/1268/1268 1269/1269/1269
f 1265/1265/1265 1269/1269/1269 1266/1266/1266
f 1268/1268/1268 1270/1270/1270 1271/1271/1271
f 1268/1268/1268 1271/1271/1271 1269/1269/1269
f 1272/1272/1272 1273/1273/1273 1274/1274/1274
f 1272/1272/1272 1274/1274/1274 1275/1275/1275
f 1276/1276/1276 1277/1277/1277 1278/1278/1278
f 1276/1276/1276 1278/1278/1278 1279/1279/1279
f 1280/1280/1280 1281/1281/1281 1277/1277/1277
f 1280/1280/1280 1277/1277/1277 1276/1276/1276
f 1282/1282/1282 1283/1283/1283 1281/1281/1281
f 1282/1282/1282 1281/1281/1281 1280/1280/1280
f 1284/1284/1284 1285/1285/1285 1283/1283/1283
f 1284/1284/1284 1283/1283/1283 1282/1282/1282
f 1286/1286/1286 1287/1287/1287 1288/1288/1288
f 1286/1286/1286 1288/1288/1288 1289/1289/1289
f 1290/1290/1290 1291/1291/1291 1270/1270/1270
f 1290/1290/1290 1270/1270/1270 1268/1268/1268
f 1292/1292/1292 1293/1293/1293 1291/1291/1291
f 1292/1292/1292 1291/1291/1291 1290/1290/1290
f 1294/1294/1294 1290/1290/1290 1268/1268/1268
f 1294/1294/1294 1268/1268/1268 1265/1265/1265
f 1295/1295/1295 1292/1292/1292 1290/1290/1290
f 1295/1295/1295 1290/1290/1290 1294/1294/1294
f 1296/1296/1296 1294/1294/1294 1265/1265/1265
f 1296/1296/1296 1265/1265/1265 1264/1264/1264
f 1297/1297/1297 1295/1295/1295 1294/1294/1294
f 1297/1297/1297 1294/1294/1294 1296/1296/1296
f 1298/1298/1298 1299/1299/1299 1300/1300/1300
f 1298/1298/1298 1300/1300/1300 1301/1301/1301
f 1301/1301/1301 1300/1300/1300 1302/1302/1302
f 1301/1301/1301 1302/1302/1302 1303/1303/1303
f 1303/1303/1303 1302/1302/1302 1304/1304/1304
f 1303/1303/1303 1304/1304/1304 1305/1305/1305
f 1305/1305/1305 1304/1304/1304 1306/1306/1306
f 1305/1305/1305 1306/1306/1306 1307/1307/1307
f 1289/1289/1289 1288/1288/1288 1273/1273/1273
f 1289/1289/1289 1273/1273/1273 1272/1272/1272
f 1183/1183/1183 1187/1187/1187 1308/1308/1308
f 1183/1183/1183 1308/1308/1308 1184/1184/1184
f 1309/1309/1309 1310/1310/1310 1311/1311/1311
f 1309/1309/1309 1311/1311/1311 1312/1312/1312
f 1313/1313/1313 1314/1314/1314 1315/1315/1315
f 1313/1313/1313 1315/1315/1315 1316/1316/1316
f 1317/1317/1317 1318/1318/1318 1319/1319/1319
f 1317/1317/1317 1319/1319/1319 1320/1320/1320
f 1261/1261/1261 1260/1260/1260 1321/1321/1321
f 1261/1261/1261 1321/1321/1321 1322/1322/1322
f 1323/1323/1323 1324/1324/1324 1310/1310/1310
f 1323/1323/1323 1310/1310/1310 1309/1309/1309
f 1325/1325/1325 1313/1313/1313 1316/1316/1316
f 1325/1325/1325 1316/1316/1316 1326/1326/1326
f 1327/1327/1327 1323/1323/1323 1309/1309/1309
f 1327/1327/1327 1309/1309/1309 1328/1328/1328
f 1281/1281/1281 1328/1328/1328 1309/1309/1309
f 1281/1281/1281 1309/1309/1309 1277/1277/1277
f 1329/1329/1329 1330/1330/1330 1331/1331/1331
f 1329/1329/1329 1331/1331/1331 1332/1332/1332
f 1333/1333/1333 1334/1334/1334 1335/1335/1335
f 1333/1333/1333 1335/1335/1335 1336/1336/1336
f 1278/1278/1278 1277/1277/1277 1309/1309/1309
f 1337/1337/1337 1338/1338/1338 1339/1339/1339
f 1337/1337/1337 1339/1339/1339 1340/1340/1340
f 1318/1318/1318 1341/1341/1341 1342/1342/1342
f 1343/1343/1343 1344/1344/1344 1318/1318/1318
f 1342/1342/1342 1343/1343/1343 1318/1318/1318
f 1345/1345/1345 1346/1346/1346 1208/1208/1208
f 1345/1345/1345 1208/1208/1208 1217/1217/1217
f 1347/1347/1347 1348/1348/1348 1349/1349/1349
f 1347/1347/1347 1349/1349/1349 1350/1350/1350
f 1348/1348/1348 1351/1351/1351 1352/1352/1352
f 1348/1348/1348 1352/1352/1352 1349/1349/1349
f 1351/1351/1351 1353/1353/1353 1354/1354/1354
f 1351/1351/1351 1354/1354/1354 1352/1352/1352
f 1355/1355/1355 1356/1356/1356 1357/1357/1357
f 1355/1355/1355 1357/1357/1357 1358/1358/1358
f 1359/1359/1359 1360/1360/1360 1361/1361/1361
f 1359/1359/1359 1361/1361/1361 1362/1362/1362
f 1363/1363/1363 1364/1364/1364 1360/1360/1360
f 1363/1363/1363 1360/1360/1360 1359/1359/1359
f 1365/1365/1365 1366/1366/1366 1364/1364/1364
f 1365/1365/1365 1364/1364/1364 1363/1363/1363
f 1367/1367/1367 1368/1368/1368 1366/1366/1366
f 1367/1367/1367 1366/1366/1366 1365/1365/1365
f 1369/1369/1369 1370/1370/1370 1371/1371/1371
f 1369/1369/1369 1371/1371/1371 1372/1372/1372
f 1373/1373/1373 1374/1374/1374 1353/1353/1353
f 1373/1373/1373 1353/1353/1353 1351/1351/1351
f 1375/1375/1375 1376/1376/1376 1374/1374/1374
f 1375/1375/1375 1374/1374/1374 1373/1373/1373
f 1377/1377/1377 1373/1373/1373 1351/1351/1351
f 1377/1377/1377 1351/1351/1351 1348/1348/1348
f 1378/1378/1378 1375/1375/1375 1373/1373/1373
f 1378/1378/1378 1373/1373/1373 1377/1377/1377
f 1379/1379/1379 1377/1377/1377 1348/1348/1348
f 1379/1379/1379 1348/1348/1348 1347/1347/1347
f 1380/1380/1380 1378/1378/1378 1377/1377/1377
f 1380/1380/1380 1377/1377/1377 1379/1379/1379
f 1381/1381/1381 1382/1382/1382 1383/1383/1383
f 1381/1381/1381 1383/1383/1383 1384/1384/1384
f 1372/1372/1372 1371/1371/1371 1356/1356/1356
f 1372/1372/1372 1356/1356/1356 1355/1355/1355
f 1385/1385/1385 1386/1386/1386 1387/1387/1387
f 1385/1385/1385 1387/1387/1387 1388/1388/1388
f 1388/1388/1388 1387/1387/1387 1338/1338/1338
f 1388/1388/1388 1338/1338/1338 1337/1337/1337
f 1389/1389/1389 1390/1390/1390 1391/1391/1391
f 1389/1389/1389 1391/1391/1391 1392/1392/1392
f 1393/1393/1393 1263/1263/1263 1262/1262/1262
f 1393/1393/1393 1262/1262/1262 1394/1394/1394
f 1253/1253/1253 1209/1209/1209 1212/1212/1212
f 1253/1253/1253 1212/1212/1212 1395/1395/1395
f 1396/1396/1396 1389/1389/1389 1392/1392/1392
f 1396/1396/1396 1392/1392/1392 1397/1397/1397
f 1216/1216/1216 1215/1215/1215 1194/1194/1194
f 1216/1216/1216 1194/1194/1194 1193/1193/1193
f 1398/1398/1398 1399/1399/1399 1233/1233/1233
f 1398/1398/1398 1233/1233/1233 1235/1235/1235
f 1364/1364/1364 1366/1366/1366 1392/1392/1392
f 1364/1364/1364 1392/1392/1392 1391/1391/1391
f 1366/1366/1366 1368/1368/1368 1392/1392/1392
f 1400/1400/1400 1401/1401/1401 1314/1314/1314
f 1400/1400/1400 1314/1314/1314 1313/1313/1313
f 1400/1400/1400 1313/1313/1313 1325/1325/1325
f 1400/1400/1400 1325/1325/1325 1402/1402/1402
f 1394/1394/1394 1262/1262/1262 1399/1399/1399
f 1394/1394/1394 1399/1399/1399 1398/1398/1398
f 1232/1232/1232 1233/1233/1233 1399/1399/1399
f 1232/1232/1232 1399/1399/1399 1209/1209/1209
f 1399/1399/1399 1262/1262/1262 1209/1209/1209
f 1403/1403/1403 1327/1327/1327 1328/1328/1328
f 1403/1403/1403 1328/1328/1328 1404/1404/1404
f 1281/1281/1281 1283/1283/1283 1404/1404/1404
f 1281/1281/1281 1404/1404/1404 1328/1328/1328
f 1283/1283/1283 1285/1285/1285 1404/1404/1404
f 1405/1405/1405 1406/1406/1406 1407/1407/1407
f 1405/1405/1405 1407/1407/1407 1342/1342/1342
f 1408/1408/1408 1409/1409/1409 1251/1251/1251
f 1408/1408/1408 1251/1251/1251 1242/1242/1242
f 1225/1225/1225 1231/1231/1231 1410/1410/1410
f 1225/1225/1225 1410/1410/1410 1411/1411/1411
f 1390/1390/1390 1403/1403/1403 1404/1404/1404
f 1390/1390/1390 1404/1404/1404 1391/1391/1391
f 1364/1364/1364 1391/1391/1391 1404/1404/1404
f 1364/1364/1364 1404/1404/1404 1360/1360/1360
f 1228/1228/1228 1221/1221/1221 1412/1412/1412
f 1228/1228/1228 1412/1412/1412 1413/1413/1413
f 1361/1361/1361 1360/1360/1360 1404/1404/1404
f 1413/1413/1413 1412/1412/1412 1236/1236/1236
f 1413/1413/1413 1236/1236/1236 1249/1249/1249
f 1300/1300/1300 1299/1299/1299 1028/1028/1028
f 1300/1300/1300 1028/1028/1028 1033/1033/1033
f 1302/1302/1302 1300/1300/1300 1033/1033/1033
f 1302/1302/1302 1033/1033/1033 1032/1032/1032
f 1304/1304/1304 1302/1302/1302 1032/1032/1032
f 1304/1304/1304 1032/1032/1032 1031/1031/1031
f 1306/1306/1306 1304/1304/1304 1031/1031/1031
f 1306/1306/1306 1031/1031/1031 1030/1030/1030
f 1414/1414/1414 1415/1415/1415 1044/1044/1044
f 1414/1414/1414 1044/1044/1044 1042/1042/1042
f 1416/1416/1416 1417/1417/1417 1382/1382/1382
f 1416/1416/1416 1382/1382/1382 1381/1381/1381
f 1384/1384/1384 1383/1383/1383 1415/1415/1415
f 1384/1384/1384 1415/1415/1415 1418/1418/1418
f 1418/1418/1418 1415/1415/1415 1414/1414/1414
f 1418/1418/1418 1414/1414/1414 1419/1419/1419
f 1382/1382/1382 1417/1417/1417 1043/1043/1043
f 1382/1382/1382 1043/1043/1043 1046/1046/1046
f 1383/1383/1383 1382/1382/1382 1046/1046/1046
f 1383/1383/1383 1046/1046/1046 1045/1045/1045
f 1415/1415/1415 1383/1383/1383 1045/1045/1045
f 1415/1415/1415 1045/1045/1045 1044/1044/1044
f 1420/1420/1420 1421/1421/1421 1241/1241/1241
f 1420/1420/1420 1241/1241/1241 1247/1247/1247
f 1343/1343/1343 1422/1422/1422 1423/1423/1423
f 1343/1343/1343 1423/1423/1423 1344/1344/1344
f 1256/1256/1256 1255/1255/1255 1424/1424/1424
f 1256/1256/1256 1424/1424/1424 1425/1425/1425
f 1256/1256/1256 1425/1425/1425 1426/1426/1426
f 1256/1256/1256 1426/1426/1426 1427/1427/1427
f 1421/1421/1421 1408/1408/1408 1242/1242/1242
f 1421/1421/1421 1242/1242/1242 1241/1241/1241
f 1344/1344/1344 1423/1423/1423 1428/1428/1428
f 1344/1344/1344 1428/1428/1428 1429/1429/1429
f 1430/1430/1430 1431/1431/1431 1186/1186/1186
f 1430/1430/1430 1186/1186/1186 1185/1185/1185
f 1432/1432/1432 1433/1433/1433 1434/1434/1434
f 1432/1432/1432 1434/1434/1434 1435/1435/1435
f 1436/1436/1436 1432/1432/1432 1435/1435/1435
f 1436/1436/1436 1435/1435/1435 1437/1437/1437
f 1226/1226/1226 1222/1222/1222 1438/1438/1438
f 1226/1226/1226 1438/1438/1438 1439/1439/1439
f 1222/1222/1222 1225/1225/1225 1411/1411/1411
f 1222/1222/1222 1411/1411/1411 1438/1438/1438
f 1440/1440/1440 1075/1075/1075 1074/1074/1074
f 1441/1441/1441 1187/1187/1187 1186/1186/1186
f 1441/1441/1441 1186/1186/1186 1442/1442/1442
f 1442/1442/1442 1186/1186/1186 1431/1431/1431
f 1442/1442/1442 1431/1431/1431 1443/1443/1443
f 1444/1444/1444 1445/1445/1445 1139/1139/1139
f 1444/1444/1444 1139/1139/1139 1138/1138/1138
f 1446/1446/1446 1341/1341/1341 1318/1318/1318
f 1446/1446/1446 1318/1318/1318 1317/1317/1317
f 1342/1342/1342 1407/1407/1407 1422/1422/1422
f 1342/1342/1342 1422/1422/1422 1343/1343/1343
f 1447/1447/1447 1329/1329/1329 1332/1332/1332
f 1447/1447/1447 1332/1332/1332 1448/1448/1448
f 1443/1443/1443 1431/1431/1431 1449/1449/1449
f 1443/1443/1443 1449/1449/1449 1450/1450/1450
f 1451/1451/1451 1427/1427/1427 1426/1426/1426
f 1451/1451/1451 1426/1426/1426 1452/1452/1452
f 1453/1453/1453 1436/1436/1436 1437/1437/1437
f 1453/1453/1453 1437/1437/1437 1454/1454/1454
f 1455/1455/1455 1456/1456/1456 1457/1457/1457
f 1455/1455/1455 1457/1457/1457 1458/1458/1458
f 1459/1459/1459 1460/1460/1460 1427/1427/1427
f 1459/1459/1459 1427/1427/1427 1451/1451/1451
f 1461/1461/1461 1462/1462/1462 1463/1463/1463
f 1461/1461/1461 1463/1463/1463 1464/1464/1464
f 1465/1465/1465 1466/1466/1466 1146/1146/1146
f 1465/1465/1465 1146/1146/1146 1467/1467/1467
f 1468/1468/1468 1469/1469/1469 1470/1470/1470
f 1468/1468/1468 1470/1470/1470 1471/1471/1471
f 1472/1472/1472 1468/1468/1468 1471/1471/1471
f 1472/1472/1472 1471/1471/1471 1473/1473/1473
f 1445/1445/1445 1474/1474/1474 1154/1154/1154
f 1445/1445/1445 1154/1154/1154 1139/1139/1139
f 1474/1474/1474 1475/1475/1475 1155/1155/1155
f 1474/1474/1474 1155/1155/1155 1154/1154/1154
f 1164/1164/1164 1476/1476/1476 1161/1161/1161
f 1164/1164/1164 1161/1161/1161 1160/1160/1160
f 1477/1477/1477 1478/1478/1478 1460/1460/1460
f 1477/1477/1477 1460/1460/1460 1459/1459/1459
f 1221/1221/1221 1205/1205/1205 1412/1412/1412
f 1256/1256/1256 1427/1427/1427 1460/1460/1460
f 1256/1256/1256 1460/1460/1460 1257/1257/1257
f 1479/1479/1479 1480/1480/1480 1481/1481/1481
f 1479/1479/1479 1481/1481/1481 1482/1482/1482
f 1412/1412/1412 1205/1205/1205 1236/1236/1236
f 1483/1483/1483 1254/1254/1254 1257/1257/1257
f 1483/1483/1483 1257/1257/1257 1484/1484/1484
f 1430/1430/1430 1485/1485/1485 1449/1449/1449
f 1430/1430/1430 1449/1449/1449 1431/1431/1431
f 1430/1430/1430 1486/1486/1486 1487/1487/1487
f 1430/1430/1430 1487/1487/1487 1485/1485/1485
f 1464/1464/1464 1463/1463/1463 1476/1476/1476
f 1464/1464/1464 1476/1476/1476 1164/1164/1164
f 1488/1488/1488 1479/1479/1479 1482/1482/1482
f 1488/1488/1488 1482/1482/1482 1489/1489/1489
f 1490/1490/1490 1074/1074/1074 1076/1076/1076
f 1490/1490/1490 1076/1076/1076 1491/1491/1491
f 1257/1257/1257 1460/1460/1460 1478/1478/1478
f 1257/1257/1257 1478/1478/1478 1484/1484/1484
f 1492/1492/1492 1440/1440/1440 1074/1074/1074
f 1492/1492/1492 1074/1074/1074 1490/1490/1490
f 1469/1469/1469 1493/1493/1493 1494/1494/1494
f 1469/1469/1469 1494/1494/1494 1470/1470/1470
f 1480/1480/1480 1495/1495/1495 1496/1496/1496
f 1480/1480/1480 1496/1496/1496 1481/1481/1481
f 1497/1497/1497 1234/1234/1234 1219/1219/1219
f 1497/1497/1497 1219/1219/1219 1201/1201/1201
f 1498/1498/1498 1499/1499/1499 1462/1462/1462
f 1498/1498/1498 1462/1462/1462 1461/1461/1461
f 1500/1500/1500 1455/1455/1455 1458/1458/1458
f 1500/1500/1500 1458/1458/1458 1501/1501/1501
f 1502/1502/1502 1503/1503/1503 1504/1504/1504
f 1505/1505/1505 1506/1506/1506 1502/1502/1502
f 1505/1505/1505 1502/1502/1502 1504/1504/1504
f 1507/1507/1507 1503/1503/1503 1502/1502/1502
f 1507/1507/1507 1502/1502/1502 1508/1508/1508
f 1509/1509/1509 1510/1510/1510 1511/1511/1511
f 1509/1509/1509 1511/1511/1511 1512/1512/1512
f 1509/1509/1509 1513/1513/1513 1514/1514/1514
f 1509/1509/1509 1514/1514/1514 1510/1510/1510
f 1508/1508/1508 1502/1502/1502 1506/1506/1506
f 1508/1508/1508 1506/1506/1506 1515/1515/1515
f 1516/1516/1516 1517/1517/1517 1518/1518/1518
f 1516/1516/1516 1518/1518/1518 1519/1519/1519
f 1199/1199/1199 1217/1217/1217 1205/1205/1205
f 1112/1112/1112 1159/1159/1159 1081/1081/1081
f 1112/1112/1112 1081/1081/1081 1113/1113/1113
f 1520/1520/1520 1521/1521/1521 1522/1522/1522
f 1520/1520/1520 1522/1522/1522 1523/1523/1523
f 1524/1524/1524 1504/1504/1504 1525/1525/1525
f 1524/1524/1524 1525/1525/1525 1526/1526/1526
f 1224/1224/1224 1527/1527/1527 1528/1528/1528
f 1224/1224/1224 1528/1528/1528 1230/1230/1230
f 1529/1529/1529 1530/1530/1530 1531/1531/1531
f 1531/1531/1531 1521/1521/1521 1520/1520/1520
f 1531/1531/1531 1520/1520/1520 1529/1529/1529
f 1080/1080/1080 1079/1079/1079 1503/1503/1503
f 1080/1080/1080 1503/1503/1503 1507/1507/1507
f 1532/1532/1532 1533/1533/1533 1534/1534/1534
f 1532/1532/1532 1534/1534/1534 1535/1535/1535
f 1536/1536/1536 1128/1128/1128 1125/1125/1125
f 1536/1536/1536 1125/1125/1125 1537/1537/1537
f 1538/1538/1538 1129/1129/1129 1128/1128/1128
f 1538/1538/1538 1128/1128/1128 1536/1536/1536
f 1512/1512/1512 1511/1511/1511 1539/1539/1539
f 1512/1512/1512 1539/1539/1539 1540/1540/1540
f 1131/1131/1131 1127/1127/1127 1126/1126/1126
f 1131/1131/1131 1126/1126/1126 1132/1132/1132
f 1229/1229/1229 1541/1541/1541 1218/1218/1218
f 1229/1229/1229 1218/1218/1218 1220/1220/1220
f 1146/1146/1146 1466/1466/1466 1461/1461/1461
f 1464/1464/1464 1164/1164/1164 1146/1146/1146
f 1461/1461/1461 1464/1464/1464 1146/1146/1146
f 1537/1537/1537 1125/1125/1125 1124/1124/1124
f 1537/1537/1537 1124/1124/1124 1542/1542/1542
f 1227/1227/1227 1543/1543/1543 1544/1544/1544
f 1227/1227/1227 1544/1544/1544 1223/1223/1223
f 1223/1223/1223 1544/1544/1544 1527/1527/1527
f 1223/1223/1223 1527/1527/1527 1224/1224/1224
f 1545/1545/1545 1150/1150/1150 1153/1153/1153
f 1545/1545/1545 1153/1153/1153 1546/1546/1546
f 1456/1456/1456 1547/1547/1547 1548/1548/1548
f 1456/1456/1456 1548/1548/1548 1457/1457/1457
f 1467/1467/1467 1146/1146/1146 1149/1149/1149
f 1467/1467/1467 1149/1149/1149 1549/1549/1549
f 1503/1503/1503 1079/1079/1079 1065/1065/1065
f 1503/1503/1503 1065/1065/1065 1504/1504/1504
f 1550/1550/1550 1551/1551/1551 1535/1535/1535
f 1550/1550/1550 1535/1535/1535 1534/1534/1534
f 1552/1552/1552 1142/1142/1142 1145/1145/1145
f 1552/1552/1552 1145/1145/1145 1553/1553/1553
f 1188/1188/1188 1486/1486/1486 1430/1430/1430
f 1188/1188/1188 1430/1430/1430 1185/1185/1185
f 1505/1505/1505 1504/1504/1504 1524/1524/1524
f 1505/1505/1505 1524/1524/1524 1554/1554/1554
f 1481/1481/1481 1496/1496/1496 1092/1092/1092
f 1481/1481/1481 1092/1092/1092 1091/1091/1091
f 1491/1491/1491 1076/1076/1076 1096/1096/1096
f 1491/1491/1491 1096/1096/1096 1095/1095/1095
f 1489/1489/1489 1482/1482/1482 1106/1106/1106
f 1489/1489/1489 1106/1106/1106 1105/1105/1105
f 1516/1516/1516 1505/1505/1505 1554/1554/1554
f 1516/1516/1516 1554/1554/1554 1555/1555/1555
f 1482/1482/1482 1481/1481/1481 1091/1091/1091
f 1482/1482/1482 1091/1091/1091 1106/1106/1106
f 1109/1109/1109 1066/1066/1066 1069/1069/1069
f 1109/1109/1109 1069/1069/1069 1110/1110/1110
f 1076/1076/1076 1075/1075/1075 1096/1096/1096
f 962/962/962 1029/1029/1029 1022/1022/1022
f 962/962/962 1022/1022/1022 960/960/960
f 903/903/903 1556/1556/1556 1557/1557/1557
f 903/903/903 1557/1557/1557 904/904/904
f 1273/1273/1273 920/920/920 919/919/919
f 1273/1273/1273 919/919/919 1274/1274/1274
f 1279/1279/1279 1278/1278/1278 923/923/923
f 1279/1279/1279 923/923/923 922/922/922
f 933/933/933 934/934/934 1285/1285/1285
f 933/933/933 1285/1285/1285 1284/1284/1284
f 947/947/947 1558/1558/1558 1556/1556/1556
f 947/947/947 1556/1556/1556 903/903/903
f 948/948/948 1559/1559/1559 1558/1558/1558
f 948/948/948 1558/1558/1558 947/947/947
f 949/949/949 952/952/952 1299/1299/1299
f 949/949/949 1299/1299/1299 1298/1298/1298
f 1307/1307/1307 1306/1306/1306 962/962/962
f 1307/1307/1307 962/962/962 961/961/961
f 1287/1287/1287 966/966/966 965/965/965
f 1287/1287/1287 965/965/965 1288/1288/1288
f 1288/1288/1288 965/965/965 920/920/920
f 1288/1288/1288 920/920/920 1273/1273/1273
f 1278/1278/1278 1309/1309/1309 1312/1312/1312
f 1278/1278/1278 1312/1312/1312 923/923/923
f 1179/1179/1179 1515/1515/1515 1506/1506/1506
f 1179/1179/1179 1506/1506/1506 1180/1180/1180
f 1505/1505/1505 1516/1516/1516 1180/1180/1180
f 1505/1505/1505 1180/1180/1180 1506/1506/1506
f 967/967/967 1560/1560/1560 1561/1561/1561
f 967/967/967 1561/1561/1561 968/968/968
f 1356/1356/1356 984/984/984 983/983/983
f 1356/1356/1356 983/983/983 1357/1357/1357
f 1362/1362/1362 1361/1361/1361 987/987/987
f 1362/1362/1362 987/987/987 986/986/986
f 997/997/997 998/998/998 1368/1368/1368
f 997/997/997 1368/1368/1368 1367/1367/1367
f 1011/1011/1011 1562/1562/1562 1560/1560/1560
f 1011/1011/1011 1560/1560/1560 967/967/967
f 1012/1012/1012 1563/1563/1563 1562/1562/1562
f 1012/1012/1012 1562/1562/1562 1011/1011/1011
f 1370/1370/1370 1020/1020/1020 1019/1019/1019
f 1370/1370/1370 1019/1019/1019 1371/1371/1371
f 1371/1371/1371 1019/1019/1019 984/984/984
f 1371/1371/1371 984/984/984 1356/1356/1356
f 1469/1469/1469 1169/1169/1169 1176/1176/1176
f 1469/1469/1469 1176/1176/1176 1493/1493/1493
f 1397/1397/1397 1392/1392/1392 1564/1564/1564
f 1397/1397/1397 1564/1564/1564 1565/1565/1565
f 1437/1437/1437 1435/1435/1435 1550/1550/1550
f 1437/1437/1437 1550/1550/1550 1534/1534/1534
f 1368/1368/1368 998/998/998 1564/1564/1564
f 1368/1368/1368 1564/1564/1564 1392/1392/1392
f 1492/1492/1492 1172/1172/1172 1173/1173/1173
f 1492/1492/1492 1173/1173/1173 1440/1440/1440
f 1285/1285/1285 934/934/934 1566/1566/1566
f 1285/1285/1285 1566/1566/1566 1404/1404/1404
f 1361/1361/1361 1404/1404/1404 1566/1566/1566
f 1361/1361/1361 1566/1566/1566 987/987/987
f 1299/1299/1299 952/952/952 1027/1027/1027
f 1299/1299/1299 1027/1027/1027 1028/1028/1028
f 962/962/962 1306/1306/1306 1030/1030/1030
f 962/962/962 1030/1030/1030 1029/1029/1029
f 1417/1417/1417 1050/1050/1050 1041/1041/1041
f 1417/1417/1417 1041/1041/1041 1043/1043/1043
f 1053/1053/1053 1414/1414/1414 1042/1042/1042
f 1053/1053/1053 1042/1042/1042 1035/1035/1035
f 1054/1054/1054 1050/1050/1050 1417/1417/1417
f 1054/1054/1054 1417/1417/1417 1416/1416/1416
f 1419/1419/1419 1414/1414/1414 1053/1053/1053
f 1419/1419/1419 1053/1053/1053 1058/1058/1058
f 1429/1429/1429 1428/1428/1428 1522/1522/1522
f 1429/1429/1429 1522/1522/1522 1521/1521/1521
f 1215/1215/1215 1567/1567/1567 1568/1568/1568
f 1215/1215/1215 1568/1568/1568 1194/1194/1194
f 1214/1214/1214 1569/1569/1569 1567/1567/1567
f 1214/1214/1214 1567/1567/1567 1215/1215/1215
f 1517/1517/1517 1516/1516/1516 1555/1555/1555
f 1517/1517/1517 1555/1555/1555 1570/1570/1570
f 1435/1435/1435 1434/1434/1434 1571/1571/1571
f 1435/1435/1435 1571/1571/1571 1550/1550/1550
f 1472/1472/1472 1170/1170/1170 1166/1166/1166
f 1472/1472/1472 1166/1166/1166 1468/1468/1468
f 1334/1334/1334 1572/1572/1572 1573/1573/1573
f 1334/1334/1334 1573/1573/1573 1335/1335/1335
f 1259/1259/1259 1574/1574/1574 1575/1575/1575
f 1259/1259/1259 1575/1575/1575 1260/1260/1260
f 1260/1260/1260 1575/1575/1575 1576/1576/1576
f 1260/1260/1260 1576/1576/1576 1321/1321/1321
f 1454/1454/1454 1437/1437/1437 1534/1534/1534
f 1454/1454/1454 1534/1534/1534 1533/1533/1533
f 1468/1468/1468 1166/1166/1166 1169/1169/1169
f 1468/1468/1468 1169/1169/1169 1469/1469/1469
f 1440/1440/1440 1173/1173/1173 1075/1075/1075
f 1173/1173/1173 1120/1120/1120 1075/1075/1075
f 1190/1190/1190 1497/1497/1497 1201/1201/1201
f 1190/1190/1190 1201/1201/1201 1191/1191/1191
f 1180/1180/1180 1516/1516/1516 1136/1136/1136
f 1577/1577/1577 1578/1578/1578 1338/1338/1338
f 1577/1577/1577 1338/1338/1338 1387/1387/1387
f 1198/1198/1198 1345/1345/1345 1217/1217/1217
f 1198/1198/1198 1217/1217/1217 1199/1199/1199
f 1579/1579/1579 1577/1577/1577 1387/1387/1387
f 1579/1579/1579 1387/1387/1387 1386/1386/1386
f 1580/1580/1580 1207/1207/1207 1208/1208/1208
f 1580/1580/1580 1208/1208/1208 1346/1346/1346
f 1120/1120/1120 1119/1119/1119 1075/1075/1075
f 1119/1119/1119 1133/1133/1133 1075/1075/1075
f 1578/1578/1578 1581/1581/1581 1339/1339/1339
f 1578/1578/1578 1339/1339/1339 1338/1338/1338
f 1582/1582/1582 1240/1240/1240 1583/1583/1583
f 1582/1582/1582 1583/1583/1583 1584/1584/1584
f 1585/1585/1585 1193/1193/1193 1196/1196/1196
f 1585/1585/1585 1196/1196/1196 1586/1586/1586
f 1132/1132/1132 1126/1126/1126 1075/1075/1075
f 1541/1541/1541 1197/1197/1197 1200/1200/1200
f 1541/1541/1541 1200/1200/1200 1218/1218/1218
f 1116/1116/1116 1156/1156/1156 1159/1159/1159
f 1116/1116/1116 1159/1159/1159 1112/1112/1112
f 1504/1504/1504 1065/1065/1065 1064/1064/1064
f 1504/1504/1504 1064/1064/1064 1525/1525/1525
f 1587/1587/1587 1213/1213/1213 1216/1216/1216
f 1587/1587/1587 1216/1216/1216 1588/1588/1588
f 1588/1588/1588 1216/1216/1216 1193/1193/1193
f 1588/1588/1588 1193/1193/1193 1585/1585/1585
f 1237/1237/1237 1240/1240/1240 1582/1582/1582
f 1237/1237/1237 1582/1582/1582 1589/1589/1589
f 1244/1244/1244 1243/1243/1243 1590/1590/1590
f 1244/1244/1244 1590/1590/1590 1591/1591/1591
f 1248/1248/1248 1244/1244/1244 1591/1591/1591
f 1248/1248/1248 1591/1591/1591 1592/1592/1592
f 1593/1593/1593 1594/1594/1594 1578/1578/1578
f 1593/1593/1593 1578/1578/1578 1577/1577/1577
f 1595/1595/1595 1593/1593/1593 1577/1577/1577
f 1595/1595/1595 1577/1577/1577 1579/1579/1579
f 1596/1596/1596 1206/1206/1206 1207/1207/1207
f 1596/1596/1596 1207/1207/1207 1580/1580/1580
f 1250/1250/1250 1204/1204/1204 1206/1206/1206
f 1250/1250/1250 1206/1206/1206 1596/1596/1596
f 1243/1243/1243 1252/1252/1252 1597/1597/1597
f 1243/1243/1243 1597/1597/1597 1590/1590/1590
f 1594/1594/1594 1598/1598/1598 1581/1581/1581
f 1594/1594/1594 1581/1581/1581 1578/1578/1578
f 1599/1599/1599 1582/1582/1582 1584/1584/1584
f 1210/1210/1210 1263/1263/1263 1599/1599/1599
f 1210/1210/1210 1599/1599/1599 1584/1584/1584
f 1589/1589/1589 1582/1582/1582 1599/1599/1599
f 1589/1589/1589 1599/1599/1599 1600/1600/1600
f 1099/1099/1099 1075/1075/1075 1126/1126/1126
f 1194/1194/1194 1568/1568/1568 1601/1601/1601
f 1194/1194/1194 1601/1601/1601 1195/1195/1195
f 1097/1097/1097 1075/1075/1075 1099/1099/1099
f 1096/1096/1096 1075/1075/1075 1097/1097/1097
f 1136/1136/1136 1516/1516/1516 1519/1519/1519
f 1136/1136/1136 1519/1519/1519 1137/1137/1137
f 1600/1600/1600 1599/1599/1599 1263/1263/1263
f 1600/1600/1600 1263/1263/1263 1393/1393/1393
f 1602/1602/1602 1603/1603/1603 286/286/286
f 1602/1602/1602 286/286/286 285/285/285
f 553/553/553 1604/1604/1604 1602/1602/1602
f 553/553/553 1602/1602/1602 551/551/551
f 549/549/549 1602/1602/1602 285/285/285
f 549/549/549 285/285/285 240/240/240
f 549/549/549 551/551/551 1602/1602/1602
f 1118/1118/1118 1130/1130/1130 1133/1133/1133
f 1118/1118/1118 1133/1133/1133 1119/1119/1119
f 1605/1605/1605 624/624/624 393/393/393
f 1605/1605/1605 393/393/393 392/392/392
f 601/601/601 603/603/603 624/624/624
f 601/601/601 624/624/624 1606/1606/1606
f 1529/1529/1529 1520/1520/1520 1523/1523/1523
f 1529/1529/1529 1523/1523/1523 1607/1607/1607
f 553/553/553 555/555/555 627/627/627
f 553/553/553 627/627/627 1604/1604/1604
f 601/601/601 1606/1606/1606 627/627/627
f 601/601/601 627/627/627 599/599/599
f 1608/1608/1608 1551/1551/1551 1550/1550/1550
f 1608/1608/1608 1550/1550/1550 1571/1571/1571
f 928/928/928 926/926/926 1602/1602/1602
f 928/928/928 1602/1602/1602 1604/1604/1604
f 924/924/924 1602/1602/1602 926/926/926
f 1238/1238/1238 1189/1189/1189 1192/1192/1192
f 1238/1238/1238 1192/1192/1192 1239/1239/1239
f 1584/1584/1584 1609/1609/1609 1211/1211/1211
f 1584/1584/1584 1211/1211/1211 1210/1210/1210
f 1605/1605/1605 1565/1565/1565 1564/1564/1564
f 1605/1605/1605 1564/1564/1564 624/624/624
f 1113/1113/1113 1081/1081/1081 1084/1084/1084
f 1113/1113/1113 1084/1084/1084 1121/1121/1121
f 996/996/996 624/624/624 1564/1564/1564
f 996/996/996 1564/1564/1564 998/998/998
f 992/992/992 1606/1606/1606 624/624/624
f 992/992/992 624/624/624 994/994/994
f 994/994/994 624/624/624 996/996/996
f 932/932/932 627/627/627 1566/1566/1566
f 932/932/932 1566/1566/1566 934/934/934
f 928/928/928 1604/1604/1604 627/627/627
f 928/928/928 627/627/627 930/930/930
f 930/930/930 627/627/627 932/932/932
f 992/992/992 990/990/990 627/627/627
f 992/992/992 627/627/627 1606/1606/1606
f 988/988/988 987/987/987 1566/1566/1566
f 988/988/988 1566/1566/1566 627/627/627
f 988/988/988 627/627/627 990/990/990
f 1602/1602/1602 1312/1312/1312 1311/1311/1311
f 1602/1602/1602 1311/1311/1311 1603/1603/1603
f 924/924/924 923/923/923 1312/1312/1312
f 924/924/924 1312/1312/1312 1602/1602/1602
f 1067/1067/1067 1134/1134/1134 1137/1137/1137
f 1067/1067/1067 1137/1137/1137 1068/1068/1068
f 488/488/488 472/472/472 529/529/529
f 464/464/464 467/467/467 470/470/470
f 464/464/464 470/470/470 1610/1610/1610
f 62/62/62 61/61/61 420/420/420
f 62/62/62 420/420/420 419/419/419
f 61/61/61 60/60/60 58/58/58
f 61/61/61 58/58/58 57/57/57
f 678/678/678 682/682/682 683/683/683
f 678/678/678 683/683/683 679/679/679
f 8/8/8 7/7/7 680/680/680
f 8/8/8 680/680/680 77/77/77
f 1611/1611/1611 1612/1612/1612 415/415/415
f 1611/1611/1611 415/415/415 414/414/414
f 465/465/465 1613/1613/1613 1614/1614/1614
f 465/465/465 1614/1614/1614 466/466/466
f 410/410/410 1615/1615/1615 1616/1616/1616
f 410/410/410 1616/1616/1616 411/411/411
f 900/900/900 483/483/483 478/478/478
f 900/900/900 478/478/478 901/901/901
f 1617/1617/1617 1061/1061/1061 477/477/477
f 1617/1617/1617 477/477/477 489/489/489
f 478/478/478 477/477/477 1061/1061/1061
f 478/478/478 1061/1061/1061 901/901/901
f 1618/1618/1618 496/496/496 499/499/499
f 1618/1618/1618 499/499/499 1619/1619/1619
f 522/522/522 505/505/505 504/504/504
f 522/522/522 504/504/504 1620/1620/1620
f 676/676/676 851/851/851 850/850/850
f 676/676/676 850/850/850 681/681/681
f 851/851/851 676/676/676 677/677/677
f 851/851/851 677/677/677 1059/1059/1059
f 1617/1617/1617 858/858/858 861/861/861
f 1617/1617/1617 861/861/861 1061/1061/1061
f 479/479/479 852/852/852 855/855/855
f 479/479/479 855/855/855 480/480/480
f 1618/1618/1618 1619/1619/1619 873/873/873
f 1618/1618/1618 873/873/873 872/872/872
f 875/875/875 665/665/665 664/664/664
f 875/875/875 664/664/664 876/876/876
f 1143/1143/1143 786/786/786 785/785/785
f 1143/1143/1143 785/785/785 1144/1144/1144
f 804/804/804 807/807/807 1152/1152/1152
f 804/804/804 1152/1152/1152 1151/1151/1151
f 1071/1071/1071 842/842/842 841/841/841
f 1071/1071/1071 841/841/841 1165/1165/1165
f 825/825/825 1177/1177/1177 1178/1178/1178
f 825/825/825 1178/1178/1178 844/844/844
f 723/723/723 725/725/725 1063/1063/1063
f 723/723/723 1063/1063/1063 1062/1062/1062
f 845/845/845 1174/1174/1174 1165/1165/1165
f 845/845/845 1165/1165/1165 841/841/841
f 846/846/846 842/842/842 1071/1071/1071
f 846/846/846 1071/1071/1071 1070/1070/1070
f 1062/1062/1062 1123/1123/1123 794/794/794
f 1062/1062/1062 794/794/794 723/723/723
f 1621/1621/1621 1308/1308/1308 1187/1187/1187
f 1621/1621/1621 1187/1187/1187 1441/1441/1441
f 1529/1529/1529 1607/1607/1607 1499/1499/1499
f 1529/1529/1529 1499/1499/1499 1498/1498/1498
f 5/5/5 1202/1202/1202 1246/1246/1246
f 5/5/5 1246/1246/1246 6/6/6
f 1616/1616/1616 1325/1325/1325 1326/1326/1326
f 1616/1616/1616 1326/1326/1326 1622/1622/1622
f 1402/1402/1402 1325/1325/1325 1616/1616/1616
f 1402/1402/1402 1616/1616/1616 1615/1615/1615
f 1202/1202/1202 5/5/5 471/471/471
f 1202/1202/1202 471/471/471 1203/1203/1203
f 465/465/465 1341/1341/1341 1446/1446/1446
f 465/465/465 1446/1446/1446 1613/1613/1613
f 1611/1611/1611 1447/1447/1447 1448/1448/1448
f 1611/1611/1611 1448/1448/1448 1612/1612/1612
f 1341/1341/1341 465/465/465 464/464/464
f 1405/1405/1405 1342/1342/1342 1341/1341/1341
f 464/464/464 1405/1405/1405 1341/1341/1341
f 1484/1484/1484 1478/1478/1478 58/58/58
f 1484/1484/1484 58/58/58 60/60/60
f 1466/1466/1466 1530/1530/1530 1529/1529/1529
f 1498/1498/1498 1461/1461/1461 1466/1466/1466
f 1529/1529/1529 1498/1498/1498 1466/1466/1466
f 464/464/464 1610/1610/1610 1406/1406/1406
f 464/464/464 1406/1406/1406 1405/1405/1405
f 55/55/55 58/58/58 1478/1478/1478
f 55/55/55 1478/1478/1478 1477/1477/1477
f 59/59/59 1483/1483/1483 1484/1484/1484
f 59/59/59 1484/1484/1484 60/60/60
f 1530/1530/1530 1466/1466/1466 1465/1465/1465
f 1530/1530/1530 1465/1465/1465 1623/1623/1623
f 1584/1584/1584 1583/1583/1583 1518/1518/1518
f 1584/1584/1584 1518/1518/1518 1517/1517/1517
f 1181/1181/1181 1184/1184/1184 1551/1551/1551
f 1181/1181/1181 1551/1551/1551 1608/1608/1608
f 1621/1621/1621 1532/1532/1532 1535/1535/1535
f 1621/1621/1621 1535/1535/1535 1308/1308/1308
f 1517/1517/1517 1570/1570/1570 1609/1609/1609
f 1517/1517/1517 1609/1609/1609 1584/1584/1584
f 1551/1551/1551 1184/1184/1184 1308/1308/1308
f 1551/1551/1551 1308/1308/1308 1535/1535/1535
f 1500/1500/1500 1501/1501/1501 1573/1573/1573
f 1500/1500/1500 1573/1573/1573 1572/1572/1572
f 1530/1530/1530 1623/1623/1623 1624/1624/1624
f 1530/1530/1530 1624/1624/1624 1531/1531/1531
f 1574/1574/1574 1540/1540/1540 1539/1539/1539
f 1574/1574/1574 1539/1539/1539 1575/1575/1575
f 70/70/70 69/69/69 64/64/64
f 70/70/70 64/64/64 63/63/63
f 1625/1625/1625 1626/1626/1626 1627/1627/1627
f 1625/1625/1625 1627/1627/1627 1628/1628/1628
f 1629/1629/1629 1630/1630/1630 1626/1626/1626
f 1629/1629/1629 1626/1626/1626 1625/1625/1625
f 1631/1631/1631 1632/1632/1632 1630/1630/1630
f 1631/1631/1631 1630/1630/1630 1629/1629/1629
f 1633/1633/1633 1634/1634/1634 1632/1632/1632
f 1633/1633/1633 1632/1632/1632 1631/1631/1631
f 1635/1635/1635 1636/1636/1636 1634/1634/1634
f 1635/1635/1635 1634/1634/1634 1633/1633/1633
f 12/12/12 11/11/11 1636/1636/1636
f 12/12/12 1636/1636/1636 1635/1635/1635
f 1628/1628/1628 1627/1627/1627 2/2/2
f 1628/1628/1628 2/2/2 1/1/1
f 1627/1627/1627 1626/1626/1626 679/679/679
f 1627/1627/1627 679/679/679 683/683/683
f 404/404/404 681/681/681 1627/1627/1627
f 404/404/404 1627/1627/1627 683/683/683
f 1627/1627/1627 681/681/681 850/850/850
f 1627/1627/1627 850/850/850 2/2/2
f 3/3/3 2/2/2 850/850/850
f 3/3/3 850/850/850 849/849/849
f 679/679/679 1626/1626/1626 382/382/382
f 679/679/679 382/382/382 315/315/315
f 1626/1626/1626 1630/1630/1630 471/471/471
f 1626/1626/1626 471/471/471 382/382/382
f 1632/1632/1632 1203/1203/1203 471/471/471
f 1632/1632/1632 471/471/471 1630/1630/1630
f 1191/1191/1191 1203/1203/1203 1632/1632/1632
f 1191/1191/1191 1632/1632/1632 1192/1192/1192
f 1632/1632/1632 1634/1634/1634 1239/1239/1239
f 1632/1632/1632 1239/1239/1239 1192/1192/1192
f 1239/1239/1239 1634/1634/1634 1583/1583/1583
f 1239/1239/1239 1583/1583/1583 1240/1240/1240
f 1634/1634/1634 1636/1636/1636 1518/1518/1518
f 1634/1634/1634 1518/1518/1518 1583/1583/1583
f 11/11/11 1519/1519/1519 1518/1518/1518
f 11/11/11 1518/1518/1518 1636/1636/1636
f 1519/1519/1519 11/11/11 1068/1068/1068
f 1519/1519/1519 1068/1068/1068 1137/1137/1137
f 11/11/11 10/10/10 1069/1069/1069
f 11/11/11 1069/1069/1069 1068/1068/1068
f 1110/1110/1110 1069/1069/1069 10/10/10
f 1110/1110/1110 10/10/10 1123/1123/1123
f 10/10/10 64/64/64 794/794/794
f 10/10/10 794/794/794 1123/1123/1123
f 69/69/69 698/698/698 794/794/794
f 69/69/69 794/794/794 64/64/64
f 686/686/686 698/698/698 69/69/69
f 686/686/686 69/69/69 687/687/687
f 69/69/69 3/3/3 737/737/737
f 69/69/69 737/737/737 687/687/687
f 738/738/738 737/737/737 3/3/3
f 738/738/738 3/3/3 849/849/849
f 81/81/81 80/80/80 1637/1637/1637
f 85/85/85 84/84/84 1637/1637/1637
f 84/84/84 87/87/87 1637/1637/1637
f 89/89/89 81/81/81 1637/1637/1637
f 80/80/80 85/85/85 1637/1637/1637
f 93/93/93 92/92/92 1637/1637/1637
f 95/95/95 93/93/93 1637/1637/1637
f 97/97/97 95/95/95 1637/1637/1637
f 99/99/99 97/97/97 1637/1637/1637
f 101/101/101 99/99/99 1637/1637/1637
f 87/87/87 101/101/101 1637/1637/1637
f 92/92/92 89/89/89 1637/1637/1637
f 1638/1638/1638 411/411/411 1616/1616/1616
f 1638/1638/1638 1616/1616/1616 1622/1622/1622
f 411/411/411 1638/1638/1638 1639/1639/1639
f 411/411/411 1639/1639/1639 412/412/412
f 674/674/674 412/412/412 1639/1639/1639
f 674/674/674 1639/1639/1639 1640/1640/1640
f 656/656/656 1641/1641/1641 1642/1642/1642
f 656/656/656 1642/1642/1642 652/652/652
f 653/653/653 652/652/652 1642/1642/1642
f 653/653/653 1642/1642/1642 1643/1643/1643
f 653/653/653 1643/1643/1643 1644/1644/1644
f 653/653/653 1644/1644/1644 664/664/664
f 1645/1645/1645 876/876/876 664/664/664
f 1645/1645/1645 664/664/664 1644/1644/1644
f 1645/1645/1645 1646/1646/1646 757/757/757
f 1645/1645/1645 757/757/757 876/876/876
f 1646/1646/1646 1647/1647/1647 758/758/758
f 1646/1646/1646 758/758/758 757/757/757
f 1648/1648/1648 1649/1649/1649 800/800/800
f 1648/1648/1648 800/800/800 799/799/799
f 1649/1649/1649 1650/1650/1650 784/784/784
f 1649/1649/1649 784/784/784 800/800/800
f 1650/1650/1650 1651/1651/1651 785/785/785
f 1650/1650/1650 785/785/785 784/784/784
f 1652/1652/1652 1144/1144/1144 785/785/785
f 1652/1652/1652 785/785/785 1651/1651/1651
f 1652/1652/1652 1653/1653/1653 1145/1145/1145
f 1652/1652/1652 1145/1145/1145 1144/1144/1144
f 1653/1653/1653 1654/1654/1654 1553/1553/1553
f 1653/1653/1653 1553/1553/1553 1145/1145/1145
f 1655/1655/1655 1656/1656/1656 1510/1510/1510
f 1655/1655/1655 1510/1510/1510 1514/1514/1514
f 1656/1656/1656 1657/1657/1657 1511/1511/1511
f 1656/1656/1656 1511/1511/1511 1510/1510/1510
f 1511/1511/1511 1657/1657/1657 1658/1658/1658
f 1511/1511/1511 1658/1658/1658 1539/1539/1539
f 1576/1576/1576 1575/1575/1575 1539/1539/1539
f 1576/1576/1576 1539/1539/1539 1658/1658/1658
f 506/506/506 466/466/466 1614/1614/1614
f 506/506/506 1614/1614/1614 671/671/671
f 516/516/516 427/427/427 430/430/430
f 430/430/430 466/466/466 506/506/506
f 430/430/430 506/506/506 516/516/516
f 1344/1344/1344 1429/1429/1429 1521/1521/1521
f 1521/1521/1521 1531/1531/1531 1318/1318/1318
f 1521/1521/1521 1318/1318/1318 1344/1344/1344
f 1318/1318/1318 1531/1531/1531 1624/1624/1624
f 1318/1318/1318 1624/1624/1624 1319/1319/1319
f 479/479/479 522/522/522 867/867/867
f 867/867/867 853/853/853 852/852/852
f 867/867/867 852/852/852 479/479/479
f 522/522/522 1620/1620/1620 874/874/874
f 522/522/522 874/874/874 867/867/867
f 801/801/801 803/803/803 1148/1148/1148
f 801/801/801 1148/1148/1148 1147/1147/1147
f 825/825/825 801/801/801 1147/1147/1147
f 1147/1147/1147 1163/1163/1163 1177/1177/1177
f 1147/1147/1147 1177/1177/1177 825/825/825
f 416/416/416 415/415/415 410/410/410
f 416/416/416 410/410/410 409/409/409
f 498/498/498 651/651/651 654/654/654
f 498/498/498 654/654/654 499/499/499
f 498/498/498 670/670/670 655/655/655
f 498/498/498 655/655/655 651/651/651
f 499/499/499 654/654/654 665/665/665
f 499/499/499 665/665/665 1619/1619/1619
f 668/668/668 416/416/416 409/409/409
f 668/668/668 409/409/409 673/673/673
f 772/772/772 771/771/771 756/756/756
f 772/772/772 756/756/756 755/755/755
f 806/806/806 783/783/783 786/786/786
f 806/806/806 786/786/786 807/807/807
f 768/768/768 767/767/767 798/798/798
f 768/768/768 798/798/798 797/797/797
f 768/768/768 797/797/797 783/783/783
f 768/768/768 783/783/783 806/806/806
f 771/771/771 873/873/873 875/875/875
f 771/771/771 875/875/875 756/756/756
f 1153/1153/1153 1152/1152/1152 1143/1143/1143
f 1153/1153/1153 1143/1143/1143 1142/1142/1142
f 1336/1336/1336 1335/1335/1335 1259/1259/1259
f 1336/1336/1336 1259/1259/1259 1258/1258/1258
f 1332/1332/1332 1331/1331/1331 1401/1401/1401
f 1332/1332/1332 1401/1401/1401 1400/1400/1400
f 1332/1332/1332 1400/1400/1400 1402/1402/1402
f 1332/1332/1332 1402/1402/1402 1448/1448/1448
f 1457/1457/1457 1509/1509/1509 1512/1512/1512
f 1457/1457/1457 1512/1512/1512 1458/1458/1458
f 1457/1457/1457 1548/1548/1548 1513/1513/1513
f 1457/1457/1457 1513/1513/1513 1509/1509/1509
f 1458/1458/1458 1512/1512/1512 1540/1540/1540
f 1458/1458/1458 1540/1540/1540 1501/1501/1501
f 1546/1546/1546 1153/1153/1153 1142/1142/1142
f 1546/1546/1546 1142/1142/1142 1552/1552/1552
f 1335/1335/1335 1573/1573/1573 1574/1574/1574
f 1335/1335/1335 1574/1574/1574 1259/1259/1259
f 415/415/415 1612/1612/1612 1615/1615/1615
f 415/415/415 1615/1615/1615 410/410/410
f 873/873/873 1619/1619/1619 665/665/665
f 873/873/873 665/665/665 875/875/875
f 1152/1152/1152 807/807/807 786/786/786
f 1152/1152/1152 786/786/786 1143/1143/1143
f 1448/1448/1448 1402/1402/1402 1615/1615/1615
f 1448/1448/1448 1615/1615/1615 1612/1612/1612
f 1573/1573/1573 1501/1501/1501 1540/1540/1540
f 1573/1573/1573 1540/1540/1540 1574/1574/1574
