v 0.287280797958374 0.23038707673549652 0.24564065039157867
v 0.287280797958374 0.2305339127779007 0.24564065039157867
v 0.28956344723701477 0.2305339127779007 0.24625228345394135
v 0.28956344723701477 0.23038707673549652 0.24625228345394135
v 0.28956344723701477 0.23038707673549652 0.24625228345394135
v 0.28956344723701477 0.2305339127779007 0.24625228345394135
v 0.29123446345329285 0.2305339127779007 0.24792329967021942
v 0.29123446345329285 0.23038707673549652 0.24792329967021942
v 0.2918460965156555 0.2305339127779007 0.25020596385002136
v 0.2918460965156555 0.23038707673549652 0.25020596385002136
v 0.29123446345329285 0.2305339127779007 0.2524886131286621
v 0.29123446345329285 0.23038707673549652 0.2524886131286621
v 0.28956344723701477 0.2305339127779007 0.2541596293449402
v 0.28956344723701477 0.23038707673549652 0.2541596293449402
v 0.28956344723701477 0.23038707673549652 0.2541596293449402
v 0.28956344723701477 0.2305339127779007 0.2541596293449402
v 0.287280797958374 0.2305339127779007 0.25477126240730286
v 0.287280797958374 0.23038707673549652 0.25477126240730286
v 0.287280797958374 0.23986968398094177 0.25477126240730286
v 0.287280797958374 0.24027703702449799 0.25477126240730286
v 0.29108521342277527 0.24027703702449799 0.255790650844574
v 0.29108521342277527 0.23986968398094177 0.255790650844574
v 0.2938702404499054 0.24027703702449799 0.2585756778717041
v 0.2938702404499054 0.23986968398094177 0.2585756778717041
v 0.2938702404499054 0.23986968398094177 0.2585756778717041
v 0.2938702404499054 0.24027703702449799 0.2585756778717041
v 0.2948896288871765 0.24027703702449799 0.26238009333610535
v 0.2948896288871765 0.23986968398094177 0.26238009333610535
v 0.2938702404499054 0.24027703702449799 0.2661845088005066
v 0.2938702404499054 0.23986968398094177 0.2661845088005066
v 0.29108521342277527 0.24027703702449799 0.2689695358276367
v 0.29108521342277527 0.23986968398094177 0.2689695358276367
v 0.29108521342277527 0.23986968398094177 0.2689695358276367
v 0.29108521342277527 0.24027703702449799 0.2689695358276367
v 0.287280797958374 0.24027703702449799 0.26998892426490784
v 0.287280797958374 0.23986968398094177 0.26998892426490784
v 0.29108521342277527 0.23510302603244781 0.2689695358276367
v 0.287280797958374 0.23510302603244781 0.26998892426490784
v 0.287280797958374 0.23510302603244781 0.27034902572631836
v 0.2912652790546417 0.23510302603244781 0.26928138732910156
v 0.2938702404499054 0.23510302603244781 0.2661845088005066
v 0.29418209195137024 0.23510302603244781 0.26636454463005066
v 0.2948896288871765 0.23510302603244781 0.26238009333610535
v 0.29524973034858704 0.23510302603244781 0.26238009333610535
v 0.2938702404499054 0.23510302603244781 0.2585756778717041
v 0.29418209195137024 0.23510302603244781 0.25839561223983765
v 0.29108521342277527 0.23510302603244781 0.255790650844574
v 0.2912652790546417 0.23510302603244781 0.25547879934310913
v 0.287280797958374 0.23510302603244781 0.25477126240730286
v 0.287280797958374 0.23510302603244781 0.25441116094589233
v 0.2938702404499054 0.23510302603244781 0.2661845088005066
v 0.2938702404499054 0.23551037907600403 0.2661845088005066
v 0.29108521342277527 0.23551037907600403 0.2689695358276367
v 0.29108521342277527 0.23510302603244781 0.2689695358276367
v 0.2948896288871765 0.23551037907600403 0.26238009333610535
v 0.2948896288871765 0.23510302603244781 0.26238009333610535
v 0.2938702404499054 0.23551037907600403 0.2585756778717041
v 0.2938702404499054 0.23510302603244781 0.2585756778717041
v 0.29108521342277527 0.23551037907600403 0.255790650844574
v 0.2938702404499054 0.23551037907600403 0.2585756778717041
v 0.29108521342277527 0.23510302603244781 0.255790650844574
v 0.2938702404499054 0.23510302603244781 0.2585756778717041
v 0.287280797958374 0.23551037907600403 0.25477126240730286
v 0.287280797958374 0.23510302603244781 0.25477126240730286
v 0.287280797958374 0.24027703702449799 0.26998892426490784
v 0.29108521342277527 0.24027703702449799 0.2689695358276367
v 0.29081928730010986 0.24027703702449799 0.2685089111328125
v 0.287280797958374 0.24027703702449799 0.269457072019577
v 0.2938702404499054 0.24027703702449799 0.2661845088005066
v 0.29340964555740356 0.24027703702449799 0.2659185826778412
v 0.2948896288871765 0.24027703702449799 0.26238009333610535
v 0.2943577766418457 0.24027703702449799 0.26238009333610535
v 0.2938702404499054 0.24027703702449799 0.2585756778717041
v 0.29340964555740356 0.24027703702449799 0.2588416039943695
v 0.29108521342277527 0.24027703702449799 0.255790650844574
v 0.29081928730010986 0.24027703702449799 0.2562512457370758
v 0.287280797958374 0.24027703702449799 0.25477126240730286
v 0.287280797958374 0.24027703702449799 0.25530311465263367
v 0.29108521342277527 0.23510302603244781 0.2689695358276367
v 0.29108521342277527 0.23551037907600403 0.2689695358276367
v 0.287280797958374 0.23551037907600403 0.26998892426490784
v 0.287280797958374 0.23510302603244781 0.26998892426490784
v 0.2989922761917114 0.23475557565689087 0.27455422282218933
v 0.2989922761917114 0.23510302603244781 0.27455422282218933
v 0.287280797958374 0.23510302603244781 0.27455422282218933
v 0.287280797958374 0.23475557565689087 0.27455422282218933
v 0.2989922761917114 0.23510302603244781 0.27415433526039124
v 0.287280797958374 0.23510302603244781 0.27415433526039124
v 0.287280797958374 0.23510302603244781 0.27455422282218933
v 0.2989922761917114 0.23510302603244781 0.27455422282218933
v 0.299454927444458 0.23475557565689087 0.27415433526039124
v 0.299454927444458 0.23510302603244781 0.27415433526039124
v 0.299454927444458 0.23510302603244781 0.27455422282218933
v 0.299454927444458 0.23475557565689087 0.27455422282218933
v 0.299454927444458 0.23475557565689087 0.25020596385002136
v 0.299454927444458 0.23510302603244781 0.25020596385002136
v 0.299454927444458 0.23510302603244781 0.26238009333610535
v 0.299454927444458 0.23475557565689087 0.26238009333610535
v 0.299454927444458 0.22536371648311615 0.27415433526039124
v 0.299454927444458 0.22536371648311615 0.27455422282218933
v 0.2989922761917114 0.22536371648311615 0.27455422282218933
v 0.2989922761917114 0.22536371648311615 0.27415433526039124
v 0.299454927444458 0.23475557565689087 0.27455422282218933
v 0.299454927444458 0.23510302603244781 0.27455422282218933
v 0.299454927444458 0.23510302603244781 0.27415433526039124
v 0.299454927444458 0.23510302603244781 0.27455422282218933
v 0.299454927444458 0.23510302603244781 0.26238009333610535
v 0.2989922761917114 0.23510302603244781 0.26238009333610535
v 0.299454927444458 0.22536371648311615 0.27415433526039124
v 0.299454927444458 0.22571119666099548 0.27415433526039124
v 0.299454927444458 0.22571119666099548 0.27455422282218933
v 0.299454927444458 0.22536371648311615 0.27455422282218933
v 0.299454927444458 0.22536371648311615 0.27455422282218933
v 0.299454927444458 0.22571119666099548 0.27455422282218933
v 0.2989922761917114 0.22571119666099548 0.27455422282218933
v 0.2989922761917114 0.22536371648311615 0.27455422282218933
v 0.287280797958374 0.22536371648311615 0.269959419965744
v 0.294477641582489 0.22536371648311615 0.269959419965744
v 0.2948564291000366 0.22536371648311615 0.269959419965744
v 0.287280797958374 0.22536371648311615 0.27415433526039124
v 0.287280797958374 0.22571119666099548 0.27455422282218933
v 0.2948564291000366 0.22536371648311615 0.26238033175468445
v 0.2989922761917114 0.22536371648311615 0.26238009333610535
v 0.2948564291000366 0.22536371648311615 0.2695804536342621
v 0.2989922761917114 0.22571119666099548 0.2258576899766922
v 0.2989922761917114 0.23475557565689087 0.2258576899766922
v 0.299454927444458 0.23475557565689087 0.2258576899766922
v 0.299454927444458 0.22571119666099548 0.2258576899766922
v 0.287280797958374 0.22536371648311615 0.27455422282218933
v 0.287280797958374 0.23986968398094177 0.2304229885339737
v 0.287280797958374 0.24027703702449799 0.2304229885339737
v 0.29108521342277527 0.24027703702449799 0.2314423769712448
v 0.29108521342277527 0.23986968398094177 0.2314423769712448
v 0.29108521342277527 0.23986968398094177 0.2314423769712448
v 0.29108521342277527 0.24027703702449799 0.2314423769712448
v 0.2938702404499054 0.24027703702449799 0.23422740399837494
v 0.2938702404499054 0.23986968398094177 0.23422740399837494
v 0.2948896288871765 0.24027703702449799 0.23803181946277618
v 0.2948896288871765 0.23986968398094177 0.23803181946277618
v 0.2938702404499054 0.24027703702449799 0.24183623492717743
v 0.2938702404499054 0.23986968398094177 0.24183623492717743
v 0.29108521342277527 0.24027703702449799 0.24462126195430756
v 0.29108521342277527 0.23986968398094177 0.24462126195430756
v 0.29108521342277527 0.23986968398094177 0.24462126195430756
v 0.29108521342277527 0.24027703702449799 0.24462126195430756
v 0.287280797958374 0.24027703702449799 0.24564065039157867
v 0.287280797958374 0.23986968398094177 0.24564065039157867
v 0.29108521342277527 0.23510302603244781 0.24462126195430756
v 0.287280797958374 0.23510302603244781 0.24564065039157867
v 0.287280797958374 0.23510302603244781 0.2460007518529892
v 0.2912652790546417 0.23510302603244781 0.2449331134557724
v 0.2938702404499054 0.23510302603244781 0.24183623492717743
v 0.29418209195137024 0.23510302603244781 0.2420162856578827
v 0.2948896288871765 0.23510302603244781 0.23803181946277618
v 0.29524973034858704 0.23510302603244781 0.23803181946277618
v 0.2938702404499054 0.23510302603244781 0.23422740399837494
v 0.29418209195137024 0.23510302603244781 0.23404735326766968
v 0.29108521342277527 0.23510302603244781 0.2314423769712448
v 0.2912652790546417 0.23510302603244781 0.23113052546977997
v 0.287280797958374 0.23510302603244781 0.2304229885339737
v 0.287280797958374 0.23510302603244781 0.23006288707256317
v 0.2938702404499054 0.23510302603244781 0.24183623492717743
v 0.2938702404499054 0.23551037907600403 0.24183623492717743
v 0.29108521342277527 0.23551037907600403 0.24462126195430756
v 0.29108521342277527 0.23510302603244781 0.24462126195430756
v 0.2948896288871765 0.23551037907600403 0.23803181946277618
v 0.2948896288871765 0.23510302603244781 0.23803181946277618
v 0.2938702404499054 0.23551037907600403 0.23422740399837494
v 0.2938702404499054 0.23510302603244781 0.23422740399837494
v 0.29108521342277527 0.23551037907600403 0.2314423769712448
v 0.29108521342277527 0.23510302603244781 0.2314423769712448
v 0.287280797958374 0.23551037907600403 0.2304229885339737
v 0.29108521342277527 0.23551037907600403 0.2314423769712448
v 0.287280797958374 0.23510302603244781 0.2304229885339737
v 0.29108521342277527 0.23510302603244781 0.2314423769712448
v 0.2938702404499054 0.24027703702449799 0.24183623492717743
v 0.2948896288871765 0.24027703702449799 0.23803181946277618
v 0.2943577766418457 0.24027703702449799 0.23803181946277618
v 0.29340964555740356 0.24027703702449799 0.24157030880451202
v 0.29108521342277527 0.23510302603244781 0.24462126195430756
v 0.29108521342277527 0.23551037907600403 0.24462126195430756
v 0.287280797958374 0.23551037907600403 0.24564065039157867
v 0.287280797958374 0.23510302603244781 0.24564065039157867
v 0.2989922761917114 0.23510302603244781 0.2258576899766922
v 0.299454927444458 0.23510302603244781 0.2258576899766922
v 0.299454927444458 0.23475557565689087 0.2262575924396515
v 0.299454927444458 0.23510302603244781 0.2262575924396515
v 0.299454927444458 0.23510302603244781 0.23803183436393738
v 0.299454927444458 0.23475557565689087 0.23803181946277618
v 0.287280797958374 0.23475557565689087 0.2258576899766922
v 0.287280797958374 0.23510302603244781 0.2258576899766922
v 0.299454927444458 0.23510302603244781 0.2262575924396515
v 0.2989922761917114 0.23510302603244781 0.2262575924396515
v 0.2989922761917114 0.23510302603244781 0.23803183436393738
v 0.299454927444458 0.23510302603244781 0.23803183436393738
v 0.2989922761917114 0.22536371648311615 0.2258576899766922
v 0.299454927444458 0.22536371648311615 0.2258576899766922
v 0.299454927444458 0.22536371648311615 0.2262575775384903
v 0.2989922761917114 0.22536371648311615 0.2262575775384903
v 0.2989922761917114 0.23510302603244781 0.2258576899766922
v 0.287280797958374 0.23510302603244781 0.2258576899766922
v 0.287280797958374 0.23510302603244781 0.2262575924396515
v 0.299454927444458 0.23475557565689087 0.2258576899766922
v 0.299454927444458 0.23510302603244781 0.2258576899766922
v 0.299454927444458 0.23510302603244781 0.2258576899766922
v 0.287280797958374 0.22571119666099548 0.2258576899766922
v 0.2989922761917114 0.22536371648311615 0.2258576899766922
v 0.299454927444458 0.22536371648311615 0.2258576899766922
v 0.299454927444458 0.22571119666099548 0.2258576899766922
v 0.299454927444458 0.22571119666099548 0.2262575924396515
v 0.299454927444458 0.22536371648311615 0.2258576899766922
v 0.299454927444458 0.22536371648311615 0.2262575775384903
v 0.2948564291000366 0.22536371648311615 0.2308318018913269
v 0.2948564291000366 0.22536371648311615 0.2380319982767105
v 0.2945852279663086 0.22536371648311615 0.2380320131778717
v 0.2945852279663086 0.22536371648311615 0.2310931384563446
v 0.294477641582489 0.22536371648311615 0.23045283555984497
v 0.2948564291000366 0.22536371648311615 0.23045283555984497
v 0.2945852279663086 0.22536371648311615 0.2307279407978058
v 0.2942200005054474 0.22536371648311615 0.2307279407978058
v 0.287280797958374 0.22536371648311615 0.27455422282218933
v 0.2989922761917114 0.22536371648311615 0.23803181946277618
v 0.2989922761917114 0.22536371648311615 0.2502059042453766
v 0.299454927444458 0.22536371648311615 0.25020596385002136
v 0.299454927444458 0.22536371648311615 0.26238009333610535
v 0.299454927444458 0.23510302603244781 0.25020596385002136
v 0.2989922761917114 0.23510302603244781 0.25020596385002136
v 0.299454927444458 0.22536371648311615 0.25020596385002136
v 0.299454927444458 0.22571119666099548 0.25020596385002136
v 0.299454927444458 0.22571119666099548 0.26238009333610535
v 0.299454927444458 0.22536371648311615 0.26238009333610535
v 0.287280797958374 0.23510302603244781 0.25020596385002136
v 0.2948564291000366 0.22536371648311615 0.2562931180000305
v 0.2945852279663086 0.22536371648311615 0.26238036155700684
v 0.2945852279663086 0.22536371648311615 0.2562931180000305
v 0.299454927444458 0.22536371648311615 0.23803181946277618
v 0.299454927444458 0.22536371648311615 0.23803181946277618
v 0.299454927444458 0.22571119666099548 0.23803181946277618
v 0.2948564291000366 0.22536371648311615 0.24411894381046295
v 0.2948564291000366 0.22536371648311615 0.2502059042453766
v 0.2945852279663086 0.22536371648311615 0.2502059042453766
v 0.2945852279663086 0.22536371648311615 0.24411895871162415
v 0.28981462121009827 0.24027703702449799 0.26676878333091736
v 0.287280797958374 0.24027703702449799 0.26744771003723145
v 0.29166948795318604 0.24027703702449799 0.2649139165878296
v 0.2923484444618225 0.24027703702449799 0.26238009333610535
v 0.29166948795318604 0.24027703702449799 0.2598462700843811
v 0.28981462121009827 0.24027703702449799 0.25799140334129333
v 0.287280797958374 0.24027703702449799 0.25731244683265686
v 0.29081928730010986 0.24027703702449799 0.24416065216064453
v 0.28981462121009827 0.24027703702449799 0.2424205243587494
v 0.287280797958374 0.24027703702449799 0.24309945106506348
v 0.287280797958374 0.24027703702449799 0.24510878324508667
v 0.29081928730010986 0.24027703702449799 0.23190298676490784
v 0.28981462121009827 0.24027703702449799 0.23364311456680298
v 0.29166948795318604 0.24027703702449799 0.23549799621105194
v 0.29340964555740356 0.24027703702449799 0.23449333012104034
v 0.287280797958374 0.24027703702449799 0.2309548407793045
v 0.287280797958374 0.24027703702449799 0.2329641878604889
v 0.287280797958374 0.24027703702449799 0.24564065039157867
v 0.29108521342277527 0.24027703702449799 0.24462126195430756
v 0.2938702404499054 0.24027703702449799 0.23422740399837494
v 0.29108521342277527 0.24027703702449799 0.2314423769712448
v 0.287280797958374 0.24027703702449799 0.2304229885339737
v 0.29166948795318604 0.24027703702449799 0.24056564271450043
v 0.2923484444618225 0.24027703702449799 0.23803181946277618
v 0.2942200005054474 0.23018775880336761 0.2307279407978058
v 0.2945852279663086 0.23018775880336761 0.2307279407978058
v 0.2945852279663086 0.23053772747516632 0.2307279407978058
v 0.2942200005054474 0.23053772747516632 0.2307279407978058
v 0.287280797958374 0.22536371648311615 0.2696843445301056
v 0.2942200005054474 0.22536371648311615 0.2696843445301056
v 0.2945852279663086 0.22536371648311615 0.2696843445301056
v 0.2945852279663086 0.22536371648311615 0.2693191468715668
v 0.2942200005054474 0.23053772747516632 0.2693191468715668
v 0.2942200005054474 0.23053772747516632 0.2696843445301056
v 0.287280797958374 0.23053772747516632 0.2696843445301056
v 0.287280797958374 0.23053772747516632 0.2693191468715668
v 0.2942200005054474 0.23018775880336761 0.2696843445301056
v 0.287280797958374 0.23018775880336761 0.2696843445301056
v 0.287280797958374 0.23053772747516632 0.2696843445301056
v 0.2942200005054474 0.23053772747516632 0.2696843445301056
v 0.2945852279663086 0.23018775880336761 0.2693191468715668
v 0.2945852279663086 0.23018775880336761 0.2696843445301056
v 0.2945852279663086 0.23053772747516632 0.2696843445301056
v 0.2945852279663086 0.23053772747516632 0.2693191468715668
v 0.287280797958374 0.22561024129390717 0.2696843445301056
v 0.2942200005054474 0.22561024129390717 0.2696843445301056
v 0.2945852279663086 0.22561024129390717 0.2696843445301056
v 0.2945852279663086 0.22561024129390717 0.2693191468715668
v 0.27997636795043945 0.22561024129390717 0.2307279407978058
v 0.27997636795043945 0.23018775880336761 0.2307279407978058
v 0.27997636795043945 0.23018775880336761 0.2310931384563446
v 0.27997636795043945 0.22561024129390717 0.2310931384563446
v 0.287280797958374 0.22536371648311615 0.2258576899766922
v 0.287280797958374 0.22536371648311615 0.2262575775384903
v 0.287280797958374 0.22536371648311615 0.23045283555984497
v 0.287280797958374 0.22536371648311615 0.2307279407978058
v 0.287280797958374 0.23018775880336761 0.2307279407978058
v 0.287280797958374 0.23053772747516632 0.2307279407978058
v 0.2945852279663086 0.23053772747516632 0.2693191468715668
v 0.2945852279663086 0.23053772747516632 0.2696843445301056
v 0.2945852279663086 0.23018775880336761 0.2696843445301056
v 0.2945852279663086 0.23053772747516632 0.2696843445301056
v 0.2945852279663086 0.22561024129390717 0.2696843445301056
v 0.2945852279663086 0.22561024129390717 0.2307279407978058
v 0.2942200005054474 0.22561024129390717 0.2307279407978058
v 0.287280797958374 0.22536371648311615 0.2258576899766922
v 0.2945852279663086 0.23018775880336761 0.2307279407978058
v 0.2945852279663086 0.23018775880336761 0.2310931384563446
v 0.2945852279663086 0.23053772747516632 0.2310931384563446
v 0.2945852279663086 0.23053772747516632 0.2307279407978058
v 0.2942200005054474 0.23053772747516632 0.2307279407978058
v 0.2945852279663086 0.23053772747516632 0.2307279407978058
v 0.2945852279663086 0.23053772747516632 0.2310931384563446
v 0.2942200005054474 0.23053772747516632 0.2310931384563446
v 0.287280797958374 0.22561024129390717 0.2307279407978058
v 0.287280797958374 0.23053772747516632 0.2307279407978058
v 0.287280797958374 0.23053772747516632 0.2310931384563446
v 0.28956344723701477 0.22536371648311615 0.2541596293449402
v 0.287280797958374 0.22536371648311615 0.25477126240730286
v 0.287280797958374 0.22536371648311615 0.25431472063064575
v 0.2893351912498474 0.22536371648311615 0.25376424193382263
v 0.29123446345329285 0.22536371648311615 0.2524886131286621
v 0.2908391058444977 0.22536371648311615 0.25226032733917236
v 0.2918460965156555 0.22536371648311615 0.25020596385002136
v 0.2913895845413208 0.22536371648311615 0.25020596385002136
v 0.29123446345329285 0.22536371648311615 0.24792329967021942
v 0.2908391058444977 0.22536371648311615 0.24815157055854797
v 0.28956344723701477 0.22536371648311615 0.24625228345394135
v 0.2893351912498474 0.22536371648311615 0.2466476559638977
v 0.287280797958374 0.22536371648311615 0.24564065039157867
v 0.287280797958374 0.22536371648311615 0.24609717726707458
v 0.287280797958374 0.22536371648311615 0.24564065039157867
v 0.287280797958374 0.22574415802955627 0.24564065039157867
v 0.28956344723701477 0.22574415802955627 0.24625228345394135
v 0.28956344723701477 0.22536371648311615 0.24625228345394135
v 0.28956344723701477 0.22536371648311615 0.24625228345394135
v 0.28956344723701477 0.22574415802955627 0.24625228345394135
v 0.29123446345329285 0.22574415802955627 0.24792329967021942
v 0.29123446345329285 0.22536371648311615 0.24792329967021942
v 0.2918460965156555 0.22574415802955627 0.25020596385002136
v 0.2918460965156555 0.22536371648311615 0.25020596385002136
v 0.29123446345329285 0.22574415802955627 0.2524886131286621
v 0.29123446345329285 0.22536371648311615 0.2524886131286621
v 0.28956344723701477 0.22574415802955627 0.2541596293449402
v 0.28956344723701477 0.22536371648311615 0.2541596293449402
v 0.28956344723701477 0.22536371648311615 0.2541596293449402
v 0.28956344723701477 0.22574415802955627 0.2541596293449402
v 0.287280797958374 0.22574415802955627 0.25477126240730286
v 0.287280797958374 0.22536371648311615 0.25477126240730286
v 0.287280797958374 0.22536371648311615 0.25020596385002136
v 0.27997636795043945 0.23053772747516632 0.26237988471984863
v 0.27997636795043945 0.23053772747516632 0.2693191468715668
v 0.27997636795043945 0.23018775880336761 0.2693191468715668
v 0.27997636795043945 0.23018775880336761 0.26237988471984863
v 0.2942200005054474 0.22536371648311615 0.2307279407978058
v 0.2945852279663086 0.22536371648311615 0.2307279407978058
v 0.2942200005054474 0.22536371648311615 0.2696843445301056
v 0.287280797958374 0.22536371648311615 0.2696843445301056
v 0.2945852279663086 0.22536371648311615 0.2693191468715668
v 0.2945852279663086 0.22536371648311615 0.2696843445301056
v 0.287280797958374 0.22536371648311615 0.2307279407978058
v 0.2945852279663086 0.22536371648311615 0.2696843445301056
v 0.2945852279663086 0.22536371648311615 0.2307279407978058
v 0.2945852279663086 0.22536371648311615 0.2310931384563446
v 0.2945852279663086 0.22561024129390717 0.2310931384563446
v 0.2945852279663086 0.22561024129390717 0.2307279407978058
v 0.2945852279663086 0.22536371648311615 0.26238036155700684
v 0.2945852279663086 0.22561024129390717 0.26238036155700684
v 0.27510666847229004 0.22571119666099548 0.27455422282218933
v 0.2755693197250366 0.22571119666099548 0.27455422282218933
v 0.2755693197250366 0.23475557565689087 0.27455422282218933
v 0.27510666847229004 0.23475557565689087 0.27455422282218933
v 0.27510666847229004 0.22571119666099548 0.23803181946277618
v 0.27510666847229004 0.23475557565689087 0.23803181946277618
v 0.27510666847229004 0.23475557565689087 0.2262575924396515
v 0.27510666847229004 0.22571119666099548 0.2262575924396515
v 0.2849981486797333 0.23038707673549652 0.24625228345394135
v 0.2849981486797333 0.2305339127779007 0.24625228345394135
v 0.2849981486797333 0.23038707673549652 0.24625228345394135
v 0.2833271324634552 0.23038707673549652 0.24792329967021942
v 0.2833271324634552 0.2305339127779007 0.24792329967021942
v 0.2849981486797333 0.2305339127779007 0.24625228345394135
v 0.28271549940109253 0.23038707673549652 0.25020596385002136
v 0.28271549940109253 0.2305339127779007 0.25020596385002136
v 0.2833271324634552 0.23038707673549652 0.2524886131286621
v 0.2833271324634552 0.2305339127779007 0.2524886131286621
v 0.2849981486797333 0.23038707673549652 0.2541596293449402
v 0.2849981486797333 0.2305339127779007 0.2541596293449402
v 0.2849981486797333 0.23038707673549652 0.2541596293449402
v 0.2849981486797333 0.2305339127779007 0.2541596293449402
v 0.2834763824939728 0.23986968398094177 0.255790650844574
v 0.2834763824939728 0.24027703702449799 0.255790650844574
v 0.28069135546684265 0.23986968398094177 0.2585756778717041
v 0.28069135546684265 0.24027703702449799 0.2585756778717041
v 0.28069135546684265 0.23986968398094177 0.2585756778717041
v 0.27967196702957153 0.23986968398094177 0.26238009333610535
v 0.27967196702957153 0.24027703702449799 0.26238009333610535
v 0.28069135546684265 0.24027703702449799 0.2585756778717041
v 0.28069135546684265 0.23986968398094177 0.2661845088005066
v 0.28069135546684265 0.24027703702449799 0.2661845088005066
v 0.2834763824939728 0.23986968398094177 0.2689695358276367
v 0.2834763824939728 0.24027703702449799 0.2689695358276367
v 0.2834763824939728 0.23986968398094177 0.2689695358276367
v 0.2834763824939728 0.24027703702449799 0.2689695358276367
v 0.2834763824939728 0.23510302603244781 0.2689695358276367
v 0.2832963168621063 0.23510302603244781 0.26928138732910156
v 0.28069135546684265 0.23510302603244781 0.2661845088005066
v 0.2803795039653778 0.23510302603244781 0.26636454463005066
v 0.27967196702957153 0.23510302603244781 0.26238009333610535
v 0.279311865568161 0.23510302603244781 0.26238009333610535
v 0.28069135546684265 0.23510302603244781 0.2585756778717041
v 0.2803795039653778 0.23510302603244781 0.25839561223983765
v 0.2834763824939728 0.23510302603244781 0.255790650844574
v 0.2832963466644287 0.23510302603244781 0.25547879934310913
v 0.28069135546684265 0.23510302603244781 0.2661845088005066
v 0.2834763824939728 0.23510302603244781 0.2689695358276367
v 0.2834763824939728 0.23551037907600403 0.2689695358276367
v 0.28069135546684265 0.23551037907600403 0.2661845088005066
v 0.27967196702957153 0.23551037907600403 0.26238009333610535
v 0.27967196702957153 0.23510302603244781 0.26238009333610535
v 0.28069135546684265 0.23551037907600403 0.2585756778717041
v 0.28069135546684265 0.23510302603244781 0.2585756778717041
v 0.2834763824939728 0.23551037907600403 0.255790650844574
v 0.28069135546684265 0.23551037907600403 0.2585756778717041
v 0.2834763824939728 0.23510302603244781 0.255790650844574
v 0.28069135546684265 0.23510302603244781 0.2585756778717041
v 0.2837423086166382 0.24027703702449799 0.2685089111328125
v 0.2834763824939728 0.24027703702449799 0.2689695358276367
v 0.2811519503593445 0.24027703702449799 0.2659185826778412
v 0.28069135546684265 0.24027703702449799 0.2661845088005066
v 0.28020381927490234 0.24027703702449799 0.26238009333610535
v 0.27967196702957153 0.24027703702449799 0.26238009333610535
v 0.2811519503593445 0.24027703702449799 0.2588416039943695
v 0.28069135546684265 0.24027703702449799 0.2585756778717041
v 0.2837423086166382 0.24027703702449799 0.2562512457370758
v 0.2834763824939728 0.24027703702449799 0.255790650844574
v 0.2834763824939728 0.23510302603244781 0.2689695358276367
v 0.2834763824939728 0.23551037907600403 0.2689695358276367
v 0.2755693197250366 0.23510302603244781 0.27455422282218933
v 0.2755693197250366 0.23510302603244781 0.27415433526039124
v 0.2755693197250366 0.23510302603244781 0.27455422282218933
v 0.27510666847229004 0.23475557565689087 0.27415433526039124
v 0.27510666847229004 0.23475557565689087 0.27455422282218933
v 0.27510666847229004 0.23510302603244781 0.27455422282218933
v 0.27510666847229004 0.23510302603244781 0.27415433526039124
v 0.27510666847229004 0.23475557565689087 0.25020596385002136
v 0.27510666847229004 0.23475557565689087 0.26238009333610535
v 0.27510666847229004 0.23510302603244781 0.26238009333610535
v 0.27510666847229004 0.23510302603244781 0.25020596385002136
v 0.27510666847229004 0.22536371648311615 0.27415433526039124
v 0.2755693197250366 0.22536371648311615 0.27415433526039124
v 0.2755693197250366 0.22536371648311615 0.27455422282218933
v 0.27510666847229004 0.22536371648311615 0.27455422282218933
v 0.27510666847229004 0.23510302603244781 0.27455422282218933
v 0.27510666847229004 0.23510302603244781 0.27415433526039124
v 0.27510666847229004 0.23510302603244781 0.27455422282218933
v 0.27510666847229004 0.23510302603244781 0.26238009333610535
v 0.2755693197250366 0.23510302603244781 0.26238009333610535
v 0.27510666847229004 0.22536371648311615 0.27415433526039124
v 0.27510666847229004 0.22536371648311615 0.27455422282218933
v 0.27510666847229004 0.22571119666099548 0.27455422282218933
v 0.27510666847229004 0.22571119666099548 0.27415433526039124
v 0.27510666847229004 0.22536371648311615 0.27455422282218933
v 0.2755693197250366 0.22536371648311615 0.27455422282218933
v 0.2797051668167114 0.22536371648311615 0.269959419965744
v 0.28008395433425903 0.22536371648311615 0.269959419965744
v 0.27510666847229004 0.22571119666099548 0.25020596385002136
v 0.2755693197250366 0.22536371648311615 0.26238009333610535
v 0.2797051668167114 0.22536371648311615 0.26238033175468445
v 0.2797051668167114 0.22536371648311615 0.2695804536342621
v 0.2755693197250366 0.22571119666099548 0.2258576899766922
v 0.27510666847229004 0.22571119666099548 0.2258576899766922
v 0.27510666847229004 0.23475557565689087 0.2258576899766922
v 0.2755693197250366 0.23475557565689087 0.2258576899766922
v 0.27510666847229004 0.22571119666099548 0.26238009333610535
v 0.2834763824939728 0.23986968398094177 0.2314423769712448
v 0.2834763824939728 0.24027703702449799 0.2314423769712448
v 0.2834763824939728 0.23986968398094177 0.2314423769712448
v 0.28069135546684265 0.23986968398094177 0.23422740399837494
v 0.28069135546684265 0.24027703702449799 0.23422740399837494
v 0.2834763824939728 0.24027703702449799 0.2314423769712448
v 0.27967196702957153 0.23986968398094177 0.23803181946277618
v 0.27967196702957153 0.24027703702449799 0.23803181946277618
v 0.28069135546684265 0.23986968398094177 0.24183623492717743
v 0.28069135546684265 0.24027703702449799 0.24183623492717743
v 0.2834763824939728 0.23986968398094177 0.24462126195430756
v 0.2834763824939728 0.24027703702449799 0.24462126195430756
v 0.2834763824939728 0.23986968398094177 0.24462126195430756
v 0.2834763824939728 0.24027703702449799 0.24462126195430756
v 0.2834763824939728 0.23510302603244781 0.24462126195430756
v 0.2832963168621063 0.23510302603244781 0.2449331134557724
v 0.28069135546684265 0.23510302603244781 0.24183623492717743
v 0.2803795039653778 0.23510302603244781 0.2420162856578827
v 0.27967196702957153 0.23510302603244781 0.23803181946277618
v 0.279311865568161 0.23510302603244781 0.23803181946277618
v 0.28069135546684265 0.23510302603244781 0.23422740399837494
v 0.2803795039653778 0.23510302603244781 0.23404735326766968
v 0.2834763824939728 0.23510302603244781 0.2314423769712448
v 0.2832963466644287 0.23510302603244781 0.23113052546977997
v 0.28069135546684265 0.23510302603244781 0.24183623492717743
v 0.2834763824939728 0.23510302603244781 0.24462126195430756
v 0.2834763824939728 0.23551037907600403 0.24462126195430756
v 0.28069135546684265 0.23551037907600403 0.24183623492717743
v 0.27967196702957153 0.23551037907600403 0.23803181946277618
v 0.27967196702957153 0.23510302603244781 0.23803181946277618
v 0.28069135546684265 0.23551037907600403 0.23422740399837494
v 0.28069135546684265 0.23510302603244781 0.23422740399837494
v 0.2834763824939728 0.23551037907600403 0.2314423769712448
v 0.2834763824939728 0.23510302603244781 0.2314423769712448
v 0.2834763824939728 0.23551037907600403 0.2314423769712448
v 0.2834763824939728 0.23510302603244781 0.2314423769712448
v 0.28069135546684265 0.24027703702449799 0.24183623492717743
v 0.2811519503593445 0.24027703702449799 0.24157030880451202
v 0.28020381927490234 0.24027703702449799 0.23803181946277618
v 0.27967196702957153 0.24027703702449799 0.23803181946277618
v 0.2834763824939728 0.23510302603244781 0.24462126195430756
v 0.2834763824939728 0.23551037907600403 0.24462126195430756
v 0.27510666847229004 0.23510302603244781 0.2258576899766922
v 0.2755693197250366 0.23510302603244781 0.2258576899766922
v 0.2847469747066498 0.24027703702449799 0.25799140334129333
v 0.287280797958374 0.24027703702449799 0.26238009333610535
v 0.282892107963562 0.24027703702449799 0.2598462700843811
v 0.28221315145492554 0.24027703702449799 0.26238009333610535
v 0.27510666847229004 0.23510302603244781 0.23803183436393738
v 0.27510666847229004 0.23510302603244781 0.2262575924396515
v 0.282892107963562 0.24027703702449799 0.2649139165878296
v 0.2847469747066498 0.24027703702449799 0.26676878333091736
v 0.27510666847229004 0.23510302603244781 0.2262575924396515
v 0.27510666847229004 0.23510302603244781 0.23803183436393738
v 0.2755693197250366 0.23510302603244781 0.23803183436393738
v 0.2755693197250366 0.23510302603244781 0.2262575924396515
v 0.2755693197250366 0.22536371648311615 0.2258576899766922
v 0.2755693197250366 0.22536371648311615 0.2262575775384903
v 0.27510666847229004 0.22536371648311615 0.2262575775384903
v 0.27510666847229004 0.22536371648311615 0.2258576899766922
v 0.2755693197250366 0.23510302603244781 0.2258576899766922
v 0.27510666847229004 0.23475557565689087 0.2258576899766922
v 0.27510666847229004 0.23510302603244781 0.2258576899766922
v 0.27510666847229004 0.23510302603244781 0.2258576899766922
v 0.2755693197250366 0.22536371648311615 0.2258576899766922
v 0.27510666847229004 0.22536371648311615 0.2258576899766922
v 0.27510666847229004 0.22571119666099548 0.2258576899766922
v 0.27510666847229004 0.22536371648311615 0.2258576899766922
v 0.27510666847229004 0.22536371648311615 0.2262575775384903
v 0.2797051668167114 0.22536371648311615 0.2308318018913269
v 0.27997636795043945 0.22536371648311615 0.2310931384563446
v 0.27997636795043945 0.22536371648311615 0.2380320131778717
v 0.2797051668167114 0.22536371648311615 0.2380319982767105
v 0.28008395433425903 0.22536371648311615 0.23045283555984497
v 0.28034159541130066 0.22536371648311615 0.2307279407978058
v 0.27997636795043945 0.22536371648311615 0.2307279407978058
v 0.2797051668167114 0.22536371648311615 0.23045283555984497
v 0.2755693197250366 0.22536371648311615 0.23803181946277618
v 0.2755693197250366 0.22536371648311615 0.2502059042453766
v 0.27510666847229004 0.22536371648311615 0.26238009333610535
v 0.27510666847229004 0.22536371648311615 0.25020596385002136
v 0.27510666847229004 0.23510302603244781 0.25020596385002136
v 0.2755693197250366 0.23510302603244781 0.25020596385002136
v 0.27510666847229004 0.22536371648311615 0.25020596385002136
v 0.27510666847229004 0.22536371648311615 0.26238009333610535
v 0.2797051668167114 0.22536371648311615 0.2562931180000305
v 0.27997636795043945 0.22536371648311615 0.2562931180000305
v 0.27997636795043945 0.22536371648311615 0.26238036155700684
v 0.27510666847229004 0.22536371648311615 0.23803181946277618
v 0.27510666847229004 0.22536371648311615 0.23803181946277618
v 0.2797051668167114 0.22536371648311615 0.24411894381046295
v 0.27997636795043945 0.22536371648311615 0.24411895871162415
v 0.27997636795043945 0.22536371648311615 0.2502059042453766
v 0.2797051668167114 0.22536371648311615 0.2502059042453766
v 0.2847469747066498 0.24027703702449799 0.23364311456680298
v 0.287280797958374 0.24027703702449799 0.23803181946277618
v 0.282892107963562 0.24027703702449799 0.23549799621105194
v 0.28221315145492554 0.24027703702449799 0.23803181946277618
v 0.282892107963562 0.24027703702449799 0.24056564271450043
v 0.2847469747066498 0.24027703702449799 0.2424205243587494
v 0.2837423086166382 0.24027703702449799 0.24416065216064453
v 0.2837423086166382 0.24027703702449799 0.23190298676490784
v 0.2811519503593445 0.24027703702449799 0.23449333012104034
v 0.2834763824939728 0.24027703702449799 0.24462126195430756
v 0.28069135546684265 0.24027703702449799 0.23422740399837494
v 0.2834763824939728 0.24027703702449799 0.2314423769712448
v 0.28034159541130066 0.23018775880336761 0.2307279407978058
v 0.28034159541130066 0.23053772747516632 0.2307279407978058
v 0.27997636795043945 0.23053772747516632 0.2307279407978058
v 0.27997636795043945 0.23018775880336761 0.2307279407978058
v 0.28034159541130066 0.22536371648311615 0.2696843445301056
v 0.27997636795043945 0.22536371648311615 0.2693191468715668
v 0.27997636795043945 0.22536371648311615 0.2696843445301056
v 0.28034159541130066 0.23053772747516632 0.2693191468715668
v 0.28034159541130066 0.23053772747516632 0.2696843445301056
v 0.28034159541130066 0.23018775880336761 0.2696843445301056
v 0.28034159541130066 0.23053772747516632 0.2696843445301056
v 0.27997636795043945 0.23053772747516632 0.2696843445301056
v 0.27997636795043945 0.23018775880336761 0.2696843445301056
v 0.28034159541130066 0.22561024129390717 0.2696843445301056
v 0.27997636795043945 0.22561024129390717 0.2696843445301056
v 0.27997636795043945 0.22561024129390717 0.2693191468715668
v 0.2945852279663086 0.23018775880336761 0.23803240060806274
v 0.2945852279663086 0.22561024129390717 0.23803240060806274
v 0.27997636795043945 0.23053772747516632 0.2693191468715668
v 0.27997636795043945 0.23053772747516632 0.2696843445301056
v 0.27997636795043945 0.23018775880336761 0.2696843445301056
v 0.27997636795043945 0.23053772747516632 0.2696843445301056
v 0.27997636795043945 0.22561024129390717 0.2696843445301056
v 0.28034159541130066 0.22561024129390717 0.2307279407978058
v 0.27997636795043945 0.22561024129390717 0.2307279407978058
v 0.27997636795043945 0.23053772747516632 0.2307279407978058
v 0.27997636795043945 0.23053772747516632 0.2310931384563446
v 0.28034159541130066 0.23053772747516632 0.2307279407978058
v 0.28034159541130066 0.23053772747516632 0.2310931384563446
v 0.27997636795043945 0.23053772747516632 0.2310931384563446
v 0.27997636795043945 0.23053772747516632 0.2307279407978058
v 0.2849981486797333 0.22536371648311615 0.2541596293449402
v 0.28522640466690063 0.22536371648311615 0.25376424193382263
v 0.2833271324634552 0.22536371648311615 0.2524886131286621
v 0.28372249007225037 0.22536371648311615 0.25226032733917236
v 0.28271549940109253 0.22536371648311615 0.25020596385002136
v 0.28317204117774963 0.22536371648311615 0.25020596385002136
v 0.2833271324634552 0.22536371648311615 0.24792329967021942
v 0.28372249007225037 0.22536371648311615 0.24815157055854797
v 0.2849981486797333 0.22536371648311615 0.24625228345394135
v 0.28522640466690063 0.22536371648311615 0.2466476559638977
v 0.2849981486797333 0.22536371648311615 0.24625228345394135
v 0.2849981486797333 0.22574415802955627 0.24625228345394135
v 0.2849981486797333 0.22536371648311615 0.24625228345394135
v 0.2833271324634552 0.22536371648311615 0.24792329967021942
v 0.2833271324634552 0.22574415802955627 0.24792329967021942
v 0.2849981486797333 0.22574415802955627 0.24625228345394135
v 0.28271549940109253 0.22536371648311615 0.25020596385002136
v 0.28271549940109253 0.22574415802955627 0.25020596385002136
v 0.2833271324634552 0.22536371648311615 0.2524886131286621
v 0.2833271324634552 0.22574415802955627 0.2524886131286621
v 0.2849981486797333 0.22536371648311615 0.2541596293449402
v 0.2849981486797333 0.22574415802955627 0.2541596293449402
v 0.2849981486797333 0.22536371648311615 0.2541596293449402
v 0.2849981486797333 0.22574415802955627 0.2541596293449402
v 0.28034159541130066 0.22536371648311615 0.2307279407978058
v 0.27997636795043945 0.22536371648311615 0.2307279407978058
v 0.28034159541130066 0.22536371648311615 0.2696843445301056
v 0.27997636795043945 0.22536371648311615 0.2693191468715668
v 0.27997636795043945 0.22536371648311615 0.2696843445301056
v 0.27997636795043945 0.22536371648311615 0.2696843445301056
v 0.27997636795043945 0.22536371648311615 0.2307279407978058
v 0.27997636795043945 0.22536371648311615 0.2310931384563446
v 0.27997636795043945 0.22536371648311615 0.26238036155700684
v 0.27997636795043945 0.22561024129390717 0.26238036155700684
v 0.28034159541130066 0.23053772747516632 0.26237988471984863
v 0.27997636795043945 0.23053772747516632 0.26237988471984863
v 0.2945852279663086 0.23053772747516632 0.26237988471984863
v 0.2942200005054474 0.23053772747516632 0.26237988471984863
v 0.2945852279663086 0.23018775880336761 0.26237988471984863
v 0.2945852279663086 0.23053772747516632 0.26237988471984863
v 0.28034159541130066 0.23053772747516632 0.24411927163600922
v 0.28034159541130066 0.23053772747516632 0.2502061426639557
v 0.27997636795043945 0.23053772747516632 0.2502061426639557
v 0.27997636795043945 0.23053772747516632 0.24411927163600922
v 0.2945852279663086 0.23053772747516632 0.24411927163600922
v 0.2945852279663086 0.23053772747516632 0.2502061426639557
v 0.2942200005054474 0.23053772747516632 0.2502061426639557
v 0.2942200005054474 0.23053772747516632 0.24411927163600922
v 0.27997636795043945 0.23018775880336761 0.24411927163600922
v 0.27997636795043945 0.22561024129390717 0.24411927163600922
v 0.27997636795043945 0.22561024129390717 0.23803240060806274
v 0.27997636795043945 0.23018775880336761 0.23803240060806274
v 0.2945852279663086 0.23018775880336761 0.24411927163600922
v 0.2945852279663086 0.23018775880336761 0.2502061426639557
v 0.2945852279663086 0.23053772747516632 0.2502061426639557
v 0.2945852279663086 0.23053772747516632 0.24411927163600922
v 0.2945852279663086 0.23018775880336761 0.25629299879074097
v 0.2945852279663086 0.22561024129390717 0.2502061426639557
v 0.2945852279663086 0.22561024129390717 0.25629323720932007
v 0.28034159541130066 0.23053772747516632 0.23803240060806274
v 0.27997636795043945 0.23053772747516632 0.23803240060806274
v 0.2945852279663086 0.23053772747516632 0.23803240060806274
v 0.2942200005054474 0.23053772747516632 0.23803240060806274
v 0.2945852279663086 0.23053772747516632 0.23803240060806274
v 0.28034159541130066 0.23053772747516632 0.25629299879074097
v 0.27997636795043945 0.23053772747516632 0.25629299879074097
v 0.2945852279663086 0.23053772747516632 0.25629299879074097
v 0.2942200005054474 0.23053772747516632 0.25629299879074097
v 0.2945852279663086 0.23053772747516632 0.25629299879074097
v 0.2945852279663086 0.22536371648311615 0.2380320131778717
v 0.2945852279663086 0.22536371648311615 0.2562931180000305
v 0.2945852279663086 0.22536371648311615 0.24411895871162415
v 0.2945852279663086 0.22536371648311615 0.2502059042453766
v 0.2945852279663086 0.22561024129390717 0.24411927163600922
v 0.27997636795043945 0.22536371648311615 0.2380320131778717
v 0.27997636795043945 0.22536371648311615 0.2562931180000305
v 0.27997636795043945 0.22561024129390717 0.25629323720932007
v 0.27997636795043945 0.22536371648311615 0.24411895871162415
v 0.27997636795043945 0.22561024129390717 0.2502061426639557
v 0.27997636795043945 0.22536371648311615 0.2502059042453766
v 0.27997636795043945 0.23018775880336761 0.25629299879074097
v 0.27997636795043945 0.23018775880336761 0.2502061426639557
v 0.27997636795043945 0.23053772747516632 0.24411927163600922
v 0.27997636795043945 0.23053772747516632 0.2502061426639557
v 0.27997636795043945 0.23053772747516632 0.23803240060806274
v 0.27997636795043945 0.23053772747516632 0.25629299879074097
v 0.2849981486797333 0.2305339127779007 0.2541596293449402
v 0.287280797958374 0.2305339127779007 0.25477126240730286
v 0.287280797958374 0.2305339127779007 0.25501206517219543
v 0.284877747297287 0.2305339127779007 0.2543681561946869
v 0.2833271324634552 0.2305339127779007 0.2524886131286621
v 0.2831186056137085 0.2305339127779007 0.2526090145111084
v 0.28271549940109253 0.2305339127779007 0.25020596385002136
v 0.28247469663619995 0.2305339127779007 0.25020596385002136
v 0.2833271324634552 0.2305339127779007 0.24792329967021942
v 0.2831186056137085 0.2305339127779007 0.24780289828777313
v 0.2849981486797333 0.2305339127779007 0.24625228345394135
v 0.284877747297287 0.2305339127779007 0.24604375660419464
v 0.287280797958374 0.2305339127779007 0.24564065039157867
v 0.287280797958374 0.2305339127779007 0.2453998476266861
v 0.28956344723701477 0.2305339127779007 0.2541596293449402
v 0.28968384861946106 0.2305339127779007 0.2543681561946869
v 0.29123446345329285 0.2305339127779007 0.2524886131286621
v 0.29144299030303955 0.2305339127779007 0.2526090145111084
v 0.2918460965156555 0.2305339127779007 0.25020596385002136
v 0.2920868992805481 0.2305339127779007 0.25020596385002136
v 0.29123446345329285 0.2305339127779007 0.24792329967021942
v 0.29144299030303955 0.2305339127779007 0.24780289828777313
v 0.28956344723701477 0.2305339127779007 0.24625228345394135
v 0.28968384861946106 0.2305339127779007 0.24604375660419464
v 0.28522640466690063 0.23053772747516632 0.265938401222229
v 0.287280797958374 0.23053772747516632 0.26648885011672974
v 0.287280797958374 0.23053772747516632 0.2668997347354889
v 0.28502097725868225 0.23053772747516632 0.2662942111492157
v 0.28372249007225037 0.23053772747516632 0.26443448662757874
v 0.28336668014526367 0.23053772747516632 0.2646399140357971
v 0.28317204117774963 0.23053772747516632 0.26238009333610535
v 0.2827611565589905 0.23053772747516632 0.26238009333610535
v 0.28372249007225037 0.23053772747516632 0.26032570004463196
v 0.28336668014526367 0.23053772747516632 0.2601202726364136
v 0.28522640466690063 0.23053772747516632 0.2588217854499817
v 0.28502097725868225 0.23053772747516632 0.2584659457206726
v 0.287280797958374 0.23053772747516632 0.25827130675315857
v 0.287280797958374 0.23053772747516632 0.2578604519367218
v 0.2893351912498474 0.23053772747516632 0.265938401222229
v 0.2895406186580658 0.23053772747516632 0.2662942111492157
v 0.2908391058444977 0.23053772747516632 0.26443448662757874
v 0.2911949157714844 0.23053772747516632 0.2646399140357971
v 0.2913895845413208 0.23053772747516632 0.26238009333610535
v 0.29180043935775757 0.23053772747516632 0.26238009333610535
v 0.2908391058444977 0.23053772747516632 0.26032570004463196
v 0.2911949157714844 0.23053772747516632 0.2601202726364136
v 0.2893351912498474 0.23053772747516632 0.2588217854499817
v 0.2895406186580658 0.23053772747516632 0.2584659457206726
v 0.28522640466690063 0.23053772747516632 0.24159011244773865
v 0.287280797958374 0.23053772747516632 0.24214059114456177
v 0.287280797958374 0.23053772747516632 0.24255147576332092
v 0.28502097725868225 0.23053772747516632 0.24194595217704773
v 0.28372249007225037 0.23053772747516632 0.24008619785308838
v 0.28336668014526367 0.23053772747516632 0.24029164016246796
v 0.28317204117774963 0.23053772747516632 0.23803181946277618
v 0.2827611565589905 0.23053772747516632 0.23803181946277618
v 0.28372249007225037 0.23053772747516632 0.235977441072464
v 0.28336668014526367 0.23053772747516632 0.2357719987630844
v 0.28522640466690063 0.23053772747516632 0.23447352647781372
v 0.28502097725868225 0.23053772747516632 0.23411768674850464
v 0.287280797958374 0.23053772747516632 0.2339230477809906
v 0.287280797958374 0.23053772747516632 0.23351217806339264
v 0.2893351912498474 0.23053772747516632 0.24159011244773865
v 0.2895406186580658 0.23053772747516632 0.24194595217704773
v 0.2908391058444977 0.23053772747516632 0.24008619785308838
v 0.2911949157714844 0.23053772747516632 0.24029164016246796
v 0.2913895845413208 0.23053772747516632 0.23803181946277618
v 0.29180043935775757 0.23053772747516632 0.23803181946277618
v 0.2908391058444977 0.23053772747516632 0.235977441072464
v 0.2911949157714844 0.23053772747516632 0.2357719987630844
v 0.2893351912498474 0.23053772747516632 0.23447352647781372
v 0.2895406186580658 0.23053772747516632 0.23411768674850464
v 0.287280797958374 0.23053772747516632 0.25629299879074097
v 0.287280797958374 0.23053772747516632 0.24411927163600922
v 0.2913895845413208 0.2327696532011032 0.26238009333610535
v 0.2913895845413208 0.23297256231307983 0.26238009333610535
v 0.2908391058444977 0.23297256231307983 0.26032570004463196
v 0.2908391058444977 0.2327696532011032 0.26032570004463196
v 0.2908391058444977 0.2327696532011032 0.235977441072464
v 0.2908391058444977 0.23297256231307983 0.235977441072464
v 0.2893351912498474 0.23297256231307983 0.23447352647781372
v 0.2893351912498474 0.2327696532011032 0.23447352647781372
v 0.28522640466690063 0.2327696532011032 0.24159011244773865
v 0.28372249007225037 0.2327696532011032 0.24008619785308838
v 0.28372249007225037 0.23297256231307983 0.24008619785308838
v 0.28522640466690063 0.23297256231307983 0.24159011244773865
v 0.2893351912498474 0.2327696532011032 0.2588217854499817
v 0.2893351912498474 0.23297256231307983 0.2588217854499817
v 0.287280797958374 0.23297256231307983 0.25827130675315857
v 0.287280797958374 0.2327696532011032 0.25827130675315857
v 0.287280797958374 0.2327696532011032 0.26648885011672974
v 0.28522640466690063 0.2327696532011032 0.265938401222229
v 0.28522640466690063 0.23297256231307983 0.265938401222229
v 0.287280797958374 0.23297256231307983 0.26648885011672974
v 0.28317204117774963 0.2327696532011032 0.23803181946277618
v 0.28372249007225037 0.2327696532011032 0.235977441072464
v 0.28372249007225037 0.23297256231307983 0.235977441072464
v 0.28317204117774963 0.23297256231307983 0.23803181946277618
v 0.28372249007225037 0.2327696532011032 0.26443448662757874
v 0.28317204117774963 0.2327696532011032 0.26238009333610535
v 0.28317204117774963 0.23297256231307983 0.26238009333610535
v 0.28372249007225037 0.23297256231307983 0.26443448662757874
v 0.28522640466690063 0.2327696532011032 0.23447352647781372
v 0.287280797958374 0.2327696532011032 0.2339230477809906
v 0.287280797958374 0.23297256231307983 0.2339230477809906
v 0.28522640466690063 0.23297256231307983 0.23447352647781372
v 0.28372249007225037 0.2327696532011032 0.26032570004463196
v 0.28522640466690063 0.2327696532011032 0.2588217854499817
v 0.28522640466690063 0.23297256231307983 0.2588217854499817
v 0.28372249007225037 0.23297256231307983 0.26032570004463196
v 0.2893351912498474 0.2327696532011032 0.24159011244773865
v 0.2893351912498474 0.23297256231307983 0.24159011244773865
v 0.2908391058444977 0.23297256231307983 0.24008619785308838
v 0.2908391058444977 0.2327696532011032 0.24008619785308838
v 0.2893351912498474 0.23297256231307983 0.265938401222229
v 0.2893351912498474 0.2327696532011032 0.265938401222229
v 0.2908391058444977 0.2327696532011032 0.26443448662757874
v 0.2908391058444977 0.23297256231307983 0.26443448662757874
v 0.2913895845413208 0.2327696532011032 0.23803181946277618
v 0.2913895845413208 0.23297256231307983 0.23803181946277618
v 0.2908391058444977 0.23297256231307983 0.235977441072464
v 0.2908391058444977 0.2327696532011032 0.235977441072464
v 0.287280797958374 0.2327696532011032 0.24214059114456177
v 0.28522640466690063 0.2327696532011032 0.24159011244773865
v 0.28522640466690063 0.23297256231307983 0.24159011244773865
v 0.287280797958374 0.23297256231307983 0.24214059114456177
v 0.2893351912498474 0.23297256231307983 0.2588217854499817
v 0.2893351912498474 0.2327696532011032 0.2588217854499817
v 0.28522640466690063 0.2327696532011032 0.265938401222229
v 0.28522640466690063 0.23297256231307983 0.265938401222229
v 0.28522640466690063 0.2327696532011032 0.23447352647781372
v 0.28522640466690063 0.23297256231307983 0.23447352647781372
v 0.2893351912498474 0.23297256231307983 0.24159011244773865
v 0.2893351912498474 0.2327696532011032 0.24159011244773865
v 0.28522640466690063 0.2327696532011032 0.2588217854499817
v 0.28522640466690063 0.23297256231307983 0.2588217854499817
v 0.2893351912498474 0.2327696532011032 0.265938401222229
v 0.2893351912498474 0.23297256231307983 0.265938401222229
v 0.287280797958374 0.23297256231307983 0.26648885011672974
v 0.28522640466690063 0.23297256231307983 0.265938401222229
v 0.2854318618774414 0.23297256231307983 0.2655825614929199
v 0.287280797958374 0.23297256231307983 0.26607799530029297
v 0.28372249007225037 0.23297256231307983 0.26443448662757874
v 0.28407832980155945 0.23297256231307983 0.26422902941703796
v 0.28317204117774963 0.23297256231307983 0.26238009333610535
v 0.2835828959941864 0.23297256231307983 0.26238009333610535
v 0.28372249007225037 0.23297256231307983 0.26032570004463196
v 0.28407832980155945 0.23297256231307983 0.26053112745285034
v 0.28522640466690063 0.23297256231307983 0.2588217854499817
v 0.2854318618774414 0.23297256231307983 0.25917762517929077
v 0.287280797958374 0.23297256231307983 0.25827130675315857
v 0.287280797958374 0.23297256231307983 0.2586821913719177
v 0.28912973403930664 0.23297256231307983 0.2655825614929199
v 0.2893351912498474 0.23297256231307983 0.265938401222229
v 0.2904832661151886 0.23297256231307983 0.26422902941703796
v 0.2908391058444977 0.23297256231307983 0.26443448662757874
v 0.29097869992256165 0.23297256231307983 0.26238009333610535
v 0.2913895845413208 0.23297256231307983 0.26238009333610535
v 0.2904832661151886 0.23297256231307983 0.26053112745285034
v 0.2908391058444977 0.23297256231307983 0.26032570004463196
v 0.28912973403930664 0.23297256231307983 0.25917762517929077
v 0.2893351912498474 0.23297256231307983 0.2588217854499817
v 0.2913895845413208 0.23053772747516632 0.26238009333610535
v 0.2913895845413208 0.23074063658714294 0.26238009333610535
v 0.2908391058444977 0.23074063658714294 0.26032570004463196
v 0.2908391058444977 0.23053772747516632 0.26032570004463196
v 0.2893351912498474 0.23053772747516632 0.2588217854499817
v 0.2893351912498474 0.23074063658714294 0.2588217854499817
v 0.287280797958374 0.23074063658714294 0.25827130675315857
v 0.287280797958374 0.23053772747516632 0.25827130675315857
v 0.287280797958374 0.23053772747516632 0.26648885011672974
v 0.28522640466690063 0.23053772747516632 0.265938401222229
v 0.28522640466690063 0.23074063658714294 0.265938401222229
v 0.287280797958374 0.23074063658714294 0.26648885011672974
v 0.28372249007225037 0.23053772747516632 0.26443448662757874
v 0.28317204117774963 0.23053772747516632 0.26238009333610535
v 0.28317204117774963 0.23074063658714294 0.26238009333610535
v 0.28372249007225037 0.23074063658714294 0.26443448662757874
v 0.28372249007225037 0.23053772747516632 0.26032570004463196
v 0.28522640466690063 0.23053772747516632 0.2588217854499817
v 0.28522640466690063 0.23074063658714294 0.2588217854499817
v 0.28372249007225037 0.23074063658714294 0.26032570004463196
v 0.2893351912498474 0.23074063658714294 0.265938401222229
v 0.2893351912498474 0.23053772747516632 0.265938401222229
v 0.2908391058444977 0.23053772747516632 0.26443448662757874
v 0.2908391058444977 0.23074063658714294 0.26443448662757874
v 0.2893351912498474 0.23074063658714294 0.2588217854499817
v 0.2893351912498474 0.23053772747516632 0.2588217854499817
v 0.28522640466690063 0.23053772747516632 0.265938401222229
v 0.28522640466690063 0.23074063658714294 0.265938401222229
v 0.28522640466690063 0.23053772747516632 0.2588217854499817
v 0.28522640466690063 0.23074063658714294 0.2588217854499817
v 0.2893351912498474 0.23053772747516632 0.265938401222229
v 0.2893351912498474 0.23074063658714294 0.265938401222229
v 0.287280797958374 0.23297256231307983 0.24214059114456177
v 0.28522640466690063 0.23297256231307983 0.24159011244773865
v 0.2854318618774414 0.23297256231307983 0.24123428761959076
v 0.287280797958374 0.23297256231307983 0.2417297214269638
v 0.28372249007225037 0.23297256231307983 0.24008619785308838
v 0.28407832980155945 0.23297256231307983 0.23988077044487
v 0.28317204117774963 0.23297256231307983 0.23803181946277618
v 0.2835828959941864 0.23297256231307983 0.23803181946277618
v 0.28372249007225037 0.23297256231307983 0.235977441072464
v 0.28407832980155945 0.23297256231307983 0.23618286848068237
v 0.28522640466690063 0.23297256231307983 0.23447352647781372
v 0.2854318618774414 0.23297256231307983 0.2348293513059616
v 0.287280797958374 0.23297256231307983 0.2339230477809906
v 0.287280797958374 0.23297256231307983 0.23433393239974976
v 0.28912973403930664 0.23297256231307983 0.24123428761959076
v 0.2893351912498474 0.23297256231307983 0.24159011244773865
v 0.2904832661151886 0.23297256231307983 0.23988077044487
v 0.2908391058444977 0.23297256231307983 0.24008619785308838
v 0.29097869992256165 0.23297256231307983 0.23803181946277618
v 0.2913895845413208 0.23297256231307983 0.23803181946277618
v 0.2904832661151886 0.23297256231307983 0.23618286848068237
v 0.2908391058444977 0.23297256231307983 0.235977441072464
v 0.28912973403930664 0.23297256231307983 0.2348293513059616
v 0.2893351912498474 0.23297256231307983 0.23447352647781372
v 0.2908391058444977 0.23053772747516632 0.235977441072464
v 0.2908391058444977 0.23074063658714294 0.235977441072464
v 0.2893351912498474 0.23074063658714294 0.23447352647781372
v 0.2893351912498474 0.23053772747516632 0.23447352647781372
v 0.28522640466690063 0.23053772747516632 0.24159011244773865
v 0.28372249007225037 0.23053772747516632 0.24008619785308838
v 0.28372249007225037 0.23074063658714294 0.24008619785308838
v 0.28522640466690063 0.23074063658714294 0.24159011244773865
v 0.28317204117774963 0.23053772747516632 0.23803181946277618
v 0.28372249007225037 0.23053772747516632 0.235977441072464
v 0.28372249007225037 0.23074063658714294 0.235977441072464
v 0.28317204117774963 0.23074063658714294 0.23803181946277618
v 0.28522640466690063 0.23053772747516632 0.23447352647781372
v 0.287280797958374 0.23053772747516632 0.2339230477809906
v 0.287280797958374 0.23074063658714294 0.2339230477809906
v 0.28522640466690063 0.23074063658714294 0.23447352647781372
v 0.2893351912498474 0.23053772747516632 0.24159011244773865
v 0.2893351912498474 0.23074063658714294 0.24159011244773865
v 0.2908391058444977 0.23074063658714294 0.24008619785308838
v 0.2908391058444977 0.23053772747516632 0.24008619785308838
v 0.2913895845413208 0.23053772747516632 0.23803181946277618
v 0.2913895845413208 0.23074063658714294 0.23803181946277618
v 0.2908391058444977 0.23074063658714294 0.235977441072464
v 0.2908391058444977 0.23053772747516632 0.235977441072464
v 0.287280797958374 0.23053772747516632 0.24214059114456177
v 0.28522640466690063 0.23053772747516632 0.24159011244773865
v 0.28522640466690063 0.23074063658714294 0.24159011244773865
v 0.287280797958374 0.23074063658714294 0.24214059114456177
v 0.28522640466690063 0.23053772747516632 0.23447352647781372
v 0.28522640466690063 0.23074063658714294 0.23447352647781372
v 0.2893351912498474 0.23074063658714294 0.24159011244773865
v 0.2893351912498474 0.23053772747516632 0.24159011244773865
v 0.287280797958374 0.23297256231307983 0.23803181946277618
v 0.287280797958374 0.23297256231307983 0.26238009333610535
vt 1.4796162843704224 0.2363271713256836
vt 1.4796162843704224 0.22820758819580078
vt 1.4366991519927979 0.22820758819580078
vt 1.4366991519927979 0.2363271713256836
vt 0.9551643133163452 -0.14182138442993164
vt 0.9551643133163452 -0.14994096755981445
vt 0.9237467050552368 -0.14994096755981445
vt 0.9237467050552368 -0.14182138442993164
vt 0.8808295726776123 -0.14994096755981445
vt 0.8808295726776123 -0.14182138442993164
vt 0.8379123210906982 -0.14994096755981445
vt 0.8379123210906982 -0.14182138442993164
vt 0.806494951248169 -0.14994096755981445
vt 0.806494951248169 -0.14182138442993164
vt 0.1558109074831009 -0.05792045593261719
vt 0.1639305055141449 -0.05792045593261719
vt 0.1639305055141449 -0.10083794593811035
vt 0.1558109074831009 -0.10083794593811035
vt 1.3537240028381348 0.8801859021186829
vt 1.3537240028381348 0.8576599359512329
vt 1.2821953296661377 0.8576599359512329
vt 1.2821953296661377 0.8801859021186829
vt 1.2298325300216675 0.8576599359512329
vt 1.2298325300216675 0.8801859021186829
vt 1.4366991519927979 0.41094231605529785
vt 1.4366991519927979 0.3884162902832031
vt 1.3651703596115112 0.3884162902832031
vt 1.3651703596115112 0.4109421968460083
vt 1.2936418056488037 0.3884162902832031
vt 1.2936418056488037 0.41094231605529785
vt 1.241279125213623 0.3884162902832031
vt 1.241279125213623 0.41094231605529785
vt 0.7737463116645813 -0.40399158000946045
vt 0.7737463116645813 -0.4265176057815552
vt 0.7022175192832947 -0.4265176057815552
vt 0.7022175192832947 -0.40399158000946045
vt 0.6547439098358154 0.7795314788818359
vt 0.7262728214263916 0.7603654861450195
vt 0.7262728214263916 0.7535951733589172
vt 0.6513588428497314 0.7736682891845703
vt 0.6023814082145691 0.8318941593170166
vt 0.5965180397033691 0.8285089731216431
vt 0.5832152366638184 0.9034227728843689
vt 0.5764451026916504 0.9034227728843689
vt 0.6023814082145691 0.974951446056366
vt 0.5965180397033691 0.9783365726470947
vt 0.6547439098358154 1.0273140668869019
vt 0.6513588428497314 1.033177375793457
vt 0.7262726426124573 1.0464801788330078
vt 0.7262726426124573 1.0532504320144653
vt 1.2936418056488037 0.6745308637619019
vt 1.2936418056488037 0.6520050764083862
vt 1.241279125213623 0.6520050764083862
vt 1.241279125213623 0.6745309829711914
vt 1.3651703596115112 0.6520050764083862
vt 1.3651703596115112 0.6745308637619019
vt 1.4366991519927979 0.6520050764083862
vt 1.4366991519927979 0.6745308637619019
vt 1.2821953296661377 1.121248722076416
vt 1.2298325300216675 1.121248722076416
vt 1.2821953296661377 1.1437745094299316
vt 1.2298325300216675 1.1437745094299316
vt 1.3537240028381348 1.121248722076416
vt 1.3537240028381348 1.1437746286392212
vt 1.231529951095581 -0.15906381607055664
vt 1.231529951095581 -0.2331157922744751
vt 1.22187077999115 -0.23052763938903809
vt 1.22187077999115 -0.1616518497467041
vt 1.1945037841796875 -0.29724669456481934
vt 1.1874330043792725 -0.2901756763458252
vt 1.1303730010986328 -0.3342726230621338
vt 1.1277848482131958 -0.3246135711669922
vt 1.0563212633132935 -0.3342726230621338
vt 1.058909296989441 -0.3246135711669922
vt 0.9921902418136597 -0.29724669456481934
vt 0.9992612600326538 -0.2901756763458252
vt 0.9551643133163452 -0.2331157922744751
vt 0.9648234844207764 -0.23052763938903809
vt 0.7737463116645813 -0.1404029130935669
vt 0.7737463116645813 -0.16292881965637207
vt 0.7022175192832947 -0.16292881965637207
vt 0.7022175192832947 -0.1404029130935669
vt -0.13067154586315155 -0.3026074171066284
vt -0.13067154586315155 -0.32182085514068604
vt -0.3508646488189697 -0.32182085514068604
vt -0.3508646488189697 -0.3026074171066284
vt 0.5060795545578003 0.6820497512817383
vt 0.7262726426124573 0.6820498108863831
vt 0.7262726426124573 0.674531102180481
vt 0.5060795545578003 0.6745309829711914
vt -0.02197444438934326 1.5825790166854858
vt -0.041187867522239685 1.5825791358947754
vt -0.041187867522239685 1.5900979042053223
vt -0.02197444438934326 1.5900979042053223
vt -0.02197444438934326 1.1323145627975464
vt -0.041187822818756104 1.1323145627975464
vt -0.041187822818756104 1.361206293106079
vt -0.02197444438934326 1.3612061738967896
vt 0.32829171419143677 0.674531102180481
vt 0.33581048250198364 0.674531102180481
vt 0.33581048250198364 0.66583251953125
vt 0.32829171419143677 0.66583251953125
vt -0.1219729632139206 -0.3026074171066284
vt -0.1219729632139206 -0.32182085514068604
vt 0.4973810613155365 0.6820496916770935
vt 0.4973810613155365 0.6745309829711914
vt 0.49738091230392456 0.9034225940704346
vt 0.5060794353485107 0.9034225940704346
vt 0.49738067388534546 1.5825791358947754
vt 0.47816598415374756 1.5825791358947754
vt 0.47816598415374756 1.5900977849960327
vt 0.49738067388534546 1.5900977849960327
vt -0.1219729632139206 0.21674776077270508
vt -0.12197300791740417 0.1975330114364624
vt -0.13067150115966797 0.1975330114364624
vt -0.13067150115966797 0.21674764156341553
vt 0.24942134320735931 0.44563937187194824
vt 0.24942134320735931 0.5809507966041565
vt 0.24942134320735931 0.5880724787712097
vt 0.32829171419143677 0.44563937187194824
vt -0.3508647084236145 0.1975330114364624
vt 0.10692331194877625 0.5880724787712097
vt 0.10691879689693451 0.66583251953125
vt 0.24229645729064941 0.5880724787712097
vt 0.5060793161392212 0.6553162932395935
vt 0.5060793161392212 0.15517586469650269
vt 0.49738073348999023 0.15517586469650269
vt 0.49738073348999023 0.6553162336349487
vt 0.33581048250198364 0.44563937187194824
vt 1.508227825164795 -0.03538107872009277
vt 1.508227825164795 -0.0579071044921875
vt 1.4366991519927979 -0.0579071044921875
vt 1.4366991519927979 -0.03538107872009277
vt 1.4793123006820679 -0.32149577140808105
vt 1.4793123006820679 -0.3440217971801758
vt 1.4269497394561768 -0.3440217971801758
vt 1.4269497394561768 -0.32149577140808105
vt 1.3554210662841797 -0.3440217971801758
vt 1.3554210662841797 -0.32149577140808105
vt 1.2838923931121826 -0.3440217971801758
vt 1.2838923931121826 -0.32149577140808105
vt 1.231529951095581 -0.3440217971801758
vt 1.231529951095581 -0.32149577140808105
vt 0.9551643133163452 -0.413529634475708
vt 0.9551643133163452 -0.4360555410385132
vt 0.8836356401443481 -0.4360555410385132
vt 0.8836356401443481 -0.41352951526641846
vt 0.6547438502311707 1.2373149394989014
vt 0.7262726426124573 1.2181488275527954
vt 0.7262726426124573 1.211378574371338
vt 0.6513587236404419 1.2314517498016357
vt 0.6023812890052795 1.2896775007247925
vt 0.5965180397033691 1.286292314529419
vt 0.5832151174545288 1.3612061738967896
vt 0.5764448642730713 1.3612061738967896
vt 0.6023812890052795 1.4327348470687866
vt 0.5965179800987244 1.4361200332641602
vt 0.6547438502311707 1.4850974082946777
vt 0.6513587236404419 1.4909608364105225
vt 0.7262725234031677 1.5042635202407837
vt 0.7262725234031677 1.5110338926315308
vt 1.2838923931121826 -0.0579071044921875
vt 1.2838923931121826 -0.08043289184570312
vt 1.231529951095581 -0.08043289184570312
vt 1.231529951095581 -0.0579071044921875
vt 1.3554210662841797 -0.08043289184570312
vt 1.3554210662841797 -0.0579071044921875
vt 1.4269497394561768 -0.08043289184570312
vt 1.4269497394561768 -0.0579071044921875
vt 1.4793123006820679 -0.08043289184570312
vt 1.4793123006820679 -0.0579071044921875
vt 1.508227825164795 0.2056816816329956
vt 1.4366991519927979 0.2056816816329956
vt 1.508227825164795 0.22820758819580078
vt 1.4366991519927979 0.22820758819580078
vt 0.6725894212722778 0.13596248626708984
vt 0.7367203235626221 0.09893655776977539
vt 0.7296493053436279 0.0918656587600708
vt 0.6700013279914856 0.12630343437194824
vt 0.9551643133163452 -0.14994096755981445
vt 0.9551643133163452 -0.17246675491333008
vt 0.8836355209350586 -0.17246675491333008
vt 0.8836355209350586 -0.14994096755981445
vt 0.5060791969299316 0.1359623670578003
vt 0.49738067388534546 0.1359623670578003
vt -0.0219743549823761 0.6820498704910278
vt -0.04118777811527252 0.6820499897003174
vt -0.04118777811527252 0.9034228324890137
vt -0.0219743549823761 0.9034228324890137
vt 0.7262726426124573 0.15517586469650269
vt 0.7262726426124573 0.13596248626708984
vt 0.49738067388534546 1.5825788974761963
vt 0.5060791969299316 1.5825790166854858
vt 0.5060793161392212 1.3612060546875
vt 0.4973808526992798 1.3612060546875
vt -0.5797563791275024 0.66583251953125
vt -0.5797563791275024 0.6745309829711914
vt -0.5722376108169556 0.6745309829711914
vt -0.5722376108169556 0.66583251953125
vt 0.5060791969299316 1.5900977849960327
vt 0.7262726426124573 1.5900979042053223
vt 0.7262726426124573 1.5825791358947754
vt -0.0219743549823761 0.6745311617851257
vt -0.04118777811527252 0.6745311617851257
vt 0.49738067388534546 1.5900977849960327
vt 0.7262725234031677 0.6553162932395935
vt 0.5060794353485107 0.6745309829711914
vt 0.4973808526992798 0.6745308637619019
vt 0.47816598415374756 0.674531102180481
vt 0.47816598415374756 0.6820498108863831
vt 0.49738067388534546 0.6745309829711914
vt 0.49738067388534546 0.6820497512817383
vt -0.48623576760292053 0.5880724191665649
vt -0.35086122155189514 0.5880724787712097
vt -0.35086095333099365 0.5829733610153198
vt -0.48132216930389404 0.5829733610153198
vt -0.49336081743240356 0.5809507966041565
vt -0.49336081743240356 0.5880724191665649
vt -0.48818856477737427 0.5829733610153198
vt -0.48818856477737427 0.5761067271232605
vt -0.3508647084236145 0.21674764156341553
vt -0.3508646488189697 0.66583251953125
vt -0.12197403609752655 0.66583251953125
vt -0.12197287380695343 0.674531102180481
vt 0.10691879689693451 0.674531102180481
vt 0.49738073348999023 1.1323143243789673
vt 0.5060793161392212 1.1323143243789673
vt 0.49738067388534546 1.1323145627975464
vt 0.47816598415374756 1.1323145627975464
vt 0.47816598415374756 1.361206293106079
vt 0.49738067388534546 1.3612061738967896
vt 0.7262728214263916 1.1323143243789673
vt -0.007525339722633362 0.5880724787712097
vt 0.1069236695766449 0.5829734802246094
vt -0.007525160908699036 0.5829734802246094
vt -0.3508646488189697 0.6745309829711914
vt 0.49738067388534546 0.9034227728843689
vt 0.47816598415374756 0.9034228324890137
vt -0.23641762137413025 0.5880724787712097
vt -0.12197408080101013 0.5880724787712097
vt -0.12197408080101013 0.5829734802246094
vt -0.2364175021648407 0.5829734802246094
vt 1.1853795051574707 -0.2207498550415039
vt 1.1853795051574707 -0.17142975330352783
vt 1.1607195138931274 -0.2634623050689697
vt 1.1180071830749512 -0.28812217712402344
vt 1.0686869621276855 -0.28812217712402344
vt 1.0259747505187988 -0.2634623050689697
vt 1.001314640045166 -0.2207498550415039
vt 0.6011257171630859 0.12630343437194824
vt 0.6109034419059753 0.08981221914291382
vt 0.56819087266922 0.06515222787857056
vt 0.5414775609970093 0.0918656587600708
vt 0.7640871405601501 -0.03665804862976074
vt 0.7275959253311157 -0.026880264282226562
vt 0.727595865726471 0.02243983745574951
vt 0.7640871405601501 0.03221762180328369
vt 0.7296494245529175 -0.09630608558654785
vt 0.7029358744621277 -0.06959271430969238
vt 0.5344065427780151 0.09893655776977539
vt 0.5985375642776489 0.13596248626708984
vt 0.7737463116645813 0.0348057746887207
vt 0.7737463116645813 -0.0392460823059082
vt 0.7367202043533325 -0.10337710380554199
vt 0.6602236032485962 0.08981221914291382
vt 0.7029358744621277 0.06515222787857056
vt 0.14478865265846252 0.20988094806671143
vt 0.14478865265846252 0.21674776077270508
vt 0.16414177417755127 0.21674776077270508
vt 0.16414177417755127 0.20988094806671143
vt 0.24424952268600464 0.44563937187194824
vt 0.24424952268600464 0.5761067271232605
vt 0.24424952268600464 0.5829734802246094
vt 0.2373831868171692 0.5829734802246094
vt 1.222965955734253 0.8645262718200684
vt 1.222965955734253 0.8576599359512329
vt 1.092498540878296 0.8576599359512329
vt 1.092498540878296 0.8645262718200684
vt 0.17100846767425537 -0.05001401901245117
vt 0.30147585272789 -0.05001401901245117
vt 0.30147585272789 -0.06936705112457275
vt 0.17100846767425537 -0.06936705112457275
vt 0.9745173454284668 -0.0510406494140625
vt 0.9745173454284668 -0.0579071044921875
vt 0.9551643133163452 -0.0579071044921875
vt 0.9551643133163452 -0.0510406494140625
vt 0.30147585272789 0.20311522483825684
vt 0.17100846767425537 0.20311522483825684
vt 1.2276465892791748 -0.0579071044921875
vt 1.2276465892791748 -0.0510406494140625
vt 0.6104650497436523 -0.3354533910751343
vt 0.6104650497436523 -0.5885826349258423
vt 0.6035986542701721 -0.5885826349258423
vt 0.6035986542701721 -0.3354533910751343
vt -0.5797563791275024 0.4456392526626587
vt -0.5722376108169556 0.4456392526626587
vt -0.4933607578277588 0.4456392526626587
vt -0.48818856477737427 0.4456392526626587
vt 0.14478865265846252 0.0794135332107544
vt 0.16414177417755127 0.0794135332107544
vt 1.2298325300216675 0.8645262718200684
vt 1.2298325300216675 0.8576599359512329
vt 0.16414177417755127 -0.05001401901245117
vt 0.16414174437522888 -0.06936705112457275
vt 0.16414177417755127 0.20311522483825684
vt -0.10834050178527832 0.21674776077270508
vt -0.10834050178527832 0.20988094806671143
vt 0.7262725234031677 0.6745308637619019
vt 0.9745173454284668 0.6745309829711914
vt 0.9745173454284668 0.6676645278930664
vt 0.9551643133163452 0.6676645278930664
vt 0.9551643133163452 0.6745309829711914
vt 1.2229660749435425 1.5900979042053223
vt 1.2298327684402466 1.5900979042053223
vt 1.2298327684402466 1.5832315683364868
vt 1.2229660749435425 1.5832315683364868
vt -0.10834050178527832 0.0794135332107544
vt 1.092498540878296 1.5900979042053223
vt 1.092498540878296 1.5832315683364868
vt 1.1209838390350342 0.7969659566879272
vt 1.1209838390350342 0.7525346875190735
vt 1.1126928329467773 0.7547562718391418
vt 1.1126928329467773 0.7947443127632141
vt 1.0987682342529297 0.8354443907737732
vt 1.0926988124847412 0.8293750286102295
vt 1.060289740562439 0.8576599359512329
vt 1.0580681562423706 0.8493689894676208
vt 1.0158586502075195 0.8576599359512329
vt 1.018080234527588 0.8493689894676208
vt 0.9773799777030945 0.8354443907737732
vt 0.9834494590759277 0.8293750286102295
vt 0.9551645517349243 0.7969658374786377
vt 0.9634553790092468 0.7947443127632141
vt 1.4796162843704224 0.5141109824180603
vt 1.4796162843704224 0.49307316541671753
vt 1.4366991519927979 0.49307316541671753
vt 1.4366991519927979 0.5141109824180603
vt 0.9551643133163452 0.13596248626708984
vt 0.9551643133163452 0.11492478847503662
vt 0.9237467050552368 0.11492478847503662
vt 0.9237467050552368 0.13596248626708984
vt 0.8808295726776123 0.11492478847503662
vt 0.8808295726776123 0.13596248626708984
vt 0.8379123210906982 0.11492478847503662
vt 0.8379123210906982 0.13596248626708984
vt 0.806494951248169 0.11492478847503662
vt 0.806494951248169 0.13596248626708984
vt -0.1219729632139206 -0.05792045593261719
vt -0.1009351909160614 -0.05792045593261719
vt -0.1009351909160614 -0.10083794593811035
vt -0.1219729632139206 -0.10083794593811035
vt 1.038074016571045 0.7747502326965332
vt 0.015361681580543518 -0.6079356670379639
vt -0.11510668694972992 -0.6079356670379639
vt -0.11510668694972992 -0.5885826349258423
vt 0.015361681580543518 -0.5885826349258423
vt -0.1219729632139206 0.20988094806671143
vt -0.1219729632139206 0.21674776077270508
vt 0.17100846767425537 0.21674776077270508
vt 0.30147585272789 0.21674776077270508
vt 1.241279125213623 -0.0510406494140625
vt 1.241279125213623 -0.0579071044921875
vt -0.1219729632139206 0.0794135332107544
vt 0.16414177417755127 0.21674776077270508
vt 1.241279125213623 0.6745309829711914
vt 1.241279125213623 0.6676645278930664
vt 1.2276465892791748 0.6676645278930664
vt 1.2276465892791748 0.6745309829711914
vt 1.241279125213623 0.0794188380241394
vt 1.2276465892791748 0.0794188380241394
vt -0.5797563791275024 0.1975330114364624
vt -0.571057915687561 0.1975330114364624
vt -0.5710577368736267 -0.30260753631591797
vt -0.5797563195228577 -0.30260753631591797
vt -0.06040254235267639 1.3612061738967896
vt -0.5605430006980896 1.3612060546875
vt -0.5605428218841553 1.5825790166854858
vt -0.06040254235267639 1.5825791358947754
vt 1.5225334167480469 0.2363271713256836
vt 1.5225334167480469 0.22820758819580078
vt 0.3358105421066284 0.39674729108810425
vt 0.36722809076309204 0.3967471122741699
vt 0.36722809076309204 0.3886275291442871
vt 0.3358105421066284 0.38862764835357666
vt 0.41014528274536133 0.3967471122741699
vt 0.41014528274536133 0.3886275291442871
vt 0.4530624747276306 0.3967471122741699
vt 0.4530624747276306 0.3886275291442871
vt 0.4844801425933838 0.3967471122741699
vt 0.4844801425933838 0.38862764835357666
vt 0.1558109074831009 -0.14375507831573486
vt 0.1639305055141449 -0.14375507831573486
vt 1.4252525568008423 0.8801859021186829
vt 1.4252525568008423 0.8576599359512329
vt 1.4776151180267334 0.8801859021186829
vt 1.4776151180267334 0.8576599359512329
vt 1.241279125213623 -0.03538107872009277
vt 1.3128077983856201 -0.03538107872009277
vt 1.3128077983856201 -0.0579071044921875
vt 1.241279125213623 -0.0579071044921875
vt 1.3843363523483276 -0.03538107872009277
vt 1.3843363523483276 -0.0579071044921875
vt 1.4366991519927979 -0.03538107872009277
vt 1.4366991519927979 -0.0579071044921875
vt 0.6306888461112976 -0.40399158000946045
vt 0.6306888461112976 -0.4265176057815552
vt 0.7978012561798096 0.7795314788818359
vt 0.8011865615844727 0.7736682891845703
vt 0.8501640558242798 0.8318941593170166
vt 0.8560272455215454 0.8285089731216431
vt 0.8693299293518066 0.9034228324890137
vt 0.8761003017425537 0.9034228324890137
vt 0.8501639366149902 0.974951446056366
vt 0.8560272455215454 0.9783366918563843
vt 0.7978012561798096 1.0273140668869019
vt 0.8011864423751831 1.033177375793457
vt 1.3843363523483276 0.22820758819580078
vt 1.4366991519927979 0.22820758819580078
vt 1.4366991519927979 0.2056816816329956
vt 1.3843363523483276 0.2056816816329956
vt 1.3128077983856201 0.2056816816329956
vt 1.3128077983856201 0.22820758819580078
vt 1.241279125213623 0.2056816816329956
vt 1.241279125213623 0.22820758819580078
vt 1.4252525568008423 1.121248722076416
vt 1.4776151180267334 1.121248722076416
vt 1.4252525568008423 1.1437745094299316
vt 1.4776151180267334 1.1437745094299316
vt 1.1874330043792725 -0.10200393199920654
vt 1.1945037841796875 -0.09493303298950195
vt 1.1277848482131958 -0.0675661563873291
vt 1.1303730010986328 -0.0579071044921875
vt 1.058909296989441 -0.0675661563873291
vt 1.0563212633132935 -0.0579071044921875
vt 0.9992612600326538 -0.10200393199920654
vt 0.9921902418136597 -0.09493303298950195
vt 0.9648234844207764 -0.1616520881652832
vt 0.9551643133163452 -0.15906381607055664
vt 0.6306888461112976 -0.1404029130935669
vt 0.6306888461112976 -0.16292881965637207
vt -0.5710577368736267 -0.32182085514068604
vt 0.9464657306671143 0.6820497512817383
vt 0.9464657306671143 0.6745309829711914
vt -0.5605430006980896 0.6820498108863831
vt -0.5605430006980896 0.674531102180481
vt -0.5797563791275024 0.6745309829711914
vt -0.5797563791275024 0.6820498108863831
vt -0.5605430006980896 1.1323144435882568
vt -0.5605428218841553 0.9034227728843689
vt -0.5797563195228577 0.9034227132797241
vt -0.5797563791275024 1.1323144435882568
vt 0.3282918930053711 0.21674776077270508
vt 0.3282918930053711 0.22544634342193604
vt 0.3358105421066284 0.22544634342193604
vt 0.3358105421066284 0.21674776077270508
vt -0.5797563195228577 -0.32182085514068604
vt 0.9551643133163452 0.6820498108863831
vt 0.9551643133163452 0.6745309829711914
vt 0.9551643133163452 0.9034227132797241
vt 0.9464658498764038 0.9034227132797241
vt -0.041187867522239685 0.6820498704910278
vt -0.041187867522239685 0.6745311617851257
vt -0.06040254235267639 0.6745311617851257
vt -0.06040254235267639 0.6820498704910278
vt -0.5797563791275024 0.21674764156341553
vt -0.571057915687561 0.21674764156341553
vt 0.24942134320735931 0.30320632457733154
vt 0.24942134320735931 0.31032794713974
vt -0.06040254235267639 1.1323144435882568
vt 0.10691884160041809 0.22544622421264648
vt 0.10692344605922699 0.30320632457733154
vt 0.24229645729064941 0.30320632457733154
vt 0.9464657306671143 0.6553162932395935
vt 0.9551643133163452 0.6553162932395935
vt 0.9551643133163452 0.15517586469650269
vt 0.9464657306671143 0.15517586469650269
vt -0.06040254235267639 0.9034227728843689
vt 1.5797563791275024 -0.03538107872009277
vt 1.5797563791275024 -0.0579071044921875
vt 1.4776149988174438 1.567571997642517
vt 1.4252525568008423 1.567571997642517
vt 1.4252525568008423 1.5900979042053223
vt 1.4776149988174438 1.5900979042053223
vt 1.3537240028381348 1.5675718784332275
vt 1.3537240028381348 1.5900979042053223
vt 1.2821953296661377 1.5675718784332275
vt 1.2821953296661377 1.5900977849960327
vt 1.2298325300216675 1.5675718784332275
vt 1.2298325300216675 1.5900977849960327
vt 0.8121069073677063 -0.413529634475708
vt 0.8121069073677063 -0.4360555410385132
vt 0.7978012561798096 1.2373149394989014
vt 0.8011864423751831 1.2314517498016357
vt 0.8501639366149902 1.289677619934082
vt 0.8560272455215454 1.286292314529419
vt 0.8693298697471619 1.361206293106079
vt 0.8761003017425537 1.361206293106079
vt 0.8501636981964111 1.4327348470687866
vt 0.8560270071029663 1.4361200332641602
vt 0.79780113697052 1.4850974082946777
vt 0.8011864423751831 1.4909608364105225
vt 1.2821953296661377 1.303983211517334
vt 1.2298327684402466 1.303983211517334
vt 1.2298327684402466 1.3265089988708496
vt 1.2821953296661377 1.3265089988708496
vt 1.3537240028381348 1.3265091180801392
vt 1.3537240028381348 1.303983211517334
vt 1.4252525568008423 1.3265091180801392
vt 1.4252525568008423 1.303983211517334
vt 1.4776151180267334 1.3265091180801392
vt 1.4776151180267334 1.303983211517334
vt 1.5797563791275024 0.2056816816329956
vt 1.5797563791275024 0.22820758819580078
vt 0.49738067388534546 -0.039246320724487305
vt 0.5070398449897766 -0.03665804862976074
vt 0.5414776802062988 -0.09630608558654785
vt 0.5344067215919495 -0.10337710380554199
vt 0.8121069073677063 -0.14994096755981445
vt 0.8121069073677063 -0.17246675491333008
vt 0.9551643133163452 0.13596248626708984
vt 0.9464658498764038 0.13596248626708984
vt 1.001314640045166 -0.17142975330352783
vt 1.093347191810608 -0.19608986377716064
vt 1.0259747505187988 -0.12871742248535156
vt 1.0686869621276855 -0.10405731201171875
vt -0.5797563791275024 1.3612060546875
vt -0.5797563791275024 1.5825790166854858
vt 1.1180071830749512 -0.10405731201171875
vt 1.1607195138931274 -0.128717303276062
vt 0.9551643133163452 1.5825790166854858
vt 0.9551643133163452 1.3612060546875
vt 0.9464657306671143 1.3612060546875
vt 0.9464658498764038 1.5825790166854858
vt -0.5797563195228577 0.22544622421264648
vt -0.5722375512123108 0.22544622421264648
vt -0.5722375512123108 0.21674764156341553
vt -0.5797563195228577 0.21674764156341553
vt 0.9464658498764038 1.5900977849960327
vt -0.5605428218841553 1.5900977849960327
vt -0.5797563791275024 1.5900977849960327
vt 0.9551643133163452 1.5900977849960327
vt 0.9464657306671143 0.6745308637619019
vt 0.9551643133163452 0.6745309829711914
vt -0.06040254235267639 1.5900979042053223
vt -0.041187867522239685 1.5900979042053223
vt -0.041187867522239685 1.5825791358947754
vt -0.48623573780059814 0.303206205368042
vt -0.48132210969924927 0.30830514430999756
vt -0.3508608937263489 0.30830514430999756
vt -0.350861132144928 0.303206205368042
vt -0.4933607578277588 0.31032782793045044
vt -0.4881884455680847 0.3151719570159912
vt -0.4881884455680847 0.30830514430999756
vt -0.4933607578277588 0.303206205368042
vt -0.35086455941200256 0.22544622421264648
vt -0.12197403609752655 0.22544622421264648
vt 0.10691884160041809 0.21674776077270508
vt -0.12197278439998627 0.21674764156341553
vt 0.9551643133163452 1.1323144435882568
vt 0.9464658498764038 1.1323144435882568
vt -0.041187867522239685 1.1323144435882568
vt -0.041187867522239685 0.9034228324890137
vt -0.00752529501914978 0.30320632457733154
vt -0.007525160908699036 0.3083053231239319
vt 0.10692371428012848 0.3083053231239319
vt -0.35086455941200256 0.21674764156341553
vt -0.041187867522239685 1.361206293106079
vt -0.23641759157180786 0.303206205368042
vt -0.2364175021648407 0.3083053231239319
vt -0.12197403609752655 0.3083053231239319
vt -0.12197403609752655 0.303206205368042
vt 0.6602234244346619 -0.09425270557403564
vt 0.6355634331703186 -0.00222015380859375
vt 0.6109034419059753 -0.09425270557403564
vt 0.5681911110877991 -0.06959271430969238
vt 0.5435311198234558 -0.026880264282226562
vt 0.5435309410095215 0.02243983745574951
vt 0.5070398449897766 0.03221750259399414
vt 0.6700013279914856 -0.1307438611984253
vt 0.6011255979537964 -0.1307438611984253
vt 0.49738067388534546 0.03480565547943115
vt 0.5985375642776489 -0.14040303230285645
vt 0.6725894212722778 -0.14040303230285645
vt 0.14478865265846252 -0.05105388164520264
vt 0.16414177417755127 -0.05105388164520264
vt 0.16414177417755127 -0.05792045593261719
vt 0.14478865265846252 -0.05792045593261719
vt 0.2442496120929718 0.3151719570159912
vt 0.23738327622413635 0.3083053231239319
vt 0.2442496120929718 0.3083053231239319
vt 0.9620312452316284 0.8645262718200684
vt 0.9620312452316284 0.8576599359512329
vt 0.4319431185722351 -0.05001401901245117
vt 0.4319431185722351 -0.06936705112457275
vt -0.1219729632139206 -0.6079356670379639
vt -0.1219729632139206 -0.5885826349258423
vt 0.4319431185722351 0.20311522483825684
vt -0.1219729632139206 -0.3354533910751343
vt -0.11510668694972992 -0.3354533910751343
vt 0.9745173454284668 0.5371960997581482
vt 1.2276465892791748 0.5371960997581482
vt 0.9551645517349243 0.8645262718200684
vt 0.9551645517349243 0.8576599359512329
vt 0.4388098418712616 -0.05001401901245117
vt 0.4388098418712616 -0.06936705112457275
vt 0.4388098418712616 0.20311522483825684
vt -0.10834050178527832 -0.05105388164520264
vt -0.10834050178527832 -0.05792045593261719
vt 0.6104650497436523 -0.6079356670379639
vt 0.6035986542701721 -0.6079356670379639
vt 0.9620312452316284 1.5900979042053223
vt 0.9620312452316284 1.5832315683364868
vt 0.9551645517349243 1.5832315683364868
vt 0.9551645517349243 1.5900979042053223
vt 1.0987682342529297 0.7140561938285828
vt 1.0926988124847412 0.7201256155967712
vt 1.060289740562439 0.691840648651123
vt 1.0580681562423706 0.7001315951347351
vt 1.0158586502075195 0.691840648651123
vt 1.018080234527588 0.7001315951347351
vt 0.9773799777030945 0.7140561938285828
vt 0.9834494590759277 0.720125675201416
vt 0.9551645517349243 0.7525347471237183
vt 0.9634553790092468 0.7547562718391418
vt 1.5225334167480469 0.5141109824180603
vt 1.5225334167480469 0.49307316541671753
vt 0.33581066131591797 0.6745309829711914
vt 0.3672281503677368 0.6745309829711914
vt 0.3672281503677368 0.6534932851791382
vt 0.33581066131591797 0.6534932851791382
vt 0.41014528274536133 0.6745309829711914
vt 0.41014528274536133 0.6534932851791382
vt 0.4530624747276306 0.6745309829711914
vt 0.4530624747276306 0.6534932851791382
vt 0.4844801425933838 0.674531102180481
vt 0.4844801425933838 0.6534932851791382
vt -0.1219729632139206 -0.14375507831573486
vt -0.1009351909160614 -0.14375507831573486
vt -0.1219729632139206 -0.05105388164520264
vt -0.1219729632139206 -0.05792045593261719
vt 0.4319431185722351 0.21674776077270508
vt -0.11510668694972992 -0.3218209743499756
vt -0.1219729632139206 -0.3218209743499756
vt 0.4388098418712616 0.21674776077270508
vt 0.6104650497436523 -0.3218209743499756
vt 0.6035986542701721 -0.3218209743499756
vt 0.015352830290794373 -0.3218209743499756
vt 0.015352830290794373 -0.3354533910751343
vt 0.9620312452316284 0.9949946403503418
vt 0.9551645517349243 0.9949946403503418
vt 1.2298325300216675 0.9949946403503418
vt 1.222965955734253 0.9949946403503418
vt 0.9745173454284668 0.07942759990692139
vt 0.9551643133163452 0.07942759990692139
vt 0.9620312452316284 1.3383210897445679
vt 0.9620312452316284 1.2238788604736328
vt 0.9551645517349243 1.2238788604736328
vt 0.9551645517349243 1.3383210897445679
vt 1.2298327684402466 1.3383209705352783
vt 1.2298327684402466 1.2238788604736328
vt 1.222965955734253 1.2238788604736328
vt 1.222965955734253 1.3383209705352783
vt 0.3586881756782532 -0.5885826349258423
vt 0.3586881756782532 -0.3354533910751343
vt 0.4731302857398987 -0.3354533910751343
vt 0.4731302857398987 -0.5885826349258423
vt 0.9745173454284668 0.42275404930114746
vt 0.9745173454284668 0.3083118796348572
vt 0.9551643133163452 0.3083118796348572
vt 0.9551643133163452 0.42275404930114746
vt 0.9745173454284668 0.1938697099685669
vt 1.2276465892791748 0.3083118796348572
vt 1.2276465892791748 0.1938653588294983
vt 0.9620312452316284 1.4527631998062134
vt 0.9551645517349243 1.4527631998062134
vt 1.2298327684402466 1.4527631998062134
vt 1.222965955734253 1.4527631998062134
vt 0.9551643133163452 0.537196159362793
vt 0.9620312452316284 1.1094367504119873
vt 0.9551645517349243 1.1094367504119873
vt 1.2298325300216675 1.1094367504119873
vt 1.222965955734253 1.1094367504119873
vt 0.9551643133163452 0.1938697099685669
vt 1.241279125213623 0.5372034311294556
vt 1.241279125213623 0.19386768341064453
vt 1.241279125213623 0.4227599501609802
vt 1.241279125213623 0.30831652879714966
vt 1.227646827697754 0.42275404930114746
vt 0.4731374979019165 -0.3218209743499756
vt 0.12980175018310547 -0.3218209743499756
vt 0.12979945540428162 -0.3354533910751343
vt 0.35869404673576355 -0.3218209743499756
vt 0.24424594640731812 -0.3354533910751343
vt 0.2442505806684494 -0.3218209743499756
vt 0.1298038363456726 -0.5885826349258423
vt 0.24424594640731812 -0.5885826349258423
vt 0.3586881756782532 -0.6079356670379639
vt 0.24424594640731812 -0.6079356670379639
vt 0.4731302857398987 -0.6079356670379639
vt 0.1298038363456726 -0.6079356670379639
vt 1.0495814085006714 1.1495476961135864
vt 1.092498540878296 1.1380480527877808
vt 1.092498540878296 1.1335206031799316
vt 1.0473177433013916 1.1456267833709717
vt 1.0181636810302734 1.1809651851654053
vt 1.0142430067062378 1.1787015199661255
vt 1.0066641569137573 1.2238824367523193
vt 1.0021368265151978 1.2238824367523193
vt 1.0181636810302734 1.2667995691299438
vt 1.0142430067062378 1.2690633535385132
vt 1.0495814085006714 1.2982171773910522
vt 1.0473177433013916 1.302138090133667
vt 1.092498540878296 1.309716820716858
vt 1.092498540878296 1.3142441511154175
vt 1.13541579246521 1.1495476961135864
vt 1.1376793384552002 1.1456267833709717
vt 1.1668334007263184 1.1809651851654053
vt 1.1707541942596436 1.1787015199661255
vt 1.178333044052124 1.2238824367523193
vt 1.1828603744506836 1.2238824367523193
vt 1.1668334007263184 1.2667995691299438
vt 1.1707541942596436 1.2690633535385132
vt 1.13541579246521 1.2982171773910522
vt 1.1376793384552002 1.302138090133667
vt 1.053873062133789 0.9280894994735718
vt 1.092498540878296 0.917739748954773
vt 1.092498540878296 0.9100146293640137
vt 1.0500106811523438 0.9213993549346924
vt 1.025597095489502 0.9563652276992798
vt 1.018907070159912 0.9525027275085449
vt 1.0152475833892822 0.9949907064437866
vt 1.007522463798523 0.9949907064437866
vt 1.025597333908081 1.033616304397583
vt 1.018907070159912 1.0374786853790283
vt 1.053873062133789 1.061892032623291
vt 1.0500106811523438 1.0685821771621704
vt 1.092498540878296 1.0722416639328003
vt 1.092498540878296 1.0799667835235596
vt 1.1311241388320923 0.9280894994735718
vt 1.1349866390228271 0.9213993549346924
vt 1.1593998670578003 0.9563652276992798
vt 1.1660900115966797 0.9525027275085449
vt 1.1697496175765991 0.9949907064437866
vt 1.1774744987487793 0.9949907064437866
vt 1.1593998670578003 1.033616304397583
vt 1.1660900115966797 1.0374786853790283
vt 1.1311241388320923 1.061892032623291
vt 1.1349866390228271 1.0685821771621704
vt 1.053873062133789 1.3858728408813477
vt 1.092498540878296 1.3755230903625488
vt 1.092498540878296 1.367798089981079
vt 1.0500106811523438 1.3791826963424683
vt 1.025597333908081 1.4141485691070557
vt 1.018907070159912 1.4102860689163208
vt 1.0152475833892822 1.452774167060852
vt 1.007522463798523 1.452774167060852
vt 1.025597333908081 1.4913996458053589
vt 1.018907070159912 1.4952621459960938
vt 1.053873062133789 1.519675374031067
vt 1.0500106811523438 1.5263655185699463
vt 1.092498540878296 1.5300251245498657
vt 1.092498540878296 1.5377501249313354
vt 1.1311241388320923 1.3858728408813477
vt 1.1349866390228271 1.3791826963424683
vt 1.1593999862670898 1.4141485691070557
vt 1.1660900115966797 1.4102860689163208
vt 1.1697496175765991 1.452774167060852
vt 1.1774744987487793 1.452774167060852
vt 1.1593998670578003 1.4913996458053589
vt 1.1660900115966797 1.4952621459960938
vt 1.1311241388320923 1.519675374031067
vt 1.1349866390228271 1.5263655185699463
vt 1.092498540878296 1.1094367504119873
vt 1.092498540878296 1.3383210897445679
vt 1.1322039365768433 0.7587419152259827
vt 1.1209838390350342 0.7587419152259827
vt 1.1209838390350342 0.7973673939704895
vt 1.1322039365768433 0.7973673939704895
vt 0.0014490187168121338 -0.14375507831573486
vt 0.012669235467910767 -0.14375507831573486
vt 0.012669235467910767 -0.17203092575073242
vt 0.0014490187168121338 -0.17203092575073242
vt 0.496886283159256 -0.2638249397277832
vt 0.5251619815826416 -0.2638249397277832
vt 0.5251619815826416 -0.27504515647888184
vt 0.496886283159256 -0.27504515647888184
vt 1.3328769207000732 0.7030608057975769
vt 1.3328769207000732 0.691840648651123
vt 1.2942514419555664 0.691840648651123
vt 1.2942514419555664 0.7030608057975769
vt 1.2684581279754639 1.1805611848831177
vt 1.3070837259292603 1.1805611848831177
vt 1.3070837259292603 1.1693410873413086
vt 1.2684581279754639 1.1693410873413086
vt 0.5637875199317932 -0.2638249397277832
vt 0.6024130582809448 -0.2638249397277832
vt 0.6024130582809448 -0.27504515647888184
vt 0.5637875199317932 -0.27504515647888184
vt 0.3416549563407898 -0.19278907775878906
vt 0.38028037548065186 -0.19278907775878906
vt 0.38028037548065186 -0.20400917530059814
vt 0.3416549563407898 -0.20400917530059814
vt 0.0014490187168121338 -0.24928176403045654
vt 0.0014490187168121338 -0.21065640449523926
vt 0.012669235467910767 -0.21065640449523926
vt 0.012669235467910767 -0.24928176403045654
vt 0.4189058840274811 -0.19278907775878906
vt 0.44718170166015625 -0.19278907775878906
vt 0.44718170166015625 -0.20400917530059814
vt 0.4189058840274811 -0.2040092945098877
vt 0.04050855338573456 -0.24928176403045654
vt 0.029288381338119507 -0.24928176403045654
vt 0.029288381338119507 -0.22100591659545898
vt 0.04050859808921814 -0.22100591659545898
vt 1.2298325300216675 1.1693410873413086
vt 1.2298325300216675 1.1805611848831177
vt 1.1322039365768433 0.7201164960861206
vt 1.1209838390350342 0.7201164960861206
vt 0.04050859808921814 -0.18238043785095215
vt 0.029288381338119507 -0.18238043785095215
vt 0.029288381338119507 -0.14375507831573486
vt 0.04050859808921814 -0.14375507831573486
vt 1.2799046039581299 0.26499438285827637
vt 1.3185300827026367 0.26499438285827637
vt 1.3185300827026367 0.25377410650253296
vt 1.2799046039581299 0.25377410650253296
vt 1.1209838390350342 0.8256431818008423
vt 1.1322039365768433 0.8256431818008423
vt 0.313379168510437 -0.19278907775878906
vt 0.313379168510437 -0.2040092945098877
vt 0.6306888461112976 -0.2638249397277832
vt 0.6306888461112976 -0.27504515647888184
vt 1.241279125213623 0.25377410650253296
vt 1.241279125213623 0.26499438285827637
vt 1.2556259632110596 0.7030607461929321
vt 1.2556259632110596 0.691840648651123
vt 1.1322039365768433 0.691840648651123
vt 1.1209838390350342 0.691840648651123
vt 0.29338520765304565 -0.08936107158660889
vt 0.313379168510437 -0.12399172782897949
vt 0.305917352437973 -0.1259911060333252
vt 0.2879227101802826 -0.09482359886169434
vt 0.313379168510437 -0.16397976875305176
vt 0.305917352437973 -0.16198039054870605
vt 0.29338520765304565 -0.1986103057861328
vt 0.2879227101802826 -0.19314789772033691
vt 0.2587544322013855 -0.21860432624816895
vt 0.25675511360168457 -0.21114253997802734
vt 0.2187664657831192 -0.21860432624816895
vt 0.22076579928398132 -0.21114253997802734
vt 0.18413574993610382 -0.1986103057861328
vt 0.18959824740886688 -0.19314789772033691
vt 0.2567550241947174 -0.0768289566040039
vt 0.2587544322013855 -0.06936705112457275
vt 0.22076579928398132 -0.0768289566040039
vt 0.2187664657831192 -0.06936705112457275
vt 0.18959824740886688 -0.09482359886169434
vt 0.18413574993610382 -0.08936107158660889
vt 0.17160362005233765 -0.1259911060333252
vt 0.16414177417755127 -0.12399172782897949
vt 0.17160362005233765 -0.16198039054870605
vt 0.16414174437522888 -0.16397976875305176
vt 1.2556259632110596 0.7587419152259827
vt 1.244405746459961 0.7587419152259827
vt 1.244405746459961 0.7973673939704895
vt 1.2556259632110596 0.7973673939704895
vt 1.3328769207000732 0.8264827728271484
vt 1.3328769207000732 0.8152625560760498
vt 1.2942514419555664 0.8152625560760498
vt 1.2942514419555664 0.8264827728271484
vt 1.268458366394043 1.3039830923080444
vt 1.3070837259292603 1.303983211517334
vt 1.3070837259292603 1.2927629947662354
vt 1.268458366394043 1.2927629947662354
vt 0.3416549563407898 -0.06936705112457275
vt 0.38028037548065186 -0.06936705112457275
vt 0.38028037548065186 -0.08058714866638184
vt 0.3416549563407898 -0.08058714866638184
vt 0.4189058840274811 -0.06936705112457275
vt 0.44718170166015625 -0.06936705112457275
vt 0.44718170166015625 -0.08058714866638184
vt 0.4189058840274811 -0.08058714866638184
vt 1.2298325300216675 1.2927629947662354
vt 1.2298325300216675 1.303983211517334
vt 1.2556259632110596 0.7201164960861206
vt 1.244405746459961 0.7201164960861206
vt 1.244405746459961 0.8256431818008423
vt 1.2556259632110596 0.8256431818008423
vt 0.313379168510437 -0.06936705112457275
vt 0.313379168510437 -0.08058714866638184
vt 1.2556259632110596 0.8264827728271484
vt 1.2556259632110596 0.8152625560760498
vt 1.2556259632110596 0.691840648651123
vt 1.244405746459961 0.691840648651123
vt 0.4650540053844452 0.3686336874961853
vt 0.48504793643951416 0.33400285243988037
vt 0.4775860905647278 0.33200353384017944
vt 0.4595915675163269 0.36317121982574463
vt 0.48504793643951416 0.2940148711204529
vt 0.4775860905647278 0.29601436853408813
vt 0.465053915977478 0.2593842148780823
vt 0.4595915675163269 0.26484668254852295
vt 0.4304232597351074 0.23939025402069092
vt 0.4284239411354065 0.2468520998954773
vt 0.39043527841567993 0.23939025402069092
vt 0.39243465662002563 0.2468520998954773
vt 0.35580459237098694 0.2593843936920166
vt 0.3612670600414276 0.26484668254852295
vt 0.42842382192611694 0.3811658024787903
vt 0.4304232597351074 0.38862764835357666
vt 0.39243465662002563 0.3811658024787903
vt 0.3904351592063904 0.38862764835357666
vt 0.3612670600414276 0.36317121982574463
vt 0.35580459237098694 0.3686336874961853
vt 0.34327244758605957 0.33200353384017944
vt 0.3358105421066284 0.3340030312538147
vt 0.34327244758605957 0.29601436853408813
vt 0.33581066131591797 0.2940150499343872
vt -0.1219729632139206 -0.14375507831573486
vt -0.11075279116630554 -0.14375507831573486
vt -0.11075279116630554 -0.17203092575073242
vt -0.1219729632139206 -0.17203092575073242
vt 0.496886283159256 -0.1404029130935669
vt 0.5251619815826416 -0.1404029130935669
vt 0.5251619815826416 -0.15162312984466553
vt 0.496886283159256 -0.15162312984466553
vt 0.5637875199317932 -0.1404029130935669
vt 0.6024130582809448 -0.1404029130935669
vt 0.6024130582809448 -0.15162312984466553
vt 0.5637875199317932 -0.15162312984466553
vt -0.1219729632139206 -0.24928176403045654
vt -0.1219729632139206 -0.21065640449523926
vt -0.11075279116630554 -0.21065640449523926
vt -0.11075279116630554 -0.24928176403045654
vt 0.16393056511878967 -0.24928176403045654
vt 0.15271036326885223 -0.24928176403045654
vt 0.15271036326885223 -0.22100591659545898
vt 0.16393056511878967 -0.22100591659545898
vt 0.16393056511878967 -0.18238043785095215
vt 0.15271036326885223 -0.18238043785095215
vt 0.15271036326885223 -0.14375507831573486
vt 0.16393056511878967 -0.14375507831573486
vt 1.2799046039581299 0.3884162902832031
vt 1.3185300827026367 0.3884162902832031
vt 1.3185300827026367 0.3771960735321045
vt 1.2799046039581299 0.3771960735321045
vt 0.6306888461112976 -0.1404029130935669
vt 0.6306888461112976 -0.15162312984466553
vt 1.241279125213623 0.3771960735321045
vt 1.241279125213623 0.3884162902832031
vt 0.41042929887771606 0.314008891582489
vt 0.23876047134399414 -0.14398574829101562
vn 1.1924880638503055e-08 0.0 -1.0
vn 3.23120996625903e-09 -0.9625895023345947 -0.2709636986255646
vn 0.135482057929039 -0.9625909924507141 -0.2346557378768921
vn 0.49998927116394043 0.0 -0.8660316467285156
vn 0.49998927116394043 0.0 -0.8660316467285156
vn 0.135482057929039 -0.9625909924507141 -0.2346557378768921
vn 0.23465576767921448 -0.9625909924507141 -0.135482057929039
vn 0.8660316467285156 0.0 -0.49998927116394043
vn 0.2709636986255646 -0.9625895023345947 3.23120996625903e-09
vn 1.0 0.0 1.1924881526681474e-08
vn 0.2346557378768921 -0.9625909924507141 0.135482057929039
vn 0.8660316467285156 0.0 0.49998927116394043
vn 0.1354820430278778 -0.9625909924507141 0.2346557378768921
vn 0.49998927116394043 0.0 0.8660316467285156
vn 0.49998927116394043 0.0 0.8660316467285156
vn 0.1354820430278778 -0.9625909924507141 0.2346557378768921
vn -3.23120996625903e-09 -0.9625895023345947 0.2709636986255646
vn -1.1924880638503055e-08 0.0 1.0
vn 1.1924880638503055e-08 0.0 -1.0
vn 4.372188833201562e-09 0.9303612112998962 -0.3666442632675171
vn 0.18331433832645416 0.9303590655326843 -0.3175339698791504
vn 0.49998927116394043 0.0 -0.8660316467285156
vn 0.3175339996814728 0.9303590655326843 -0.18331432342529297
vn 0.8660316467285156 0.0 -0.49998927116394043
vn 0.8660316467285156 0.0 -0.49998927116394043
vn 0.3175339996814728 0.9303590655326843 -0.18331432342529297
vn 0.3666442632675171 0.9303612112998962 4.372188833201562e-09
vn 1.0 0.0 1.1924880638503055e-08
vn 0.3175339698791504 0.9303590655326843 0.18331432342529297
vn 0.8660316467285156 0.0 0.49998927116394043
vn 0.18331432342529297 0.9303590655326843 0.3175339698791504
vn 0.49998927116394043 0.0 0.8660316467285156
vn 0.49998927116394043 0.0 0.8660316467285156
vn 0.18331432342529297 0.9303590655326843 0.3175339698791504
vn -4.372188833201562e-09 0.9303612112998962 0.3666442632675171
vn -1.1924880638503055e-08 0.0 1.0
vn 0.1354820430278778 0.9625909924507141 0.2346557378768921
vn -3.23120996625903e-09 0.9625895023345947 0.2709636986255646
vn 0.0 0.9999999403953552 0.0
vn 0.0 0.9999999403953552 0.0
vn 0.2346557378768921 0.9625909924507141 0.135482057929039
vn 0.0 0.9999999403953552 0.0
vn 0.2709636986255646 0.9625895023345947 3.23120996625903e-09
vn 0.0 0.9999999403953552 0.0
vn 0.23465576767921448 0.9625909924507141 -0.135482057929039
vn 0.0 0.9999999403953552 0.0
vn 0.135482057929039 0.9625909924507141 -0.2346557378768921
vn 0.0 0.9999999403953552 0.0
vn 3.23120996625903e-09 0.9625895023345947 -0.2709636986255646
vn 0.0 0.9999999403953552 0.0
vn 0.2346557378768921 0.9625909924507141 0.135482057929039
vn 0.8660316467285156 0.0 0.49998927116394043
vn 0.49998927116394043 0.0 0.8660316467285156
vn 0.1354820430278778 0.9625909924507141 0.2346557378768921
vn 1.0 0.0 1.1924880638503055e-08
vn 0.2709636986255646 0.9625895023345947 3.23120996625903e-09
vn 0.8660316467285156 0.0 -0.49998927116394043
vn 0.23465576767921448 0.9625909924507141 -0.135482057929039
vn 0.49998927116394043 0.0 -0.8660316467285156
vn 0.8660316467285156 0.0 -0.49998927116394043
vn 0.135482057929039 0.9625909924507141 -0.2346557378768921
vn 0.23465576767921448 0.9625909924507141 -0.135482057929039
vn 1.1924881526681474e-08 0.0 -1.0
vn 3.23120996625903e-09 0.9625895023345947 -0.2709636986255646
vn -4.372188833201562e-09 0.9303612112998962 0.3666442632675171
vn 0.18331432342529297 0.9303590655326843 0.3175339698791504
vn 0.0 0.9999999403953552 0.0
vn 0.0 0.9999999403953552 0.0
vn 0.3175339698791504 0.9303590655326843 0.18331432342529297
vn 0.0 0.9999999403953552 0.0
vn 0.3666442632675171 0.9303612112998962 4.372188833201562e-09
vn 0.0 0.9999999403953552 0.0
vn 0.3175339996814728 0.9303590655326843 -0.18331432342529297
vn 0.0 0.9999999403953552 0.0
vn 0.18331433832645416 0.9303590655326843 -0.3175339698791504
vn 0.0 0.9999999403953552 0.0
vn 4.372188833201562e-09 0.9303612112998962 -0.3666442632675171
vn 0.0 0.9999999403953552 0.0
vn 0.1354820430278778 0.9625909924507141 0.2346557378768921
vn 0.49998927116394043 0.0 0.8660316467285156
vn -1.1924880638503055e-08 0.0 1.0
vn -3.23120996625903e-09 0.9625895023345947 0.2709636986255646
vn -1.1924880638503055e-08 0.0 1.0
vn -3.83865250697113e-09 0.9467726945877075 0.3219027817249298
vn -3.83865250697113e-09 0.9467726945877075 0.3219027817249298
vn -1.1924880638503055e-08 0.0 1.0
vn 0.0 0.9999999403953552 0.0
vn 0.0 0.9999999403953552 0.0
vn -3.83865250697113e-09 0.9467726945877075 0.3219027817249298
vn -3.83865250697113e-09 0.9467726945877075 0.3219027817249298
vn 1.0 0.0 1.1924880638503055e-08
vn 0.3219027817249298 0.9467726945877075 3.83865250697113e-09
vn 0.3064182698726654 0.9012300372123718 0.3064182698726654
vn 0.7071067690849304 0.0 0.7071067690849304
vn 1.0 0.0 1.1924880638503055e-08
vn 0.3219027817249298 0.9467726945877075 3.83865250697113e-09
vn 0.3219027817249298 0.9467726945877075 3.83865250697113e-09
vn 1.0 0.0 1.1924880638503055e-08
vn 0.3219027817249298 -0.9467726945877075 3.83865250697113e-09
vn 0.3064182698726654 -0.9012300372123718 0.3064182698726654
vn -3.83865250697113e-09 -0.9467726945877075 0.3219027817249298
vn 0.0 -0.9999999403953552 -0.0
vn 0.7071067690849304 0.0 0.7071067690849304
vn 0.3064182698726654 0.9012300372123718 0.3064182698726654
vn 0.3219027817249298 0.9467726945877075 3.83865250697113e-09
vn 0.3064182698726654 0.9012300372123718 0.3064182698726654
vn 0.3219027817249298 0.9467726945877075 3.83865250697113e-09
vn 0.0 0.9999999403953552 0.0
vn 0.3219027817249298 -0.9467726945877075 3.83865250697113e-09
vn 1.0 0.0 1.1924880638503055e-08
vn 0.7071067690849304 0.0 0.7071067690849304
vn 0.3064182698726654 -0.9012300372123718 0.3064182698726654
vn 0.3064182698726654 -0.9012300372123718 0.3064182698726654
vn 0.7071067690849304 0.0 0.7071067690849304
vn -1.1924880638503055e-08 0.0 1.0
vn -3.83865250697113e-09 -0.9467726945877075 0.3219027817249298
vn 0.0 -0.9999999403953552 -0.0
vn 0.0 -0.9999999403953552 -0.0
vn 0.0 -0.9999999403953552 -0.0
vn 0.0 -0.9999999403953552 -0.0
vn -1.1924880638503055e-08 0.0 1.0
vn 0.0 -0.9999999403953552 -0.0
vn 0.0 -0.9999999403953552 -0.0
vn 0.0 -0.9999999403953552 -0.0
vn 1.1924880638503055e-08 0.0 -1.0
vn 1.1924880638503055e-08 0.0 -1.0
vn 0.7071067690849304 0.0 -0.7071067690849304
vn 0.7071067690849304 0.0 -0.7071067690849304
vn -3.83865250697113e-09 -0.9467726945877075 0.3219027817249298
vn 1.1924881526681474e-08 0.0 -1.0
vn 4.372188833201562e-09 0.9303612112998962 -0.3666442632675171
vn 0.18331433832645416 0.9303590655326843 -0.3175339698791504
vn 0.49998927116394043 0.0 -0.8660316467285156
vn 0.49998927116394043 0.0 -0.8660316467285156
vn 0.18331433832645416 0.9303590655326843 -0.3175339698791504
vn 0.3175339996814728 0.9303590655326843 -0.18331432342529297
vn 0.8660316467285156 0.0 -0.49998927116394043
vn 0.3666442632675171 0.9303612112998962 4.372188833201562e-09
vn 1.0 0.0 1.1924880638503055e-08
vn 0.3175339698791504 0.9303590655326843 0.18331432342529297
vn 0.8660316467285156 0.0 0.49998927116394043
vn 0.18331432342529297 0.9303590655326843 0.3175339698791504
vn 0.49998927116394043 0.0 0.8660316467285156
vn 0.49998927116394043 0.0 0.8660316467285156
vn 0.18331432342529297 0.9303590655326843 0.3175339698791504
vn -4.372188833201562e-09 0.9303612112998962 0.3666442632675171
vn -1.1924880638503055e-08 0.0 1.0
vn 0.1354820430278778 0.9625909924507141 0.2346557378768921
vn -3.23120996625903e-09 0.9625895023345947 0.2709636986255646
vn 0.0 0.9999999403953552 0.0
vn 0.0 0.9999999403953552 0.0
vn 0.2346557378768921 0.9625909924507141 0.135482057929039
vn 0.0 0.9999999403953552 0.0
vn 0.2709636986255646 0.9625895023345947 3.23120996625903e-09
vn 0.0 0.9999999403953552 0.0
vn 0.23465576767921448 0.9625909924507141 -0.135482057929039
vn 0.0 1.0 0.0
vn 0.135482057929039 0.9625909924507141 -0.2346557378768921
vn 0.0 0.9999999403953552 0.0
vn 3.23120996625903e-09 0.9625895023345947 -0.2709636986255646
vn 0.0 0.9999999403953552 0.0
vn 0.2346557378768921 0.9625909924507141 0.135482057929039
vn 0.8660316467285156 0.0 0.49998927116394043
vn 0.49998927116394043 0.0 0.8660316467285156
vn 0.1354820430278778 0.9625909924507141 0.2346557378768921
vn 1.0 0.0 1.1924880638503055e-08
vn 0.2709636986255646 0.9625895023345947 3.23120996625903e-09
vn 0.8660316467285156 0.0 -0.49998927116394043
vn 0.23465576767921448 0.9625909924507141 -0.135482057929039
vn 0.49998927116394043 0.0 -0.8660316467285156
vn 0.135482057929039 0.9625909924507141 -0.2346557378768921
vn 1.1924881526681474e-08 0.0 -1.0
vn 0.49998927116394043 0.0 -0.8660316467285156
vn 3.23120996625903e-09 0.9625895023345947 -0.2709636986255646
vn 0.135482057929039 0.9625909924507141 -0.2346557378768921
vn 0.3175339698791504 0.9303590655326843 0.18331432342529297
vn 0.3666442632675171 0.9303612112998962 4.372188833201562e-09
vn 0.0 0.9999999403953552 0.0
vn 0.0 0.9999999403953552 0.0
vn 0.1354820430278778 0.9625909924507141 0.2346557378768921
vn 0.49998927116394043 0.0 0.8660316467285156
vn -1.1924880638503055e-08 0.0 1.0
vn -3.23120996625903e-09 0.9625895023345947 0.2709636986255646
vn 3.83865250697113e-09 0.9467726945877075 -0.3219027817249298
vn 0.3064182698726654 0.9012300372123718 -0.3064182698726654
vn 1.0 0.0 1.1924880638503055e-08
vn 0.3219027817249298 0.9467726945877075 3.83865250697113e-09
vn 0.3219027817249298 0.9467726945877075 3.83865250697113e-09
vn 1.0 0.0 1.1924880638503055e-08
vn 1.1924880638503055e-08 0.0 -1.0
vn 3.83865250697113e-09 0.9467726945877075 -0.3219027817249298
vn 0.3219027817249298 0.9467726945877075 3.83865250697113e-09
vn 0.0 0.9999999403953552 0.0
vn 0.0 0.9999999403953552 0.0
vn 0.3219027817249298 0.9467726945877075 3.83865250697113e-09
vn 3.83865250697113e-09 -0.9467726945877075 -0.3219027817249298
vn 0.3064182698726654 -0.9012300372123718 -0.3064182698726654
vn 0.3219027817249298 -0.9467726945877075 3.83865250697113e-09
vn 0.0 -0.9999999403953552 -0.0
vn 3.83865250697113e-09 0.9467726945877075 -0.3219027817249298
vn 3.83865250697113e-09 0.9467726945877075 -0.3219027817249298
vn 0.0 0.9999999403953552 0.0
vn 0.7071067690849304 0.0 -0.7071067690849304
vn 0.3064182698726654 0.9012300372123718 -0.3064182698726654
vn 0.3064182698726654 0.9012300372123718 -0.3064182698726654
vn 1.1924880638503055e-08 0.0 -1.0
vn 3.83865250697113e-09 -0.9467726945877075 -0.3219027817249298
vn 0.3064182698726654 -0.9012300372123718 -0.3064182698726654
vn 0.7071067690849304 0.0 -0.7071067690849304
vn 1.0 0.0 1.1924880638503055e-08
vn 0.3064182698726654 -0.9012300372123718 -0.3064182698726654
vn 0.3219027817249298 -0.9467726945877075 3.83865250697113e-09
vn 0.0 -0.9999999403953552 -0.0
vn 0.0 -0.9999999403953552 -0.0
vn -0.3219027817249298 -0.9467726945877075 -3.83865250697113e-09
vn -0.3219027817249298 -0.9467726945877075 -3.83865250697113e-09
vn 0.0 -0.9999999403953552 -0.0
vn 0.0 -0.9999999403953552 -0.0
vn -0.1119014322757721 -0.9873986840248108 0.1119014322757721
vn -3.83865250697113e-09 -0.9467726945877075 0.3219027817249298
vn -3.83865250697113e-09 -0.9467726945877075 0.3219027817249298
vn 0.0 -0.9999999403953552 -0.0
vn 0.0 -0.9999999403953552 -0.0
vn 0.3219027817249298 -0.9467726945877075 3.83865250697113e-09
vn 0.3219027817249298 -0.9467726945877075 3.83865250697113e-09
vn 0.3219027817249298 0.9467726945877075 3.83865250697113e-09
vn 0.0 0.9999999403953552 0.0
vn 0.3219027817249298 -0.9467726945877075 3.83865250697113e-09
vn 1.0 0.0 1.1924880638503055e-08
vn 1.0 0.0 1.1924880638503055e-08
vn 0.3219027817249298 -0.9467726945877075 3.83865250697113e-09
vn 0.0 0.9999999403953552 0.0
vn 0.0 -0.9999999403953552 -0.0
vn -0.3219027817249298 -0.9467726945877075 -3.83865250697113e-09
vn -0.3219027817249298 -0.9467726945877075 -3.83865250697113e-09
vn 0.3219027817249298 -0.9467726945877075 3.83865250697113e-09
vn 0.3219027817249298 -0.9467726945877075 3.83865250697113e-09
vn 1.0 0.0 1.1924880638503055e-08
vn 0.0 -0.9999999403953552 -0.0
vn 0.0 -0.9999999403953552 -0.0
vn -0.3219027817249298 -0.9467726945877075 -3.83865250697113e-09
vn -0.3219027817249298 -0.9467726945877075 -3.83865250697113e-09
vn 0.0 0.9999999403953552 0.0
vn 0.0 0.9999999403953552 0.0
vn 0.0 0.9999999403953552 0.0
vn 0.0 0.9999999403953552 0.0
vn 0.0 0.9999999403953552 0.0
vn 0.0 0.9999999403953552 0.0
vn 0.0 0.9999999403953552 0.0
vn 0.0 0.9999999403953552 0.0
vn 0.0 0.9999999403953552 0.0
vn 0.0 0.9999999403953552 0.0
vn 0.0 0.9999999403953552 0.0
vn 0.0 0.9999999403953552 0.0
vn 0.0 0.9999999403953552 0.0
vn 0.0 0.9999999403953552 0.0
vn 0.0 0.9999999403953552 0.0
vn 0.0 0.9999999403953552 0.0
vn 0.0 0.9999999403953552 0.0
vn -4.372188833201562e-09 0.9303612112998962 0.3666442632675171
vn 0.18331432342529297 0.9303590655326843 0.3175339698791504
vn 0.3175339996814728 0.9303590655326843 -0.18331432342529297
vn 0.18331433832645416 0.9303590655326843 -0.3175339698791504
vn 4.372188833201562e-09 0.9303612112998962 -0.3666442632675171
vn 0.0 0.9999999403953552 0.0
vn 0.0 0.9999999403953552 0.0
vn -1.1924880638503055e-08 0.0 1.0
vn -0.7071067690849304 0.0 0.7071067690849304
vn -0.3064182698726654 -0.9012300372123718 0.3064182698726654
vn -3.83865250697113e-09 -0.9467726945877075 0.3219027817249298
vn 3.83865250697113e-09 -0.9467726945877075 -0.3219027817249298
vn 3.83865250697113e-09 -0.9467726945877075 -0.3219027817249298
vn -0.1119014322757721 -0.9873986840248108 -0.1119014322757721
vn -0.3219027817249298 -0.9467726945877075 -3.83865250697113e-09
vn 0.0 -0.9999999403953552 -0.0
vn 3.83865250697113e-09 -0.9467726945877075 -0.3219027817249298
vn 3.83865250697113e-09 -0.9467726945877075 -0.3219027817249298
vn 0.0 -0.9999999403953552 -0.0
vn 1.1924880638503055e-08 0.0 -1.0
vn 1.1924880638503055e-08 0.0 -1.0
vn 3.83865250697113e-09 -0.9467726945877075 -0.3219027817249298
vn 3.83865250697113e-09 -0.9467726945877075 -0.3219027817249298
vn -1.0 0.0 -1.1924880638503055e-08
vn -0.7071067690849304 0.0 -0.7071067690849304
vn -0.3064182698726654 -0.9012300372123718 -0.3064182698726654
vn -0.3219027817249298 -0.9467726945877075 -3.83865250697113e-09
vn 1.1924880638503055e-08 0.0 -1.0
vn 1.1924880638503055e-08 0.0 -1.0
vn -0.7071067690849304 0.0 -0.7071067690849304
vn -1.0 0.0 -1.1924880638503055e-08
vn 0.7071067690849304 0.0 0.7071067690849304
vn 0.7071067690849304 0.0 0.7071067690849304
vn 1.0 0.0 1.1924880638503055e-08
vn 1.0 0.0 1.1924880638503055e-08
vn 3.83865250697113e-09 -0.9467726945877075 -0.3219027817249298
vn 0.0 -0.9999999403953552 -0.0
vn 0.0 -0.9999999403953552 -0.0
vn -3.83865250697113e-09 -0.9467726945877075 0.3219027817249298
vn -1.1924880638503055e-08 0.0 1.0
vn -3.83865250697113e-09 -0.9467726945877075 0.3219027817249298
vn -0.3219027817249298 -0.9467726945877075 -3.83865250697113e-09
vn -0.3064182698726654 -0.9012300372123718 -0.3064182698726654
vn -0.7071067690849304 0.0 -0.7071067690849304
vn -0.3064182698726654 -0.9012300372123718 -0.3064182698726654
vn -0.7071067690849304 0.0 -0.7071067690849304
vn -0.7071067690849304 0.0 0.7071067690849304
vn -1.1924880638503055e-08 0.0 1.0
vn 3.83865250697113e-09 -0.9467726945877075 -0.3219027817249298
vn -0.7071067690849304 0.0 0.7071067690849304
vn -1.0 0.0 -1.1924880638503055e-08
vn -0.3219027817249298 -0.9467726945877075 -3.83865250697113e-09
vn -0.3064182698726654 -0.9012300372123718 0.3064182698726654
vn -3.83865250697113e-09 -0.9467726945877075 0.3219027817249298
vn -0.3064182698726654 -0.9012300372123718 0.3064182698726654
vn -0.3219027817249298 -0.9467726945877075 -3.83865250697113e-09
vn 0.0 -0.9999999403953552 -0.0
vn -1.1924880638503055e-08 0.0 1.0
vn -3.83865250697113e-09 -0.9467726945877075 0.3219027817249298
vn 0.0 -0.9999999403953552 -0.0
vn 0.18331432342529297 -0.9303590655326843 0.3175339698791504
vn -4.372188833201562e-09 -0.9303612112998962 0.3666442632675171
vn 0.0 -0.9999999403953552 -0.0
vn 0.0 -0.9999999403953552 -0.0
vn 0.3175339698791504 -0.9303590655326843 0.18331432342529297
vn 0.0 -0.9999999403953552 -0.0
vn 0.3666442632675171 -0.9303612112998962 4.372188833201562e-09
vn 0.0 -0.9999999403953552 -0.0
vn 0.3175331652164459 -0.9303566217422485 -0.18332862854003906
vn 0.0 -0.9999999403953552 -0.0
vn 0.18331433832645416 -0.9303590655326843 -0.3175339698791504
vn 0.0 -0.9999999403953552 -0.0
vn 4.372188833201562e-09 -0.9303612112998962 -0.3666442632675171
vn 0.0 -0.9999999403953552 -0.0
vn 4.372188833201562e-09 -0.9303612112998962 -0.3666442632675171
vn 1.1924880638503055e-08 0.0 -1.0
vn 0.49998927116394043 0.0 -0.8660316467285156
vn 0.18331433832645416 -0.9303590655326843 -0.3175339698791504
vn 0.18331433832645416 -0.9303590655326843 -0.3175339698791504
vn 0.49998927116394043 0.0 -0.8660316467285156
vn 0.8660316467285156 0.0 -0.49998927116394043
vn 0.3175331652164459 -0.9303566217422485 -0.18332862854003906
vn 1.0 0.0 1.1924880638503055e-08
vn 0.3666442632675171 -0.9303612112998962 4.372188833201562e-09
vn 0.8660316467285156 0.0 0.49998927116394043
vn 0.3175339698791504 -0.9303590655326843 0.18331432342529297
vn 0.49998927116394043 0.0 0.8660316467285156
vn 0.18331432342529297 -0.9303590655326843 0.3175339698791504
vn 0.18331432342529297 -0.9303590655326843 0.3175339698791504
vn 0.49998927116394043 0.0 0.8660316467285156
vn -1.1924880638503055e-08 0.0 1.0
vn -4.372188833201562e-09 -0.9303612112998962 0.3666442632675171
vn 0.0 -0.9999999403953552 -0.0
vn 0.3219027817249298 -0.9467726945877075 3.83865250697113e-09
vn 0.3219027817249298 -0.9467726945877075 3.83865250697113e-09
vn 1.0 0.0 1.1924880638503055e-08
vn 1.0 0.0 1.1924880638503055e-08
vn -3.83865250697113e-09 -0.9467726945877075 0.3219027817249298
vn -0.1119014322757721 -0.9873986840248108 0.1119014322757721
vn 3.83865250697113e-09 -0.9467726945877075 -0.3219027817249298
vn 3.83865250697113e-09 -0.9467726945877075 -0.3219027817249298
vn -0.3219027817249298 -0.9467726945877075 -3.83865250697113e-09
vn -0.1119014322757721 -0.9873986840248108 -0.1119014322757721
vn -3.83865250697113e-09 -0.9467726945877075 0.3219027817249298
vn -0.1119014322757721 -0.9873986840248108 -0.1119014322757721
vn -0.1119014322757721 -0.9873986840248108 0.1119014322757721
vn -0.3219027817249298 -0.9467726945877075 -3.83865250697113e-09
vn -1.0 0.0 -1.1924880638503055e-08
vn -0.7071067690849304 0.0 0.7071067690849304
vn -0.3219027817249298 -0.9467726945877075 -3.83865250697113e-09
vn -1.0 0.0 -1.1924880638503055e-08
vn -0.7071067690849304 0.0 0.7071067690849304
vn -1.1924880638503055e-08 0.0 1.0
vn -1.1924880638503055e-08 0.0 1.0
vn -0.7071067690849304 0.0 0.7071067690849304
vn -1.0 0.0 -1.1924880638503055e-08
vn -1.0 0.0 -1.1924880638503055e-08
vn -1.0 0.0 -1.1924880638503055e-08
vn -1.0 0.0 -1.1924880638503055e-08
vn -0.49998927116394043 0.0 -0.8660316467285156
vn -0.1354820430278778 -0.9625909924507141 -0.2346557378768921
vn -0.49998927116394043 0.0 -0.8660316467285156
vn -0.8660316467285156 0.0 -0.49998927116394043
vn -0.2346557378768921 -0.9625909924507141 -0.135482057929039
vn -0.1354820430278778 -0.9625909924507141 -0.2346557378768921
vn -1.0 0.0 -1.1924881526681474e-08
vn -0.2709636986255646 -0.9625895023345947 -3.23120996625903e-09
vn -0.8660316467285156 0.0 0.49998927116394043
vn -0.23465576767921448 -0.9625909924507141 0.135482057929039
vn -0.49998927116394043 0.0 0.8660316467285156
vn -0.135482057929039 -0.9625909924507141 0.2346557378768921
vn -0.49998927116394043 0.0 0.8660316467285156
vn -0.135482057929039 -0.9625909924507141 0.2346557378768921
vn -0.49998927116394043 0.0 -0.8660316467285156
vn -0.18331432342529297 0.9303590655326843 -0.3175339698791504
vn -0.8660316467285156 0.0 -0.49998927116394043
vn -0.3175339698791504 0.9303590655326843 -0.18331432342529297
vn -0.8660316467285156 0.0 -0.49998927116394043
vn -1.0 0.0 -1.1924880638503055e-08
vn -0.3666442632675171 0.9303612112998962 -4.372188833201562e-09
vn -0.3175339698791504 0.9303590655326843 -0.18331432342529297
vn -0.8660316467285156 0.0 0.49998927116394043
vn -0.3175331652164459 0.9303566217422485 0.18332862854003906
vn -0.49998927116394043 0.0 0.8660316467285156
vn -0.18331433832645416 0.9303590655326843 0.3175339698791504
vn -0.49998927116394043 0.0 0.8660316467285156
vn -0.18331433832645416 0.9303590655326843 0.3175339698791504
vn -0.135482057929039 0.9625909924507141 0.2346557378768921
vn 0.0 0.9999999403953552 0.0
vn -0.23465576767921448 0.9625909924507141 0.135482057929039
vn 0.0 0.9999999403953552 0.0
vn -0.2709636986255646 0.9625895023345947 -3.23120996625903e-09
vn 0.0 0.9999999403953552 0.0
vn -0.2346557378768921 0.9625909924507141 -0.135482057929039
vn 0.0 0.9999999403953552 0.0
vn -0.1354820430278778 0.9625909924507141 -0.2346557378768921
vn 0.0 0.9999999403953552 0.0
vn -0.23465576767921448 0.9625909924507141 0.135482057929039
vn -0.135482057929039 0.9625909924507141 0.2346557378768921
vn -0.49998927116394043 0.0 0.8660316467285156
vn -0.8660316467285156 0.0 0.49998927116394043
vn -1.0 0.0 -1.1924880638503055e-08
vn -0.2709636986255646 0.9625895023345947 -3.23120996625903e-09
vn -0.8660316467285156 0.0 -0.49998927116394043
vn -0.2346557378768921 0.9625909924507141 -0.135482057929039
vn -0.49998927116394043 0.0 -0.8660316467285156
vn -0.8660316467285156 0.0 -0.49998927116394043
vn -0.1354820430278778 0.9625909924507141 -0.2346557378768921
vn -0.2346557378768921 0.9625909924507141 -0.135482057929039
vn 0.0 0.9999999403953552 0.0
vn -0.18331433832645416 0.9303590655326843 0.3175339698791504
vn 0.0 0.9999999403953552 0.0
vn -0.3175331652164459 0.9303566217422485 0.18332862854003906
vn 0.0 0.9999999403953552 0.0
vn -0.3666442632675171 0.9303612112998962 -4.372188833201562e-09
vn 0.0 0.9999999403953552 0.0
vn -0.3175339698791504 0.9303590655326843 -0.18331432342529297
vn 0.0 0.9999999403953552 0.0
vn -0.18331432342529297 0.9303590655326843 -0.3175339698791504
vn -0.135482057929039 0.9625909924507141 0.2346557378768921
vn -0.49998927116394043 0.0 0.8660316467285156
vn -3.83865250697113e-09 0.9467726945877075 0.3219027817249298
vn 0.0 0.9999999403953552 0.0
vn -3.83865250697113e-09 0.9467726945877075 0.3219027817249298
vn -1.0 0.0 -1.1924880638503055e-08
vn -0.7071067690849304 0.0 0.7071067690849304
vn -0.3064182698726654 0.9012300372123718 0.3064182698726654
vn -0.3219027817249298 0.9467726945877075 -3.83865250697113e-09
vn -1.0 0.0 -1.1924880638503055e-08
vn -1.0 0.0 -1.1924880638503055e-08
vn -0.3219027817249298 0.9467726945877075 -3.83865250697113e-09
vn -0.3219027817249298 0.9467726945877075 -3.83865250697113e-09
vn -0.3219027817249298 -0.9467726945877075 -3.83865250697113e-09
vn 0.0 -0.9999999403953552 -0.0
vn -3.83865250697113e-09 -0.9467726945877075 0.3219027817249298
vn -0.3064182698726654 -0.9012300372123718 0.3064182698726654
vn -0.3064182698726654 0.9012300372123718 0.3064182698726654
vn -0.3219027817249298 0.9467726945877075 -3.83865250697113e-09
vn -0.3064182698726654 0.9012300372123718 0.3064182698726654
vn -0.3219027817249298 0.9467726945877075 -3.83865250697113e-09
vn 0.0 0.9999999403953552 0.0
vn -0.3219027817249298 -0.9467726945877075 -3.83865250697113e-09
vn -0.3064182698726654 -0.9012300372123718 0.3064182698726654
vn -0.7071067690849304 0.0 0.7071067690849304
vn -1.0 0.0 -1.1924880638503055e-08
vn -0.3064182698726654 -0.9012300372123718 0.3064182698726654
vn -3.83865250697113e-09 -0.9467726945877075 0.3219027817249298
vn 0.0 -0.9999999403953552 -0.0
vn 0.0 -0.9999999403953552 -0.0
vn -1.0 0.0 -1.1924880638503055e-08
vn 0.0 -0.9999999403953552 -0.0
vn 0.0 -0.9999999403953552 -0.0
vn 0.0 -0.9999999403953552 -0.0
vn 1.1924880638503055e-08 0.0 -1.0
vn -0.7071067690849304 0.0 -0.7071067690849304
vn -0.7071067690849304 0.0 -0.7071067690849304
vn 1.1924880638503055e-08 0.0 -1.0
vn -1.0 0.0 -1.1924880638503055e-08
vn -0.49998927116394043 0.0 -0.8660316467285156
vn -0.18331432342529297 0.9303590655326843 -0.3175339698791504
vn -0.49998927116394043 0.0 -0.8660316467285156
vn -0.8660316467285156 0.0 -0.49998927116394043
vn -0.3175339698791504 0.9303590655326843 -0.18331432342529297
vn -0.18331432342529297 0.9303590655326843 -0.3175339698791504
vn -1.0 0.0 -1.1924880638503055e-08
vn -0.3666442632675171 0.9303612112998962 -4.372188833201562e-09
vn -0.8660316467285156 0.0 0.49998927116394043
vn -0.3175331652164459 0.9303566217422485 0.18332862854003906
vn -0.49998927116394043 0.0 0.8660316467285156
vn -0.18331433832645416 0.9303590655326843 0.3175339698791504
vn -0.49998927116394043 0.0 0.8660316467285156
vn -0.18331433832645416 0.9303590655326843 0.3175339698791504
vn -0.135482057929039 0.9625909924507141 0.2346557378768921
vn 0.0 0.9999999403953552 0.0
vn -0.23465576767921448 0.9625909924507141 0.135482057929039
vn 0.0 0.9999999403953552 0.0
vn -0.2709636986255646 0.9625895023345947 -3.23120996625903e-09
vn 0.0 0.9999999403953552 0.0
vn -0.2346557378768921 0.9625909924507141 -0.135482057929039
vn 0.0 0.9999999403953552 0.0
vn -0.1354820430278778 0.9625909924507141 -0.2346557378768921
vn 0.0 0.9999999403953552 0.0
vn -0.23465576767921448 0.9625909924507141 0.135482057929039
vn -0.135482057929039 0.9625909924507141 0.2346557378768921
vn -0.49998927116394043 0.0 0.8660316467285156
vn -0.8660316467285156 0.0 0.49998927116394043
vn -1.0 0.0 -1.1924880638503055e-08
vn -0.2709636986255646 0.9625895023345947 -3.23120996625903e-09
vn -0.8660316467285156 0.0 -0.49998927116394043
vn -0.2346557378768921 0.9625909924507141 -0.135482057929039
vn -0.49998927116394043 0.0 -0.8660316467285156
vn -0.1354820430278778 0.9625909924507141 -0.2346557378768921
vn -0.49998927116394043 0.0 -0.8660316467285156
vn -0.1354820430278778 0.9625909924507141 -0.2346557378768921
vn -0.3175331652164459 0.9303566217422485 0.18332862854003906
vn 0.0 0.9999999403953552 0.0
vn 0.0 0.9999999403953552 0.0
vn -0.3666442632675171 0.9303612112998962 -4.372188833201562e-09
vn -0.135482057929039 0.9625909924507141 0.2346557378768921
vn -0.49998927116394043 0.0 0.8660316467285156
vn -0.3064182698726654 0.9012300372123718 -0.3064182698726654
vn 3.83865250697113e-09 0.9467726945877075 -0.3219027817249298
vn 0.0 0.9999999403953552 0.0
vn 0.0 0.9999999403953552 0.0
vn 0.0 0.9999999403953552 0.0
vn 0.0 0.9999999403953552 0.0
vn -0.3219027817249298 0.9467726945877075 -3.83865250697113e-09
vn -0.3219027817249298 0.9467726945877075 -3.83865250697113e-09
vn 0.0 0.9999999403953552 0.0
vn 0.0 0.9999999403953552 0.0
vn -0.3219027817249298 0.9467726945877075 -3.83865250697113e-09
vn -0.3219027817249298 0.9467726945877075 -3.83865250697113e-09
vn 0.0 0.9999999403953552 0.0
vn 0.0 0.9999999403953552 0.0
vn 3.83865250697113e-09 -0.9467726945877075 -0.3219027817249298
vn 0.0 -1.0 -0.0
vn -0.3219027817249298 -0.9467726945877075 -3.83865250697113e-09
vn -0.3064182698726654 -0.9012300372123718 -0.3064182698726654
vn 3.83865250697113e-09 0.9467726945877075 -0.3219027817249298
vn -0.7071067690849304 0.0 -0.7071067690849304
vn -0.3064182698726654 0.9012300372123718 -0.3064182698726654
vn -0.3064182698726654 0.9012300372123718 -0.3064182698726654
vn 3.83865250697113e-09 -0.9467726945877075 -0.3219027817249298
vn -0.3064182698726654 -0.9012300372123718 -0.3064182698726654
vn -0.7071067690849304 0.0 -0.7071067690849304
vn -0.3064182698726654 -0.9012300372123718 -0.3064182698726654
vn -0.3219027817249298 -0.9467726945877075 -3.83865250697113e-09
vn 0.0 -0.9999999403953552 -0.0
vn 0.3219027817249298 -0.9467726945877075 3.83865250697113e-09
vn 0.3219027817249298 -0.9467726945877075 3.83865250697113e-09
vn 0.0 -0.9999999403953552 -0.0
vn 0.0 -0.9999999403953552 -0.0
vn -3.83865250697113e-09 -0.9467726945877075 0.3219027817249298
vn 0.1119014322757721 -0.9873986840248108 0.1119014322757721
vn 0.0 -0.9999999403953552 -0.0
vn 0.0 -0.9999999403953552 -0.0
vn 0.0 -0.9999999403953552 -0.0
vn -0.3219027817249298 -0.9467726945877075 -3.83865250697113e-09
vn -0.3219027817249298 -0.9467726945877075 -3.83865250697113e-09
vn -0.3219027817249298 0.9467726945877075 -3.83865250697113e-09
vn 0.0 0.9999999403953552 0.0
vn -0.3219027817249298 -0.9467726945877075 -3.83865250697113e-09
vn -0.3219027817249298 -0.9467726945877075 -3.83865250697113e-09
vn 0.0 -0.9999999403953552 -0.0
vn 0.3219027817249298 -0.9467726945877075 3.83865250697113e-09
vn 0.3219027817249298 -0.9467726945877075 3.83865250697113e-09
vn -0.3219027817249298 -0.9467726945877075 -3.83865250697113e-09
vn -0.3219027817249298 -0.9467726945877075 -3.83865250697113e-09
vn 0.0 -0.9999999403953552 -0.0
vn 0.3219027817249298 -0.9467726945877075 3.83865250697113e-09
vn 0.3219027817249298 -0.9467726945877075 3.83865250697113e-09
vn 0.0 -0.9999999403953552 -0.0
vn 0.0 0.9999999403953552 0.0
vn 0.0 0.9999999403953552 0.0
vn 0.0 0.9999999403953552 0.0
vn 0.0 0.9999999403953552 0.0
vn 0.0 0.9999999403953552 0.0
vn 0.0 0.9999999403953552 0.0
vn 0.0 0.9999999403953552 0.0
vn 0.0 0.9999999403953552 0.0
vn 0.0 1.0 0.0
vn -0.18331433832645416 0.9303590655326843 0.3175339698791504
vn -0.3175339698791504 0.9303590655326843 -0.18331432342529297
vn -0.18331432342529297 0.9303590655326843 -0.3175339698791504
vn -1.1924880638503055e-08 0.0 1.0
vn -3.83865250697113e-09 -0.9467726945877075 0.3219027817249298
vn 0.3064182698726654 -0.9012300372123718 0.3064182698726654
vn 0.7071067690849304 0.0 0.7071067690849304
vn 3.83865250697113e-09 -0.9467726945877075 -0.3219027817249298
vn 0.3219027817249298 -0.9467726945877075 3.83865250697113e-09
vn 0.1119014322757721 -0.9873986840248108 -0.1119014322757721
vn 0.0 -0.9999999403953552 -0.0
vn 3.83865250697113e-09 -0.9467726945877075 -0.3219027817249298
vn 1.1924880638503055e-08 0.0 -1.0
vn 3.83865250697113e-09 -0.9467726945877075 -0.3219027817249298
vn 0.3064182698726654 -0.9012300372123718 -0.3064182698726654
vn 0.7071067690849304 0.0 -0.7071067690849304
vn 1.1924880638503055e-08 0.0 -1.0
vn 0.7071067690849304 0.0 -0.7071067690849304
vn 1.0 0.0 1.1924880638503055e-08
vn -1.0 0.0 -1.1924880638503055e-08
vn -1.0 0.0 -1.1924880638503055e-08
vn 0.3219027817249298 -0.9467726945877075 3.83865250697113e-09
vn 0.3064182698726654 -0.9012300372123718 -0.3064182698726654
vn 0.7071067690849304 0.0 -0.7071067690849304
vn 0.3064182698726654 -0.9012300372123718 -0.3064182698726654
vn 0.7071067690849304 0.0 -0.7071067690849304
vn -1.1924880638503055e-08 0.0 1.0
vn 0.7071067690849304 0.0 0.7071067690849304
vn 0.3064182698726654 -0.9012300372123718 0.3064182698726654
vn 0.3219027817249298 -0.9467726945877075 3.83865250697113e-09
vn -3.83865250697113e-09 -0.9467726945877075 0.3219027817249298
vn 0.0 -0.9999999403953552 -0.0
vn 0.3219027817249298 -0.9467726945877075 3.83865250697113e-09
vn 0.3064182698726654 -0.9012300372123718 0.3064182698726654
vn -0.18331433832645416 -0.9303590655326843 0.3175339698791504
vn 0.0 -0.9999999403953552 -0.0
vn -0.3175339996814728 -0.9303590655326843 0.18331432342529297
vn 0.0 -0.9999999403953552 -0.0
vn -0.3666442632675171 -0.9303612112998962 -4.372188833201562e-09
vn 0.0 -0.9999999403953552 -0.0
vn -0.31753313541412354 -0.9303566217422485 -0.18332862854003906
vn 0.0 -0.9999999403953552 -0.0
vn -0.18331432342529297 -0.9303590655326843 -0.3175339698791504
vn 0.0 -0.9999999403953552 -0.0
vn -0.18331432342529297 -0.9303590655326843 -0.3175339698791504
vn -0.49998927116394043 0.0 -0.8660316467285156
vn -0.18331432342529297 -0.9303590655326843 -0.3175339698791504
vn -0.31753313541412354 -0.9303566217422485 -0.18332862854003906
vn -0.8660316467285156 0.0 -0.49998927116394043
vn -0.49998927116394043 0.0 -0.8660316467285156
vn -0.3666442632675171 -0.9303612112998962 -4.372188833201562e-09
vn -1.0 0.0 -1.1924880638503055e-08
vn -0.3175339996814728 -0.9303590655326843 0.18331432342529297
vn -0.8660316467285156 0.0 0.49998927116394043
vn -0.18331433832645416 -0.9303590655326843 0.3175339698791504
vn -0.49998927116394043 0.0 0.8660316467285156
vn -0.18331433832645416 -0.9303590655326843 0.3175339698791504
vn -0.49998927116394043 0.0 0.8660316467285156
vn -3.83865250697113e-09 -0.9467726945877075 0.3219027817249298
vn 0.1119014322757721 -0.9873986840248108 0.1119014322757721
vn 3.83865250697113e-09 -0.9467726945877075 -0.3219027817249298
vn 0.3219027817249298 -0.9467726945877075 3.83865250697113e-09
vn 0.1119014322757721 -0.9873986840248108 -0.1119014322757721
vn 0.1119014322757721 -0.9873986840248108 -0.1119014322757721
vn 0.1119014322757721 -0.9873986840248108 0.1119014322757721
vn 0.3219027817249298 -0.9467726945877075 3.83865250697113e-09
vn 0.3219027817249298 -0.9467726945877075 3.83865250697113e-09
vn 1.0 0.0 1.1924880638503055e-08
vn 0.0 -0.9999999403953552 -0.0
vn 0.3219027817249298 -0.9467726945877075 3.83865250697113e-09
vn -0.3219027817249298 -0.9467726945877075 -3.83865250697113e-09
vn 0.0 -0.9999999403953552 -0.0
vn -1.0 0.0 -1.1924880638503055e-08
vn -0.3219027817249298 -0.9467726945877075 -3.83865250697113e-09
vn -0.00020753219723701477 -0.9999998807907104 -0.0001971556048374623
vn -0.0007263625739142299 -0.9999997019767761 -8.661787433139612e-12
vn 0.3219027817249298 -0.9467726945877075 3.83865250697113e-09
vn 0.3219027817249298 -0.9467726945877075 3.83865250697113e-09
vn -0.3219027817249298 -0.9467726945877075 -3.83865250697113e-09
vn -0.3219027817249298 -0.9467726945877075 -3.83865250697113e-09
vn 0.0007263625739142299 -0.9999997019767761 8.661787433139612e-12
vn 0.00020753222634084523 -0.9999998807907104 -0.0001971556048374623
vn 1.0 0.0 1.1924880638503055e-08
vn 1.0 0.0 1.1924880638503055e-08
vn 1.0 0.0 1.1924880638503055e-08
vn 1.0 0.0 1.1924880638503055e-08
vn -1.0 0.0 -1.1924880638503055e-08
vn -1.0 0.0 -1.1924880638503055e-08
vn -0.3219027817249298 -0.9467726945877075 -3.83865250697113e-09
vn -0.3219027817249298 -0.9467726945877075 -3.83865250697113e-09
vn -1.0 0.0 -1.1924880638503055e-08
vn -1.0 0.0 -1.1924880638503055e-08
vn -1.0 0.0 -1.1924880638503055e-08
vn 0.0 -0.9999999403953552 -0.0
vn 0.3219027817249298 -0.9467726945877075 3.83865250697113e-09
vn -0.3219027817249298 -0.9467726945877075 -3.83865250697113e-09
vn 0.0 -0.9999999403953552 -0.0
vn -0.3219027817249298 -0.9467726945877075 -3.83865250697113e-09
vn -0.00020753222634084523 -0.9999998807907104 0.0001971556048374623
vn 0.3219027817249298 -0.9467726945877075 3.83865250697113e-09
vn -0.3219027817249298 -0.9467726945877075 -3.83865250697113e-09
vn 0.00020753219723701477 -0.9999998807907104 0.0001971556048374623
vn -0.3219027817249298 -0.9467726945877075 -3.83865250697113e-09
vn -0.3219027817249298 -0.9467726945877075 -3.83865250697113e-09
vn -0.3219027817249298 -0.9467726945877075 -3.83865250697113e-09
vn -0.3219027817249298 -0.9467726945877075 -3.83865250697113e-09
vn -0.3219027817249298 -0.9467726945877075 -3.83865250697113e-09
vn -1.0 0.0 -1.1924880638503055e-08
vn 0.3219027817249298 -0.9467726945877075 3.83865250697113e-09
vn 0.3219027817249298 -0.9467726945877075 3.83865250697113e-09
vn 1.0 0.0 1.1924880638503055e-08
vn 0.3219027817249298 -0.9467726945877075 3.83865250697113e-09
vn 1.0 0.0 1.1924880638503055e-08
vn 0.3219027817249298 -0.9467726945877075 3.83865250697113e-09
vn 1.0 0.0 1.1924880638503055e-08
vn 1.0 0.0 1.1924880638503055e-08
vn 0.3219027817249298 -0.9467726945877075 3.83865250697113e-09
vn 0.3219027817249298 -0.9467726945877075 3.83865250697113e-09
vn 0.3219027817249298 -0.9467726945877075 3.83865250697113e-09
vn 0.3219027817249298 -0.9467726945877075 3.83865250697113e-09
vn -0.135482057929039 -0.9625909924507141 0.2346557378768921
vn -3.23120996625903e-09 -0.9625895023345947 0.2709636986255646
vn -1.5096250638446662e-11 -0.9999991655349731 0.0012659456115216017
vn -0.00016602572577539831 -0.9999995231628418 0.0009650244610384107
vn -0.23465576767921448 -0.9625909924507141 0.135482057929039
vn -0.0006537263980135322 -0.9999997019767761 0.00016602574032731354
vn -0.2709636986255646 -0.9625895023345947 -3.23120996625903e-09
vn -0.0008508817991241813 -0.9999996423721313 -1.0146663891041907e-11
vn -0.2346557378768921 -0.9625909924507141 -0.135482057929039
vn -0.0006537263980135322 -0.9999997019767761 -0.00016602574032731354
vn -0.1354820430278778 -0.9625909924507141 -0.2346557378768921
vn -0.00016602569667156786 -0.9999995231628418 -0.0009650244610384107
vn 3.23120996625903e-09 -0.9625895023345947 -0.2709636986255646
vn 1.5096250638446662e-11 -0.9999991655349731 -0.0012659456115216017
vn 0.1354820430278778 -0.9625909924507141 0.2346557378768921
vn 0.00016602569667156786 -0.9999995231628418 0.0009650244610384107
vn 0.2346557378768921 -0.9625909924507141 0.135482057929039
vn 0.0006537263980135322 -0.9999997019767761 0.00016602574032731354
vn 0.2709636986255646 -0.9625895023345947 3.23120996625903e-09
vn 0.0008508817991241813 -0.9999996423721313 1.0146663891041907e-11
vn 0.23465576767921448 -0.9625909924507141 -0.135482057929039
vn 0.0006537263980135322 -0.9999997019767761 -0.00016602574032731354
vn 0.135482057929039 -0.9625909924507141 -0.2346557378768921
vn 0.00016602572577539831 -0.9999995231628418 -0.0009650244610384107
vn 0.135482057929039 -0.9625909924507141 -0.2346557378768921
vn 3.23120996625903e-09 -0.9625895023345947 -0.2709636986255646
vn 0.0 -0.9999999403953552 -0.0
vn 0.0 -0.9999999403953552 -0.0
vn 0.23465576767921448 -0.9625909924507141 -0.135482057929039
vn 0.0 -0.9999999403953552 -0.0
vn 0.2709636986255646 -0.9625895023345947 3.23120996625903e-09
vn 0.0 -0.9999999403953552 -0.0
vn 0.2346557378768921 -0.9625909924507141 0.135482057929039
vn 0.0 -0.9999999403953552 -0.0
vn 0.1354820430278778 -0.9625909924507141 0.2346557378768921
vn 0.0 -0.9999999403953552 -0.0
vn -3.23120996625903e-09 -0.9625895023345947 0.2709636986255646
vn 0.0 -0.9999999403953552 -0.0
vn -0.1354820430278778 -0.9625909924507141 -0.2346557378768921
vn 0.0 -0.9999999403953552 -0.0
vn -0.2346557378768921 -0.9625909924507141 -0.135482057929039
vn 0.0 -0.9999999403953552 -0.0
vn -0.2709636986255646 -0.9625895023345947 -3.23120996625903e-09
vn 0.0 -0.9999999403953552 -0.0
vn -0.23465576767921448 -0.9625909924507141 0.135482057929039
vn 0.0 -0.9999999403953552 -0.0
vn -0.135482057929039 -0.9625909924507141 0.2346557378768921
vn 0.0 -0.9999999403953552 -0.0
vn 0.135482057929039 -0.9625909924507141 -0.2346557378768921
vn 3.23120996625903e-09 -0.9625895023345947 -0.2709636986255646
vn 0.0 -0.9999999403953552 -0.0
vn 0.0 -0.9999999403953552 -0.0
vn 0.23465576767921448 -0.9625909924507141 -0.135482057929039
vn 0.0 -0.9999999403953552 -0.0
vn 0.2709636986255646 -0.9625895023345947 3.23120996625903e-09
vn 0.0 -0.9999999403953552 -0.0
vn 0.2346557378768921 -0.9625909924507141 0.135482057929039
vn 0.0 -0.9999999403953552 -0.0
vn 0.1354820430278778 -0.9625909924507141 0.2346557378768921
vn 0.0 -0.9999999403953552 -0.0
vn -3.23120996625903e-09 -0.9625895023345947 0.2709636986255646
vn 0.0 -0.9999999403953552 -0.0
vn -0.1354820430278778 -0.9625909924507141 -0.2346557378768921
vn 0.0 -0.9999999403953552 -0.0
vn -0.2346557378768921 -0.9625909924507141 -0.135482057929039
vn 0.0 -0.9999999403953552 -0.0
vn -0.2709636986255646 -0.9625895023345947 -3.23120996625903e-09
vn 0.0 -0.9999999403953552 -0.0
vn -0.23465576767921448 -0.9625909924507141 0.135482057929039
vn 0.0 -0.9999999403953552 -0.0
vn -0.135482057929039 -0.9625909924507141 0.2346557378768921
vn 0.0 -0.9999999403953552 -0.0
vn -1.2868938553678433e-11 -0.999999463558197 0.0010791670065373182
vn 1.2868938553678433e-11 -0.999999463558197 -0.0010791670065373182
vn -1.0 0.0 -1.1924880638503055e-08
vn -0.3666442632675171 -0.9303612112998962 -4.372188833201562e-09
vn -0.3175339996814728 -0.9303590655326843 0.18331432342529297
vn -0.8660316467285156 0.0 0.49998927116394043
vn -0.8660316467285156 0.0 0.49998927116394043
vn -0.3175339996814728 -0.9303590655326843 0.18331432342529297
vn -0.18331433832645416 -0.9303590655326843 0.3175339698791504
vn -0.49998927116394043 0.0 0.8660316467285156
vn 0.49998927116394043 0.0 -0.8660316467285156
vn 0.8660316467285156 0.0 -0.49998927116394043
vn 0.3175339996814728 -0.9303590655326843 -0.18331432342529297
vn 0.18331433832645416 -0.9303590655326843 -0.3175339698791504
vn -0.49998927116394043 0.0 0.8660316467285156
vn -0.18331433832645416 -0.9303590655326843 0.3175339698791504
vn -4.372188833201562e-09 -0.9303612112998962 0.3666442632675171
vn -1.1924881526681474e-08 0.0 1.0
vn 1.1924880638503055e-08 0.0 -1.0
vn 0.49998927116394043 0.0 -0.8660316467285156
vn 0.18331433832645416 -0.9303590655326843 -0.3175339698791504
vn 4.372188833201562e-09 -0.9303612112998962 -0.3666442632675171
vn 1.0 0.0 1.1924880638503055e-08
vn 0.8660316467285156 0.0 0.49998927116394043
vn 0.3175339698791504 -0.9303590655326843 0.18331432342529297
vn 0.3666442632675171 -0.9303612112998962 4.372188833201562e-09
vn 0.8660316467285156 0.0 -0.49998927116394043
vn 1.0 0.0 1.1924880638503055e-08
vn 0.3666442632675171 -0.9303612112998962 4.372188833201562e-09
vn 0.3175339996814728 -0.9303590655326843 -0.18331432342529297
vn 0.49998927116394043 0.0 0.8660316467285156
vn -1.1924880638503055e-08 0.0 1.0
vn -4.372188833201562e-09 -0.9303612112998962 0.3666442632675171
vn 0.18331432342529297 -0.9303590655326843 0.3175339698791504
vn 0.8660316467285156 0.0 0.49998927116394043
vn 0.49998927116394043 0.0 0.8660316467285156
vn 0.18331432342529297 -0.9303590655326843 0.3175339698791504
vn 0.3175339698791504 -0.9303590655326843 0.18331432342529297
vn -0.49998927116394043 0.0 -0.8660316467285156
vn -0.18331432342529297 -0.9303590655326843 -0.3175339698791504
vn -0.3175339698791504 -0.9303590655326843 -0.18331432342529297
vn -0.8660316467285156 0.0 -0.49998927116394043
vn -0.18331432342529297 -0.9303590655326843 -0.3175339698791504
vn -0.49998927116394043 0.0 -0.8660316467285156
vn -0.8660316467285156 0.0 -0.49998927116394043
vn -0.3175339698791504 -0.9303590655326843 -0.18331432342529297
vn -1.0 0.0 -1.1924880638503055e-08
vn -0.3666442632675171 -0.9303612112998962 -4.372188833201562e-09
vn -0.3175339996814728 -0.9303590655326843 0.18331432342529297
vn -0.8660316467285156 0.0 0.49998927116394043
vn 1.1924880638503055e-08 0.0 -1.0
vn 0.49998927116394043 0.0 -0.8660316467285156
vn 0.18331433832645416 -0.9303590655326843 -0.3175339698791504
vn 4.372188833201562e-09 -0.9303612112998962 -0.3666442632675171
vn -0.18331433832645416 -0.9303590655326843 0.3175339698791504
vn -0.49998927116394043 0.0 0.8660316467285156
vn 0.49998927116394043 0.0 -0.8660316467285156
vn 0.18331433832645416 -0.9303590655326843 -0.3175339698791504
vn 0.49998927116394043 0.0 0.8660316467285156
vn 0.18331432342529297 -0.9303590655326843 0.3175339698791504
vn -0.18331432342529297 -0.9303590655326843 -0.3175339698791504
vn -0.49998927116394043 0.0 -0.8660316467285156
vn 0.49998927116394043 0.0 0.8660316467285156
vn 0.18331432342529297 -0.9303590655326843 0.3175339698791504
vn -0.49998927116394043 0.0 -0.8660316467285156
vn -0.18331432342529297 -0.9303590655326843 -0.3175339698791504
vn 4.372188833201562e-09 -0.9303612112998962 -0.3666442632675171
vn 0.18331433832645416 -0.9303590655326843 -0.3175339698791504
vn 0.0 -0.9999999403953552 -0.0
vn 0.0 -0.9999999403953552 -0.0
vn 0.3175339996814728 -0.9303590655326843 -0.18331432342529297
vn 0.0 -0.9999999403953552 -0.0
vn 0.3666442632675171 -0.9303612112998962 4.372188833201562e-09
vn 0.0 -0.9999999403953552 -0.0
vn 0.3175339698791504 -0.9303590655326843 0.18331432342529297
vn 0.0 -0.9999999403953552 -0.0
vn 0.18331432342529297 -0.9303590655326843 0.3175339698791504
vn 0.0 -0.9999999403953552 -0.0
vn -4.372188833201562e-09 -0.9303612112998962 0.3666442632675171
vn 0.0 -0.9999999403953552 -0.0
vn 0.0 -0.9999999403953552 -0.0
vn -0.18331432342529297 -0.9303590655326843 -0.3175339698791504
vn 0.0 -0.9999999403953552 -0.0
vn -0.3175339698791504 -0.9303590655326843 -0.18331432342529297
vn 0.0 -0.9999999403953552 -0.0
vn -0.3666442632675171 -0.9303612112998962 -4.372188833201562e-09
vn 0.0 -0.9999999403953552 -0.0
vn -0.3175339996814728 -0.9303590655326843 0.18331432342529297
vn 0.0 -0.9999999403953552 -0.0
vn -0.18331433832645416 -0.9303590655326843 0.3175339698791504
vn -0.2709636986255646 -0.9625895023345947 -3.23120996625903e-09
vn -1.0 0.0 -1.1924881526681474e-08
vn -0.8660316467285156 0.0 0.49998927116394043
vn -0.23465576767921448 -0.9625909924507141 0.135482057929039
vn -0.135482057929039 -0.9625909924507141 0.2346557378768921
vn -0.49998927116394043 0.0 0.8660316467285156
vn -1.1924880638503055e-08 0.0 1.0
vn -3.23120996625903e-09 -0.9625895023345947 0.2709636986255646
vn 3.23120996625903e-09 -0.9625895023345947 -0.2709636986255646
vn 0.135482057929039 -0.9625909924507141 -0.2346557378768921
vn 0.49998927116394043 0.0 -0.8660316467285156
vn 1.1924880638503055e-08 0.0 -1.0
vn 0.23465576767921448 -0.9625909924507141 -0.135482057929039
vn 0.2709636986255646 -0.9625895023345947 3.23120996625903e-09
vn 1.0 0.0 1.1924880638503055e-08
vn 0.8660316467285156 0.0 -0.49998927116394043
vn 0.2346557378768921 -0.9625909924507141 0.135482057929039
vn 0.1354820430278778 -0.9625909924507141 0.2346557378768921
vn 0.49998927116394043 0.0 0.8660316467285156
vn 0.8660316467285156 0.0 0.49998927116394043
vn -0.49998927116394043 0.0 -0.8660316467285156
vn -0.1354820430278778 -0.9625909924507141 -0.2346557378768921
vn -0.2346557378768921 -0.9625909924507141 -0.135482057929039
vn -0.8660316467285156 0.0 -0.49998927116394043
vn -0.49998927116394043 0.0 0.8660316467285156
vn -0.135482057929039 -0.9625909924507141 0.2346557378768921
vn 0.135482057929039 -0.9625909924507141 -0.2346557378768921
vn 0.49998927116394043 0.0 -0.8660316467285156
vn 0.1354820430278778 -0.9625909924507141 0.2346557378768921
vn 0.49998927116394043 0.0 0.8660316467285156
vn -0.1354820430278778 -0.9625909924507141 -0.2346557378768921
vn -0.49998927116394043 0.0 -0.8660316467285156
vn 4.372188833201562e-09 -0.9303612112998962 -0.3666442632675171
vn 0.18331433832645416 -0.9303590655326843 -0.3175339698791504
vn 0.0 -0.9999999403953552 -0.0
vn 0.0 -0.9999999403953552 -0.0
vn 0.3175339996814728 -0.9303590655326843 -0.18331432342529297
vn 0.0 -0.9999999403953552 -0.0
vn 0.3666442632675171 -0.9303612112998962 4.372188833201562e-09
vn 0.0 -0.9999999403953552 -0.0
vn 0.3175339698791504 -0.9303590655326843 0.18331432342529297
vn 0.0 -0.9999999403953552 -0.0
vn 0.18331432342529297 -0.9303590655326843 0.3175339698791504
vn 0.0 -0.9999999403953552 -0.0
vn -4.372188833201562e-09 -0.9303612112998962 0.3666442632675171
vn 0.0 -0.9999999403953552 -0.0
vn 0.0 -0.9999999403953552 -0.0
vn -0.18331432342529297 -0.9303590655326843 -0.3175339698791504
vn 0.0 -0.9999999403953552 -0.0
vn -0.3175339698791504 -0.9303590655326843 -0.18331432342529297
vn 0.0 -0.9999999403953552 -0.0
vn -0.3666442632675171 -0.9303612112998962 -4.372188833201562e-09
vn 0.0 -0.9999999403953552 -0.0
vn -0.3175339996814728 -0.9303590655326843 0.18331432342529297
vn 0.0 -0.9999999403953552 -0.0
vn -0.18331433832645416 -0.9303590655326843 0.3175339698791504
vn -0.23465576767921448 -0.9625909924507141 0.135482057929039
vn -0.8660316467285156 0.0 0.49998927116394043
vn -0.49998927116394043 0.0 0.8660316467285156
vn -0.135482057929039 -0.9625909924507141 0.2346557378768921
vn 0.135482057929039 -0.9625909924507141 -0.2346557378768921
vn 0.23465576767921448 -0.9625909924507141 -0.135482057929039
vn 0.8660316467285156 0.0 -0.49998927116394043
vn 0.49998927116394043 0.0 -0.8660316467285156
vn 0.2709636986255646 -0.9625895023345947 3.23120996625903e-09
vn 0.2346557378768921 -0.9625909924507141 0.135482057929039
vn 0.8660316467285156 0.0 0.49998927116394043
vn 1.0 0.0 1.1924880638503055e-08
vn 0.1354820430278778 -0.9625909924507141 0.2346557378768921
vn -3.23120996625903e-09 -0.9625895023345947 0.2709636986255646
vn -1.1924881526681474e-08 0.0 1.0
vn 0.49998927116394043 0.0 0.8660316467285156
vn -0.1354820430278778 -0.9625909924507141 -0.2346557378768921
vn -0.49998927116394043 0.0 -0.8660316467285156
vn -0.8660316467285156 0.0 -0.49998927116394043
vn -0.2346557378768921 -0.9625909924507141 -0.135482057929039
vn -0.2709636986255646 -0.9625895023345947 -3.23120996625903e-09
vn -1.0 0.0 -1.1924880638503055e-08
vn -0.8660316467285156 0.0 0.49998927116394043
vn -0.23465576767921448 -0.9625909924507141 0.135482057929039
vn 3.23120996625903e-09 -0.9625895023345947 -0.2709636986255646
vn 0.135482057929039 -0.9625909924507141 -0.2346557378768921
vn 0.49998927116394043 0.0 -0.8660316467285156
vn 1.1924880638503055e-08 0.0 -1.0
vn 0.1354820430278778 -0.9625909924507141 0.2346557378768921
vn 0.49998927116394043 0.0 0.8660316467285156
vn -0.49998927116394043 0.0 -0.8660316467285156
vn -0.1354820430278778 -0.9625909924507141 -0.2346557378768921
vn 0.0 -0.9999999403953552 -0.0
vn 0.0 -0.9999999403953552 -0.0
f 1/1/1 2/2/2 3/3/3
f 1/1/1 3/3/3 4/4/4
f 5/5/5 6/6/6 7/7/7
f 5/5/5 7/7/7 8/8/8
f 8/8/8 7/7/7 9/9/9
f 8/8/8 9/9/9 10/10/10
f 10/10/10 9/9/9 11/11/11
f 10/10/10 11/11/11 12/12/12
f 12/12/12 11/11/11 13/13/13
f 12/12/12 13/13/13 14/14/14
f 15/15/15 16/16/16 17/17/17
f 15/15/15 17/17/17 18/18/18
f 19/19/19 20/20/20 21/21/21
f 19/19/19 21/21/21 22/22/22
f 22/22/22 21/21/21 23/23/23
f 22/22/22 23/23/23 24/24/24
f 25/25/25 26/26/26 27/27/27
f 25/25/25 27/27/27 28/28/28
f 28/28/28 27/27/27 29/29/29
f 28/28/28 29/29/29 30/30/30
f 30/30/30 29/29/29 31/31/31
f 30/30/30 31/31/31 32/32/32
f 33/33/33 34/34/34 35/35/35
f 33/33/33 35/35/35 36/36/36
f 37/37/37 38/38/38 39/39/39
f 37/37/37 39/39/39 40/40/40
f 41/41/41 37/37/37 40/40/40
f 41/41/41 40/40/40 42/42/42
f 43/43/43 41/41/41 42/42/42
f 43/43/43 42/42/42 44/44/44
f 45/45/45 43/43/43 44/44/44
f 45/45/45 44/44/44 46/46/46
f 47/47/47 45/45/45 46/46/46
f 47/47/47 46/46/46 48/48/48
f 49/49/49 47/47/47 48/48/48
f 49/49/49 48/48/48 50/50/50
f 51/51/51 52/52/52 53/53/53
f 51/51/51 53/53/53 54/54/54
f 55/55/55 28/28/28 30/30/30
f 55/55/55 30/30/30 52/52/52
f 56/56/56 55/55/55 52/52/52
f 56/56/56 52/52/52 51/51/51
f 57/57/57 25/25/25 28/28/28
f 57/57/57 28/28/28 55/55/55
f 58/58/58 57/57/57 55/55/55
f 58/58/58 55/55/55 56/56/56
f 59/59/59 22/22/22 24/24/24
f 59/59/59 24/24/24 60/60/60
f 61/61/61 59/59/59 60/60/60
f 61/61/61 60/60/60 62/62/62
f 63/63/63 19/19/19 22/22/22
f 63/63/63 22/22/22 59/59/59
f 64/64/64 63/63/63 59/59/59
f 64/64/64 59/59/59 61/61/61
f 65/65/65 66/66/66 67/67/67
f 65/65/65 67/67/67 68/68/68
f 66/66/66 69/69/69 70/70/70
f 66/66/66 70/70/70 67/67/67
f 69/69/69 71/71/71 72/72/72
f 69/69/69 72/72/72 70/70/70
f 71/71/71 73/73/73 74/74/74
f 71/71/71 74/74/74 72/72/72
f 73/73/73 75/75/75 76/76/76
f 73/73/73 76/76/76 74/74/74
f 75/75/75 77/77/77 78/78/78
f 75/75/75 78/78/78 76/76/76
f 52/52/52 30/30/30 32/32/32
f 52/52/52 32/32/32 53/53/53
f 79/79/79 80/80/80 81/81/81
f 79/79/79 81/81/81 82/82/82
f 80/80/80 33/33/33 36/36/36
f 80/80/80 36/36/36 81/81/81
f 83/83/83 84/84/84 85/85/85
f 83/83/83 85/85/85 86/86/86
f 87/87/87 88/88/88 89/89/89
f 87/87/87 89/89/89 90/90/90
f 91/91/91 92/92/92 93/93/93
f 91/91/91 93/93/93 94/94/94
f 95/95/95 96/96/96 97/97/97
f 95/95/95 97/97/97 98/98/98
f 99/99/99 100/100/100 101/101/101
f 99/99/99 101/101/101 102/102/102
f 103/103/103 104/104/104 84/84/84
f 103/103/103 84/84/84 83/83/83
f 105/105/105 87/87/87 90/90/90
f 105/105/105 90/90/90 106/106/106
f 98/98/98 97/97/97 92/92/92
f 98/98/98 92/92/92 91/91/91
f 107/107/107 108/108/108 87/87/87
f 107/107/107 87/87/87 105/105/105
f 44/44/44 42/42/42 87/87/87
f 44/44/44 87/87/87 108/108/108
f 109/109/109 110/110/110 111/111/111
f 109/109/109 111/111/111 112/112/112
f 113/113/113 114/114/114 115/115/115
f 113/113/113 115/115/115 116/116/116
f 117/117/117 118/118/118 119/119/119
f 119/119/119 102/102/102 120/120/120
f 119/119/119 120/120/120 117/117/117
f 40/40/40 39/39/39 88/88/88
f 40/40/40 88/88/88 87/87/87
f 40/40/40 87/87/87 42/42/42
f 115/115/115 83/83/83 86/86/86
f 115/115/115 86/86/86 121/121/121
f 122/122/122 123/123/123 102/102/102
f 102/102/102 119/119/119 124/124/124
f 102/102/102 124/124/124 122/122/122
f 125/125/125 126/126/126 127/127/127
f 125/125/125 127/127/127 128/128/128
f 102/102/102 101/101/101 129/129/129
f 102/102/102 129/129/129 120/120/120
f 130/130/130 131/131/131 132/132/132
f 130/130/130 132/132/132 133/133/133
f 134/134/134 135/135/135 136/136/136
f 134/134/134 136/136/136 137/137/137
f 137/137/137 136/136/136 138/138/138
f 137/137/137 138/138/138 139/139/139
f 139/139/139 138/138/138 140/140/140
f 139/139/139 140/140/140 141/141/141
f 141/141/141 140/140/140 142/142/142
f 141/141/141 142/142/142 143/143/143
f 144/144/144 145/145/145 146/146/146
f 144/144/144 146/146/146 147/147/147
f 148/148/148 149/149/149 150/150/150
f 148/148/148 150/150/150 151/151/151
f 152/152/152 148/148/148 151/151/151
f 152/152/152 151/151/151 153/153/153
f 154/154/154 152/152/152 153/153/153
f 154/154/154 153/153/153 155/155/155
f 156/156/156 154/154/154 155/155/155
f 156/156/156 155/155/155 157/157/157
f 158/158/158 156/156/156 157/157/157
f 158/158/158 157/157/157 159/159/159
f 160/160/160 158/158/158 159/159/159
f 160/160/160 159/159/159 161/161/161
f 162/162/162 163/163/163 164/164/164
f 162/162/162 164/164/164 165/165/165
f 166/166/166 139/139/139 141/141/141
f 166/166/166 141/141/141 163/163/163
f 167/167/167 166/166/166 163/163/163
f 167/167/167 163/163/163 162/162/162
f 168/168/168 137/137/137 139/139/139
f 168/168/168 139/139/139 166/166/166
f 169/169/169 168/168/168 166/166/166
f 169/169/169 166/166/166 167/167/167
f 170/170/170 134/134/134 137/137/137
f 170/170/170 137/137/137 168/168/168
f 171/171/171 170/170/170 168/168/168
f 171/171/171 168/168/168 169/169/169
f 172/172/172 130/130/130 133/133/133
f 172/172/172 133/133/133 173/173/173
f 174/174/174 172/172/172 173/173/173
f 174/174/174 173/173/173 175/175/175
f 176/176/176 177/177/177 178/178/178
f 176/176/176 178/178/178 179/179/179
f 163/163/163 141/141/141 143/143/143
f 163/163/163 143/143/143 164/164/164
f 180/180/180 181/181/181 182/182/182
f 180/180/180 182/182/182 183/183/183
f 181/181/181 144/144/144 147/147/147
f 181/181/181 147/147/147 182/182/182
f 126/126/126 184/184/184 185/185/185
f 126/126/126 185/185/185 127/127/127
f 186/186/186 187/187/187 188/188/188
f 186/186/186 188/188/188 189/189/189
f 190/190/190 191/191/191 184/184/184
f 190/190/190 184/184/184 126/126/126
f 192/192/192 193/193/193 194/194/194
f 192/192/192 194/194/194 195/195/195
f 196/196/196 197/197/197 198/198/198
f 196/196/196 198/198/198 199/199/199
f 200/200/200 201/201/201 202/202/202
f 200/200/200 202/202/202 193/193/193
f 203/203/203 204/204/204 187/187/187
f 203/203/203 187/187/187 186/186/186
f 205/205/205 200/200/200 193/193/193
f 205/205/205 193/193/193 192/192/192
f 206/206/206 190/190/190 126/126/126
f 206/206/206 126/126/126 125/125/125
f 207/207/207 125/125/125 128/128/128
f 207/207/207 128/128/128 208/208/208
f 209/209/209 203/203/203 186/186/186
f 209/209/209 186/186/186 210/210/210
f 211/211/211 209/209/209 210/210/210
f 211/211/211 210/210/210 212/212/212
f 159/159/159 193/193/193 202/202/202
f 159/159/159 202/202/202 161/161/161
f 155/155/155 194/194/194 193/193/193
f 155/155/155 193/193/193 157/157/157
f 157/157/157 193/193/193 159/159/159
f 110/110/110 91/91/91 94/94/94
f 110/110/110 94/94/94 111/111/111
f 213/213/213 214/214/214 215/215/215
f 213/213/213 215/215/215 216/216/216
f 217/217/217 218/218/218 219/219/219
f 217/217/217 219/219/219 220/220/220
f 116/116/116 115/115/115 121/121/121
f 116/116/116 121/121/121 221/221/221
f 214/214/214 213/213/213 218/218/218
f 218/218/218 199/199/199 222/222/222
f 218/218/218 222/222/222 214/214/214
f 223/223/223 224/224/224 225/225/225
f 223/223/223 225/225/225 123/123/123
f 226/226/226 227/227/227 108/108/108
f 226/226/226 108/108/108 107/107/107
f 228/228/228 229/229/229 230/230/230
f 228/228/228 230/230/230 231/231/231
f 48/48/48 227/227/227 232/232/232
f 48/48/48 232/232/232 50/50/50
f 44/44/44 108/108/108 227/227/227
f 44/44/44 227/227/227 46/46/46
f 46/46/46 227/227/227 48/48/48
f 233/233/233 122/122/122 234/234/234
f 233/233/233 234/234/234 235/235/235
f 189/189/189 188/188/188 96/96/96
f 189/189/189 96/96/96 95/95/95
f 236/236/236 224/224/224 223/223/223
f 236/236/236 223/223/223 222/222/222
f 195/195/195 194/194/194 227/227/227
f 195/195/195 227/227/227 226/226/226
f 155/155/155 153/153/153 227/227/227
f 155/155/155 227/227/227 194/194/194
f 237/237/237 238/238/238 229/229/229
f 237/237/237 229/229/229 228/228/228
f 151/151/151 150/150/150 232/232/232
f 151/151/151 232/232/232 227/227/227
f 151/151/151 227/227/227 153/153/153
f 239/239/239 240/240/240 241/241/241
f 239/239/239 241/241/241 242/242/242
f 67/67/67 243/243/243 244/244/244
f 67/67/67 244/244/244 68/68/68
f 70/70/70 245/245/245 243/243/243
f 70/70/70 243/243/243 67/67/67
f 72/72/72 246/246/246 245/245/245
f 72/72/72 245/245/245 70/70/70
f 74/74/74 247/247/247 246/246/246
f 74/74/74 246/246/246 72/72/72
f 76/76/76 248/248/248 247/247/247
f 76/76/76 247/247/247 74/74/74
f 78/78/78 249/249/249 248/248/248
f 78/78/78 248/248/248 76/76/76
f 250/250/250 251/251/251 252/252/252
f 250/250/250 252/252/252 253/253/253
f 254/254/254 255/255/255 256/256/256
f 254/254/254 256/256/256 257/257/257
f 258/258/258 259/259/259 255/255/255
f 258/258/258 255/255/255 254/254/254
f 260/260/260 261/261/261 250/250/250
f 260/260/260 250/250/250 253/253/253
f 261/261/261 176/176/176 179/179/179
f 261/261/261 179/179/179 250/250/250
f 177/177/177 262/262/262 257/257/257
f 177/177/177 257/257/257 178/178/178
f 262/262/262 263/263/263 254/254/254
f 262/262/262 254/254/254 257/257/257
f 263/263/263 264/264/264 258/258/258
f 263/263/263 258/258/258 254/254/254
f 179/179/179 265/265/265 251/251/251
f 179/179/179 251/251/251 250/250/250
f 178/178/178 266/266/266 265/265/265
f 178/178/178 265/265/265 179/179/179
f 257/257/257 256/256/256 266/266/266
f 257/257/257 266/266/266 178/178/178
f 267/267/267 268/268/268 269/269/269
f 267/267/267 269/269/269 270/270/270
f 118/118/118 117/117/117 271/271/271
f 118/118/118 271/271/271 272/272/272
f 124/124/124 119/119/119 273/273/273
f 124/124/124 273/273/273 274/274/274
f 275/275/275 276/276/276 277/277/277
f 275/275/275 277/277/277 278/278/278
f 279/279/279 280/280/280 281/281/281
f 279/279/279 281/281/281 282/282/282
f 283/283/283 284/284/284 285/285/285
f 283/283/283 285/285/285 286/286/286
f 287/287/287 280/280/280 279/279/279
f 287/287/287 279/279/279 288/288/288
f 289/289/289 284/284/284 283/283/283
f 289/289/289 283/283/283 290/290/290
f 291/291/291 292/292/292 293/293/293
f 291/291/291 293/293/293 294/294/294
f 295/295/295 196/196/196 199/199/199
f 295/295/295 199/199/199 296/296/296
f 240/240/240 223/223/223 123/123/123
f 123/123/123 122/122/122 233/233/233
f 123/123/123 233/233/233 240/240/240
f 214/214/214 222/222/222 223/223/223
f 223/223/223 240/240/240 239/239/239
f 223/223/223 239/239/239 214/214/214
f 297/297/297 217/217/217 220/220/220
f 297/297/297 220/220/220 298/298/298
f 299/299/299 267/267/267 270/270/270
f 299/299/299 270/270/270 300/300/300
f 119/119/119 118/118/118 272/272/272
f 119/119/119 272/272/272 273/273/273
f 301/301/301 302/302/302 276/276/276
f 301/301/301 276/276/276 275/275/275
f 303/303/303 279/279/279 282/282/282
f 303/303/303 282/282/282 304/304/304
f 288/288/288 279/279/279 303/303/303
f 288/288/288 303/303/303 305/305/305
f 306/306/306 268/268/268 267/267/267
f 306/306/306 267/267/267 307/307/307
f 308/308/308 206/206/206 125/125/125
f 308/308/308 125/125/125 207/207/207
f 199/199/199 198/198/198 236/236/236
f 199/199/199 236/236/236 222/222/222
f 218/218/218 213/213/213 216/216/216
f 218/218/218 216/216/216 219/219/219
f 309/309/309 310/310/310 311/311/311
f 309/309/309 311/311/311 312/312/312
f 313/313/313 314/314/314 315/315/315
f 313/313/313 315/315/315 316/316/316
f 307/307/307 267/267/267 299/299/299
f 307/307/307 299/299/299 317/317/317
f 212/212/212 210/210/210 238/238/238
f 212/212/212 238/238/238 237/237/237
f 318/318/318 313/313/313 316/316/316
f 318/318/318 316/316/316 319/319/319
f 225/225/225 99/99/99 102/102/102
f 225/225/225 102/102/102 123/123/123
f 122/122/122 124/124/124 274/274/274
f 122/122/122 274/274/274 234/234/234
f 231/231/231 230/230/230 110/110/110
f 231/231/231 110/110/110 109/109/109
f 320/320/320 321/321/321 322/322/322
f 320/320/320 322/322/322 323/323/323
f 324/324/324 320/320/320 323/323/323
f 324/324/324 323/323/323 325/325/325
f 326/326/326 324/324/324 325/325/325
f 326/326/326 325/325/325 327/327/327
f 328/328/328 326/326/326 327/327/327
f 328/328/328 327/327/327 329/329/329
f 330/330/330 328/328/328 329/329/329
f 330/330/330 329/329/329 331/331/331
f 332/332/332 330/330/330 331/331/331
f 332/332/332 331/331/331 333/333/333
f 334/334/334 335/335/335 336/336/336
f 334/334/334 336/336/336 337/337/337
f 338/338/338 339/339/339 340/340/340
f 338/338/338 340/340/340 341/341/341
f 341/341/341 340/340/340 342/342/342
f 341/341/341 342/342/342 343/343/343
f 343/343/343 342/342/342 344/344/344
f 343/343/343 344/344/344 345/345/345
f 345/345/345 344/344/344 346/346/346
f 345/345/345 346/346/346 347/347/347
f 348/348/348 349/349/349 350/350/350
f 348/348/348 350/350/350 351/351/351
f 323/323/323 322/322/322 352/352/352
f 325/325/325 323/323/323 352/352/352
f 327/327/327 325/325/325 352/352/352
f 329/329/329 327/327/327 352/352/352
f 331/331/331 329/329/329 352/352/352
f 333/333/333 331/331/331 352/352/352
f 353/353/353 354/354/354 355/355/355
f 353/353/353 355/355/355 356/356/356
f 357/357/357 358/358/358 306/306/306
f 357/357/357 306/306/306 307/307/307
f 359/359/359 360/360/360 287/287/287
f 359/359/359 287/287/287 288/288/288
f 361/361/361 362/362/362 289/289/289
f 361/361/361 289/289/289 290/290/290
f 363/363/363 357/357/357 307/307/307
f 363/363/363 307/307/307 317/317/317
f 364/364/364 359/359/359 288/288/288
f 364/364/364 288/288/288 305/305/305
f 365/365/365 366/366/366 367/367/367
f 365/365/365 367/367/367 368/368/368
f 369/369/369 361/361/361 290/290/290
f 369/369/369 290/290/290 370/370/370
f 297/297/297 296/296/296 199/199/199
f 199/199/199 218/218/218 217/217/217
f 199/199/199 217/217/217 297/297/297
f 371/371/371 372/372/372 373/373/373
f 371/371/371 373/373/373 374/374/374
f 375/375/375 376/376/376 377/377/377
f 375/375/375 377/377/377 378/378/378
f 1/1/1 379/379/379 380/380/380
f 1/1/1 380/380/380 2/2/2
f 381/381/381 382/382/382 383/383/383
f 381/381/381 383/383/383 384/384/384
f 382/382/382 385/385/385 386/386/386
f 382/382/382 386/386/386 383/383/383
f 385/385/385 387/387/387 388/388/388
f 385/385/385 388/388/388 386/386/386
f 387/387/387 389/389/389 390/390/390
f 387/387/387 390/390/390 388/388/388
f 391/391/391 18/18/18 17/17/17
f 391/391/391 17/17/17 392/392/392
f 19/19/19 393/393/393 394/394/394
f 19/19/19 394/394/394 20/20/20
f 393/393/393 395/395/395 396/396/396
f 393/393/393 396/396/396 394/394/394
f 397/397/397 398/398/398 399/399/399
f 397/397/397 399/399/399 400/400/400
f 398/398/398 401/401/401 402/402/402
f 398/398/398 402/402/402 399/399/399
f 401/401/401 403/403/403 404/404/404
f 401/401/401 404/404/404 402/402/402
f 405/405/405 36/36/36 35/35/35
f 405/405/405 35/35/35 406/406/406
f 407/407/407 408/408/408 39/39/39
f 407/407/407 39/39/39 38/38/38
f 409/409/409 410/410/410 408/408/408
f 409/409/409 408/408/408 407/407/407
f 411/411/411 412/412/412 410/410/410
f 411/411/411 410/410/410 409/409/409
f 413/413/413 414/414/414 412/412/412
f 413/413/413 412/412/412 411/411/411
f 415/415/415 416/416/416 414/414/414
f 415/415/415 414/414/414 413/413/413
f 49/49/49 50/50/50 416/416/416
f 49/49/49 416/416/416 415/415/415
f 417/417/417 418/418/418 419/419/419
f 417/417/417 419/419/419 420/420/420
f 421/421/421 420/420/420 401/401/401
f 421/421/421 401/401/401 398/398/398
f 422/422/422 417/417/417 420/420/420
f 422/422/422 420/420/420 421/421/421
f 423/423/423 421/421/421 398/398/398
f 423/423/423 398/398/398 397/397/397
f 424/424/424 422/422/422 421/421/421
f 424/424/424 421/421/421 423/423/423
f 425/425/425 426/426/426 395/395/395
f 425/425/425 395/395/395 393/393/393
f 427/427/427 428/428/428 426/426/426
f 427/427/427 426/426/426 425/425/425
f 63/63/63 425/425/425 393/393/393
f 63/63/63 393/393/393 19/19/19
f 64/64/64 427/427/427 425/425/425
f 64/64/64 425/425/425 63/63/63
f 65/65/65 68/68/68 429/429/429
f 65/65/65 429/429/429 430/430/430
f 430/430/430 429/429/429 431/431/431
f 430/430/430 431/431/431 432/432/432
f 432/432/432 431/431/431 433/433/433
f 432/432/432 433/433/433 434/434/434
f 434/434/434 433/433/433 435/435/435
f 434/434/434 435/435/435 436/436/436
f 436/436/436 435/435/435 437/437/437
f 436/436/436 437/437/437 438/438/438
f 438/438/438 437/437/437 78/78/78
f 438/438/438 78/78/78 77/77/77
f 420/420/420 419/419/419 403/403/403
f 420/420/420 403/403/403 401/401/401
f 439/439/439 82/82/82 81/81/81
f 439/439/439 81/81/81 440/440/440
f 440/440/440 81/81/81 36/36/36
f 440/440/440 36/36/36 405/405/405
f 373/373/373 86/86/86 85/85/85
f 373/373/373 85/85/85 441/441/441
f 442/442/442 443/443/443 89/89/89
f 442/442/442 89/89/89 88/88/88
f 444/444/444 445/445/445 446/446/446
f 444/444/444 446/446/446 447/447/447
f 448/448/448 449/449/449 450/450/450
f 448/448/448 450/450/450 451/451/451
f 452/452/452 453/453/453 454/454/454
f 452/452/452 454/454/454 455/455/455
f 374/374/374 373/373/373 441/441/441
f 374/374/374 441/441/441 456/456/456
f 457/457/457 458/458/458 443/443/443
f 457/457/457 443/443/443 442/442/442
f 449/449/449 444/444/444 447/447/447
f 449/449/449 447/447/447 450/450/450
f 459/459/459 457/457/457 442/442/442
f 459/459/459 442/442/442 460/460/460
f 412/412/412 460/460/460 442/442/442
f 412/412/412 442/442/442 410/410/410
f 461/461/461 462/462/462 463/463/463
f 461/461/461 463/463/463 464/464/464
f 465/465/465 466/466/466 372/372/372
f 465/465/465 372/372/372 371/371/371
f 467/467/467 468/468/468 117/117/117
f 117/117/117 120/120/120 453/453/453
f 117/117/117 453/453/453 467/467/467
f 408/408/408 442/442/442 88/88/88
f 408/408/408 88/88/88 39/39/39
f 408/408/408 410/410/410 442/442/442
f 372/372/372 121/121/121 86/86/86
f 372/372/372 86/86/86 373/373/373
f 469/469/469 448/448/448 376/376/376
f 469/469/469 376/376/376 375/375/375
f 453/453/453 470/470/470 471/471/471
f 471/471/471 472/472/472 467/467/467
f 471/471/471 467/467/467 453/453/453
f 473/473/473 474/474/474 475/475/475
f 473/473/473 475/475/475 476/476/476
f 453/453/453 120/120/120 129/129/129
f 453/453/453 129/129/129 454/454/454
f 477/477/477 449/449/449 448/448/448
f 477/477/477 448/448/448 469/469/469
f 130/130/130 478/478/478 479/479/479
f 130/130/130 479/479/479 131/131/131
f 480/480/480 481/481/481 482/482/482
f 480/480/480 482/482/482 483/483/483
f 481/481/481 484/484/484 485/485/485
f 481/481/481 485/485/485 482/482/482
f 484/484/484 486/486/486 487/487/487
f 484/484/484 487/487/487 485/485/485
f 486/486/486 488/488/488 489/489/489
f 486/486/486 489/489/489 487/487/487
f 490/490/490 147/147/147 146/146/146
f 490/490/490 146/146/146 491/491/491
f 492/492/492 493/493/493 150/150/150
f 492/492/492 150/150/150 149/149/149
f 494/494/494 495/495/495 493/493/493
f 494/494/494 493/493/493 492/492/492
f 496/496/496 497/497/497 495/495/495
f 496/496/496 495/495/495 494/494/494
f 498/498/498 499/499/499 497/497/497
f 498/498/498 497/497/497 496/496/496
f 500/500/500 501/501/501 499/499/499
f 500/500/500 499/499/499 498/498/498
f 160/160/160 161/161/161 501/501/501
f 160/160/160 501/501/501 500/500/500
f 502/502/502 503/503/503 504/504/504
f 502/502/502 504/504/504 505/505/505
f 506/506/506 505/505/505 486/486/486
f 506/506/506 486/486/486 484/484/484
f 507/507/507 502/502/502 505/505/505
f 507/507/507 505/505/505 506/506/506
f 508/508/508 506/506/506 484/484/484
f 508/508/508 484/484/484 481/481/481
f 509/509/509 507/507/507 506/506/506
f 509/509/509 506/506/506 508/508/508
f 510/510/510 508/508/508 481/481/481
f 510/510/510 481/481/481 480/480/480
f 511/511/511 509/509/509 508/508/508
f 511/511/511 508/508/508 510/510/510
f 172/172/172 512/512/512 478/478/478
f 172/172/172 478/478/478 130/130/130
f 174/174/174 513/513/513 512/512/512
f 174/174/174 512/512/512 172/172/172
f 514/514/514 515/515/515 516/516/516
f 514/514/514 516/516/516 517/517/517
f 505/505/505 504/504/504 488/488/488
f 505/505/505 488/488/488 486/486/486
f 518/518/518 183/183/183 182/182/182
f 518/518/518 182/182/182 519/519/519
f 519/519/519 182/182/182 147/147/147
f 519/519/519 147/147/147 490/490/490
f 476/476/476 475/475/475 520/520/520
f 476/476/476 520/520/520 521/521/521
f 249/249/249 522/522/522 523/523/523
f 522/522/522 524/524/524 523/523/523
f 524/524/524 525/525/525 523/523/523
f 377/377/377 376/376/376 526/526/526
f 377/377/377 526/526/526 527/527/527
f 525/525/525 528/528/528 523/523/523
f 528/528/528 529/529/529 523/523/523
f 529/529/529 244/244/244 523/523/523
f 190/190/190 476/476/476 521/521/521
f 190/190/190 521/521/521 191/191/191
f 530/530/530 531/531/531 532/532/532
f 530/530/530 532/532/532 533/533/533
f 248/248/248 249/249/249 523/523/523
f 534/534/534 535/535/535 536/536/536
f 534/534/534 536/536/536 537/537/537
f 538/538/538 533/533/533 202/202/202
f 538/538/538 202/202/202 201/201/201
f 539/539/539 377/377/377 527/527/527
f 539/539/539 527/527/527 540/540/540
f 541/541/541 530/530/530 533/533/533
f 541/541/541 533/533/533 538/538/538
f 206/206/206 473/473/473 476/476/476
f 206/206/206 476/476/476 190/190/190
f 542/542/542 543/543/543 474/474/474
f 542/542/542 474/474/474 473/473/473
f 544/544/544 378/378/378 377/377/377
f 544/544/544 377/377/377 539/539/539
f 545/545/545 546/546/546 378/378/378
f 545/545/545 378/378/378 544/544/544
f 501/501/501 161/161/161 202/202/202
f 501/501/501 202/202/202 533/533/533
f 497/497/497 499/499/499 533/533/533
f 497/497/497 533/533/533 532/532/532
f 499/499/499 501/501/501 533/533/533
f 464/464/464 463/463/463 445/445/445
f 464/464/464 445/445/445 444/444/444
f 464/464/464 444/444/444 449/449/449
f 464/464/464 449/449/449 477/477/477
f 229/229/229 95/95/95 98/98/98
f 229/229/229 98/98/98 230/230/230
f 547/547/547 548/548/548 549/549/549
f 547/547/547 549/549/549 550/550/550
f 551/551/551 552/552/552 553/553/553
f 551/551/551 553/553/553 554/554/554
f 466/466/466 221/221/221 121/121/121
f 466/466/466 121/121/121 372/372/372
f 554/554/554 547/547/547 550/550/550
f 550/550/550 555/555/555 535/535/535
f 550/550/550 535/535/535 554/554/554
f 230/230/230 98/98/98 91/91/91
f 230/230/230 91/91/91 110/110/110
f 556/556/556 470/470/470 557/557/557
f 556/556/556 557/557/557 558/558/558
f 559/559/559 459/459/459 460/460/460
f 559/559/559 460/460/460 560/560/560
f 561/561/561 562/562/562 477/477/477
f 561/561/561 477/477/477 469/469/469
f 416/416/416 50/50/50 232/232/232
f 416/416/416 232/232/232 560/560/560
f 412/412/412 414/414/414 560/560/560
f 412/412/412 560/560/560 460/460/460
f 414/414/414 416/416/416 560/560/560
f 563/563/563 564/564/564 565/565/565
f 563/563/563 565/565/565 471/471/471
f 376/376/376 448/448/448 451/451/451
f 376/376/376 451/451/451 526/526/526
f 566/566/566 555/555/555 556/556/556
f 566/566/566 556/556/556 558/558/558
f 531/531/531 559/559/559 560/560/560
f 531/531/531 560/560/560 532/532/532
f 497/497/497 532/532/532 560/560/560
f 497/497/497 560/560/560 495/495/495
f 567/567/567 561/561/561 469/469/469
f 567/567/567 469/469/469 375/375/375
f 493/493/493 560/560/560 232/232/232
f 493/493/493 232/232/232 150/150/150
f 493/493/493 495/495/495 560/560/560
f 568/568/568 569/569/569 570/570/570
f 568/568/568 570/570/570 571/571/571
f 247/247/247 248/248/248 523/523/523
f 246/246/246 247/247/247 523/523/523
f 245/245/245 246/246/246 523/523/523
f 243/243/243 245/245/245 523/523/523
f 244/244/244 243/243/243 523/523/523
f 259/259/259 572/572/572 573/573/573
f 572/572/572 574/574/574 573/573/573
f 574/574/574 575/575/575 573/573/573
f 575/575/575 576/576/576 573/573/573
f 576/576/576 577/577/577 573/573/573
f 577/577/577 252/252/252 573/573/573
f 255/255/255 259/259/259 573/573/573
f 256/256/256 255/255/255 573/573/573
f 266/266/266 256/256/256 573/573/573
f 265/265/265 266/266/266 573/573/573
f 251/251/251 265/265/265 573/573/573
f 252/252/252 251/251/251 573/573/573
f 429/429/429 68/68/68 244/244/244
f 429/429/429 244/244/244 529/529/529
f 431/431/431 429/429/429 529/529/529
f 431/431/431 529/529/529 528/528/528
f 433/433/433 431/431/431 528/528/528
f 433/433/433 528/528/528 525/525/525
f 435/435/435 433/433/433 525/525/525
f 435/435/435 525/525/525 524/524/524
f 437/437/437 435/435/435 524/524/524
f 437/437/437 524/524/524 522/522/522
f 78/78/78 437/437/437 522/522/522
f 78/78/78 522/522/522 249/249/249
f 578/578/578 253/253/253 252/252/252
f 578/578/578 252/252/252 577/577/577
f 579/579/579 580/580/580 574/574/574
f 579/579/579 574/574/574 572/572/572
f 258/258/258 579/579/579 572/572/572
f 258/258/258 572/572/572 259/259/259
f 260/260/260 253/253/253 578/578/578
f 260/260/260 578/578/578 581/581/581
f 581/581/581 578/578/578 515/515/515
f 581/581/581 515/515/515 514/514/514
f 517/517/517 516/516/516 580/580/580
f 517/517/517 580/580/580 582/582/582
f 582/582/582 580/580/580 579/579/579
f 582/582/582 579/579/579 583/583/583
f 583/583/583 579/579/579 258/258/258
f 583/583/583 258/258/258 264/264/264
f 515/515/515 578/578/578 577/577/577
f 515/515/515 577/577/577 576/576/576
f 516/516/516 515/515/515 576/576/576
f 516/516/516 576/576/576 575/575/575
f 580/580/580 516/516/516 575/575/575
f 580/580/580 575/575/575 574/574/574
f 584/584/584 585/585/585 586/586/586
f 584/584/584 586/586/586 587/587/587
f 468/468/468 588/588/588 271/271/271
f 468/468/468 271/271/271 117/117/117
f 472/472/472 589/589/589 590/590/590
f 472/472/472 590/590/590 467/467/467
f 591/591/591 278/278/278 277/277/277
f 591/591/591 277/277/277 592/592/592
f 593/593/593 594/594/594 281/281/281
f 593/593/593 281/281/281 280/280/280
f 355/355/355 354/354/354 595/595/595
f 355/355/355 595/595/595 596/596/596
f 597/597/597 593/593/593 280/280/280
f 597/597/597 280/280/280 287/287/287
f 355/355/355 596/596/596 598/598/598
f 355/355/355 598/598/598 599/599/599
f 600/600/600 310/310/310 367/367/367
f 600/600/600 367/367/367 601/601/601
f 295/295/295 296/296/296 535/535/535
f 295/295/295 535/535/535 534/534/534
f 470/470/470 556/556/556 571/571/571
f 563/563/563 471/471/471 470/470/470
f 571/571/571 563/563/563 470/470/470
f 556/556/556 555/555/555 550/550/550
f 568/568/568 571/571/571 556/556/556
f 550/550/550 568/568/568 556/556/556
f 297/297/297 298/298/298 552/552/552
f 297/297/297 552/552/552 551/551/551
f 299/299/299 300/300/300 585/585/585
f 299/299/299 585/585/585 584/584/584
f 467/467/467 590/590/590 588/588/588
f 467/467/467 588/588/588 468/468/468
f 602/602/602 591/591/591 592/592/592
f 602/602/602 592/592/592 603/603/603
f 604/604/604 605/605/605 594/594/594
f 604/604/604 594/594/594 593/593/593
f 606/606/606 604/604/604 593/593/593
f 606/606/606 593/593/593 597/597/597
f 607/607/607 584/584/584 587/587/587
f 607/607/607 587/587/587 608/608/608
f 308/308/308 542/542/542 473/473/473
f 308/308/308 473/473/473 206/206/206
f 535/535/535 555/555/555 566/566/566
f 535/535/535 566/566/566 536/536/536
f 554/554/554 553/553/553 548/548/548
f 554/554/554 548/548/548 547/547/547
f 292/292/292 609/609/609 610/610/610
f 292/292/292 610/610/610 293/293/293
f 611/611/611 612/612/612 613/613/613
f 611/611/611 613/613/613 614/614/614
f 317/317/317 299/299/299 584/584/584
f 317/317/317 584/584/584 607/607/607
f 546/546/546 567/567/567 375/375/375
f 546/546/546 375/375/375 378/378/378
f 318/318/318 319/319/319 612/612/612
f 318/318/318 612/612/612 611/611/611
f 557/557/557 470/470/470 453/453/453
f 557/557/557 453/453/453 452/452/452
f 471/471/471 565/565/565 589/589/589
f 471/471/471 589/589/589 472/472/472
f 562/562/562 461/461/461 464/464/464
f 562/562/562 464/464/464 477/477/477
f 615/615/615 616/616/616 322/322/322
f 615/615/615 322/322/322 321/321/321
f 617/617/617 618/618/618 616/616/616
f 617/617/617 616/616/616 615/615/615
f 619/619/619 620/620/620 618/618/618
f 619/619/619 618/618/618 617/617/617
f 621/621/621 622/622/622 620/620/620
f 621/621/621 620/620/620 619/619/619
f 623/623/623 624/624/624 622/622/622
f 623/623/623 622/622/622 621/621/621
f 332/332/332 333/333/333 624/624/624
f 332/332/332 624/624/624 623/623/623
f 334/334/334 625/625/625 626/626/626
f 334/334/334 626/626/626 335/335/335
f 627/627/627 628/628/628 629/629/629
f 627/627/627 629/629/629 630/630/630
f 628/628/628 631/631/631 632/632/632
f 628/628/628 632/632/632 629/629/629
f 631/631/631 633/633/633 634/634/634
f 631/631/631 634/634/634 632/632/632
f 633/633/633 635/635/635 636/636/636
f 633/633/633 636/636/636 634/634/634
f 637/637/637 351/351/351 350/350/350
f 637/637/637 350/350/350 638/638/638
f 616/616/616 352/352/352 322/322/322
f 618/618/618 352/352/352 616/616/616
f 620/620/620 352/352/352 618/618/618
f 622/622/622 352/352/352 620/620/620
f 624/624/624 352/352/352 622/622/622
f 333/333/333 352/352/352 624/624/624
f 639/639/639 607/607/607 608/608/608
f 639/639/639 608/608/608 640/640/640
f 641/641/641 597/597/597 287/287/287
f 641/641/641 287/287/287 360/360/360
f 642/642/642 599/599/599 598/598/598
f 642/642/642 598/598/598 643/643/643
f 363/363/363 317/317/317 607/607/607
f 363/363/363 607/607/607 639/639/639
f 644/644/644 606/606/606 597/597/597
f 644/644/644 597/597/597 641/641/641
f 645/645/645 291/291/291 294/294/294
f 645/645/645 294/294/294 646/646/646
f 647/647/647 648/648/648 599/599/599
f 647/647/647 599/599/599 642/642/642
f 535/535/535 296/296/296 297/297/297
f 551/551/551 554/554/554 535/535/535
f 297/297/297 551/551/551 535/535/535
f 649/649/649 591/591/591 602/602/602
f 649/649/649 602/602/602 650/650/650
f 210/210/210 186/186/186 189/189/189
f 210/210/210 189/189/189 238/238/238
f 238/238/238 189/189/189 95/95/95
f 238/238/238 95/95/95 229/229/229
f 651/651/651 301/301/301 275/275/275
f 651/651/651 275/275/275 652/652/652
f 653/653/653 283/283/283 286/286/286
f 653/653/653 286/286/286 654/654/654
f 114/114/114 103/103/103 83/83/83
f 114/114/114 83/83/83 115/115/115
f 655/655/655 656/656/656 657/657/657
f 655/655/655 657/657/657 658/658/658
f 659/659/659 660/660/660 661/661/661
f 659/659/659 661/661/661 662/662/662
f 663/663/663 664/664/664 665/665/665
f 663/663/663 665/665/665 666/666/666
f 667/667/667 668/668/668 669/669/669
f 667/667/667 669/669/669 670/670/670
f 671/671/671 668/668/668 672/672/672
f 671/671/671 672/672/672 673/673/673
f 612/612/612 674/674/674 675/675/675
f 612/612/612 675/675/675 613/613/613
f 315/315/315 676/676/676 677/677/677
f 315/315/315 677/677/677 316/316/316
f 666/666/666 665/665/665 294/294/294
f 666/666/666 294/294/294 293/293/293
f 310/310/310 600/600/600 678/678/678
f 310/310/310 678/678/678 311/311/311
f 290/290/290 283/283/283 653/653/653
f 290/290/290 653/653/653 370/370/370
f 679/679/679 649/649/649 650/650/650
f 679/679/679 650/650/650 680/680/680
f 681/681/681 651/651/651 652/652/652
f 681/681/681 652/652/652 682/682/682
f 671/671/671 653/653/653 654/654/654
f 671/671/671 654/654/654 683/683/683
f 367/367/367 310/310/310 309/309/309
f 367/367/367 309/309/309 368/368/368
f 366/366/366 684/684/684 601/601/601
f 366/366/366 601/601/601 367/367/367
f 685/685/685 369/369/369 370/370/370
f 685/685/685 370/370/370 673/673/673
f 686/686/686 687/687/687 672/672/672
f 686/686/686 672/672/672 688/688/688
f 646/646/646 294/294/294 665/665/665
f 646/646/646 665/665/665 689/689/689
f 690/690/690 691/691/691 648/648/648
f 690/690/690 648/648/648 647/647/647
f 692/692/692 664/664/664 693/693/693
f 692/692/692 693/693/693 694/694/694
f 355/355/355 599/599/599 648/648/648
f 355/355/355 648/648/648 356/356/356
f 667/667/667 600/600/600 601/601/601
f 667/667/667 601/601/601 688/688/688
f 695/695/695 691/691/691 693/693/693
f 695/695/695 693/693/693 696/696/696
f 697/697/697 698/698/698 696/696/696
f 697/697/697 696/696/696 663/663/663
f 610/610/610 699/699/699 666/666/666
f 610/610/610 666/666/666 293/293/293
f 700/700/700 353/353/353 356/356/356
f 700/700/700 356/356/356 695/695/695
f 701/701/701 702/702/702 703/703/703
f 701/701/701 703/703/703 704/704/704
f 705/705/705 701/701/701 704/704/704
f 705/705/705 704/704/704 706/706/706
f 707/707/707 705/705/705 706/706/706
f 707/707/707 706/706/706 708/708/708
f 709/709/709 707/707/707 708/708/708
f 709/709/709 708/708/708 710/710/710
f 711/711/711 709/709/709 710/710/710
f 711/711/711 710/710/710 712/712/712
f 713/713/713 711/711/711 712/712/712
f 713/713/713 712/712/712 714/714/714
f 702/702/702 715/715/715 716/716/716
f 702/702/702 716/716/716 703/703/703
f 715/715/715 717/717/717 718/718/718
f 715/715/715 718/718/718 716/716/716
f 717/717/717 719/719/719 720/720/720
f 717/717/717 720/720/720 718/718/718
f 719/719/719 721/721/721 722/722/722
f 719/719/719 722/722/722 720/720/720
f 721/721/721 723/723/723 724/724/724
f 721/721/721 724/724/724 722/722/722
f 723/723/723 713/713/713 714/714/714
f 723/723/723 714/714/714 724/724/724
f 335/335/335 1/1/1 4/4/4
f 335/335/335 4/4/4 336/336/336
f 339/339/339 5/5/5 8/8/8
f 339/339/339 8/8/8 340/340/340
f 340/340/340 8/8/8 10/10/10
f 340/340/340 10/10/10 342/342/342
f 342/342/342 10/10/10 12/12/12
f 342/342/342 12/12/12 344/344/344
f 344/344/344 12/12/12 14/14/14
f 344/344/344 14/14/14 346/346/346
f 349/349/349 15/15/15 18/18/18
f 349/349/349 18/18/18 350/350/350
f 335/335/335 626/626/626 379/379/379
f 335/335/335 379/379/379 1/1/1
f 630/630/630 629/629/629 382/382/382
f 630/630/630 382/382/382 381/381/381
f 629/629/629 632/632/632 385/385/385
f 629/629/629 385/385/385 382/382/382
f 632/632/632 634/634/634 387/387/387
f 632/632/632 387/387/387 385/385/385
f 634/634/634 636/636/636 389/389/389
f 634/634/634 389/389/389 387/387/387
f 638/638/638 350/350/350 18/18/18
f 638/638/638 18/18/18 391/391/391
f 550/550/550 549/549/549 569/569/569
f 550/550/550 569/569/569 568/568/568
f 674/674/674 655/655/655 658/658/658
f 674/674/674 658/658/658 675/675/675
f 696/696/696 693/693/693 664/664/664
f 696/696/696 664/664/664 663/663/663
f 689/689/689 665/665/665 664/664/664
f 689/689/689 664/664/664 692/692/692
f 699/699/699 697/697/697 663/663/663
f 699/699/699 663/663/663 666/666/666
f 214/214/214 239/239/239 242/242/242
f 214/214/214 242/242/242 215/215/215
f 676/676/676 659/659/659 662/662/662
f 676/676/676 662/662/662 677/677/677
f 600/600/600 667/667/667 670/670/670
f 600/600/600 670/670/670 678/678/678
f 684/684/684 686/686/686 688/688/688
f 684/684/684 688/688/688 601/601/601
f 668/668/668 667/667/667 688/688/688
f 668/668/668 688/688/688 672/672/672
f 571/571/571 570/570/570 564/564/564
f 571/571/571 564/564/564 563/563/563
f 656/656/656 679/679/679 680/680/680
f 656/656/656 680/680/680 657/657/657
f 694/694/694 693/693/693 691/691/691
f 694/694/694 691/691/691 690/690/690
f 356/356/356 648/648/648 691/691/691
f 356/356/356 691/691/691 695/695/695
f 698/698/698 700/700/700 695/695/695
f 698/698/698 695/695/695 696/696/696
f 240/240/240 233/233/233 235/235/235
f 240/240/240 235/235/235 241/241/241
f 653/653/653 671/671/671 673/673/673
f 653/653/653 673/673/673 370/370/370
f 660/660/660 681/681/681 682/682/682
f 660/660/660 682/682/682 661/661/661
f 668/668/668 671/671/671 683/683/683
f 668/668/668 683/683/683 669/669/669
f 687/687/687 685/685/685 673/673/673
f 687/687/687 673/673/673 672/672/672
f 725/725/725 726/726/726 727/727/727
f 725/725/725 727/727/727 728/728/728
f 729/729/729 725/725/725 728/728/728
f 729/729/729 728/728/728 730/730/730
f 731/731/731 729/729/729 730/730/730
f 731/731/731 730/730/730 732/732/732
f 733/733/733 731/731/731 732/732/732
f 733/733/733 732/732/732 734/734/734
f 735/735/735 733/733/733 734/734/734
f 735/735/735 734/734/734 736/736/736
f 737/737/737 735/735/735 736/736/736
f 737/737/737 736/736/736 738/738/738
f 739/739/739 740/740/740 727/727/727
f 739/739/739 727/727/727 726/726/726
f 741/741/741 742/742/742 740/740/740
f 741/741/741 740/740/740 739/739/739
f 743/743/743 744/744/744 742/742/742
f 743/743/743 742/742/742 741/741/741
f 745/745/745 746/746/746 744/744/744
f 745/745/745 744/744/744 743/743/743
f 747/747/747 748/748/748 746/746/746
f 747/747/747 746/746/746 745/745/745
f 737/737/737 738/738/738 748/748/748
f 737/737/737 748/748/748 747/747/747
f 749/749/749 750/750/750 751/751/751
f 749/749/749 751/751/751 752/752/752
f 753/753/753 749/749/749 752/752/752
f 753/753/753 752/752/752 754/754/754
f 755/755/755 753/753/753 754/754/754
f 755/755/755 754/754/754 756/756/756
f 757/757/757 755/755/755 756/756/756
f 757/757/757 756/756/756 758/758/758
f 759/759/759 757/757/757 758/758/758
f 759/759/759 758/758/758 760/760/760
f 761/761/761 759/759/759 760/760/760
f 761/761/761 760/760/760 762/762/762
f 763/763/763 764/764/764 751/751/751
f 763/763/763 751/751/751 750/750/750
f 765/765/765 766/766/766 764/764/764
f 765/765/765 764/764/764 763/763/763
f 767/767/767 768/768/768 766/766/766
f 767/767/767 766/766/766 765/765/765
f 769/769/769 770/770/770 768/768/768
f 769/769/769 768/768/768 767/767/767
f 771/771/771 772/772/772 770/770/770
f 771/771/771 770/770/770 769/769/769
f 761/761/761 762/762/762 772/772/772
f 761/761/761 772/772/772 771/771/771
f 649/649/649 679/679/679 734/734/734
f 649/649/649 734/734/734 732/732/732
f 591/591/591 649/649/649 732/732/732
f 591/591/591 732/732/732 730/730/730
f 734/734/734 679/679/679 736/736/736
f 730/730/730 728/728/728 591/591/591
f 278/278/278 591/591/591 728/728/728
f 278/278/278 728/728/728 727/727/727
f 278/278/278 727/727/727 740/740/740
f 278/278/278 740/740/740 275/275/275
f 740/740/740 742/742/742 275/275/275
f 275/275/275 742/742/742 744/744/744
f 275/275/275 744/744/744 652/652/652
f 652/652/652 744/744/744 746/746/746
f 652/652/652 746/746/746 682/682/682
f 746/746/746 748/748/748 682/682/682
f 661/661/661 682/682/682 718/718/718
f 661/661/661 718/718/718 720/720/720
f 718/718/718 682/682/682 716/716/716
f 662/662/662 661/661/661 720/720/720
f 662/662/662 720/720/720 722/722/722
f 722/722/722 724/724/724 662/662/662
f 662/662/662 766/766/766 768/768/768
f 662/662/662 768/768/768 677/677/677
f 677/677/677 768/768/768 770/770/770
f 677/677/677 770/770/770 316/316/316
f 770/770/770 772/772/772 316/316/316
f 316/316/316 772/772/772 762/762/762
f 316/316/316 762/762/762 319/319/319
f 612/612/612 319/319/319 762/762/762
f 612/612/612 762/762/762 760/760/760
f 760/760/760 758/758/758 612/612/612
f 674/674/674 612/612/612 758/758/758
f 674/674/674 758/758/758 756/756/756
f 655/655/655 674/674/674 756/756/756
f 655/655/655 756/756/756 754/754/754
f 754/754/754 752/752/752 655/655/655
f 766/766/766 662/662/662 764/764/764
f 716/716/716 682/682/682 773/773/773
f 716/716/716 773/773/773 703/703/703
f 704/704/704 703/703/703 773/773/773
f 704/704/704 773/773/773 679/679/679
f 724/724/724 714/714/714 774/774/774
f 724/724/724 774/774/774 662/662/662
f 764/764/764 662/662/662 774/774/774
f 764/764/764 774/774/774 751/751/751
f 752/752/752 751/751/751 774/774/774
f 752/752/752 774/774/774 655/655/655
f 712/712/712 655/655/655 774/774/774
f 712/712/712 774/774/774 714/714/714
f 748/748/748 738/738/738 773/773/773
f 748/748/748 773/773/773 682/682/682
f 736/736/736 679/679/679 773/773/773
f 736/736/736 773/773/773 738/738/738
f 706/706/706 704/704/704 679/679/679
f 712/712/712 710/710/710 655/655/655
f 655/655/655 710/710/710 708/708/708
f 655/655/655 708/708/708 656/656/656
f 656/656/656 708/708/708 706/706/706
f 656/656/656 706/706/706 679/679/679
f 775/775/775 776/776/776 777/777/777
f 775/775/775 777/777/777 778/778/778
f 779/779/779 780/780/780 781/781/781
f 779/779/779 781/781/781 782/782/782
f 783/783/783 784/784/784 785/785/785
f 783/783/783 785/785/785 786/786/786
f 787/787/787 788/788/788 789/789/789
f 787/787/787 789/789/789 790/790/790
f 791/791/791 792/792/792 793/793/793
f 791/791/791 793/793/793 794/794/794
f 795/795/795 796/796/796 797/797/797
f 795/795/795 797/797/797 798/798/798
f 799/799/799 800/800/800 801/801/801
f 799/799/799 801/801/801 802/802/802
f 803/803/803 804/804/804 805/805/805
f 803/803/803 805/805/805 806/806/806
f 807/807/807 808/808/808 809/809/809
f 807/807/807 809/809/809 810/810/810
f 811/811/811 812/812/812 813/813/813
f 811/811/811 813/813/813 814/814/814
f 791/791/791 794/794/794 815/815/815
f 791/791/791 815/815/815 816/816/816
f 817/817/817 818/818/818 776/776/776
f 817/817/817 776/776/776 775/775/775
f 819/819/819 820/820/820 821/821/821
f 819/819/819 821/821/821 822/822/822
f 823/823/823 824/824/824 825/825/825
f 823/823/823 825/825/825 826/826/826
f 778/778/778 777/777/777 827/827/827
f 778/778/778 827/827/827 828/828/828
f 782/782/782 781/781/781 805/805/805
f 782/782/782 805/805/805 804/804/804
f 784/784/784 795/795/795 798/798/798
f 784/784/784 798/798/798 785/785/785
f 829/829/829 799/799/799 802/802/802
f 829/829/829 802/802/802 830/830/830
f 796/796/796 831/831/831 832/832/832
f 796/796/796 832/832/832 797/797/797
f 800/800/800 807/807/807 810/810/810
f 800/800/800 810/810/810 801/801/801
f 823/823/823 826/826/826 833/833/833
f 823/823/823 833/833/833 834/834/834
f 835/835/835 790/790/790 789/789/789
f 835/835/835 789/789/789 836/836/836
f 837/837/837 838/838/838 818/818/818
f 837/837/837 818/818/818 817/817/817
f 814/814/814 813/813/813 820/820/820
f 814/814/814 820/820/820 819/819/819
f 839/839/839 840/840/840 841/841/841
f 839/839/839 841/841/841 842/842/842
f 840/840/840 843/843/843 844/844/844
f 840/840/840 844/844/844 841/841/841
f 843/843/843 845/845/845 846/846/846
f 843/843/843 846/846/846 844/844/844
f 845/845/845 847/847/847 848/848/848
f 845/845/845 848/848/848 846/846/846
f 847/847/847 849/849/849 850/850/850
f 847/847/847 850/850/850 848/848/848
f 849/849/849 851/851/851 852/852/852
f 849/849/849 852/852/852 850/850/850
f 839/839/839 842/842/842 853/853/853
f 839/839/839 853/853/853 854/854/854
f 854/854/854 853/853/853 855/855/855
f 854/854/854 855/855/855 856/856/856
f 856/856/856 855/855/855 857/857/857
f 856/856/856 857/857/857 858/858/858
f 858/858/858 857/857/857 859/859/859
f 858/858/858 859/859/859 860/860/860
f 860/860/860 859/859/859 861/861/861
f 860/860/860 861/861/861 862/862/862
f 862/862/862 861/861/861 852/852/852
f 862/862/862 852/852/852 851/851/851
f 863/863/863 864/864/864 865/865/865
f 863/863/863 865/865/865 866/866/866
f 864/864/864 775/775/775 778/778/778
f 864/864/864 778/778/778 865/865/865
f 867/867/867 868/868/868 869/869/869
f 867/867/867 869/869/869 870/870/870
f 868/868/868 787/787/787 790/790/790
f 868/868/868 790/790/790 869/869/869
f 871/871/871 872/872/872 873/873/873
f 871/871/871 873/873/873 874/874/874
f 874/874/874 873/873/873 792/792/792
f 874/874/874 792/792/792 791/791/791
f 875/875/875 876/876/876 877/877/877
f 875/875/875 877/877/877 878/878/878
f 878/878/878 877/877/877 800/800/800
f 878/878/878 800/800/800 799/799/799
f 879/879/879 880/880/880 881/881/881
f 879/879/879 881/881/881 882/882/882
f 882/882/882 881/881/881 808/808/808
f 882/882/882 808/808/808 807/807/807
f 871/871/871 874/874/874 883/883/883
f 871/871/871 883/883/883 884/884/884
f 874/874/874 791/791/791 816/816/816
f 874/874/874 816/816/816 883/883/883
f 885/885/885 886/886/886 864/864/864
f 885/885/885 864/864/864 863/863/863
f 886/886/886 817/817/817 775/775/775
f 886/886/886 775/775/775 864/864/864
f 866/866/866 865/865/865 887/887/887
f 866/866/866 887/887/887 888/888/888
f 865/865/865 778/778/778 828/828/828
f 865/865/865 828/828/828 887/887/887
f 889/889/889 875/875/875 878/878/878
f 889/889/889 878/878/878 890/890/890
f 890/890/890 878/878/878 799/799/799
f 890/890/890 799/799/799 829/829/829
f 876/876/876 879/879/879 882/882/882
f 876/876/876 882/882/882 877/877/877
f 877/877/877 882/882/882 807/807/807
f 877/877/877 807/807/807 800/800/800
f 891/891/891 870/870/870 869/869/869
f 891/891/891 869/869/869 892/892/892
f 892/892/892 869/869/869 790/790/790
f 892/892/892 790/790/790 835/835/835
f 893/893/893 894/894/894 886/886/886
f 893/893/893 886/886/886 885/885/885
f 894/894/894 837/837/837 817/817/817
f 894/894/894 817/817/817 886/886/886
f 895/895/895 896/896/896 897/897/897
f 895/895/895 897/897/897 898/898/898
f 896/896/896 899/899/899 900/900/900
f 896/896/896 900/900/900 897/897/897
f 899/899/899 901/901/901 902/902/902
f 899/899/899 902/902/902 900/900/900
f 901/901/901 903/903/903 904/904/904
f 901/901/901 904/904/904 902/902/902
f 903/903/903 905/905/905 906/906/906
f 903/903/903 906/906/906 904/904/904
f 905/905/905 907/907/907 908/908/908
f 905/905/905 908/908/908 906/906/906
f 895/895/895 898/898/898 909/909/909
f 895/895/895 909/909/909 910/910/910
f 910/910/910 909/909/909 911/911/911
f 910/910/910 911/911/911 912/912/912
f 912/912/912 911/911/911 913/913/913
f 912/912/912 913/913/913 914/914/914
f 914/914/914 913/913/913 915/915/915
f 914/914/914 915/915/915 916/916/916
f 916/916/916 915/915/915 917/917/917
f 916/916/916 917/917/917 918/918/918
f 918/918/918 917/917/917 908/908/908
f 918/918/918 908/908/908 907/907/907
f 919/919/919 920/920/920 921/921/921
f 919/919/919 921/921/921 922/922/922
f 920/920/920 779/779/779 782/782/782
f 920/920/920 782/782/782 921/921/921
f 923/923/923 924/924/924 925/925/925
f 923/923/923 925/925/925 926/926/926
f 926/926/926 925/925/925 784/784/784
f 926/926/926 784/784/784 783/783/783
f 927/927/927 928/928/928 929/929/929
f 927/927/927 929/929/929 930/930/930
f 930/930/930 929/929/929 796/796/796
f 930/930/930 796/796/796 795/795/795
f 931/931/931 932/932/932 933/933/933
f 931/931/931 933/933/933 934/934/934
f 934/934/934 933/933/933 804/804/804
f 934/934/934 804/804/804 803/803/803
f 935/935/935 936/936/936 937/937/937
f 935/935/935 937/937/937 938/938/938
f 936/936/936 811/811/811 814/814/814
f 936/936/936 814/814/814 937/937/937
f 939/939/939 940/940/940 941/941/941
f 939/939/939 941/941/941 942/942/942
f 940/940/940 819/819/819 822/822/822
f 940/940/940 822/822/822 941/941/941
f 943/943/943 944/944/944 945/945/945
f 943/943/943 945/945/945 946/946/946
f 946/946/946 945/945/945 824/824/824
f 946/946/946 824/824/824 823/823/823
f 922/922/922 921/921/921 933/933/933
f 922/922/922 933/933/933 932/932/932
f 921/921/921 782/782/782 804/804/804
f 921/921/921 804/804/804 933/933/933
f 924/924/924 927/927/927 930/930/930
f 924/924/924 930/930/930 925/925/925
f 925/925/925 930/930/930 795/795/795
f 925/925/925 795/795/795 784/784/784
f 928/928/928 947/947/947 948/948/948
f 928/928/928 948/948/948 929/929/929
f 929/929/929 948/948/948 831/831/831
f 929/929/929 831/831/831 796/796/796
f 943/943/943 946/946/946 949/949/949
f 943/943/943 949/949/949 950/950/950
f 946/946/946 823/823/823 834/834/834
f 946/946/946 834/834/834 949/949/949
f 938/938/938 937/937/937 940/940/940
f 938/938/938 940/940/940 939/939/939
f 937/937/937 814/814/814 819/819/819
f 937/937/937 819/819/819 940/940/940
f 898/898/898 897/897/897 951/951/951
f 897/897/897 900/900/900 951/951/951
f 900/900/900 902/902/902 951/951/951
f 902/902/902 904/904/904 951/951/951
f 904/904/904 906/906/906 951/951/951
f 906/906/906 908/908/908 951/951/951
f 898/898/898 951/951/951 909/909/909
f 909/909/909 951/951/951 911/911/911
f 911/911/911 951/951/951 913/913/913
f 913/913/913 951/951/951 915/915/915
f 915/915/915 951/951/951 917/917/917
f 917/917/917 951/951/951 908/908/908
f 842/842/842 841/841/841 952/952/952
f 841/841/841 844/844/844 952/952/952
f 844/844/844 846/846/846 952/952/952
f 846/846/846 848/848/848 952/952/952
f 848/848/848 850/850/850 952/952/952
f 850/850/850 852/852/852 952/952/952
f 842/842/842 952/952/952 853/853/853
f 853/853/853 952/952/952 855/855/855
f 855/855/855 952/952/952 857/857/857
f 857/857/857 952/952/952 859/859/859
f 859/859/859 952/952/952 861/861/861
f 861/861/861 952/952/952 852/852/852
