v 0.6646822690963745 0.34597593545913696 0.479924738407135
v 0.6646822690963745 0.34594985842704773 0.47980207204818726
v 0.6573777794837952 0.34594830870628357 0.47980165481567383
v 0.6573777794837952 0.3459743857383728 0.4799243211746216
v 0.6573777794837952 0.34592437744140625 0.4796891212463379
v 0.6597685217857361 0.3457915782928467 0.4790627062320709
v 0.6573787331581116 0.343934565782547 0.4703357219696045
v 0.6573787331581116 0.3439106345176697 0.47022318840026855
v 0.6500742435455322 0.3439091145992279 0.4702228009700775
v 0.6549879908561707 0.34406736493110657 0.47096216678619385
v 0.6573786735534668 0.34397953748703003 0.47054705023765564
v 0.6550959944725037 0.3441063165664673 0.4711451828479767
v 0.6550959348678589 0.3443453907966614 0.4710943400859833
v 0.657378613948822 0.3442186117172241 0.47049620747566223
v 0.6646817326545715 0.3487437069416046 0.4793359339237213
v 0.6573772430419922 0.34874215722084045 0.4793355166912079
v 0.6573772430419922 0.3487160801887512 0.47921285033226013
v 0.6646817326545715 0.3487176299095154 0.47921326756477356
v 0.6573786735534668 0.34397953748703003 0.47054705023765564
v 0.6550959944725037 0.3441063165664673 0.4711451828479767
v 0.6573772430419922 0.3486921489238739 0.4791003167629242
v 0.6597679853439331 0.34855934977531433 0.4784739017486572
v 0.6549871563911438 0.3457905650138855 0.47906243801116943
v 0.6500732898712158 0.3459467887878418 0.4798012971878052
v 0.6500732898712158 0.34597286581993103 0.47992393374443054
v 0.6646832227706909 0.3438860774040222 0.47010093927383423
v 0.6573787331581116 0.34388452768325806 0.4701005220413208
v 0.6646832227706909 0.34391218423843384 0.4702235758304596
v 0.6597693562507629 0.34406837821006775 0.47096243500709534
v 0.6573778390884399 0.3458794057369232 0.47947779297828674
v 0.6573777794837952 0.3461184799671173 0.47942695021629333
v 0.6550952196121216 0.34599074721336365 0.4788285791873932
v 0.6550952792167664 0.34575167298316956 0.4788794219493866
v 0.6573778390884399 0.3458794057369232 0.47947779297828674
v 0.6550952792167664 0.34575167298316956 0.4788794219493866
v 0.6573781967163086 0.34670233726501465 0.4697469174861908
v 0.6573781967163086 0.34667840600013733 0.46963438391685486
v 0.6646826863288879 0.3466799557209015 0.4696347713470459
v 0.65976881980896 0.3468361496925354 0.47037363052368164
v 0.6613321900367737 0.3444553315639496 0.4727799594402313
v 0.6596612930297852 0.3441072702407837 0.4711454510688782
v 0.6596612334251404 0.3443463444709778 0.47109460830688477
v 0.6613321304321289 0.3446944057941437 0.4727291166782379
v 0.6613317131996155 0.34698402881622314 0.4722420275211334
v 0.659660816192627 0.34663596749305725 0.4706075191497803
v 0.6450515389442444 0.3459886312484741 0.4788280427455902
v 0.645051121711731 0.3482782542705536 0.4783409535884857
v 0.6427684426307678 0.34840503334999084 0.47893908619880676
v 0.6427688598632812 0.3461154103279114 0.47942617535591125
v 0.6550955176353455 0.34663501381874084 0.4706072509288788
v 0.6573781967163086 0.3465082347393036 0.47000911831855774
v 0.6534243226051331 0.34564268589019775 0.47719404101371765
v 0.6534239053726196 0.3479323089122772 0.47670695185661316
v 0.6528124809265137 0.3474572002887726 0.4744742512702942
v 0.6528128981590271 0.3451675772666931 0.4749613404273987
v 0.6613316535949707 0.34564435482025146 0.47719448804855347
v 0.6613312363624573 0.34793397784233093 0.476707398891449
v 0.6596601009368896 0.3482813239097595 0.4783417582511902
v 0.6596605181694031 0.34599170088768005 0.4788288474082947
v 0.6573773622512817 0.3484081029891968 0.47893986105918884
v 0.6550948023796082 0.3482803702354431 0.4783414900302887
v 0.6534247994422913 0.34469273686408997 0.4727286696434021
v 0.6534243822097778 0.34698235988616943 0.4722415804862976
v 0.6619435548782349 0.34493041038513184 0.4750126898288727
v 0.6613321900367737 0.3444553315639496 0.4727799594402313
v 0.6613321304321289 0.3446944057941437 0.4727291166782379
v 0.6619434952735901 0.3451694846153259 0.4749618470668793
v 0.6550948023796082 0.3482803702354431 0.4783414900302887
v 0.6550952196121216 0.34599074721336365 0.4788285791873932
v 0.6596605777740479 0.34575262665748596 0.4788796901702881
v 0.6613317131996155 0.3454052805900574 0.4772453308105469
v 0.6615188121795654 0.3454277813434601 0.47735100984573364
v 0.6619435548782349 0.34493041038513184 0.4750126898288727
v 0.6621596217155457 0.3449304699897766 0.4750126898288727
v 0.6573781371116638 0.3467473089694977 0.46995824575424194
v 0.6550954580307007 0.34687408804893494 0.470556378364563
v 0.6596605777740479 0.34575262665748596 0.4788796901702881
v 0.6573781371116638 0.3467473089694977 0.46995824575424194
v 0.6550954580307007 0.34687408804893494 0.470556378364563
v 0.6549874544143677 0.3468351364135742 0.47037336230278015
v 0.6613317131996155 0.3454052805900574 0.4772453308105469
v 0.6613316535949707 0.34564435482025146 0.47719448804855347
v 0.6596605181694031 0.34599170088768005 0.4788288474082947
v 0.6596605777740479 0.34575262665748596 0.4788796901702881
v 0.6619430780410767 0.3474591076374054 0.4744747579097748
v 0.6613312363624573 0.34793397784233093 0.476707398891449
v 0.6532372832298279 0.3454260528087616 0.4773505628108978
v 0.6613317131996155 0.34698402881622314 0.4722420275211334
v 0.6615192890167236 0.34443289041519165 0.47267431020736694
v 0.6646827459335327 0.3449310064315796 0.4750128388404846
v 0.6534243822097778 0.34540361166000366 0.47724488377571106
v 0.6528129577636719 0.344928503036499 0.4750121831893921
v 0.6550952792167664 0.34575167298316956 0.4788794219493866
v 0.6534243822097778 0.34698235988616943 0.4722415804862976
v 0.6534247994422913 0.34469273686408997 0.4727286696434021
v 0.6534243822097778 0.34540361166000366 0.47724488377571106
v 0.6596607565879822 0.34687504172325134 0.4705566465854645
v 0.6619430184364319 0.3476981818675995 0.474423885345459
v 0.6613316535949707 0.34722310304641724 0.4721911549568176
v 0.6615187525749207 0.3472006618976593 0.47208550572395325
v 0.6621590852737427 0.34769824147224426 0.474423885345459
v 0.6528129577636719 0.344928503036499 0.4750121831893921
v 0.6525968909263611 0.34492844343185425 0.4750121831893921
v 0.6596607565879822 0.34687504172325134 0.4705566465854645
v 0.6534243226051331 0.3472214341163635 0.4721907079219818
v 0.6528124213218689 0.3476962745189667 0.4744233787059784
v 0.6525963544845581 0.3476962149143219 0.4744233787059784
v 0.6532372236251831 0.3471989333629608 0.47208505868911743
v 0.6550954580307007 0.34687408804893494 0.470556378364563
v 0.6550955176353455 0.34663501381874084 0.4706072509288788
v 0.6534243226051331 0.3472214341163635 0.4721907079219818
v 0.6528124213218689 0.3476962745189667 0.4744233787059784
v 0.6615182757377625 0.34819555282592773 0.47676220536231995
v 0.6646822094917297 0.34769877791404724 0.4744240343570709
v 0.6534238457679749 0.3481713831424713 0.47665607929229736
v 0.6532367467880249 0.34819382429122925 0.47676175832748413
v 0.6550947427749634 0.3485194444656372 0.4782906174659729
v 0.6549866199493408 0.34855833649635315 0.47847363352775574
v 0.6550947427749634 0.3485194444656372 0.4782906174659729
v 0.6534238457679749 0.3481713831424713 0.47665607929229736
v 0.6500727534294128 0.34871456027030945 0.4792124927043915
v 0.6619430184364319 0.3476981818675995 0.474423885345459
v 0.6613311767578125 0.348173052072525 0.4766565263271332
v 0.6596600413322449 0.3485203981399536 0.4782908856868744
v 0.6596601009368896 0.3482813239097595 0.4783417582511902
v 0.6596600413322449 0.3485203981399536 0.4782908856868744
v 0.657377302646637 0.34864717721939087 0.47888898849487305
v 0.6613311767578125 0.348173052072525 0.4766565263271332
v 0.6596600413322449 0.3485203981399536 0.4782908856868744
v 0.657377302646637 0.34864717721939087 0.47888898849487305
v 0.6532377600669861 0.34443116188049316 0.47267386317253113
v 0.653424859046936 0.3444536626338959 0.4727795124053955
v 0.653424859046936 0.3444536626338959 0.4727795124053955
v 0.653424859046936 0.3444536626338959 0.4727795124053955
v 0.6646826863288879 0.34665384888648987 0.46951213479042053
v 0.6573781967163086 0.3466522991657257 0.4695117175579071
v 0.6596612930297852 0.3441072702407837 0.4711454510688782
v 0.6613316535949707 0.34722310304641724 0.4721911549568176
v 0.6613321900367737 0.3444553315639496 0.4727799594402313
v 0.6500727534294128 0.3487406373023987 0.47933512926101685
v 0.6613316535949707 0.34722310304641724 0.4721911549568176
v 0.6347181797027588 0.34150996804237366 0.4747733473777771
v 0.634718120098114 0.3414507806301117 0.4759068191051483
v 0.6281610727310181 0.34144940972328186 0.47590646147727966
v 0.6281611323356628 0.3415085971355438 0.47477298974990845
v 0.6347181797027588 0.34083276987075806 0.47685885429382324
v 0.6281611323356628 0.3408313989639282 0.4768584966659546
v 0.6347181797027588 0.34083276987075806 0.47685885429382324
v 0.6347183585166931 0.33982154726982117 0.47737428545951843
v 0.6281613111495972 0.33982017636299133 0.4773739278316498
v 0.6281611323356628 0.3408313989639282 0.4768584966659546
v 0.6347185969352722 0.33868807554244995 0.47731509804725647
v 0.6281615495681763 0.3386867046356201 0.4773147404193878
v 0.6347188353538513 0.3377360999584198 0.47669705748558044
v 0.6281617879867554 0.33773472905158997 0.4766966998577118
v 0.6347188353538513 0.3377360999584198 0.47669705748558044
v 0.6347190141677856 0.33722060918807983 0.47568583488464355
v 0.6281619668006897 0.33721923828125 0.4756854772567749
v 0.6281617879867554 0.33773472905158997 0.4766966998577118
v 0.6347190141677856 0.3372798562049866 0.4745523929595947
v 0.6281619668006897 0.33727848529815674 0.4745520353317261
v 0.6347189545631409 0.3378978371620178 0.4736003875732422
v 0.6281619071960449 0.337896466255188 0.47360002994537354
v 0.6347189545631409 0.3378978371620178 0.4736003875732422
v 0.6347187757492065 0.3389090597629547 0.4730849266052246
v 0.6281617283821106 0.3389076888561249 0.47308456897735596
v 0.6281619071960449 0.337896466255188 0.47360002994537354
v 0.6347185373306274 0.3400425314903259 0.47314414381980896
v 0.6281614899635315 0.3400411605834961 0.4731437861919403
v 0.6347182989120483 0.34099453687667847 0.4737621545791626
v 0.6281612515449524 0.34099316596984863 0.47376179695129395
v 0.6347182989120483 0.34099453687667847 0.4737621545791626
v 0.6281612515449524 0.34099316596984863 0.47376179695129395
v 0.638064980506897 0.345552533864975 0.4779662787914276
v 0.6380651593208313 0.3452410101890564 0.476502001285553
v 0.6380652189254761 0.3448154032230377 0.4765925407409668
v 0.6380650401115417 0.34512758255004883 0.4780566990375519
v 0.6363910436630249 0.3455521762371063 0.47796618938446045
v 0.6363911032676697 0.3451272249221802 0.4780566096305847
v 0.636391282081604 0.34481504559516907 0.47659245133399963
v 0.6363912224769592 0.34524065256118774 0.4765019118785858
v 0.6363933086395264 0.3348006010055542 0.4786204993724823
v 0.6363931894302368 0.335141658782959 0.47854793071746826
v 0.6363931894302368 0.335162490606308 0.4786458909511566
v 0.6363933086395264 0.3348214328289032 0.47871845960617065
v 0.6379298567771912 0.345220148563385 0.4764040410518646
v 0.6380651593208313 0.3452201783657074 0.4764040410518646
v 0.6380651593208313 0.3452410101890564 0.476502001285553
v 0.6379298567771912 0.345240980386734 0.476502001285553
v 0.6379319429397583 0.33480092883110046 0.47862058877944946
v 0.6379319429397583 0.33482176065444946 0.4787185490131378
v 0.6380672454833984 0.33482179045677185 0.4787185490131378
v 0.6380672454833984 0.33480095863342285 0.47862058877944946
v 0.6380672454833984 0.33480095863342285 0.47862058877944946
v 0.6380672454833984 0.33482179045677185 0.4787185490131378
v 0.6380671262741089 0.33516284823417664 0.4786459803581238
v 0.6380671262741089 0.33514201641082764 0.4785480201244354
v 0.6380660533905029 0.34071627259254456 0.47746458649635315
v 0.6380658745765686 0.3410346210002899 0.4789274036884308
v 0.6380662322044373 0.33986929059028625 0.47764477133750916
v 0.6380660533905029 0.34018081426620483 0.4791090488433838
v 0.6380662322044373 0.33984845876693726 0.4775468111038208
v 0.6363919377326965 0.34103426337242126 0.4789273142814636
v 0.6363921165466309 0.3407159149646759 0.477464497089386
v 0.6363921165466309 0.3401804566383362 0.4791089594364166
v 0.6363922953605652 0.3398689329624176 0.477644681930542
v 0.6363922953605652 0.3398481011390686 0.47754672169685364
v 0.6363933086395264 0.3348006010055542 0.4786204993724823
v 0.6363933086395264 0.3348214328289032 0.47871845960617065
v 0.6365286707878113 0.3348214626312256 0.47871845960617065
v 0.6365286707878113 0.3348006308078766 0.4786204993724823
v 0.6363912224769592 0.34521982073783875 0.47640395164489746
v 0.6365265846252441 0.34521985054016113 0.47640395164489746
v 0.6365265846252441 0.34524068236351013 0.4765019118785858
v 0.6363912224769592 0.34524065256118774 0.4765019118785858
v 0.6363913416862488 0.34487152099609375 0.47476664185523987
v 0.6363914012908936 0.34485694766044617 0.47469812631607056
v 0.6363914608955383 0.3444313108921051 0.47478869557380676
v 0.6363914012908936 0.3444458842277527 0.4748572111129761
v 0.6347182989120483 0.34034597873687744 0.47572922706604004
v 0.6347183585166931 0.34033140540122986 0.4756607115268707
v 0.6347175240516663 0.34443095326423645 0.4747886061668396
v 0.6347174644470215 0.34444552659988403 0.4748571217060089
v 0.6363933086395264 0.334793359041214 0.47691062092781067
v 0.6363933682441711 0.3347787857055664 0.47684210538864136
v 0.6363934874534607 0.3344377279281616 0.4769146740436554
v 0.6363934278488159 0.3344523012638092 0.4769831895828247
v 0.6347193717956543 0.33479300141334534 0.4769105315208435
v 0.6347194314002991 0.33477842807769775 0.4768420159816742
v 0.6347185373306274 0.3394848704338074 0.47584080696105957
v 0.6347184777259827 0.33949944376945496 0.4759093225002289
v 0.6363922953605652 0.3403317630290985 0.4756608009338379
v 0.6363922357559204 0.3403463363647461 0.4757293164730072
v 0.6363924741744995 0.339485228061676 0.47584089636802673
v 0.6363924145698547 0.3394998013973236 0.47590941190719604
v 0.6363084316253662 0.3344522714614868 0.4769831895828247
v 0.6363934278488159 0.3344523012638092 0.4769831895828247
v 0.6363934874534607 0.3344377279281616 0.4769146740436554
v 0.636308491230011 0.33443769812583923 0.4769146740436554
v 0.6363063454627991 0.34487149119377136 0.47476664185523987
v 0.6363064050674438 0.3448569178581238 0.47469812631607056
v 0.6363914012908936 0.34485694766044617 0.47469812631607056
v 0.6363913416862488 0.34487152099609375 0.47476664185523987
v 0.6347174644470215 0.3448565900325775 0.4746980369091034
v 0.6347174048423767 0.3448711633682251 0.4747665524482727
v 0.6347194910049438 0.33445194363594055 0.47698310017585754
v 0.6347195506095886 0.33443737030029297 0.47691458463668823
v 0.6347174048423767 0.3448711633682251 0.4747665524482727
v 0.6347174644470215 0.3448565900325775 0.4746980369091034
v 0.634802520275116 0.3448566198348999 0.4746980369091034
v 0.6348024606704712 0.3448711931705475 0.4747665524482727
v 0.6347194910049438 0.33445194363594055 0.47698310017585754
v 0.6348045468330383 0.33445197343826294 0.47698310017585754
v 0.6348046064376831 0.33443740010261536 0.47691458463668823
v 0.6347195506095886 0.33443737030029297 0.47691458463668823
v 0.6348034739494324 0.34280553460121155 0.464998722076416
v 0.634803831577301 0.34155404567718506 0.4625445306301117
v 0.6363077163696289 0.34155434370040894 0.46254462003707886
v 0.6363073587417603 0.3428058326244354 0.4649988114833832
v 0.6347184181213379 0.34280550479888916 0.464998722076416
v 0.6347187757492065 0.34155401587486267 0.4625445306301117
v 0.634803831577301 0.34155404567718506 0.4625445306301117
v 0.6348044276237488 0.33924201130867004 0.46104368567466736
v 0.6363083124160767 0.3392423093318939 0.4610437750816345
v 0.6363077163696289 0.34155434370040894 0.46254462003707886
v 0.6347187757492065 0.34155401587486267 0.4625445306301117
v 0.6347193717956543 0.33924198150634766 0.46104368567466736
v 0.6348049640655518 0.3364892899990082 0.46089985966682434
v 0.6363088488578796 0.33648958802223206 0.4608999490737915
v 0.6347199082374573 0.3364892601966858 0.46089985966682434
v 0.63480544090271 0.3340334892272949 0.46215173602104187
v 0.6363093256950378 0.3340337872505188 0.46215182542800903
v 0.6347203850746155 0.33403345942497253 0.46215173602104187
v 0.63480544090271 0.3340334892272949 0.46215173602104187
v 0.6348056197166443 0.3325326144695282 0.4644637107849121
v 0.6363095045089722 0.3325329124927521 0.4644638001918793
v 0.6363093256950378 0.3340337872505188 0.46215182542800903
v 0.6347203850746155 0.33403345942497253 0.46215173602104187
v 0.6347205638885498 0.3325325846672058 0.4644637107849121
v 0.6348055601119995 0.3323884606361389 0.46721479296684265
v 0.6363094449043274 0.3323887586593628 0.4672148823738098
v 0.634720504283905 0.33238843083381653 0.46721479296684265
v 0.634803295135498 0.3431110382080078 0.4664348363876343
v 0.6363071799278259 0.3431113362312317 0.46643492579460144
v 0.6347182393074036 0.3431110084056854 0.4664348363876343
v 0.6363068222999573 0.3439215421676636 0.4703012704849243
v 0.6348029375076294 0.3439212441444397 0.47030118107795715
v 0.636391818523407 0.34392157196998596 0.4703012704849243
v 0.6363921761512756 0.3431113660335541 0.46643492579460144
v 0.6363089084625244 0.33350232243537903 0.47251781821250916
v 0.6363092660903931 0.33269426226615906 0.4686509966850281
v 0.6348053812980652 0.3326939642429352 0.4686509072780609
v 0.6348050236701965 0.33350202441215515 0.472517728805542
v 0.6363939046859741 0.3335023522377014 0.47251781821250916
v 0.6363942623138428 0.33269429206848145 0.4686509966850281
v 0.6347203254699707 0.3326939344406128 0.4686509072780609
v 0.6363071203231812 0.3406946063041687 0.4773666262626648
v 0.6348032355308533 0.3406943082809448 0.47736653685569763
v 0.6348024010658264 0.3447938561439514 0.4764944314956665
v 0.6363062858581543 0.3447941541671753 0.47649452090263367
v 0.6363921165466309 0.3406946361064911 0.4773666262626648
v 0.636391282081604 0.3447941839694977 0.47649452090263367
v 0.634719967842102 0.33350199460983276 0.472517728805542
v 0.6348023414611816 0.3452194929122925 0.4764038622379303
v 0.6363062262535095 0.34521979093551636 0.47640395164489746
v 0.6363912224769592 0.34521982073783875 0.47640395164489746
v 0.6363072991371155 0.3398480713367462 0.47754672169685364
v 0.6348034143447876 0.33984777331352234 0.4775466322898865
v 0.6363922953605652 0.3398481011390686 0.47754672169685364
v 0.6347178816795349 0.3439212143421173 0.47030118107795715
v 0.6363081932067871 0.3351416289806366 0.47854793071746826
v 0.6348043084144592 0.3351413309574127 0.4785478413105011
v 0.6363931894302368 0.335141658782959 0.47854793071746826
v 0.6363084316253662 0.3344687521457672 0.4770607054233551
v 0.6348045468330383 0.33446845412254333 0.47706061601638794
v 0.6363934278488159 0.3344687819480896 0.4770607054233551
v 0.6363063454627991 0.34488797187805176 0.47484415769577026
v 0.6348024606704712 0.3448876738548279 0.4748440682888031
v 0.6363913416862488 0.34488800168037415 0.47484415769577026
v 0.6363083124160767 0.3348005712032318 0.4786204993724823
v 0.6348044276237488 0.33480027318000793 0.47862040996551514
v 0.6363933086395264 0.3348006010055542 0.4786204993724823
v 0.6365269422531128 0.34097185730934143 0.48575836420059204
v 0.6365270018577576 0.3407853841781616 0.48569685220718384
v 0.6379302740097046 0.3407856822013855 0.485696941614151
v 0.6379302144050598 0.3409721553325653 0.4857584536075592
v 0.6363915801048279 0.34097182750701904 0.48575836420059204
v 0.6363916397094727 0.34078535437583923 0.48569685220718384
v 0.6365272998809814 0.3401685655117035 0.48305660486221313
v 0.6365272402763367 0.340279757976532 0.4829578995704651
v 0.6379305124282837 0.34028005599975586 0.48295798897743225
v 0.6379305720329285 0.34016886353492737 0.4830566942691803
v 0.6363919377326965 0.3401685357093811 0.48305660486221313
v 0.6363918781280518 0.3402797281742096 0.4829578995704651
v 0.6365270018577576 0.34067219495773315 0.4858391284942627
v 0.6365272998809814 0.3387238085269928 0.4882884621620178
v 0.6379305720329285 0.3387241065502167 0.488288551568985
v 0.6379302740097046 0.34067249298095703 0.48583921790122986
v 0.6363916397094727 0.34067216515541077 0.4858391284942627
v 0.6363919377326965 0.3387237787246704 0.4882884621620178
v 0.6365275979042053 0.3403463661670685 0.4757293164730072
v 0.6379308700561523 0.34034666419029236 0.47572940587997437
v 0.6379300355911255 0.34444621205329895 0.47485730051994324
v 0.6365267634391785 0.3444459140300751 0.4748572111129761
v 0.6363922357559204 0.3403463363647461 0.4757293164730072
v 0.6363914012908936 0.3444458842277527 0.4748572111129761
v 0.6365272998809814 0.3385215103626251 0.48854273557662964
v 0.6365272402763367 0.3386944532394409 0.4886806309223175
v 0.6379305124282837 0.3386947512626648 0.48868072032928467
v 0.6379305720329285 0.338521808385849 0.4885428249835968
v 0.6363919377326965 0.33852148056030273 0.48854273557662964
v 0.6363918781280518 0.33869442343711853 0.4886806309223175
v 0.6365265846252441 0.3452033996582031 0.47632652521133423
v 0.6379298567771912 0.345203697681427 0.4763266146183014
v 0.6363912224769592 0.34520336985588074 0.4763265550136566
v 0.6365264654159546 0.34240785241127014 0.4895299971103668
v 0.6365259885787964 0.34493589401245117 0.48824137449264526
v 0.6379292607307434 0.34493619203567505 0.4882414638996124
v 0.6379297375679016 0.342408150434494 0.489530086517334
v 0.6363911032676697 0.34240782260894775 0.4895299971103668
v 0.6363906264305115 0.3449358642101288 0.48824137449264526
v 0.6365264058113098 0.3455966114997864 0.47817498445510864
v 0.6379296779632568 0.34559690952301025 0.4781750738620758
v 0.6379296779632568 0.34562981128692627 0.47832968831062317
v 0.6365264058113098 0.3456295132637024 0.478329598903656
v 0.6363910436630249 0.345596581697464 0.47817498445510864
v 0.6363910436630249 0.34562948346138 0.478329598903656
v 0.6365265846252441 0.34277454018592834 0.4846828579902649
v 0.6365267038345337 0.34232956171035767 0.4853683412075043
v 0.6379299759864807 0.34232985973358154 0.48536843061447144
v 0.6379298567771912 0.3427748382091522 0.48468294739723206
v 0.6363912224769592 0.34277451038360596 0.4846828579902649
v 0.6363913416862488 0.3423295319080353 0.4853683412075043
v 0.636528491973877 0.33513298630714417 0.4801827371120453
v 0.636528491973877 0.33517739176750183 0.4803915321826935
v 0.637931764125824 0.3351776897907257 0.48039162158966064
v 0.637931764125824 0.33513328433036804 0.48018282651901245
v 0.636393129825592 0.3351329565048218 0.4801827371120453
v 0.636393129825592 0.33517736196517944 0.4803915321826935
v 0.6365272998809814 0.340056836605072 0.4829973578453064
v 0.6379305720329285 0.3400571346282959 0.48299744725227356
v 0.6363919377326965 0.34005680680274963 0.4829973578453064
v 0.6365286707878113 0.3347933888435364 0.47691062092781067
v 0.6379319429397583 0.33479368686676025 0.47691071033477783
v 0.6379310488700867 0.3395001292228699 0.4759095013141632
v 0.6365277767181396 0.339499831199646 0.47590941190719604
v 0.6363933086395264 0.334793359041214 0.47691062092781067
v 0.6363924145698547 0.3394998013973236 0.47590941190719604
v 0.6365269422531128 0.3417605757713318 0.48269376158714294
v 0.6379302144050598 0.34176087379455566 0.4826938509941101
v 0.6379303932189941 0.3409447968006134 0.4826512038707733
v 0.6365271210670471 0.3409444987773895 0.48265111446380615
v 0.6363915801048279 0.3417605459690094 0.48269376158714294
v 0.6363917589187622 0.34094446897506714 0.48265111446380615
v 0.6365270614624023 0.3395742177963257 0.4893819987773895
v 0.6379303336143494 0.33957451581954956 0.4893820881843567
v 0.6363916993141174 0.3395741879940033 0.4893819987773895
v 0.6365264058113098 0.3455522060394287 0.47796618938446045
v 0.6379296779632568 0.3455525040626526 0.4779662787914276
v 0.6363910436630249 0.3455521762371063 0.47796618938446045
v 0.6379293203353882 0.3463137149810791 0.48154449462890625
v 0.6365260481834412 0.3463134169578552 0.4815444052219391
v 0.6363906860351562 0.34631338715553284 0.4815444052219391
v 0.6365267038345337 0.34232956171035767 0.4853683412075043
v 0.6365268230438232 0.34160149097442627 0.48573943972587585
v 0.6379300951957703 0.34160178899765015 0.485739529132843
v 0.6379299759864807 0.34232985973358154 0.48536843061447144
v 0.6363913416862488 0.3423295319080353 0.4853683412075043
v 0.6363914608955383 0.3416014611721039 0.48573943972587585
v 0.636528491973877 0.33517739176750183 0.4803915321826935
v 0.6365284323692322 0.3353707790374756 0.48051199316978455
v 0.6379317045211792 0.33537107706069946 0.4805120825767517
v 0.637931764125824 0.3351776897907257 0.48039162158966064
v 0.636393129825592 0.33517736196517944 0.4803915321826935
v 0.6363930702209473 0.3353707492351532 0.48051199316978455
v 0.6365272998809814 0.3385215103626251 0.48854273557662964
v 0.6379305720329285 0.338521808385849 0.4885428249835968
v 0.6363919377326965 0.33852148056030273 0.48854273557662964
v 0.6365257501602173 0.3464809060096741 0.4858613610267639
v 0.6365259289741516 0.34663230180740356 0.4830434322357178
v 0.6379292011260986 0.34663259983062744 0.48304352164268494
v 0.6379290223121643 0.34648120403289795 0.4858614504337311
v 0.6363903880119324 0.3464808762073517 0.4858613610267639
v 0.6363905668258667 0.3466322720050812 0.4830434322357178
v 0.6365259885787964 0.34644371271133423 0.4821569323539734
v 0.6379292607307434 0.3464440107345581 0.48215702176094055
v 0.6363906264305115 0.34644368290901184 0.4821569323539734
v 0.6365267634391785 0.3424460291862488 0.48313871026039124
v 0.6379300355911255 0.34244632720947266 0.4831387996673584
v 0.6363914012908936 0.3424459993839264 0.48313871026039124
v 0.6365286707878113 0.3347841799259186 0.47854307293891907
v 0.6379319429397583 0.33478447794914246 0.47854316234588623
v 0.6363933086395264 0.3347841501235962 0.47854307293891907
v 0.6365270614624023 0.3395742177963257 0.4893819987773895
v 0.6379303336143494 0.33957451581954956 0.4893820881843567
v 0.6363916993141174 0.3395741879940033 0.4893819987773895
v 0.6379299759864807 0.34487184882164 0.47476673126220703
v 0.6365267038345337 0.34487155079841614 0.47476664185523987
v 0.6363913416862488 0.34487152099609375 0.47476664185523987
v 0.6365259885787964 0.34493589401245117 0.48824137449264526
v 0.6379292607307434 0.34493619203567505 0.4882414638996124
v 0.6363906264305115 0.3449358642101288 0.48824137449264526
v 0.6365267038345337 0.34281477332115173 0.48385557532310486
v 0.6379299759864807 0.3428150713443756 0.483855664730072
v 0.6363913416862488 0.34281474351882935 0.48385557532310486
v 0.6365267634391785 0.3424460291862488 0.48313871026039124
v 0.6379300355911255 0.34244632720947266 0.4831387996673584
v 0.6363914012908936 0.3424459993839264 0.48313871026039124
v 0.6365287899971008 0.3344523310661316 0.4769831895828247
v 0.6379320621490479 0.33445262908935547 0.47698327898979187
v 0.6363934278488159 0.3344523012638092 0.4769831895828247
v 0.6216040253639221 0.341507226228714 0.4747726321220398
v 0.6216041445732117 0.3409917950630188 0.4737614393234253
v 0.6216041445732117 0.3409917950630188 0.4737614393234253
v 0.6216043829917908 0.34003978967666626 0.47314342856407166
v 0.6216046214103699 0.33890631794929504 0.4730842113494873
v 0.6216048002243042 0.33789509534835815 0.4735996723175049
v 0.6216048002243042 0.33789509534835815 0.4735996723175049
v 0.621604859828949 0.3372771143913269 0.4745516777038574
v 0.621604859828949 0.33721786737442017 0.47568511962890625
v 0.6216046810150146 0.33773335814476013 0.47669634222984314
v 0.6216046810150146 0.33773335814476013 0.47669634222984314
v 0.6216044425964355 0.3386853337287903 0.47731438279151917
v 0.6216042041778564 0.3398188054561615 0.47737357020378113
v 0.6216040253639221 0.3408300280570984 0.47685813903808594
v 0.6216040253639221 0.3408300280570984 0.47685813903808594
v 0.6216039657592773 0.341448038816452 0.475906103849411
v 0.6347191333770752 0.3394021987915039 0.4644518792629242
v 0.6347189545631409 0.3400207459926605 0.4656653106212616
v 0.6216048002243042 0.34001800417900085 0.4656645953655243
v 0.6216049790382385 0.33939945697784424 0.4644511640071869
v 0.6347194314002991 0.3382597863674164 0.4637102484703064
v 0.6347191333770752 0.3394021987915039 0.4644518792629242
v 0.6216049790382385 0.33939945697784424 0.4644511640071869
v 0.6216052770614624 0.3382570445537567 0.4637095332145691
v 0.634719729423523 0.33689963817596436 0.46363916993141174
v 0.6216055750846863 0.3368968963623047 0.4636384844779968
v 0.6347199082374573 0.33568617701530457 0.46425774693489075
v 0.6216057538986206 0.3356834352016449 0.46425703167915344
v 0.6347200274467468 0.33494454622268677 0.46540015935897827
v 0.6347199082374573 0.33568617701530457 0.46425774693489075
v 0.6216057538986206 0.3356834352016449 0.46425703167915344
v 0.6216058731079102 0.3349418044090271 0.46539944410324097
v 0.634719967842102 0.3348735272884369 0.4667603075504303
v 0.6216058135032654 0.3348707854747772 0.466759592294693
v 0.634719729423523 0.3354920446872711 0.4679737687110901
v 0.6216055750846863 0.33548930287361145 0.4679730534553528
v 0.6347194910049438 0.33663445711135864 0.4687153995037079
v 0.634719729423523 0.3354920446872711 0.4679737687110901
v 0.6216055750846863 0.33548930287361145 0.4679730534553528
v 0.6216053366661072 0.336631715297699 0.4687146842479706
v 0.63471919298172 0.33799460530281067 0.46878641843795776
v 0.6216050386428833 0.337991863489151 0.46878570318222046
v 0.6347190141677856 0.33920806646347046 0.46816790103912354
v 0.621604859828949 0.3392053246498108 0.46816718578338623
v 0.6347188353538513 0.33994969725608826 0.467025488615036
v 0.6347190141677856 0.33920806646347046 0.46816790103912354
v 0.621604859828949 0.3392053246498108 0.46816718578338623
v 0.6216046810150146 0.3399469554424286 0.4670247733592987
v 0.6177768111228943 0.3389877378940582 0.46588340401649475
v 0.6177768707275391 0.33861660957336426 0.46515530347824097
v 0.6180188655853271 0.33861663937568665 0.46515530347824097
v 0.6180188059806824 0.3389877676963806 0.46588340401649475
v 0.6177768707275391 0.33861660957336426 0.46515530347824097
v 0.6177770495414734 0.33793118596076965 0.4647103548049927
v 0.6180190443992615 0.33793121576309204 0.4647103548049927
v 0.6180188655853271 0.33861663937568665 0.46515530347824097
v 0.6177772283554077 0.337115079164505 0.4646677076816559
v 0.6180192232131958 0.3371151089668274 0.4646677076816559
v 0.6177773475646973 0.3363870084285736 0.46503886580467224
v 0.6180193424224854 0.336387038230896 0.46503886580467224
v 0.6177773475646973 0.3363870084285736 0.46503886580467224
v 0.617777407169342 0.33594202995300293 0.46572428941726685
v 0.6180194020271301 0.3359420597553253 0.46572428941726685
v 0.6180193424224854 0.336387038230896 0.46503886580467224
v 0.617777407169342 0.33589938282966614 0.4665403962135315
v 0.6180194020271301 0.3358994126319885 0.4665403962135315
v 0.6177772283554077 0.3362705409526825 0.4672684669494629
v 0.6180192232131958 0.3362705707550049 0.4672684669494629
v 0.6177772283554077 0.3362705409526825 0.4672684669494629
v 0.6177770495414734 0.3369559645652771 0.46771344542503357
v 0.6180190443992615 0.3369559943675995 0.46771344542503357
v 0.6180192232131958 0.3362705707550049 0.4672684669494629
v 0.6177769303321838 0.33777207136154175 0.4677560329437256
v 0.6180189251899719 0.33777210116386414 0.4677560329437256
v 0.6177767515182495 0.33850014209747314 0.467384934425354
v 0.6180187463760376 0.33850017189979553 0.467384934425354
v 0.6177767515182495 0.33850014209747314 0.467384934425354
v 0.6177766919136047 0.3389451205730438 0.466699481010437
v 0.6180186867713928 0.3389451503753662 0.466699481010437
v 0.6180187463760376 0.33850017189979553 0.467384934425354
v 0.6363914608955383 0.34164178371429443 0.4859289526939392
v 0.6363915801048279 0.3409019410610199 0.48593953251838684
v 0.6363915801048279 0.34097182750701904 0.48575836420059204
v 0.6363914608955383 0.3416014611721039 0.48573943972587585
v 0.636391282081604 0.3424598276615143 0.48551198840141296
v 0.6363913416862488 0.3423295319080353 0.4853683412075043
v 0.6363912224769592 0.34295982122421265 0.48474177718162537
v 0.6363912224769592 0.34277451038360596 0.4846828579902649
v 0.636391282081604 0.34300559759140015 0.48381495475769043
v 0.6363913416862488 0.34281474351882935 0.48385557532310486
v 0.6363911032676697 0.3423357903957367 0.48919129371643066
v 0.6363916993141174 0.33969905972480774 0.4890581965446472
v 0.6363906860351562 0.34470295906066895 0.48798462748527527
v 0.6363905072212219 0.3461497128009796 0.4857560396194458
v 0.6363906264305115 0.34629112482070923 0.4831160008907318
v 0.6363914012908936 0.3424459993839264 0.48313871026039124
v 0.6363915801048279 0.3417605459690094 0.48269376158714294
v 0.6363915801048279 0.34180063009262085 0.4825313985347748
v 0.6363914012908936 0.34259697794914246 0.482975572347641
v 0.6363930106163025 0.33547401428222656 0.48011016845703125
v 0.6363921165466309 0.34022486209869385 0.4793177545070648
v 0.6363930106163025 0.33551841974258423 0.48031896352767944
v 0.6363921165466309 0.34025776386260986 0.4794723689556122
v 0.6363930106163025 0.33570095896720886 0.48044174909591675
v 0.6363906860351562 0.34608185291290283 0.4822339415550232
v 0.636390745639801 0.3458889126777649 0.48163723945617676
v 0.6363906860351562 0.34631338715553284 0.4815444052219391
v 0.6363906264305115 0.34644368290901184 0.4821569323539734
v 0.6363911032676697 0.34520450234413147 0.4784200191497803
v 0.6363919377326965 0.3411112427711487 0.47929078340530396
v 0.6363919377326965 0.34107834100723267 0.4791361689567566
v 0.6363911032676697 0.34517160058021545 0.4782654047012329
v 0.6363928914070129 0.3385498523712158 0.4714440405368805
v 0.6363937854766846 0.3338434100151062 0.4724452495574951
v 0.6363921165466309 0.3406946361064911 0.4773666262626648
v 0.636391282081604 0.3447941839694977 0.47649452090263367
v 0.634719967842102 0.33350199460983276 0.472517728805542
v 0.6347198486328125 0.33384305238723755 0.47244516015052795
v 0.6347193717956543 0.33480024337768555 0.47862040996551514
v 0.6347192525863647 0.33514130115509033 0.4785478413105011
v 0.6347179412841797 0.34349557757377625 0.47039175033569336
v 0.6347178816795349 0.3439212143421173 0.47030118107795715
v 0.6347189545631409 0.33854949474334717 0.47144395112991333
v 0.6347187757492065 0.33939602971076965 0.4712638556957245
v 0.6347174048423767 0.3448876440525055 0.4748440682888031
v 0.6347194910049438 0.33446842432022095 0.47706061601638794
v 0.6380653977394104 0.3416421413421631 0.48592904210090637
v 0.6380653977394104 0.34160181879997253 0.485739529132843
v 0.6380655169487 0.3409721851348877 0.4857584536075592
v 0.6380655169487 0.34090229868888855 0.485939621925354
v 0.6380652189254761 0.34246018528938293 0.4855120778083801
v 0.6380652785301208 0.34232988953590393 0.48536843061447144
v 0.6380651593208313 0.3429601788520813 0.48474186658859253
v 0.6380651593208313 0.3427748680114746 0.48468294739723206
v 0.6380652189254761 0.3430059552192688 0.4838150441646576
v 0.6380652785301208 0.342815101146698 0.483855664730072
v 0.6380650401115417 0.34233614802360535 0.48919135332107544
v 0.6380656361579895 0.3396994173526764 0.489058256149292
v 0.6380646228790283 0.3447033166885376 0.48798471689224243
v 0.638064444065094 0.34615007042884827 0.48575612902641296
v 0.6380645632743835 0.3462914824485779 0.483116090297699
v 0.6380653381347656 0.34244635701179504 0.4831387996673584
v 0.6380653381347656 0.3425973355770111 0.48297566175460815
v 0.6380655169487 0.3418009877204895 0.48253148794174194
v 0.6380655169487 0.34176090359687805 0.4826938509941101
v 0.6380669474601746 0.3355187773704529 0.4803190529346466
v 0.6380660533905029 0.3402252197265625 0.479317843914032
v 0.6380669474601746 0.3354743719100952 0.4801102578639984
v 0.6380669474601746 0.3357013165950775 0.4804418385028839
v 0.6380660533905029 0.3402581214904785 0.47947245836257935
v 0.6347194910049438 0.33446842432022095 0.47706061601638794
v 0.6347193717956543 0.33480948209762573 0.4769880473613739
v 0.6380646228790283 0.3460822105407715 0.48223403096199036
v 0.6380645632743835 0.3464440405368805 0.48215702176094055
v 0.6380646228790283 0.3463137447834015 0.48154449462890625
v 0.6380646824836731 0.34588927030563354 0.4816373288631439
v 0.6380650401115417 0.3452048599720001 0.47842010855674744
v 0.6380658745765686 0.34111160039901733 0.4792908728122711
v 0.6380658745765686 0.3410786986351013 0.47913625836372375
v 0.6380650401115417 0.3451719582080841 0.4782654941082001
v 0.638067364692688 0.33445265889167786 0.47698327898979187
v 0.6380672454833984 0.33479371666908264 0.47691071033477783
v 0.638067364692688 0.33446913957595825 0.47706079483032227
v 0.6380672454833984 0.33481019735336304 0.4769882261753082
v 0.6380672454833984 0.33479371666908264 0.47691071033477783
v 0.638067364692688 0.33445265889167786 0.47698327898979187
v 0.6380660533905029 0.34069499373435974 0.47736671566963196
v 0.6380652189254761 0.34479454159736633 0.47649461030960083
v 0.6380663514137268 0.33951663970947266 0.4759870171546936
v 0.6380663514137268 0.33950015902519226 0.4759095013141632
v 0.6380670666694641 0.33513331413269043 0.48018282651901245
v 0.6380656957626343 0.3409448266029358 0.4826512038707733
v 0.6380658149719238 0.34028008580207825 0.48295798897743225
v 0.6380661725997925 0.34036317467689514 0.47580692172050476
v 0.6380661725997925 0.34034669399261475 0.47572940587997437
v 0.6380653381347656 0.34446272253990173 0.47493481636047363
v 0.6380653381347656 0.34444624185562134 0.47485730051994324
v 0.6380670070648193 0.33537110686302185 0.4805120825767517
v 0.6380670666694641 0.3351777195930481 0.48039162158966064
v 0.6380652785301208 0.342815101146698 0.483855664730072
v 0.6380653381347656 0.34244635701179504 0.4831387996673584
v 0.6380670666694641 0.33513331413269043 0.48018282651901245
v 0.6380651593208313 0.3427748680114746 0.48468294739723206
v 0.638064980506897 0.345552533864975 0.4779662787914276
v 0.6380643248558044 0.34648123383522034 0.4858614504337311
v 0.6380645632743835 0.34493622183799744 0.4882414638996124
v 0.6380655169487 0.3409721851348877 0.4857584536075592
v 0.6380653977394104 0.34160181879997253 0.485739529132843
v 0.6380653381347656 0.34444624185562134 0.47485730051994324
v 0.6380652785301208 0.3448718786239624 0.47476673126220703
v 0.6380656361579895 0.33957454562187195 0.4893820881843567
v 0.6380658149719238 0.3386947810649872 0.48868072032928467
v 0.6380672454833984 0.33478450775146484 0.47854316234588623
v 0.6380646228790283 0.3463137447834015 0.48154449462890625
v 0.6380645632743835 0.3464440405368805 0.48215702176094055
v 0.6380653381347656 0.34244635701179504 0.4831387996673584
v 0.6380655169487 0.34176090359687805 0.4826938509941101
v 0.6380645036697388 0.34663262963294983 0.48304352164268494
v 0.6380658745765686 0.3385218381881714 0.4885428249835968
v 0.6380658745765686 0.33872413635253906 0.488288551568985
v 0.6380670070648193 0.33537110686302185 0.4805120825767517
v 0.6380670666694641 0.3351777195930481 0.48039162158966064
v 0.6380652785301208 0.34232988953590393 0.48536843061447144
v 0.6380663514137268 0.33950015902519226 0.4759095013141632
v 0.6380661725997925 0.34034669399261475 0.47572940587997437
v 0.638064980506897 0.34562984108924866 0.47832968831062317
v 0.638064980506897 0.34559693932533264 0.4781750738620758
v 0.6380650401115417 0.3424081802368164 0.489530086517334
v 0.6380656361579895 0.33957454562187195 0.4893820881843567
v 0.6380658745765686 0.34016889333724976 0.4830566942691803
v 0.6380658745765686 0.3400571644306183 0.48299744725227356
v 0.6380670666694641 0.3351777195930481 0.48039162158966064
v 0.6380652785301208 0.34232988953590393 0.48536843061447144
v 0.6347184777259827 0.33951592445373535 0.4759868383407593
v 0.6380645632743835 0.34493622183799744 0.4882414638996124
v 0.6380655765533447 0.3406725227832794 0.48583921790122986
v 0.6380655765533447 0.3407857120037079 0.485696941614151
v 0.6380651593208313 0.3452037274837494 0.4763266146183014
v 0.6380658745765686 0.3385218381881714 0.4885428249835968
v 0.6347183585166931 0.33984774351119995 0.4775466322898865
v 0.6347182989120483 0.34036245942115784 0.47580674290657043
v 0.6347174644470215 0.34446200728416443 0.4749346375465393
v 0.6347181797027588 0.34069427847862244 0.47736653685569763
v 0.6347173452377319 0.34479382634162903 0.4764944314956665
v 0.6347172856330872 0.3452194631099701 0.4764038622379303
v 0.636393129825592 0.3351329565048218 0.4801827371120453
v 0.6347193121910095 0.33772897720336914 0.467586874961853
v 0.6347191333770752 0.3385755121707916 0.4674067795276642
v 0.6363927125930786 0.3393963873386383 0.47126394510269165
v 0.6363918781280518 0.3434959352016449 0.4703918397426605
v 0.636393129825592 0.33517736196517944 0.4803915321826935
v 0.6363930702209473 0.3353707492351532 0.48051199316978455
v 0.6363939046859741 0.3335023522377014 0.47251781821250916
v 0.6363918781280518 0.33869442343711853 0.4886806309223175
v 0.6363918781280518 0.33889034390449524 0.48841771483421326
v 0.6363916993141174 0.3395741879940033 0.4893819987773895
v 0.6363911032676697 0.34240782260894775 0.4895299971103668
v 0.6363906264305115 0.3449358642101288 0.48824137449264526
v 0.6363903880119324 0.3464808762073517 0.4858613610267639
v 0.6363905668258667 0.3466322720050812 0.4830434322357178
v 0.6363910436630249 0.34562948346138 0.478329598903656
v 0.6363910436630249 0.345596581697464 0.47817498445510864
v 0.6363912224769592 0.34521982073783875 0.47640395164489746
v 0.6380658149719238 0.3386947810649872 0.48868072032928467
v 0.6380656361579895 0.33957454562187195 0.4893820881843567
v 0.6380658149719238 0.33889079093933105 0.4884178042411804
v 0.6380650401115417 0.3424081802368164 0.489530086517334
v 0.6380645632743835 0.34493622183799744 0.4882414638996124
v 0.6380643248558044 0.34648123383522034 0.4858614504337311
v 0.6380645036697388 0.34663262963294983 0.48304352164268494
v 0.638064980506897 0.34562984108924866 0.47832968831062317
v 0.638064980506897 0.34559693932533264 0.4781750738620758
v 0.6380651593208313 0.3452201783657074 0.4764040410518646
v 0.6380652785301208 0.3448883593082428 0.4748442471027374
v 0.6380652785301208 0.3448718786239624 0.47476673126220703
v 0.6363919377326965 0.33852148056030273 0.48854273557662964
v 0.6363919377326965 0.3387237787246704 0.4882884621620178
v 0.6380658745765686 0.3385218381881714 0.4885428249835968
v 0.6380658745765686 0.33872413635253906 0.488288551568985
v 0.6347174048423767 0.3448876440525055 0.4748440682888031
v 0.636391818523407 0.34392157196998596 0.4703012704849243
v 0.6347193717956543 0.33924198150634766 0.46104368567466736
v 0.6347193717956543 0.3391113579273224 0.4613235592842102
v 0.6347199082374573 0.3365709185600281 0.4612836539745331
v 0.6347199082374573 0.3364892601966858 0.46089985966682434
v 0.6363944411277771 0.3323887884616852 0.4672148823738098
v 0.6363941431045532 0.3330345153808594 0.46857911348342896
v 0.6363942623138428 0.33269429206848145 0.4686509966850281
v 0.6347187757492065 0.34155401587486267 0.4625445306301117
v 0.6347188353538513 0.34127357602119446 0.46279266476631165
v 0.6363933086395264 0.33911171555519104 0.46132364869117737
v 0.6363927721977234 0.3412739336490631 0.4627927541732788
v 0.6363927125930786 0.3415543735027313 0.46254462003707886
v 0.6363933086395264 0.3392423391342163 0.4610437750816345
v 0.6363944411277771 0.33278927206993103 0.4645977318286896
v 0.6363942623138428 0.334256649017334 0.46235647797584534
v 0.6363943219184875 0.3340338170528412 0.46215182542800903
v 0.6363945007324219 0.33253294229507446 0.4644638001918793
v 0.6363938450813293 0.33648961782455444 0.4608999490737915
v 0.6363938450813293 0.33657127618789673 0.46128374338150024
v 0.6363944411277771 0.3323887884616852 0.4672148823738098
v 0.6363943219184875 0.33271491527557373 0.46714553236961365
v 0.63639235496521 0.3428058624267578 0.4649988114833832
v 0.6363924145698547 0.34236815571784973 0.4650919437408447
v 0.6363921761512756 0.3431113660335541 0.46643492579460144
v 0.6363922357559204 0.3426847755908966 0.4665263295173645
v 0.6363932490348816 0.3377293348312378 0.4675869643688202
v 0.6363930702209473 0.3385758697986603 0.46740686893463135
v 0.6363932490348816 0.338268905878067 0.4659639894962311
v 0.6363934278488159 0.33742237091064453 0.4661440849304199
v 0.6347184181213379 0.34280550479888916 0.464998722076416
v 0.6347184777259827 0.3423677980899811 0.46509185433387756
v 0.6347193121910095 0.33826854825019836 0.4659639000892639
v 0.6347203850746155 0.3327145576477051 0.4671454429626465
v 0.634720504283905 0.3327889144420624 0.4645976424217224
v 0.6347194910049438 0.3374220132827759 0.46614399552345276
v 0.6347203254699707 0.33425629138946533 0.4623563885688782
v 0.6363916397094727 0.34067216515541077 0.4858391284942627
v 0.6363916397094727 0.34078535437583923 0.48569685220718384
v 0.6363917589187622 0.3408571183681488 0.48254162073135376
v 0.6363917589187622 0.34094446897506714 0.48265111446380615
v 0.6380656957626343 0.3409448266029358 0.4826512038707733
v 0.6380656957626343 0.34085747599601746 0.4825417101383209
v 0.6347203254699707 0.3326939344406128 0.4686509072780609
v 0.6347202062606812 0.3330341577529907 0.4685790240764618
v 0.6380658745765686 0.3400571644306183 0.48299744725227356
v 0.6380658745765686 0.34016889333724976 0.4830566942691803
v 0.6380658149719238 0.34028008580207825 0.48295798897743225
v 0.6380658149719238 0.3401927351951599 0.48284849524497986
v 0.6380655765533447 0.3406725227832794 0.48583921790122986
v 0.6380655765533447 0.3407857120037079 0.485696941614151
v 0.6363919377326965 0.3401685357093811 0.48305660486221313
v 0.6363919377326965 0.34005680680274963 0.4829973578453064
v 0.6363918781280518 0.34019237756729126 0.4828484058380127
v 0.6363918781280518 0.3402797281742096 0.4829578995704651
v 0.6347205638885498 0.3325325846672058 0.4644637107849121
v 0.634720504283905 0.33238843083381653 0.46721479296684265
v 0.6347182989120483 0.34268441796302795 0.46652624011039734
v 0.6347182393074036 0.3431110084056854 0.4664348363876343
v 0.6347203850746155 0.33403345942497253 0.46215173602104187
v 0.63639235496521 0.3428058624267578 0.4649988114833832
v 0.6363945007324219 0.33253294229507446 0.4644638001918793
v 0.6363943219184875 0.3340338170528412 0.46215182542800903
v 0.6363943219184875 0.3340338170528412 0.46215182542800903
v 0.6363938450813293 0.33648961782455444 0.4608999490737915
v 0.6363933086395264 0.3392423391342163 0.4610437750816345
v 0.6363927125930786 0.3415543735027313 0.46254462003707886
v 0.6363927125930786 0.3415543735027313 0.46254462003707886
v 0.6363083124160767 0.3348005712032318 0.4786204993724823
v 0.6363083124160767 0.3347841203212738 0.47854307293891907
v 0.6348044276237488 0.3347838222980499 0.4785429835319519
v 0.6348044276237488 0.33480027318000793 0.47862040996551514
v 0.6363062262535095 0.34521979093551636 0.47640395164489746
v 0.6348023414611816 0.3452194929122925 0.4764038622379303
v 0.6348023414611816 0.3452030420303345 0.47632646560668945
v 0.6363062262535095 0.34520334005355835 0.4763265550136566
v 0.6365267038345337 0.34487155079841614 0.47476664185523987
v 0.6379299759864807 0.34487184882164 0.47476673126220703
v 0.6379299759864807 0.3448883295059204 0.4748442471027374
v 0.6365267038345337 0.34488803148269653 0.47484415769577026
v 0.6365287899971008 0.3344523310661316 0.4769831895828247
v 0.6365287899971008 0.334468811750412 0.4770607054233551
v 0.6379320621490479 0.33446910977363586 0.47706079483032227
v 0.6379320621490479 0.33445262908935547 0.47698327898979187
v 0.6347172856330872 0.3452194631099701 0.4764038622379303
v 0.6347172856330872 0.3452030122280121 0.47632646560668945
v 0.6347193717956543 0.33478379249572754 0.4785430133342743
v 0.6347193717956543 0.33480024337768555 0.47862040996551514
v 0.6347193717956543 0.33480024337768555 0.47862040996551514
v 0.6347193717956543 0.33478379249572754 0.4785430133342743
v 0.6347192525863647 0.3351248502731323 0.47847044467926025
v 0.6347192525863647 0.33514130115509033 0.4785478413105011
v 0.6380671262741089 0.33512556552886963 0.4784705936908722
v 0.6380672454833984 0.33478450775146484 0.47854316234588623
v 0.6380662322044373 0.33983200788497925 0.47746938467025757
v 0.6380660533905029 0.34067854285240173 0.4772892892360687
v 0.6380652189254761 0.3447780907154083 0.4764171838760376
v 0.638067364692688 0.33446913957595825 0.47706079483032227
v 0.638067364692688 0.33445265889167786 0.47698327898979187
v 0.6347183585166931 0.33983129262924194 0.47746920585632324
v 0.6347183585166931 0.33984774351119995 0.4775466322898865
v 0.6380652785301208 0.3448718786239624 0.47476673126220703
v 0.6380652785301208 0.3448883593082428 0.4748442471027374
v 0.6347181797027588 0.34069427847862244 0.47736653685569763
v 0.6347181797027588 0.34067782759666443 0.4772891402244568
v 0.6347173452377319 0.34479382634162903 0.4764944314956665
v 0.6347173452377319 0.344777375459671 0.47641703486442566
v 0.6380651593208313 0.3452037274837494 0.4763266146183014
v 0.6347172856330872 0.3452194631099701 0.4764038622379303
v 0.6347172856330872 0.3452030122280121 0.47632646560668945
v 0.6385436058044434 0.3389494717121124 0.46670061349868774
v 0.6385437250137329 0.33899208903312683 0.4658845365047455
v 0.6385437846183777 0.33868324756622314 0.46595022082328796
v 0.6385437250137329 0.3386491537094116 0.4666031002998352
v 0.6385436654090881 0.33850449323654175 0.46738606691360474
v 0.6385437846183777 0.3382931649684906 0.4671514332294464
v 0.6385438442230225 0.33777642250061035 0.4677571654319763
v 0.6385439038276672 0.33771073818206787 0.467448353767395
v 0.638543963432312 0.3369603157043457 0.4677145779132843
v 0.6385440230369568 0.33705782890319824 0.4674142301082611
v 0.6385441422462463 0.3362748920917511 0.4672695994377136
v 0.6385441422462463 0.33650949597358704 0.4670582711696625
v 0.6385443210601807 0.33590373396873474 0.4665415287017822
v 0.6385442614555359 0.3362125754356384 0.46647581458091736
v 0.6385443210601807 0.33594638109207153 0.4657254219055176
v 0.6385442614555359 0.33624666929244995 0.4658229351043701
v 0.6385442614555359 0.3363913595676422 0.465039998292923
v 0.6385442018508911 0.33660265803337097 0.4652745723724365
v 0.6385441422462463 0.3371194303035736 0.4646688401699066
v 0.6385441422462463 0.3371851146221161 0.4649776816368103
v 0.638543963432312 0.33793553709983826 0.4647114872932434
v 0.638543963432312 0.33783799409866333 0.4650117754936218
v 0.6385437846183777 0.33862096071243286 0.4651564359664917
v 0.6385438442230225 0.33838632702827454 0.46536776423454285
v 0.6385437846183777 0.33862096071243286 0.4651564359664917
v 0.6385437250137329 0.33899208903312683 0.4658845365047455
v 0.6383017301559448 0.33899205923080444 0.4658845365047455
v 0.6383017897605896 0.3386209309101105 0.4651564359664917
v 0.6177768111228943 0.3389877378940582 0.46588340401649475
v 0.6177766919136047 0.3389451205730438 0.466699481010437
v 0.6177768111228943 0.3386448323726654 0.4666019678115845
v 0.6177768707275391 0.33867889642715454 0.46594908833503723
v 0.638543963432312 0.33793553709983826 0.4647114872932434
v 0.6385437846183777 0.33862096071243286 0.4651564359664917
v 0.6383017897605896 0.3386209309101105 0.4651564359664917
v 0.6383019685745239 0.33793550729751587 0.4647114872932434
v 0.6177767515182495 0.33850014209747314 0.467384934425354
v 0.6177768707275391 0.338288813829422 0.4671503007411957
v 0.6385441422462463 0.3371194303035736 0.4646688401699066
v 0.6383021473884583 0.3371194005012512 0.4646688401699066
v 0.6177769303321838 0.33777207136154175 0.4677560329437256
v 0.6177769899368286 0.33770638704299927 0.4674472212791443
v 0.6385442614555359 0.3363913595676422 0.465039998292923
v 0.6383022665977478 0.3363913297653198 0.465039998292923
v 0.6177770495414734 0.3369559645652771 0.46771344542503357
v 0.6177771091461182 0.33705347776412964 0.4674130976200104
v 0.6385443210601807 0.33594638109207153 0.4657254219055176
v 0.6385442614555359 0.3363913595676422 0.465039998292923
v 0.6383022665977478 0.3363913297653198 0.465039998292923
v 0.6383023262023926 0.33594635128974915 0.4657254219055176
v 0.6177772283554077 0.3362705409526825 0.4672684669494629
v 0.6177772283554077 0.33650514483451843 0.46705713868141174
v 0.6385443210601807 0.33590373396873474 0.4665415287017822
v 0.6383023262023926 0.33590370416641235 0.4665415287017822
v 0.617777407169342 0.33589938282966614 0.4665403962135315
v 0.6177773475646973 0.3362082242965698 0.4664746820926666
v 0.6385441422462463 0.3362748920917511 0.4672695994377136
v 0.6383021473884583 0.3362748622894287 0.4672695994377136
v 0.617777407169342 0.33594202995300293 0.46572428941726685
v 0.6177773475646973 0.33624231815338135 0.4658218026161194
v 0.638543963432312 0.3369603157043457 0.4677145779132843
v 0.6385441422462463 0.3362748920917511 0.4672695994377136
v 0.6383021473884583 0.3362748622894287 0.4672695994377136
v 0.6383019685745239 0.3369602859020233 0.4677145779132843
v 0.6177773475646973 0.3363870084285736 0.46503886580467224
v 0.6177772879600525 0.33659830689430237 0.4652734398841858
v 0.6385438442230225 0.33777642250061035 0.4677571654319763
v 0.6383018493652344 0.33777639269828796 0.4677571654319763
v 0.6177772283554077 0.337115079164505 0.4646677076816559
v 0.6177772283554077 0.3371807634830475 0.46497654914855957
v 0.6385436654090881 0.33850449323654175 0.46738606691360474
v 0.6383016705513 0.33850446343421936 0.46738606691360474
v 0.6177770495414734 0.33793118596076965 0.4647103548049927
v 0.6177770495414734 0.3378336429595947 0.4650106430053711
v 0.6385436058044434 0.3389494717121124 0.46670061349868774
v 0.6385436654090881 0.33850449323654175 0.46738606691360474
v 0.6383016705513 0.33850446343421936 0.46738606691360474
v 0.6383016109466553 0.33894944190979004 0.46670061349868774
v 0.6177768707275391 0.33861660957336426 0.46515530347824097
v 0.6177769303321838 0.3383820056915283 0.4653666317462921
v 0.6197938919067383 0.3452163338661194 0.47640305757522583
v 0.6197938919067383 0.34523719549179077 0.4765010178089142
v 0.6183906197547913 0.3452368974685669 0.476500928401947
v 0.6183906197547913 0.3452160358428955 0.47640296816825867
v 0.6199292540550232 0.3452163636684418 0.47640305757522583
v 0.6199292540550232 0.34523722529411316 0.4765010178089142
v 0.6197959780693054 0.33479711413383484 0.47861960530281067
v 0.6183927059173584 0.33479681611061096 0.4786195158958435
v 0.6183927059173584 0.33481767773628235 0.47871747612953186
v 0.6197959780693054 0.3348179757595062 0.478717565536499
v 0.6199313402175903 0.3347971439361572 0.47861960530281067
v 0.6199313402175903 0.3348180055618286 0.478717565536499
v 0.6199312210083008 0.335138201713562 0.47854703664779663
v 0.6199312210083008 0.3351590633392334 0.478644996881485
v 0.6199303269386292 0.339865505695343 0.47764378786087036
v 0.6199303269386292 0.33984464406967163 0.477545827627182
v 0.6199299693107605 0.3410308063030243 0.478926420211792
v 0.6199301481246948 0.3407124876976013 0.47746360301971436
v 0.6199301481246948 0.3401769995689392 0.479108065366745
v 0.6199291348457336 0.3451237678527832 0.4780557155609131
v 0.619929313659668 0.3448116183280945 0.476591557264328
v 0.6182572245597839 0.33513784408569336 0.47854694724082947
v 0.6182563304901123 0.339844286441803 0.47754573822021484
v 0.6182563304901123 0.33986514806747437 0.4776436984539032
v 0.6182572245597839 0.33515870571136475 0.4786449074745178
v 0.6182559728622437 0.34103044867515564 0.47892633080482483
v 0.618256151676178 0.34017664194107056 0.47910797595977783
v 0.618256151676178 0.34071213006973267 0.4774635136127472
v 0.6182551383972168 0.34512341022491455 0.4780556261539459
v 0.6182553172111511 0.34481126070022583 0.47659146785736084
v 0.6182573437690735 0.3347967863082886 0.4786195158958435
v 0.6182573437690735 0.33481764793395996 0.47871747612953186
v 0.6182573437690735 0.3347967863082886 0.4786195158958435
v 0.6182573437690735 0.33481764793395996 0.47871747612953186
v 0.6385440230369568 0.3374479413032532 0.46621301770210266
v 0.628160297870636 0.33861878514289856 0.46515586972236633
v 0.6281602382659912 0.33898991346359253 0.4658839702606201
v 0.6182552576065063 0.3452368676662445 0.476500928401947
v 0.6182552576065063 0.3452160060405731 0.47640296816825867
v 0.6199313402175903 0.3347971439361572 0.47861960530281067
v 0.6199313402175903 0.3348180055618286 0.478717565536499
v 0.6281607747077942 0.3363891839981079 0.4650394022464752
v 0.6281606554985046 0.3371172547340393 0.46466827392578125
v 0.628160834312439 0.33594420552253723 0.4657248556613922
v 0.6281607747077942 0.3363891839981079 0.4650394022464752
v 0.628160834312439 0.33590155839920044 0.46654096245765686
v 0.6281606554985046 0.3362727165222168 0.46726900339126587
v 0.6281604766845703 0.3369581401348114 0.46771401166915894
v 0.6281606554985046 0.3362727165222168 0.46726900339126587
v 0.6281603574752808 0.33777424693107605 0.46775659918785095
v 0.6199290752410889 0.34554871916770935 0.4779652953147888
v 0.6199292540550232 0.34523722529411316 0.4765010178089142
v 0.618255078792572 0.3455483615398407 0.47796520590782166
v 0.6182552576065063 0.3452368676662445 0.476500928401947
v 0.6281601190567017 0.3389472961425781 0.46670001745224
v 0.6177771091461182 0.3374435603618622 0.46621188521385193
v 0.6281601786613464 0.33850231766700745 0.46738550066947937
v 0.6281601786613464 0.33850231766700745 0.46738550066947937
v 0.6281604766845703 0.33793336153030396 0.46471092104911804
v 0.628160297870636 0.33861878514289856 0.46515586972236633
v 0.6199293732643127 0.3448680639266968 0.4747657775878906
v 0.6199294328689575 0.3444424271583557 0.47485634684562683
v 0.6199294924736023 0.34442785382270813 0.47478780150413513
v 0.6199294328689575 0.3448534905910492 0.4746972322463989
v 0.6216042041778564 0.3403432369232178 0.4757285416126251
v 0.6216033697128296 0.34444278478622437 0.474856436252594
v 0.6216034293174744 0.3444282114505768 0.4747878909111023
v 0.6216042637825012 0.3403286635875702 0.4756599962711334
v 0.6199313402175903 0.334789901971817 0.4769097566604614
v 0.6199314594268799 0.33444884419441223 0.47698232531547546
v 0.6199315190315247 0.33443427085876465 0.47691377997398376
v 0.6199313998222351 0.33477532863616943 0.4768412113189697
v 0.6216052770614624 0.33479025959968567 0.4769098162651062
v 0.6216043829917908 0.3394967019557953 0.47590863704681396
v 0.6216044425964355 0.3394821286201477 0.47584009170532227
v 0.6216053366661072 0.3347756862640381 0.4768413007259369
v 0.6199302673339844 0.3403428792953491 0.47572845220565796
v 0.6199303269386292 0.34032830595970154 0.47565990686416626
v 0.6199304461479187 0.33949634432792664 0.4759085476398468
v 0.6199305057525635 0.33948177099227905 0.4758400022983551
v 0.6200164556503296 0.3344488739967346 0.47698232531547546
v 0.6200165152549744 0.33443430066108704 0.47691377997398376
v 0.6199315190315247 0.33443427085876465 0.47691377997398376
v 0.6199314594268799 0.33444884419441223 0.47698232531547546
v 0.6200143694877625 0.34486809372901917 0.4747657775878906
v 0.6199293732643127 0.3448680639266968 0.4747657775878906
v 0.6199294328689575 0.3448534905910492 0.4746972322463989
v 0.6200144290924072 0.3448535203933716 0.4746972322463989
v 0.6216033101081848 0.34486842155456543 0.4747658669948578
v 0.6216033697128296 0.34485384821891785 0.4746973216533661
v 0.621605396270752 0.3344492018222809 0.47698238492012024
v 0.6216054558753967 0.3344346284866333 0.4769138693809509
v 0.6216033101081848 0.34486842155456543 0.4747658669948578
v 0.6215182542800903 0.34486839175224304 0.4747658669948578
v 0.6215183138847351 0.34485381841659546 0.4746973216533661
v 0.6216033697128296 0.34485384821891785 0.4746973216533661
v 0.621605396270752 0.3344492018222809 0.47698238492012024
v 0.6216054558753967 0.3344346284866333 0.4769138693809509
v 0.6215204000473022 0.3344345986843109 0.4769138693809509
v 0.6215203404426575 0.3344491720199585 0.47698238492012024
v 0.6215192675590515 0.3428027331829071 0.4649980068206787
v 0.6200153827667236 0.3428024351596832 0.46499791741371155
v 0.6200157403945923 0.34155094623565674 0.4625437259674072
v 0.6215196251869202 0.3415512442588806 0.4625438153743744
v 0.621604323387146 0.3428027629852295 0.4649980068206787
v 0.6216046810150146 0.341551274061203 0.4625438153743744
v 0.6215196251869202 0.3415512442588806 0.4625438153743744
v 0.6200157403945923 0.34155094623565674 0.4625437259674072
v 0.62001633644104 0.3392389118671417 0.4610428810119629
v 0.6215202212333679 0.3392392098903656 0.46104297041893005
v 0.6216046810150146 0.341551274061203 0.4625438153743744
v 0.6216052770614624 0.339239239692688 0.46104297041893005
v 0.620016872882843 0.33648619055747986 0.46089908480644226
v 0.6215207576751709 0.33648648858070374 0.4608991742134094
v 0.6216058135032654 0.3364865183830261 0.4608991742134094
v 0.6200173497200012 0.3340303897857666 0.4621509313583374
v 0.6215212345123291 0.3340306878089905 0.46215102076530457
v 0.6216062903404236 0.33403071761131287 0.46215102076530457
v 0.6215212345123291 0.3340306878089905 0.46215102076530457
v 0.6200173497200012 0.3340303897857666 0.4621509313583374
v 0.6200175285339355 0.3325295150279999 0.46446290612220764
v 0.6215214133262634 0.33252981305122375 0.4644629955291748
v 0.6216062903404236 0.33403071761131287 0.46215102076530457
v 0.6216064691543579 0.33252984285354614 0.4644629955291748
v 0.6200174689292908 0.3323853611946106 0.4672139883041382
v 0.6215213537216187 0.3323856592178345 0.46721407771110535
v 0.6216064095497131 0.33238568902015686 0.46721407771110535
v 0.6215190887451172 0.34310823678970337 0.466434121131897
v 0.6200152039527893 0.3431079387664795 0.4664340317249298
v 0.6216041445732117 0.34310826659202576 0.466434121131897
v 0.6200148463249207 0.3439181447029114 0.4703003764152527
v 0.6215187311172485 0.34391844272613525 0.47030046582221985
v 0.619929850101471 0.343918114900589 0.4703003764152527
v 0.6199302077293396 0.3431079089641571 0.4664340317249298
v 0.6200169324874878 0.33349892497062683 0.4725169241428375
v 0.6215208172798157 0.3334992229938507 0.4725170135498047
v 0.6215211749076843 0.33269116282463074 0.4686501920223236
v 0.6200172901153564 0.33269086480140686 0.46865010261535645
v 0.6199318766593933 0.33349889516830444 0.4725169241428375
v 0.619932234287262 0.3326908349990845 0.46865010261535645
v 0.6216062307357788 0.3326911926269531 0.4686501920223236
v 0.6200151443481445 0.3406912088394165 0.47736573219299316
v 0.6200143098831177 0.3447907567024231 0.47649362683296204
v 0.6215181946754456 0.344791054725647 0.4764937162399292
v 0.6215190291404724 0.3406915068626404 0.4773658215999603
v 0.6199301481246948 0.3406911790370941 0.47736573219299316
v 0.619929313659668 0.3447907269001007 0.47649362683296204
v 0.6216058731079102 0.3334992527961731 0.4725170135498047
v 0.6200142502784729 0.34521639347076416 0.47640305757522583
v 0.6215181350708008 0.34521669149398804 0.476403146982193
v 0.6199292540550232 0.3452163636684418 0.47640305757522583
v 0.6200153231620789 0.339844673871994 0.477545827627182
v 0.6215192079544067 0.3398449718952179 0.47754591703414917
v 0.6199303269386292 0.33984464406967163 0.477545827627182
v 0.621603786945343 0.34391847252845764 0.47030046582221985
v 0.6200162172317505 0.3351382315158844 0.47854703664779663
v 0.6215201020240784 0.3351385295391083 0.4785471260547638
v 0.6199312210083008 0.335138201713562 0.47854703664779663
v 0.6200164556503296 0.334465354681015 0.47705981135368347
v 0.6215203404426575 0.3344656527042389 0.47705990076065063
v 0.6199314594268799 0.3344653248786926 0.47705981135368347
v 0.6200143694877625 0.34488457441329956 0.47484326362609863
v 0.6215182542800903 0.34488487243652344 0.4748433530330658
v 0.6199293732643127 0.3448845446109772 0.47484326362609863
v 0.62001633644104 0.3347971737384796 0.47861960530281067
v 0.6215202212333679 0.3347974717617035 0.47861969470977783
v 0.6199313402175903 0.3347971439361572 0.47861960530281067
v 0.6197942495346069 0.3409683406352997 0.4857574701309204
v 0.6183909773826599 0.3409680426120758 0.48575738072395325
v 0.6183910369873047 0.340781569480896 0.48569586873054504
v 0.6197943091392517 0.3407818675041199 0.4856959581375122
v 0.6199296116828918 0.34096837043762207 0.4857574701309204
v 0.6199296712875366 0.34078189730644226 0.4856959581375122
v 0.6197946071624756 0.34016504883766174 0.4830557107925415
v 0.6183913350105286 0.34016475081443787 0.48305562138557434
v 0.6183912754058838 0.34027594327926636 0.4829569160938263
v 0.6197945475578308 0.34027624130249023 0.48295700550079346
v 0.6199299693107605 0.34016507863998413 0.4830557107925415
v 0.6199299097061157 0.3402762711048126 0.48295700550079346
v 0.6197943091392517 0.3406686782836914 0.48583823442459106
v 0.6183910369873047 0.34066838026046753 0.4858381450176239
v 0.6183913350105286 0.3387199938297272 0.48828744888305664
v 0.6197946071624756 0.33872029185295105 0.4882875382900238
v 0.6199296712875366 0.3406687080860138 0.48583823442459106
v 0.6199299693107605 0.33872032165527344 0.4882875382900238
v 0.6197949051856995 0.34034284949302673 0.47572845220565796
v 0.6197940707206726 0.3444423973560333 0.47485634684562683
v 0.6183907985687256 0.34444209933280945 0.47485625743865967
v 0.6183916330337524 0.34034255146980286 0.4757283627986908
v 0.6199302673339844 0.3403428792953491 0.47572845220565796
v 0.6199294328689575 0.3444424271583557 0.47485634684562683
v 0.6197946071624756 0.3385179936885834 0.488541841506958
v 0.6183913350105286 0.3385176956653595 0.48854178190231323
v 0.6183912754058838 0.3386906385421753 0.4886796772480011
v 0.6197945475578308 0.33869093656539917 0.48867976665496826
v 0.6199299693107605 0.33851802349090576 0.488541841506958
v 0.6199299097061157 0.33869096636772156 0.48867976665496826
v 0.6197938919067383 0.3451998829841614 0.4763256311416626
v 0.6183906197547913 0.3451995849609375 0.47632554173469543
v 0.6199292540550232 0.34519991278648376 0.476325660943985
v 0.6197937726974487 0.3424043357372284 0.4895291030406952
v 0.6183905005455017 0.3424040675163269 0.489529013633728
v 0.6183900237083435 0.34493207931518555 0.48824039101600647
v 0.6197932958602905 0.3449323773384094 0.48824048042297363
v 0.6199291348457336 0.3424043655395508 0.4895291030406952
v 0.6199286580085754 0.3449324071407318 0.48824048042297363
v 0.619793713092804 0.34559309482574463 0.4781741201877594
v 0.619793713092804 0.34562599658966064 0.4783287048339844
v 0.6183904409408569 0.34562569856643677 0.4783286154270172
v 0.6183904409408569 0.34559279680252075 0.47817403078079224
v 0.6199290752410889 0.345593124628067 0.4781741201877594
v 0.6199290752410889 0.34562602639198303 0.4783287048339844
v 0.6197938919067383 0.3427710235118866 0.48468196392059326
v 0.6183906197547913 0.3427707254886627 0.4846818745136261
v 0.6183907389640808 0.34232574701309204 0.4853673577308655
v 0.6197940111160278 0.3423260450363159 0.48536744713783264
v 0.6199292540550232 0.342771053314209 0.48468196392059326
v 0.6199293732643127 0.3423260748386383 0.48536744713783264
v 0.6197957992553711 0.3351294696331024 0.48018184304237366
v 0.6183925271034241 0.33512917160987854 0.4801817536354065
v 0.6183925271034241 0.3351735770702362 0.4803905785083771
v 0.6197957992553711 0.3351738750934601 0.48039066791534424
v 0.619931161403656 0.3351294994354248 0.48018184304237366
v 0.619931161403656 0.33517390489578247 0.48039066791534424
v 0.6197946071624756 0.3400533199310303 0.48299646377563477
v 0.6183913350105286 0.3400530219078064 0.4829963743686676
v 0.6199299693107605 0.34005334973335266 0.48299646377563477
v 0.6197959780693054 0.33478987216949463 0.4769097566604614
v 0.6197950839996338 0.33949631452560425 0.4759085476398468
v 0.6183918118476868 0.33949601650238037 0.47590845823287964
v 0.6183927059173584 0.33478957414627075 0.47690966725349426
v 0.6199313402175903 0.334789901971817 0.4769097566604614
v 0.6199304461479187 0.33949634432792664 0.4759085476398468
v 0.6197942495346069 0.34175705909729004 0.4826928675174713
v 0.6197944283485413 0.3409409821033478 0.4826502203941345
v 0.6183911561965942 0.3409406840801239 0.48265013098716736
v 0.6183909773826599 0.34175676107406616 0.48269277811050415
v 0.6199296116828918 0.3417570888996124 0.4826928675174713
v 0.6199297904968262 0.34094101190567017 0.4826502203941345
v 0.6197943687438965 0.33957070112228394 0.4893811047077179
v 0.6183910965919495 0.33957040309906006 0.48938101530075073
v 0.6199297308921814 0.3395707309246063 0.4893811047077179
v 0.619793713092804 0.34554868936538696 0.4779652953147888
v 0.6183904409408569 0.3455483913421631 0.47796520590782166
v 0.6199290752410889 0.34554871916770935 0.4779652953147888
v 0.6197933554649353 0.3463099002838135 0.48154351115226746
v 0.6183900833129883 0.3463096022605896 0.4815434217453003
v 0.6199287176132202 0.34630993008613586 0.48154351115226746
v 0.6197940111160278 0.3423260450363159 0.48536744713783264
v 0.6183907389640808 0.34232574701309204 0.4853673577308655
v 0.6183908581733704 0.34159767627716064 0.48573845624923706
v 0.6197941303253174 0.3415979743003845 0.4857385456562042
v 0.6199293732643127 0.3423260748386383 0.48536744713783264
v 0.6199294924736023 0.3415980041027069 0.4857385456562042
v 0.6197957992553711 0.3351738750934601 0.48039066791534424
v 0.6183925271034241 0.3351735770702362 0.4803905785083771
v 0.6183924674987793 0.33536696434020996 0.48051100969314575
v 0.6197957396507263 0.33536726236343384 0.4805110991001129
v 0.619931161403656 0.33517390489578247 0.48039066791534424
v 0.6199311017990112 0.3353672921657562 0.4805110991001129
v 0.6183913350105286 0.3385176956653595 0.48854178190231323
v 0.6197946071624756 0.3385179936885834 0.488541841506958
v 0.6199299693107605 0.33851802349090576 0.488541841506958
v 0.6197930574417114 0.3464773893356323 0.4858604669570923
v 0.6183897852897644 0.34647709131240845 0.4858603775501251
v 0.6183899641036987 0.34662848711013794 0.483042448759079
v 0.6197932362556458 0.3466287851333618 0.48304253816604614
v 0.6199284195899963 0.3464774191379547 0.4858604669570923
v 0.6199285984039307 0.3466288149356842 0.48304253816604614
v 0.6183900237083435 0.3464398980140686 0.4821559488773346
v 0.6197932958602905 0.3464401960372925 0.48215603828430176
v 0.6199286580085754 0.34644022583961487 0.48215603828430176
v 0.6197940707206726 0.34244251251220703 0.4831378161907196
v 0.6183907985687256 0.34244221448898315 0.48313772678375244
v 0.6199294328689575 0.3424425423145294 0.4831378161907196
v 0.6197959780693054 0.33478066325187683 0.4785422086715698
v 0.6183927059173584 0.33478036522865295 0.47854211926460266
v 0.6199313402175903 0.3347806930541992 0.4785422086715698
v 0.6183910965919495 0.33957040309906006 0.48938101530075073
v 0.6197943687438965 0.33957070112228394 0.4893811047077179
v 0.6199297308921814 0.3395707309246063 0.4893811047077179
v 0.6197940111160278 0.3448680341243744 0.4747657775878906
v 0.6183907389640808 0.3448677361011505 0.47476568818092346
v 0.6199293732643127 0.3448680639266968 0.4747657775878906
v 0.6197932958602905 0.3449323773384094 0.48824048042297363
v 0.6183900237083435 0.34493207931518555 0.48824039101600647
v 0.6199286580085754 0.3449324071407318 0.48824048042297363
v 0.6197940111160278 0.34281125664711 0.4838546812534332
v 0.6183907389640808 0.3428109586238861 0.48385459184646606
v 0.6199293732643127 0.3428112864494324 0.4838546812534332
v 0.6197940707206726 0.34244251251220703 0.4831378161907196
v 0.6183907985687256 0.34244221448898315 0.48313772678375244
v 0.6199294328689575 0.3424425423145294 0.4831378161907196
v 0.619796097278595 0.33444881439208984 0.47698232531547546
v 0.618392825126648 0.33444851636886597 0.4769822359085083
v 0.6199314594268799 0.33444884419441223 0.47698232531547546
v 0.6199294924736023 0.34163832664489746 0.48592808842658997
v 0.6199294924736023 0.3415980041027069 0.4857385456562042
v 0.6199296116828918 0.34096837043762207 0.4857574701309204
v 0.6199296116828918 0.3408984839916229 0.4859386384487152
v 0.619929313659668 0.3424563705921173 0.48551109433174133
v 0.6199293732643127 0.3423260748386383 0.48536744713783264
v 0.6199292540550232 0.3429563641548157 0.4847409129142761
v 0.6199292540550232 0.342771053314209 0.48468196392059326
v 0.619929313659668 0.3430021405220032 0.4838140606880188
v 0.6199293732643127 0.3428112864494324 0.4838546812534332
v 0.6199291348457336 0.3423323333263397 0.48919039964675903
v 0.6199297308921814 0.33969560265541077 0.4890573024749756
v 0.6199287176132202 0.344699501991272 0.48798373341560364
v 0.6199285387992859 0.34614625573158264 0.48575517535209656
v 0.6199286580085754 0.34628766775131226 0.4831151068210602
v 0.6199294328689575 0.3424425423145294 0.4831378161907196
v 0.6199294328689575 0.3425935208797455 0.48297467827796936
v 0.6199296116828918 0.3417971730232239 0.48253053426742554
v 0.6199296116828918 0.3417570888996124 0.4826928675174713
v 0.6199310421943665 0.3354705572128296 0.4801092743873596
v 0.6199310421943665 0.33551496267318726 0.4803180992603302
v 0.6199301481246948 0.3402214050292969 0.4793168902397156
v 0.6199310421943665 0.3356975018978119 0.4804408550262451
v 0.6199301481246948 0.3402543067932129 0.47947147488594055
v 0.6199287176132202 0.34607839584350586 0.48223304748535156
v 0.6199286580085754 0.34644022583961487 0.48215603828430176
v 0.6199287176132202 0.34630993008613586 0.48154351115226746
v 0.619928777217865 0.3458854556083679 0.4816363453865051
v 0.6199291348457336 0.3452010452747345 0.47841912508010864
v 0.6199299693107605 0.3411077857017517 0.4792898893356323
v 0.6199299693107605 0.3410748839378357 0.47913530468940735
v 0.6199291348457336 0.3451681435108185 0.47826454043388367
v 0.6199317574501038 0.33383995294570923 0.4724443554878235
v 0.6199309229850769 0.33854639530181885 0.47144314646720886
v 0.6199301481246948 0.3406911790370941 0.47736573219299316
v 0.619929313659668 0.3447907269001007 0.47649362683296204
v 0.6216057538986206 0.3338403105735779 0.47244444489479065
v 0.6216058731079102 0.3334992527961731 0.4725170135498047
v 0.6216051578521729 0.33513855934143066 0.4785471260547638
v 0.6216052770614624 0.3347975015640259 0.47861969470977783
v 0.621603786945343 0.34391847252845764 0.47030046582221985
v 0.6216038465499878 0.3434928357601166 0.47039103507995605
v 0.6216046810150146 0.33939328789711 0.4712631404399872
v 0.621604859828949 0.3385467529296875 0.471443235874176
v 0.6216033101081848 0.3448849022388458 0.4748433530330658
v 0.621605396270752 0.3344656825065613 0.47705990076065063
v 0.6182554960250854 0.3416379690170288 0.4859279990196228
v 0.618255615234375 0.3408981263637543 0.48593854904174805
v 0.618255615234375 0.3409680128097534 0.48575738072395325
v 0.6182554960250854 0.34159764647483826 0.48573845624923706
v 0.6182553172111511 0.34245601296424866 0.48551100492477417
v 0.6182553768157959 0.34232571721076965 0.4853673577308655
v 0.6182552576065063 0.342956006526947 0.48474082350730896
v 0.6182552576065063 0.34277069568634033 0.4846818745136261
v 0.6182553172111511 0.3430017828941345 0.48381397128105164
v 0.6182553768157959 0.3428109288215637 0.48385459184646606
v 0.6182551383972168 0.34233197569847107 0.48919031023979187
v 0.6182557344436646 0.3396952450275421 0.4890572130680084
v 0.6182547211647034 0.3446991443634033 0.4879836440086365
v 0.618254542350769 0.346145898103714 0.4857550859451294
v 0.6182546615600586 0.3462873101234436 0.483115017414093
v 0.6182554364204407 0.34244218468666077 0.48313772678375244
v 0.618255615234375 0.3417567312717438 0.48269277811050415
v 0.618255615234375 0.3417968153953552 0.4825304448604584
v 0.6182554364204407 0.34259316325187683 0.4829745888710022
v 0.6182570457458496 0.3355146050453186 0.48031800985336304
v 0.6182570457458496 0.33547019958496094 0.48010918498039246
v 0.618256151676178 0.3402210474014282 0.4793168008327484
v 0.6182570457458496 0.33569714426994324 0.48044076561927795
v 0.618256151676178 0.34025394916534424 0.4794713854789734
v 0.621605396270752 0.3344656825065613 0.47705990076065063
v 0.6216052770614624 0.33480674028396606 0.4769873321056366
v 0.6182547211647034 0.3460780382156372 0.4822329580783844
v 0.6182547807693481 0.34588509798049927 0.48163625597953796
v 0.6182547211647034 0.3463095724582672 0.4815434217453003
v 0.6182546615600586 0.3464398682117462 0.4821559488773346
v 0.6182551383972168 0.34520068764686584 0.4784190356731415
v 0.6182559728622437 0.34110742807388306 0.47928979992866516
v 0.6182559728622437 0.34107452630996704 0.4791352152824402
v 0.6182551383972168 0.34516778588294983 0.4782644510269165
v 0.6182573437690735 0.33478954434394836 0.47690966725349426
v 0.618257462978363 0.3344484865665436 0.4769822359085083
v 0.618257462978363 0.334464967250824 0.4770597219467163
v 0.618257462978363 0.3344484865665436 0.4769822359085083
v 0.6182573437690735 0.33478954434394836 0.47690966725349426
v 0.6182573437690735 0.33480602502822876 0.47698715329170227
v 0.618256151676178 0.34069082140922546 0.477365642786026
v 0.6182553172111511 0.34479036927223206 0.4764935374259949
v 0.6182564496994019 0.339495986700058 0.47590845823287964
v 0.6182564496994019 0.3395124673843384 0.47598594427108765
v 0.6182571649551392 0.33512914180755615 0.4801817536354065
v 0.6182559132575989 0.34027591347694397 0.4829569160938263
v 0.6182557940483093 0.3409406542778015 0.48265013098716736
v 0.6182562708854675 0.34035900235176086 0.4758058488368988
v 0.6182562708854675 0.34034252166748047 0.4757283627986908
v 0.6182554364204407 0.34445855021476746 0.4749337434768677
v 0.6182554364204407 0.34444206953048706 0.47485625743865967
v 0.6182571053504944 0.3353669345378876 0.48051100969314575
v 0.6182571649551392 0.3351735472679138 0.4803905785083771
v 0.6182554364204407 0.34244218468666077 0.48313772678375244
v 0.6182553768157959 0.3428109288215637 0.48385459184646606
v 0.6182571649551392 0.33512914180755615 0.4801817536354065
v 0.6182552576065063 0.34277069568634033 0.4846818745136261
v 0.618255078792572 0.3455483615398407 0.47796520590782166
v 0.6182546615600586 0.34493204951286316 0.48824039101600647
v 0.6182544231414795 0.34647706151008606 0.4858603775501251
v 0.6182554960250854 0.34159764647483826 0.48573845624923706
v 0.618255615234375 0.3409680128097534 0.48575738072395325
v 0.6182553768157959 0.3448677062988281 0.47476568818092346
v 0.6182554364204407 0.34444206953048706 0.47485625743865967
v 0.6182559132575989 0.3386906087398529 0.4886796772480011
v 0.6182557344436646 0.33957037329673767 0.48938101530075073
v 0.6182573437690735 0.33478033542633057 0.47854211926460266
v 0.6182546615600586 0.3464398682117462 0.4821559488773346
v 0.6182547211647034 0.3463095724582672 0.4815434217453003
v 0.618255615234375 0.3417567312717438 0.48269277811050415
v 0.6182554364204407 0.34244218468666077 0.48313772678375244
v 0.6182546019554138 0.34662845730781555 0.483042448759079
v 0.6182559728622437 0.3387199640274048 0.48828744888305664
v 0.6182559728622437 0.3385176658630371 0.48854178190231323
v 0.6182571649551392 0.3351735472679138 0.4803905785083771
v 0.6182571053504944 0.3353669345378876 0.48051100969314575
v 0.6182553768157959 0.34232571721076965 0.4853673577308655
v 0.6182562708854675 0.34034252166748047 0.4757283627986908
v 0.6182564496994019 0.339495986700058 0.47590845823287964
v 0.618255078792572 0.3456256687641144 0.4783286154270172
v 0.618255078792572 0.34559276700019836 0.47817403078079224
v 0.6182557344436646 0.33957037329673767 0.48938101530075073
v 0.6182551383972168 0.3424040377140045 0.489529013633728
v 0.6182559728622437 0.340052992105484 0.4829963743686676
v 0.6182559728622437 0.3401647210121155 0.48305562138557434
v 0.6182571649551392 0.3351735472679138 0.4803905785083771
v 0.6182553768157959 0.34232571721076965 0.4853673577308655
v 0.6216043829917908 0.3395131826400757 0.475986123085022
v 0.6182546615600586 0.34493204951286316 0.48824039101600647
v 0.6182556748390198 0.3407815396785736 0.48569586873054504
v 0.6182556748390198 0.34066835045814514 0.4858381450176239
v 0.6182552576065063 0.3451995551586151 0.4763255715370178
v 0.6182559728622437 0.3385176658630371 0.48854178190231323
v 0.6216042637825012 0.3398450016975403 0.47754591703414917
v 0.6216042041778564 0.34035971760749817 0.47580602765083313
v 0.6216033697128296 0.34445926547050476 0.474933922290802
v 0.6216040849685669 0.34069153666496277 0.4773658215999603
v 0.6216031908988953 0.3452167212963104 0.476403146982193
v 0.62160325050354 0.34479108452796936 0.4764937162399292
v 0.619931161403656 0.3351294994354248 0.48018184304237366
v 0.6216050386428833 0.33857277035713196 0.4674060642719269
v 0.6216052174568176 0.3377262353897095 0.4675861597061157
v 0.6199306845664978 0.33939293026924133 0.47126305103302
v 0.6199299097061157 0.3434924781322479 0.4703909456729889
v 0.619931161403656 0.33517390489578247 0.48039066791534424
v 0.6199311017990112 0.3353672921657562 0.4805110991001129
v 0.6199318766593933 0.33349889516830444 0.4725169241428375
v 0.6199299097061157 0.33869096636772156 0.48867976665496826
v 0.6199297308921814 0.3395707309246063 0.4893811047077179
v 0.6199299097061157 0.33888688683509827 0.4884168207645416
v 0.6199291348457336 0.3424043655395508 0.4895291030406952
v 0.6199286580085754 0.3449324071407318 0.48824048042297363
v 0.6199284195899963 0.3464774191379547 0.4858604669570923
v 0.6199285984039307 0.3466288149356842 0.48304253816604614
v 0.6199290752410889 0.34562602639198303 0.4783287048339844
v 0.6199290752410889 0.345593124628067 0.4781741201877594
v 0.6199292540550232 0.3452163636684418 0.47640305757522583
v 0.6182559132575989 0.3386906087398529 0.4886796772480011
v 0.6182559132575989 0.3388866186141968 0.48841673135757446
v 0.6182557344436646 0.33957037329673767 0.48938101530075073
v 0.6182551383972168 0.3424040377140045 0.489529013633728
v 0.6182546615600586 0.34493204951286316 0.48824039101600647
v 0.6182544231414795 0.34647706151008606 0.4858603775501251
v 0.6182546019554138 0.34662845730781555 0.483042448759079
v 0.618255078792572 0.3456256687641144 0.4783286154270172
v 0.618255078792572 0.34559276700019836 0.47817403078079224
v 0.6182552576065063 0.3452160060405731 0.47640296816825867
v 0.6182553768157959 0.3448841869831085 0.47484317421913147
v 0.6182553768157959 0.3448677062988281 0.47476568818092346
v 0.6199299693107605 0.33851802349090576 0.488541841506958
v 0.6199299693107605 0.33872032165527344 0.4882875382900238
v 0.6182559728622437 0.3385176658630371 0.48854178190231323
v 0.6182559728622437 0.3387199640274048 0.48828744888305664
v 0.6216033101081848 0.3448849022388458 0.4748433530330658
v 0.619929850101471 0.343918114900589 0.4703003764152527
v 0.6216052770614624 0.339239239692688 0.46104297041893005
v 0.6216058135032654 0.3364865183830261 0.4608991742134094
v 0.6216058135032654 0.3365681767463684 0.4612829387187958
v 0.6216052770614624 0.3391086161136627 0.4613228440284729
v 0.6199324131011963 0.3323853313922882 0.4672139883041382
v 0.619932234287262 0.3326908349990845 0.46865010261535645
v 0.6199321150779724 0.3330310583114624 0.4685782194137573
v 0.6216047406196594 0.3412708342075348 0.46279197931289673
v 0.6216046810150146 0.341551274061203 0.4625438153743744
v 0.6199312806129456 0.33910825848579407 0.46132275462150574
v 0.6199312806129456 0.33923888206481934 0.4610428810119629
v 0.6199306845664978 0.34155091643333435 0.4625437259674072
v 0.6199307441711426 0.34127047657966614 0.46279188990592957
v 0.6199324131011963 0.33278581500053406 0.46459686756134033
v 0.6199324727058411 0.3325294852256775 0.46446290612220764
v 0.6199322938919067 0.3340303599834442 0.4621509313583374
v 0.619932234287262 0.3342532217502594 0.4623555839061737
v 0.6199318170547485 0.33648616075515747 0.46089908480644226
v 0.6199318170547485 0.33656781911849976 0.4612828493118286
v 0.6199322938919067 0.33271145820617676 0.467144638299942
v 0.6199324131011963 0.3323853313922882 0.4672139883041382
v 0.6199303269386292 0.34280240535736084 0.46499791741371155
v 0.6199303865432739 0.34236469864845276 0.4650910496711731
v 0.6199302077293396 0.3431079089641571 0.4664340317249298
v 0.6199302673339844 0.34268131852149963 0.46652543544769287
v 0.6199312210083008 0.3377258777618408 0.46758607029914856
v 0.6199313998222351 0.33741891384124756 0.4661431908607483
v 0.6199312210083008 0.33826544880867004 0.46596309542655945
v 0.6199310421943665 0.3385724127292633 0.4674059748649597
v 0.621604323387146 0.3428027629852295 0.4649980068206787
v 0.6216043829917908 0.3423650562763214 0.46509113907814026
v 0.6216052174568176 0.3382658064365387 0.4659631848335266
v 0.6216062903404236 0.3327118158340454 0.4671447277069092
v 0.621605396270752 0.3374192714691162 0.46614328026771545
v 0.6216064095497131 0.3327861726284027 0.4645969569683075
v 0.6216062307357788 0.33425357937812805 0.46235567331314087
v 0.6199296712875366 0.3406687080860138 0.48583823442459106
v 0.6199296712875366 0.34078189730644226 0.4856959581375122
v 0.6199297904968262 0.34085366129875183 0.48254072666168213
v 0.6199297904968262 0.34094101190567017 0.4826502203941345
v 0.6182557940483093 0.3409406542778015 0.48265013098716736
v 0.6182557940483093 0.3408533036708832 0.48254063725471497
v 0.6216062307357788 0.3326911926269531 0.4686501920223236
v 0.6216061115264893 0.33303141593933105 0.4685783088207245
v 0.6182559728622437 0.340052992105484 0.4829963743686676
v 0.6182559132575989 0.340188592672348 0.4828474223613739
v 0.6182559132575989 0.34027591347694397 0.4829569160938263
v 0.6182559728622437 0.3401647210121155 0.48305562138557434
v 0.6182556748390198 0.34066835045814514 0.4858381450176239
v 0.6182556748390198 0.3407815396785736 0.48569586873054504
v 0.6199299693107605 0.34016507863998413 0.4830557107925415
v 0.6199299097061157 0.3402762711048126 0.48295700550079346
v 0.6199299097061157 0.3401889503002167 0.48284751176834106
v 0.6199299693107605 0.34005334973335266 0.48299646377563477
v 0.6216064691543579 0.33252984285354614 0.4644629955291748
v 0.6216064095497131 0.33238568902015686 0.46721407771110535
v 0.6216041445732117 0.34310826659202576 0.466434121131897
v 0.6216042041778564 0.3426816761493683 0.46652552485466003
v 0.6216062903404236 0.33403071761131287 0.46215102076530457
v 0.6199303269386292 0.34280240535736084 0.46499791741371155
v 0.6199324727058411 0.3325294852256775 0.46446290612220764
v 0.6199322938919067 0.3340303599834442 0.4621509313583374
v 0.6199318170547485 0.33648616075515747 0.46089908480644226
v 0.6199322938919067 0.3340303599834442 0.4621509313583374
v 0.6199312806129456 0.33923888206481934 0.4610428810119629
v 0.6199306845664978 0.34155091643333435 0.4625437259674072
v 0.6199306845664978 0.34155091643333435 0.4625437259674072
v 0.62001633644104 0.3347971737384796 0.47861960530281067
v 0.6215202212333679 0.3347974717617035 0.47861969470977783
v 0.6215202212333679 0.3347810208797455 0.4785422682762146
v 0.62001633644104 0.3347807228565216 0.47854217886924744
v 0.6200142502784729 0.34521639347076416 0.47640305757522583
v 0.6200142502784729 0.34519994258880615 0.476325660943985
v 0.6215181350708008 0.34520024061203003 0.47632575035095215
v 0.6215181350708008 0.34521669149398804 0.476403146982193
v 0.6197940111160278 0.3448680341243744 0.4747657775878906
v 0.6197940111160278 0.3448845148086548 0.47484326362609863
v 0.6183907389640808 0.3448842167854309 0.47484317421913147
v 0.6183907389640808 0.3448677361011505 0.47476568818092346
v 0.619796097278595 0.33444881439208984 0.47698232531547546
v 0.618392825126648 0.33444851636886597 0.4769822359085083
v 0.618392825126648 0.33446499705314636 0.4770597219467163
v 0.619796097278595 0.33446529507637024 0.47705981135368347
v 0.6216031908988953 0.3452002704143524 0.47632575035095215
v 0.6216031908988953 0.3452167212963104 0.476403146982193
v 0.6216052770614624 0.3347975015640259 0.47861969470977783
v 0.6216052770614624 0.33478105068206787 0.478542298078537
v 0.6216052770614624 0.3347975015640259 0.47861969470977783
v 0.6216051578521729 0.33513855934143066 0.4785471260547638
v 0.6216051578521729 0.33512210845947266 0.47846972942352295
v 0.6216052770614624 0.33478105068206787 0.478542298078537
v 0.6182573437690735 0.33478033542633057 0.47854211926460266
v 0.6182572245597839 0.33512139320373535 0.47846952080726624
v 0.6182563304901123 0.33982783555984497 0.4774683117866516
v 0.618256151676178 0.34067437052726746 0.47728824615478516
v 0.6182553172111511 0.34477391839027405 0.47641611099243164
v 0.618257462978363 0.3344484865665436 0.4769822359085083
v 0.618257462978363 0.334464967250824 0.4770597219467163
v 0.6216042637825012 0.3398450016975403 0.47754591703414917
v 0.6216042637825012 0.3398285508155823 0.47746849060058594
v 0.6182553768157959 0.3448841869831085 0.47484317421913147
v 0.6182553768157959 0.3448677062988281 0.47476568818092346
v 0.6216040849685669 0.34069153666496277 0.4773658215999603
v 0.6216040849685669 0.34067508578300476 0.4772884249687195
v 0.62160325050354 0.34479108452796936 0.4764937162399292
v 0.62160325050354 0.34477463364601135 0.47641631960868835
v 0.6182552576065063 0.3451995551586151 0.4763255715370178
v 0.6216031908988953 0.3452167212963104 0.476403146982193
v 0.6216031908988953 0.3452002704143524 0.47632575035095215
v 0.6550947427749634 0.3485194444656372 0.4782906174659729
v 0.6427698135375977 0.34393149614334106 0.4703349471092224
v 0.6427698135375977 0.34390756487846375 0.4702224135398865
v 0.6369262337684631 0.34390634298324585 0.4702220857143402
v 0.6403790712356567 0.34406429529190063 0.4709613621234894
v 0.6427697539329529 0.3439764678478241 0.47054627537727356
v 0.640487015247345 0.34410324692726135 0.4711444079875946
v 0.6404869556427002 0.34434232115745544 0.4710935652256012
v 0.6427696943283081 0.3442155420780182 0.47049543261528015
v 0.6427697539329529 0.3439764678478241 0.47054627537727356
v 0.640487015247345 0.34410324692726135 0.4711444079875946
v 0.6427688598632812 0.3459213078022003 0.4796883463859558
v 0.6403782367706299 0.34578749537467957 0.47906163334846497
v 0.6369252800941467 0.34594401717185974 0.47980058193206787
v 0.6427688598632812 0.34594523906707764 0.47980087995529175
v 0.6427688598632812 0.34597131609916687 0.4799235463142395
v 0.6369252800941467 0.345970094203949 0.47992321848869324
v 0.642768919467926 0.3458763360977173 0.47947701811790466
v 0.6404862403869629 0.3459876775741577 0.4788278043270111
v 0.6404862999916077 0.3457486033439636 0.4788786470890045
v 0.642768919467926 0.3458763360977173 0.47947701811790466
v 0.6404862999916077 0.3457486033439636 0.4788786470890045
v 0.6427692770957947 0.3466992676258087 0.4697461426258087
v 0.6427692770957947 0.3466753363609314 0.4696336090564728
v 0.6500737071037292 0.34667688608169556 0.4696339964866638
v 0.645159900188446 0.34683308005332947 0.4703728258609772
v 0.646723210811615 0.34445226192474365 0.47277915477752686
v 0.6450523138046265 0.34410420060157776 0.4711446464061737
v 0.6450522541999817 0.34434327483177185 0.4710938036441803
v 0.6467231512069702 0.34469133615493774 0.47272831201553345
v 0.6467227339744568 0.3469809591770172 0.47224122285842896
v 0.6450518369674683 0.3466328978538513 0.4706067144870758
v 0.6304425597190857 0.3459855616092682 0.47882723808288574
v 0.6304421424865723 0.34827518463134766 0.47834014892578125
v 0.6281594634056091 0.3484019637107849 0.4789382815361023
v 0.6281598806381226 0.34611234068870544 0.4794253706932068
v 0.6404865384101868 0.3466319441795349 0.4706064760684967
v 0.6427692770957947 0.34650516510009766 0.47000834345817566
v 0.6388153433799744 0.3456396162509918 0.47719326615333557
v 0.6388149261474609 0.3479292392730713 0.4767061769962311
v 0.6382035613059998 0.34745413064956665 0.4744734466075897
v 0.6382039785385132 0.3451645076274872 0.4749605357646942
v 0.646722674369812 0.34564128518104553 0.4771937131881714
v 0.6467222571372986 0.347930908203125 0.4767066240310669
v 0.645051121711731 0.3482782542705536 0.4783409535884857
v 0.6450515389442444 0.3459886312484741 0.4788280427455902
v 0.6450518369674683 0.3466328978538513 0.4706067144870758
v 0.6450522541999817 0.34434327483177185 0.4710938036441803
v 0.6404858231544495 0.3482773005962372 0.4783407151699066
v 0.6388158202171326 0.34468966722488403 0.47272789478302
v 0.6388154029846191 0.3469792902469635 0.4722408056259155
v 0.647334635257721 0.3449273407459259 0.4750118851661682
v 0.6473345756530762 0.34516641497612 0.4749610424041748
v 0.6404858231544495 0.3482773005962372 0.4783407151699066
v 0.6404862403869629 0.3459876775741577 0.4788278043270111
v 0.6450515985488892 0.34574955701828003 0.4788788855075836
v 0.6451596021652222 0.34578850865364075 0.47906190156936646
v 0.6467227339744568 0.34540221095085144 0.4772445559501648
v 0.6469098329544067 0.34542471170425415 0.4773502051830292
v 0.647334635257721 0.3449273407459259 0.4750118851661682
v 0.6475507020950317 0.3449274003505707 0.4750118851661682
v 0.6427692174911499 0.34674423933029175 0.46995747089385986
v 0.640486478805542 0.346871018409729 0.4705556035041809
v 0.6450515985488892 0.34574955701828003 0.4788788855075836
v 0.6427692174911499 0.34674423933029175 0.46995747089385986
v 0.640486478805542 0.346871018409729 0.4705556035041809
v 0.6403785347938538 0.3468320667743683 0.4703725576400757
v 0.6467227339744568 0.34540221095085144 0.4772445559501648
v 0.6450515985488892 0.34574955701828003 0.4788788855075836
v 0.6473341584205627 0.34745603799819946 0.4744739532470703
v 0.6386283040046692 0.34542298316955566 0.47734975814819336
v 0.6388154029846191 0.34540054202079773 0.477244108915329
v 0.638204038143158 0.3449254333972931 0.4750113785266876
v 0.6404862999916077 0.3457486033439636 0.4788786470890045
v 0.6388154029846191 0.3469792902469635 0.4722408056259155
v 0.6388158202171326 0.34468966722488403 0.47272789478302
v 0.6388154029846191 0.34540054202079773 0.477244108915329
v 0.6450517773628235 0.3468719720840454 0.47055584192276
v 0.647334098815918 0.34769511222839355 0.4744230806827545
v 0.646722674369812 0.3472200334072113 0.47219035029411316
v 0.646909773349762 0.34719759225845337 0.4720847010612488
v 0.6475501656532288 0.34769517183303833 0.4744230806827545
v 0.638204038143158 0.3449254333972931 0.4750113785266876
v 0.6379879713058472 0.3449253737926483 0.4750113785266876
v 0.6450517773628235 0.3468719720840454 0.47055584192276
v 0.6388153433799744 0.3472183644771576 0.47218993306159973
v 0.638203501701355 0.34769320487976074 0.4744225740432739
v 0.6379874348640442 0.34769314527511597 0.4744225740432739
v 0.6386282444000244 0.3471958637237549 0.47208425402641296
v 0.6388153433799744 0.3472183644771576 0.47218993306159973
v 0.6388153433799744 0.3472183644771576 0.47218993306159973
v 0.638203501701355 0.34769320487976074 0.4744225740432739
v 0.6388148665428162 0.3481683135032654 0.4766553044319153
v 0.6386277675628662 0.3481907546520233 0.47676095366477966
v 0.6404857635498047 0.3485163748264313 0.4782898426055908
v 0.6403777003288269 0.3485552668571472 0.47847282886505127
v 0.6404857635498047 0.3485163748264313 0.4782898426055908
v 0.6388148665428162 0.3481683135032654 0.4766553044319153
v 0.650073230266571 0.3476957082748413 0.47442322969436646
v 0.6369247436523438 0.3487117886543274 0.4792117774486542
v 0.647334098815918 0.34769511222839355 0.4744230806827545
v 0.6467221975326538 0.3481699824333191 0.4766557514667511
v 0.6450510621070862 0.3485173285007477 0.4782900810241699
v 0.6450510621070862 0.3485173285007477 0.4782900810241699
v 0.642768383026123 0.34864410758018494 0.47888821363449097
v 0.6469092965126038 0.3481924831867218 0.4767614006996155
v 0.6467221975326538 0.3481699824333191 0.4766557514667511
v 0.6451590657234192 0.3485562801361084 0.47847309708595276
v 0.6450510621070862 0.3485173285007477 0.4782900810241699
v 0.6427683234214783 0.34868907928466797 0.4790995419025421
v 0.642768383026123 0.34864410758018494 0.47888821363449097
v 0.6386287808418274 0.34442809224128723 0.47267305850982666
v 0.6388158798217773 0.34445059299468994 0.4727787375450134
v 0.6388158798217773 0.34445059299468994 0.4727787375450134
v 0.6388158798217773 0.34445059299468994 0.4727787375450134
v 0.6500737071037292 0.34665077924728394 0.46951133012771606
v 0.6427692770957947 0.3466492295265198 0.469510942697525
v 0.6450523138046265 0.34410420060157776 0.4711446464061737
v 0.645160436630249 0.3440653085708618 0.47096163034439087
v 0.646722674369812 0.3472200334072113 0.47219035029411316
v 0.646723210811615 0.34445226192474365 0.47277915477752686
v 0.6469103097915649 0.3444298207759857 0.4726735055446625
v 0.6427683234214783 0.3487130105495453 0.47921207547187805
v 0.6450523138046265 0.34410420060157776 0.4711446464061737
v 0.6450517773628235 0.3468719720840454 0.47055584192276
v 0.6404857635498047 0.3485163748264313 0.4782898426055908
v 0.628160834312439 0.34392842650413513 0.47033414244651794
v 0.628160834312439 0.3439044952392578 0.470221608877182
v 0.6193954348564148 0.3439026474952698 0.4702211320400238
v 0.625770092010498 0.3440612256526947 0.4709605872631073
v 0.6281607747077942 0.34397339820861816 0.4705454707145691
v 0.6258780360221863 0.3441001772880554 0.47114360332489014
v 0.6258779764175415 0.3443392515182495 0.47109276056289673
v 0.6281607151031494 0.34421247243881226 0.4704946279525757
v 0.6281607747077942 0.34397339820861816 0.4705454707145691
v 0.6258780360221863 0.3441001772880554 0.47114360332489014
v 0.6281598806381226 0.3459182381629944 0.47968754172325134
v 0.6257692575454712 0.34578442573547363 0.4790608882904053
v 0.6193944811820984 0.34594032168388367 0.47979962825775146
v 0.6281598806381226 0.3459421694278717 0.47980010509490967
v 0.6281599402427673 0.34587326645851135 0.4794762134552002
v 0.6258772611618042 0.3459846079349518 0.47882702946662903
v 0.625877320766449 0.3457455337047577 0.47887787222862244
v 0.6281599402427673 0.34587326645851135 0.4794762134552002
v 0.625877320766449 0.3457455337047577 0.47887787222862244
v 0.628160297870636 0.3466961979866028 0.46974533796310425
v 0.628160297870636 0.34667226672172546 0.4696328043937683
v 0.6369256973266602 0.3466741144657135 0.4696332812309265
v 0.6305509209632874 0.34683001041412354 0.4703720211982727
v 0.6321142315864563 0.3444491922855377 0.4727783799171448
v 0.6304433345794678 0.3441011309623718 0.47114384174346924
v 0.630443274974823 0.3443402051925659 0.47109299898147583
v 0.6321141719818115 0.3446882665157318 0.47272753715515137
v 0.6321137547492981 0.3469778895378113 0.4722404479980469
v 0.6304428577423096 0.3466298282146454 0.47060590982437134
v 0.6158336400985718 0.34598249197006226 0.47882646322250366
v 0.6158332228660583 0.3482721149921417 0.47833937406539917
v 0.6135504841804504 0.348398894071579 0.4789374768733978
v 0.6135509014129639 0.3461092710494995 0.4794245660305023
v 0.6258775591850281 0.346628874540329 0.47060567140579224
v 0.628160297870636 0.3465020954608917 0.4700075387954712
v 0.6242063641548157 0.3456365466117859 0.4771924912929535
v 0.6242059469223022 0.34792616963386536 0.476705402135849
v 0.6235945820808411 0.3474510610103607 0.47447267174720764
v 0.6235949993133545 0.34516143798828125 0.47495976090431213
v 0.6321136951446533 0.3456382155418396 0.4771929085254669
v 0.6321132779121399 0.34792783856391907 0.4767058193683624
v 0.6304421424865723 0.34827518463134766 0.47834014892578125
v 0.6304425597190857 0.3459855616092682 0.47882723808288574
v 0.6258768439292908 0.34827423095703125 0.47833994030952454
v 0.6242068409919739 0.3446865975856781 0.47272711992263794
v 0.6242064237594604 0.34697622060775757 0.47224003076553345
v 0.6258775591850281 0.346628874540329 0.47060567140579224
v 0.6258779764175415 0.3443392515182495 0.47109276056289673
v 0.6327256560325623 0.34492427110671997 0.47501108050346375
v 0.6321142315864563 0.3444491922855377 0.4727783799171448
v 0.6321141719818115 0.3446882665157318 0.47272753715515137
v 0.6327255964279175 0.34516334533691406 0.47496023774147034
v 0.6258768439292908 0.34827423095703125 0.47833994030952454
v 0.6258772611618042 0.3459846079349518 0.47882702946662903
v 0.6304426193237305 0.3457464873790741 0.47887808084487915
v 0.6305506229400635 0.3457854390144348 0.479061096906662
v 0.6321137547492981 0.3453991413116455 0.4772437512874603
v 0.6323009133338928 0.3454216420650482 0.4773494303226471
v 0.6327256560325623 0.34492427110671997 0.47501108050346375
v 0.632941722869873 0.34492433071136475 0.47501111030578613
v 0.6281602382659912 0.3467411696910858 0.4699566662311554
v 0.6258774995803833 0.34686794877052307 0.47055479884147644
v 0.6304426193237305 0.3457464873790741 0.47887808084487915
v 0.6281602382659912 0.3467411696910858 0.4699566662311554
v 0.6258774995803833 0.34686794877052307 0.47055479884147644
v 0.6257695555686951 0.34682899713516235 0.4703717827796936
v 0.6321137547492981 0.3453991413116455 0.4772437512874603
v 0.6304426193237305 0.3457464873790741 0.47887808084487915
v 0.632725179195404 0.34745296835899353 0.47447314858436584
v 0.6240193247795105 0.34541991353034973 0.4773489534854889
v 0.6321137547492981 0.3469778895378113 0.4722404479980469
v 0.6242064237594604 0.3453974723815918 0.4772433340549469
v 0.6235950589179993 0.34492236375808716 0.47501060366630554
v 0.625877320766449 0.3457455337047577 0.47887787222862244
v 0.6242064237594604 0.3453974723815918 0.4772433340549469
v 0.6304427981376648 0.3468689024448395 0.47055503726005554
v 0.6327251195907593 0.3476920425891876 0.47442227602005005
v 0.6321136951446533 0.34721696376800537 0.4721895754337311
v 0.632300853729248 0.34719452261924744 0.4720839262008667
v 0.6329411864280701 0.3476921021938324 0.47442230582237244
v 0.6235950589179993 0.34492236375808716 0.47501060366630554
v 0.6233789920806885 0.3449223041534424 0.47501057386398315
v 0.6304427981376648 0.3468689024448395 0.47055503726005554
v 0.6242063641548157 0.34721529483795166 0.47218915820121765
v 0.6235945224761963 0.3476901352405548 0.47442179918289185
v 0.6233784556388855 0.34769007563591003 0.47442176938056946
v 0.6240192651748657 0.34719279408454895 0.4720834493637085
v 0.6258774995803833 0.34686794877052307 0.47055479884147644
v 0.6242063641548157 0.34721529483795166 0.47218915820121765
v 0.6235945224761963 0.3476901352405548 0.47442179918289185
v 0.6193948984146118 0.3466704189777374 0.4696323275566101
v 0.6242058873176575 0.34816524386405945 0.4766545295715332
v 0.6240187883377075 0.3481876850128174 0.4767601490020752
v 0.625876784324646 0.34851330518722534 0.47828906774520874
v 0.6257687211036682 0.3485521972179413 0.4784720838069916
v 0.625876784324646 0.34851330518722534 0.47828906774520874
v 0.6242058873176575 0.34816524386405945 0.4766545295715332
v 0.636925220489502 0.34769293665885925 0.47442251443862915
v 0.6193939447402954 0.3487080931663513 0.47921082377433777
v 0.6327251195907593 0.3476920425891876 0.47442227602005005
v 0.6321132183074951 0.34816691279411316 0.47665494680404663
v 0.6304420828819275 0.34851425886154175 0.47828927636146545
v 0.6304420828819275 0.34851425886154175 0.47828927636146545
v 0.6281594038009644 0.348641037940979 0.4788874089717865
v 0.6323003768920898 0.34818941354751587 0.4767606258392334
v 0.6321132183074951 0.34816691279411316 0.47665494680404663
v 0.6305500864982605 0.34855321049690247 0.4784723222255707
v 0.6304420828819275 0.34851425886154175 0.47828927636146545
v 0.6281593441963196 0.34868600964546204 0.47909873723983765
v 0.6281594038009644 0.348641037940979 0.4788874089717865
v 0.6240198016166687 0.3444250226020813 0.4726722538471222
v 0.628160834312439 0.3438783884048462 0.47009894251823425
v 0.6193954348564148 0.34387654066085815 0.47009846568107605
v 0.6242069005966187 0.344447523355484 0.47277796268463135
v 0.6258780360221863 0.3441001772880554 0.47114360332489014
v 0.6242069005966187 0.344447523355484 0.47277796268463135
v 0.6369256973266602 0.3466480076313019 0.46951061487197876
v 0.628160297870636 0.34664615988731384 0.46951013803482056
v 0.6304433345794678 0.3441011309623718 0.47114384174346924
v 0.6305514574050903 0.3440622389316559 0.4709608256816864
v 0.6321136951446533 0.34721696376800537 0.4721895754337311
v 0.6321142315864563 0.3444491922855377 0.4727783799171448
v 0.632301390171051 0.3444267511367798 0.4726727306842804
v 0.6281593441963196 0.34870994091033936 0.47921130061149597
v 0.6281593441963196 0.3487360179424286 0.47933393716812134
v 0.6193939447402954 0.34873417019844055 0.47933346033096313
v 0.6321136951446533 0.34721696376800537 0.4721895754337311
v 0.625876784324646 0.34851330518722534 0.47828906774520874
v 0.6135517954826355 0.34397032856941223 0.4705446660518646
v 0.6112691164016724 0.3440971076488495 0.47114279866218567
v 0.6112690567970276 0.3443361818790436 0.47109195590019226
v 0.6135517358779907 0.3442094027996063 0.4704938232898712
v 0.6135517954826355 0.34397032856941223 0.4705446660518646
v 0.6135518550872803 0.3439253568649292 0.4703333377838135
v 0.6111611127853394 0.34405815601348877 0.47095978260040283
v 0.6112691164016724 0.3440971076488495 0.47114279866218567
v 0.6135509014129639 0.34591516852378845 0.47968676686286926
v 0.6111602783203125 0.3457813560962677 0.4790600836277008
v 0.6062464118003845 0.3459375500679016 0.47979891300201416
v 0.6135509014129639 0.34593909978866577 0.4797993004322052
v 0.6135509014129639 0.345965176820755 0.47992193698883057
v 0.6062464118003845 0.34596362709999084 0.4799215495586395
v 0.6135509610176086 0.3458701968193054 0.4794754087924957
v 0.6112683415412903 0.34598153829574585 0.47882622480392456
v 0.6112684011459351 0.34574246406555176 0.47887706756591797
v 0.6135509610176086 0.3458701968193054 0.4794754087924957
v 0.6112684011459351 0.34574246406555176 0.47887706756591797
v 0.6175053119659424 0.3444461226463318 0.4727776050567627
v 0.6158344149589539 0.3440980613231659 0.47114303708076477
v 0.6158343553543091 0.34433713555336 0.47109219431877136
v 0.6175052523612976 0.3446851968765259 0.4727267622947693
v 0.6175048351287842 0.34697481989860535 0.4722396731376648
v 0.6158339381217957 0.34662675857543945 0.47060510516166687
v 0.6012246608734131 0.3459794223308563 0.4788256883621216
v 0.6012242436408997 0.3482690453529358 0.4783385992050171
v 0.5989415645599365 0.34839582443237305 0.47893673181533813
v 0.59894198179245 0.3461062014102936 0.4794238209724426
v 0.6112686395645142 0.34662580490112305 0.47060486674308777
v 0.6135513186454773 0.3464990258216858 0.4700067341327667
v 0.6095974445343018 0.34563347697257996 0.477191686630249
v 0.6095970273017883 0.3479230999946594 0.47670459747314453
v 0.6089856028556824 0.3474479913711548 0.4744718670845032
v 0.6089860200881958 0.3451583683490753 0.47495895624160767
v 0.6175047755241394 0.34563514590263367 0.47719213366508484
v 0.617504358291626 0.34792476892471313 0.47670504450798035
v 0.6158332228660583 0.3482721149921417 0.47833937406539917
v 0.6158336400985718 0.34598249197006226 0.47882646322250366
v 0.6158339381217957 0.34662675857543945 0.47060510516166687
v 0.6158343553543091 0.34433713555336 0.47109219431877136
v 0.6112679243087769 0.3482711613178253 0.47833913564682007
v 0.60959792137146 0.34468352794647217 0.47272631525993347
v 0.6095975041389465 0.34697315096855164 0.472239226102829
v 0.6181166768074036 0.34492120146751404 0.47501030564308167
v 0.6181166172027588 0.34516027569770813 0.47495946288108826
v 0.6112679243087769 0.3482711613178253 0.47833913564682007
v 0.6112683415412903 0.34598153829574585 0.47882622480392456
v 0.6158336997032166 0.34574341773986816 0.47887730598449707
v 0.6159416437149048 0.3457823693752289 0.4790603518486023
v 0.6175048351287842 0.3453960716724396 0.47724297642707825
v 0.6176919341087341 0.3454185724258423 0.4773486256599426
v 0.6181166768074036 0.34492120146751404 0.47501030564308167
v 0.6183327436447144 0.3449212610721588 0.47501030564308167
v 0.6135512590408325 0.3467381000518799 0.4699558615684509
v 0.6112685799598694 0.34686487913131714 0.470553994178772
v 0.6158336997032166 0.34574341773986816 0.47887730598449707
v 0.6135512590408325 0.3467381000518799 0.4699558615684509
v 0.6112685799598694 0.34686487913131714 0.470553994178772
v 0.6111605763435364 0.3468259274959564 0.47037097811698914
v 0.6135513186454773 0.34669312834739685 0.4697445333003998
v 0.6175048351287842 0.3453960716724396 0.47724297642707825
v 0.6158336997032166 0.34574341773986816 0.47887730598449707
v 0.6181161999702454 0.3474498987197876 0.47447237372398376
v 0.6094104051589966 0.3454168438911438 0.4773482084274292
v 0.6095975041389465 0.34539440274238586 0.47724252939224243
v 0.6089860796928406 0.3449192941188812 0.4750097990036011
v 0.6112684011459351 0.34574246406555176 0.47887706756591797
v 0.6095975041389465 0.34697315096855164 0.472239226102829
v 0.60959792137146 0.34468352794647217 0.47272631525993347
v 0.6095975041389465 0.34539440274238586 0.47724252939224243
v 0.6158338785171509 0.34686583280563354 0.4705542325973511
v 0.6181161403656006 0.3476889729499817 0.47442150115966797
v 0.6175047755241394 0.34721389412879944 0.472188800573349
v 0.6176918745040894 0.3471914529800415 0.47208312153816223
v 0.6183322072029114 0.34768903255462646 0.47442150115966797
v 0.6089860796928406 0.3449192941188812 0.4750097990036011
v 0.6087700128555298 0.34491923451423645 0.4750097990036011
v 0.6158338785171509 0.34686583280563354 0.4705542325973511
v 0.6159419417381287 0.3468269407749176 0.4703712463378906
v 0.6095974445343018 0.3472122251987457 0.4721883535385132
v 0.6089855432510376 0.3476870656013489 0.4744209945201874
v 0.6087694764137268 0.3476870059967041 0.4744209945201874
v 0.6094103455543518 0.347189724445343 0.4720826745033264
v 0.6095974445343018 0.3472122251987457 0.4721883535385132
v 0.6095974445343018 0.3472122251987457 0.4721883535385132
v 0.6089855432510376 0.3476870656013489 0.4744209945201874
v 0.6135513186454773 0.3466430902481079 0.4695093333721161
v 0.6135513186454773 0.34666919708251953 0.46963199973106384
v 0.606246829032898 0.34666764736175537 0.4696316123008728
v 0.606246829032898 0.34664154052734375 0.46950897574424744
v 0.6095969676971436 0.3481621742248535 0.47665372490882874
v 0.6094098687171936 0.34818461537361145 0.4767594039440155
v 0.6112678647041321 0.3485102355480194 0.4782882630825043
v 0.6111597418785095 0.34854912757873535 0.4784712791442871
v 0.6112678647041321 0.3485102355480194 0.4782882630825043
v 0.6095969676971436 0.3481621742248535 0.47665372490882874
v 0.6181161403656006 0.3476889729499817 0.47442150115966797
v 0.6175042986869812 0.3481638431549072 0.47665417194366455
v 0.6158331632614136 0.3485111892223358 0.4782885015010834
v 0.6158331632614136 0.3485111892223358 0.4782885015010834
v 0.6135504245758057 0.34863796830177307 0.47888660430908203
v 0.6176913976669312 0.34818634390830994 0.47675982117652893
v 0.6175042986869812 0.3481638431549072 0.47665417194366455
v 0.6159411072731018 0.34855014085769653 0.4784715473651886
v 0.6158331632614136 0.3485111892223358 0.4782885015010834
v 0.6135503649711609 0.3486829400062561 0.47909796237945557
v 0.6135504245758057 0.34863796830177307 0.47888660430908203
v 0.6095979809761047 0.3444444537162781 0.4727771580219269
v 0.6095979809761047 0.3444444537162781 0.4727771580219269
v 0.6094108819961548 0.34442195296287537 0.4726714789867401
v 0.6095979809761047 0.3444444537162781 0.4727771580219269
v 0.6158344149589539 0.3440980613231659 0.47114303708076477
v 0.6159424781799316 0.34405916929244995 0.4709600508213043
v 0.6175047755241394 0.34721389412879944 0.472188800573349
v 0.6175053119659424 0.3444461226463318 0.4727776050567627
v 0.6176924109458923 0.34442368149757385 0.4726719260215759
v 0.6158344149589539 0.3440980613231659 0.47114303708076477
v 0.6158338785171509 0.34686583280563354 0.4705542325973511
v 0.6112678647041321 0.3485102355480194 0.4782882630825043
v 0.5989429354667664 0.34392228722572327 0.4703325629234314
v 0.5989428758621216 0.34389835596084595 0.47022002935409546
v 0.591638445854187 0.3438968062400818 0.47021961212158203
v 0.5965521931648254 0.34405508637428284 0.47095897793769836
v 0.5989428758621216 0.3439672589302063 0.47054389119148254
v 0.5966601371765137 0.34409403800964355 0.4711419939994812
v 0.5966600775718689 0.34433311223983765 0.4710911512374878
v 0.5989428162574768 0.3442063331604004 0.47049304842948914
v 0.5989428758621216 0.3439672589302063 0.47054389119148254
v 0.5966601371765137 0.34409403800964355 0.4711419939994812
v 0.598941445350647 0.34867987036705017 0.4790971875190735
v 0.6013321280479431 0.3485470712184906 0.47847074270248413
v 0.6062458753585815 0.34870532155036926 0.47921010851860046
v 0.598941445350647 0.3487038016319275 0.4792097210884094
v 0.59894198179245 0.3459120988845825 0.4796859920024872
v 0.5965513586997986 0.34577828645706177 0.47905927896499634
v 0.5916374921798706 0.3459344804286957 0.4797981083393097
v 0.59894198179245 0.34593603014945984 0.4797985255718231
v 0.59894198179245 0.3459621071815491 0.4799211621284485
v 0.5916374921798706 0.3459605574607849 0.47992074489593506
v 0.6062473654747009 0.3438737690448761 0.47009778022766113
v 0.5989428758621216 0.3438722491264343 0.4700973927974701
v 0.6062473654747009 0.3438998758792877 0.4702204167842865
v 0.601333498954773 0.344056099653244 0.47095924615859985
v 0.5989420413970947 0.3458671271800995 0.47947466373443604
v 0.5966593623161316 0.3459784686565399 0.4788254201412201
v 0.5966594219207764 0.3457393944263458 0.4788762629032135
v 0.5989420413970947 0.3458671271800995 0.47947466373443604
v 0.5966594219207764 0.3457393944263458 0.4788762629032135
v 0.6028963327407837 0.34444305300712585 0.4727768003940582
v 0.6012254357337952 0.34409499168395996 0.4711422622203827
v 0.6012253761291504 0.34433406591415405 0.4710914194583893
v 0.6028962731361389 0.34468212723731995 0.4727259576320648
v 0.6028958559036255 0.3469717502593994 0.4722388684749603
v 0.601224958896637 0.3466236889362335 0.4706043303012848
v 0.5966596603393555 0.3466227352619171 0.4706040620803833
v 0.5989423990249634 0.34649595618247986 0.47000595927238464
v 0.5949884653091431 0.345630407333374 0.47719088196754456
v 0.5949880480766296 0.3479200303554535 0.47670379281044006
v 0.5943766832351685 0.34744492173194885 0.4744710624217987
v 0.5943771004676819 0.3451552987098694 0.4749581515789032
v 0.6028957962989807 0.34563207626342773 0.47719132900238037
v 0.6028953790664673 0.3479216992855072 0.4767042398452759
v 0.6012242436408997 0.3482690453529358 0.4783385992050171
v 0.6012246608734131 0.3459794223308563 0.4788256883621216
v 0.601224958896637 0.3466236889362335 0.4706043303012848
v 0.6012253761291504 0.34433406591415405 0.4710914194583893
v 0.5966589450836182 0.3482680916786194 0.4783383309841156
v 0.5949889421463013 0.34468045830726624 0.472725510597229
v 0.5949885249137878 0.3469700813293457 0.4722384214401245
v 0.5966596603393555 0.3466227352619171 0.4706040620803833
v 0.5966600775718689 0.34433311223983765 0.4710911512374878
v 0.6035077571868896 0.3449181318283081 0.4750095009803772
v 0.6035076975822449 0.3451572060585022 0.4749586582183838
v 0.5966589450836182 0.3482680916786194 0.4783383309841156
v 0.5966593623161316 0.3459784686565399 0.4788254201412201
v 0.6012247204780579 0.34574034810066223 0.478876531124115
v 0.6013326644897461 0.34577929973602295 0.4790595471858978
v 0.6028958559036255 0.34539300203323364 0.4772421717643738
v 0.6030829548835754 0.34541550278663635 0.47734782099723816
v 0.6035077571868896 0.3449181318283081 0.4750095009803772
v 0.6037237644195557 0.3449181914329529 0.4750095009803772
v 0.5989423394203186 0.34673503041267395 0.46995508670806885
v 0.5966596007347107 0.3468618094921112 0.4705531895160675
v 0.6012247204780579 0.34574034810066223 0.478876531124115
v 0.5989423394203186 0.34673503041267395 0.46995508670806885
v 0.5966596007347107 0.3468618094921112 0.4705531895160675
v 0.5965516567230225 0.3468228578567505 0.47037017345428467
v 0.5989423990249634 0.3466900587081909 0.4697437584400177
v 0.6028958559036255 0.34539300203323364 0.4772421717643738
v 0.6012247204780579 0.34574034810066223 0.478876531124115
v 0.6035072803497314 0.34744682908058167 0.4744715690612793
v 0.5948014259338379 0.34541377425193787 0.47734740376472473
v 0.5941610932350159 0.3449161648750305 0.4750089943408966
v 0.5916379690170288 0.34491562843322754 0.47500887513160706
v 0.6030834317207336 0.3444206118583679 0.47267112135887146
v 0.6062468886375427 0.34491869807243347 0.47500964999198914
v 0.5949885249137878 0.34539133310317993 0.47724172472953796
v 0.5943771600723267 0.3449162244796753 0.4750089943408966
v 0.5966594219207764 0.3457393944263458 0.4788762629032135
v 0.5949885249137878 0.34539133310317993 0.47724172472953796
v 0.6012248992919922 0.3468627631664276 0.470553457736969
v 0.6035072207450867 0.34768590331077576 0.4744206964969635
v 0.6028957962989807 0.3472108244895935 0.47218799591064453
v 0.6030828952789307 0.34718838334083557 0.47208231687545776
v 0.6037232279777527 0.34768596291542053 0.4744206964969635
v 0.5943771600723267 0.3449162244796753 0.4750089943408966
v 0.6012248992919922 0.3468627631664276 0.470553457736969
v 0.60133296251297 0.34682387113571167 0.47037044167518616
v 0.5949884653091431 0.3472091555595398 0.4721875488758087
v 0.5943766236305237 0.34768399596214294 0.4744201898574829
v 0.5941605567932129 0.34768393635749817 0.4744201898574829
v 0.5948013663291931 0.3471866548061371 0.47208186984062195
v 0.5966596007347107 0.3468618094921112 0.4705531895160675
v 0.5949884653091431 0.3472091555595398 0.4721875488758087
v 0.5943766236305237 0.34768399596214294 0.4744201898574829
v 0.5989423394203186 0.346640020608902 0.4695085883140564
v 0.5989423394203186 0.3466661274433136 0.46963122487068176
v 0.591637909412384 0.34666457772254944 0.46963080763816833
v 0.591637909412384 0.3466384708881378 0.46950817108154297
v 0.5916374325752258 0.3476833999156952 0.47442007064819336
v 0.6030824184417725 0.348183274269104 0.47675901651382446
v 0.6062463521957397 0.3476864695549011 0.47442084550857544
v 0.5949879884719849 0.3481591045856476 0.47665292024612427
v 0.5948008894920349 0.3481815457344055 0.47675859928131104
v 0.5966588854789734 0.3485071659088135 0.4782874584197998
v 0.5965508222579956 0.3485460579395294 0.47847047448158264
v 0.5966588854789734 0.3485071659088135 0.4782874584197998
v 0.5949879884719849 0.3481591045856476 0.47665292024612427
v 0.5916369557380676 0.34870225191116333 0.479209303855896
v 0.6035072207450867 0.34768590331077576 0.4744206964969635
v 0.6028953194618225 0.3481607735157013 0.4766533672809601
v 0.6012241840362549 0.3485081195831299 0.4782877266407013
v 0.6012241840362549 0.3485081195831299 0.4782877266407013
v 0.5989415049552917 0.34863489866256714 0.47888585925102234
v 0.6028953194618225 0.3481607735157013 0.4766533672809601
v 0.6012241840362549 0.3485081195831299 0.4782877266407013
v 0.5989415049552917 0.34863489866256714 0.47888585925102234
v 0.5948019027709961 0.34441888332366943 0.47267067432403564
v 0.591638445854187 0.34387069940567017 0.47009697556495667
v 0.594989001750946 0.34444138407707214 0.4727763533592224
v 0.5966601371765137 0.34409403800964355 0.4711419939994812
v 0.594989001750946 0.34444138407707214 0.4727763533592224
v 0.6012254357337952 0.34409499168395996 0.4711422622203827
v 0.6028957962989807 0.3472108244895935 0.47218799591064453
v 0.6028963327407837 0.34444305300712585 0.4727768003940582
v 0.6012254357337952 0.34409499168395996 0.4711422622203827
v 0.598941445350647 0.3487298786640167 0.4793323576450348
v 0.5916369557380676 0.34872832894325256 0.47933194041252136
v 0.6012248992919922 0.3468627631664276 0.470553457736969
v 0.5966588854789734 0.3485071659088135 0.4782874584197998
v 0.650073766708374 0.34492793679237366 0.47501203417778015
v 0.6500742435455322 0.3438830077648163 0.47010013461112976
v 0.6427683234214783 0.3487390875816345 0.4793347418308258
v 0.6427698135375977 0.3438814580440521 0.4700997471809387
v 0.6369257569313049 0.3449251651763916 0.47501131892204285
v 0.6369262337684631 0.34388023614883423 0.47009941935539246
v 0.6369247436523438 0.3487378656864166 0.47933441400527954
v 0.6281598806381226 0.34596824645996094 0.47992274165153503
v 0.6193944811820984 0.3459663987159729 0.47992226481437683
v 0.6193949580192566 0.3449214696884155 0.47501036524772644
v 0.6193948984146118 0.3466443121433258 0.46950966119766235
v 0.6193944215774536 0.3476892411708832 0.47442156076431274
v 0.6135518550872803 0.3439014256000519 0.47022080421447754
v 0.6135503649711609 0.34873294830322266 0.47933313250541687
v 0.6135503649711609 0.3487068712711334 0.4792104959487915
v 0.6135518550872803 0.34387531876564026 0.4700981378555298
v 0.6062458753585815 0.3487313985824585 0.47933274507522583
v 0.5916367173194885 0.34925517439842224 0.4818084239959717
v 0.5913769006729126 0.34925511479377747 0.4818084239959717
v 0.5913771390914917 0.3487282693386078 0.47933194041252136
v 0.6573784351348877 0.3461254835128784 0.4670352637767792
v 0.664682924747467 0.3461270332336426 0.4670356810092926
v 0.6281605362892151 0.34611934423446655 0.4670336842536926
v 0.6369259357452393 0.3461211919784546 0.46703416109085083
v 0.6649420857429504 0.34597599506378174 0.479924738407135
v 0.6649418473243713 0.3465028405189514 0.48240119218826294
v 0.6649413108825684 0.34927061200141907 0.48181238770484924
v 0.6649415493011475 0.3487437665462494 0.4793359339237213
v 0.6573789715766907 0.34335771203041077 0.46762406826019287
v 0.6573794484138489 0.3408273458480835 0.4681623578071594
v 0.6646839380264282 0.34082889556884766 0.46816277503967285
v 0.66468346118927 0.3433592617511749 0.4676244854927063
v 0.6135520935058594 0.34334850311279297 0.46762168407440186
v 0.6135525703430176 0.3408181369304657 0.4681599736213684
v 0.6193961501121521 0.3408193588256836 0.4681603014469147
v 0.6193956732749939 0.34334972500801086 0.4676220118999481
v 0.6573770046234131 0.34926900267601013 0.4818119704723358
v 0.6500725150108337 0.34926748275756836 0.4818115830421448
v 0.6646814942359924 0.3492705523967743 0.48181238770484924
v 0.606247067451477 0.34611472487449646 0.4670324921607971
v 0.6135515570640564 0.3461162745952606 0.46703287959098816
v 0.6500739455223083 0.34612396359443665 0.46703487634658813
v 0.6646822690963745 0.34597593545913696 0.479924738407135
v 0.6646827459335327 0.3434455692768097 0.48046302795410156
v 0.6649425625801086 0.34344562888145447 0.48046302795410156
v 0.6649420857429504 0.34597599506378174 0.479924738407135
v 0.6649425029754639 0.34665390849113464 0.46951213479042053
v 0.6649426817893982 0.34612709283828735 0.4670356810092926
v 0.6649432182312012 0.3433593213558197 0.4676244854927063
v 0.6649430394172668 0.343886137008667 0.47010093927383423
v 0.6062461733818054 0.3464904725551605 0.48239803314208984
v 0.6062466502189636 0.34396010637283325 0.4829363226890564
v 0.598942220211029 0.3439585864543915 0.48293593525886536
v 0.5989417433738708 0.34648895263671875 0.4823976457118988
v 0.6062456369400024 0.3492582440376282 0.48180922865867615
v 0.5989412069320679 0.3492567241191864 0.4818088412284851
v 0.5916372537612915 0.3464874029159546 0.4823972284793854
v 0.5916377305984497 0.3439570367336273 0.48293551802635193
v 0.5913779139518738 0.34395697712898254 0.48293551802635193
v 0.5913774371147156 0.3464873433113098 0.4823972284793854
v 0.6281591057777405 0.34926286339759827 0.48181039094924927
v 0.6193937063217163 0.34926101565361023 0.48180991411209106
v 0.6649426817893982 0.34612709283828735 0.4670356810092926
v 0.6649425029754639 0.34665390849113464 0.46951213479042053
v 0.6369250416755676 0.34649693965911865 0.48239967226982117
v 0.6369255185127258 0.3439665734767914 0.4829379618167877
v 0.6369257569313049 0.3434397280216217 0.4804615080356598
v 0.6369252800941467 0.345970094203949 0.47992321848869324
v 0.6427700519561768 0.34335464239120483 0.4676232933998108
v 0.642770528793335 0.34082427620887756 0.46816158294677734
v 0.6500749588012695 0.3408258259296417 0.4681619703769684
v 0.6500744819641113 0.343356192111969 0.46762368083000183
v 0.5913771390914917 0.34870219230651855 0.479209303855896
v 0.5913776159286499 0.3476833403110504 0.47442007064819336
v 0.5913786292076111 0.343896746635437 0.47021961212158203
v 0.5913781523704529 0.34491556882858276 0.47500887513160706
v 0.5913780927658081 0.34666451811790466 0.46963080763816833
v 0.5913776755332947 0.3459344208240509 0.4797981083393097
v 0.6649425029754639 0.34668001532554626 0.4696347713470459
v 0.6649420261383057 0.347698837518692 0.4744240343570709
v 0.6649415493011475 0.34871768951416016 0.47921326756477356
v 0.6649420857429504 0.3459499180316925 0.47980207204818726
v 0.6649425625801086 0.34493106603622437 0.4750128388404846
v 0.6649430394172668 0.3439122438430786 0.4702235758304596
v 0.6649425625801086 0.34493106603622437 0.4750128388404846
v 0.6649420261383057 0.347698837518692 0.4744240343570709
v 0.6649425029754639 0.34668001532554626 0.4696347713470459
v 0.6649430394172668 0.3439122438430786 0.4702235758304596
v 0.6649420857429504 0.3459499180316925 0.47980207204818726
v 0.6649415493011475 0.34871768951416016 0.47921326756477356
v 0.5913781523704529 0.34491556882858276 0.47500887513160706
v 0.5913776159286499 0.3476833403110504 0.47442007064819336
v 0.5913771390914917 0.34870219230651855 0.479209303855896
v 0.5913776755332947 0.3459344208240509 0.4797981083393097
v 0.5913786292076111 0.343896746635437 0.47021961212158203
v 0.5913780927658081 0.34666451811790466 0.46963080763816833
v 0.5913786292076111 0.3438706398010254 0.47009697556495667
v 0.5913780927658081 0.34663841128349304 0.46950817108154297
v 0.5913771390914917 0.3487282693386078 0.47933194041252136
v 0.5913776755332947 0.34596049785614014 0.47992074489593506
v 0.6649415493011475 0.3487437665462494 0.4793359339237213
v 0.6649420857429504 0.34597599506378174 0.479924738407135
v 0.6369245052337646 0.3492647111415863 0.48181086778640747
v 0.6649430394172668 0.343886137008667 0.47010093927383423
v 0.6281610727310181 0.3433515727519989 0.4676224887371063
v 0.6193956732749939 0.34334972500801086 0.4676220118999481
v 0.5913776755332947 0.34596049785614014 0.47992074489593506
v 0.5913780927658081 0.34663841128349304 0.46950817108154297
v 0.6193944811820984 0.3459663987159729 0.47992226481437683
v 0.6193949580192566 0.34343603253364563 0.4804605543613434
v 0.6193947196006775 0.3439628779888153 0.4829370081424713
v 0.6193942427635193 0.3464932441711426 0.48239871859550476
v 0.5913786292076111 0.3438706398010254 0.47009697556495667
v 0.5989412069320679 0.3492567241191864 0.4818088412284851
v 0.5916367173194885 0.34925517439842224 0.4818084239959717
v 0.6062456369400024 0.3492582440376282 0.48180922865867615
v 0.6135501265525818 0.34925979375839233 0.4818095862865448
v 0.6135506629943848 0.3464920222759247 0.4823983907699585
v 0.6193937063217163 0.34926101565361023 0.48180991411209106
v 0.6193942427635193 0.3464932441711426 0.48239871859550476
v 0.6281591057777405 0.34926286339759827 0.48181039094924927
v 0.6281596422195435 0.3464950919151306 0.48239919543266296
v 0.6369245052337646 0.3492647111415863 0.48181086778640747
v 0.6369250416755676 0.34649693965911865 0.48239967226982117
v 0.6427686214447021 0.34649816155433655 0.48240000009536743
v 0.6427680850028992 0.3492659330368042 0.48181119561195374
v 0.6500725150108337 0.34926748275756836 0.4818115830421448
v 0.6500730514526367 0.3464997112751007 0.48240038752555847
v 0.6573770046234131 0.34926900267601013 0.4818119704723358
v 0.6573775410652161 0.3465012311935425 0.4824007749557495
v 0.6646814942359924 0.3492705523967743 0.48181238770484924
v 0.6646820306777954 0.34650278091430664 0.48240119218826294
v 0.5989431142807007 0.34334543347358704 0.4676209092140198
v 0.5989425778388977 0.3461132049560547 0.4670321047306061
v 0.5916381478309631 0.3461116552352905 0.46703168749809265
v 0.5916386842727661 0.3433438837528229 0.46762049198150635
v 0.60624760389328 0.3433469533920288 0.4676212966442108
v 0.606247067451477 0.34611472487449646 0.4670324921607971
v 0.6135515570640564 0.3461162745952606 0.46703287959098816
v 0.6193951368331909 0.3461174964904785 0.4670332074165344
v 0.6281610727310181 0.3433515727519989 0.4676224887371063
v 0.6281605362892151 0.34611934423446655 0.4670336842536926
v 0.6369264721870422 0.34335342049598694 0.4676229655742645
v 0.6369259357452393 0.3461211919784546 0.46703416109085083
v 0.6427695155143738 0.3461224138736725 0.4670344889163971
v 0.6500739455223083 0.34612396359443665 0.46703487634658813
v 0.6573784351348877 0.3461254835128784 0.4670352637767792
v 0.664682924747467 0.3461270332336426 0.4670356810092926
v 0.6649413108825684 0.34927061200141907 0.48181238770484924
v 0.6649418473243713 0.3465028405189514 0.48240119218826294
v 0.6649432182312012 0.3433593213558197 0.4676244854927063
v 0.6649426817893982 0.34612709283828735 0.4670356810092926
v 0.5913769006729126 0.34925511479377747 0.4818084239959717
v 0.5913783311843872 0.34611159563064575 0.46703168749809265
v 0.5913788676261902 0.3433438241481781 0.46762049198150635
v 0.6427698135375977 0.3438814580440521 0.4700997471809387
v 0.6427702903747559 0.34135109186172485 0.4706380367279053
v 0.6369267106056213 0.34134986996650696 0.470637708902359
v 0.6369262337684631 0.34388023614883423 0.47009941935539246
v 0.6135501265525818 0.34925979375839233 0.4818095862865448
v 0.6427695155143738 0.3461224138736725 0.4670344889163971
v 0.5913769006729126 0.34925511479377747 0.4818084239959717
v 0.5913774371147156 0.3464873433113098 0.4823972284793854
v 0.6135518550872803 0.34387531876564026 0.4700981378555298
v 0.6135523319244385 0.341344952583313 0.47063642740249634
v 0.6062478423118591 0.34134340286254883 0.4706360697746277
v 0.6062473654747009 0.3438737690448761 0.47009778022766113
v 0.6193954348564148 0.34387654066085815 0.47009846568107605
v 0.619395911693573 0.3413461744785309 0.4706367552280426
v 0.591638445854187 0.34387069940567017 0.47009697556495667
v 0.5916389226913452 0.3413403332233429 0.4706352651119232
v 0.5913791060447693 0.3413402736186981 0.4706352651119232
v 0.5913786292076111 0.3438706398010254 0.47009697556495667
v 0.5916381478309631 0.3461116552352905 0.46703168749809265
v 0.5989425778388977 0.3461132049560547 0.4670321047306061
v 0.5916374921798706 0.3459605574607849 0.47992074489593506
v 0.5916379690170288 0.34343019127845764 0.4804590344429016
v 0.5989424586296082 0.3434317409992218 0.48045945167541504
v 0.59894198179245 0.3459621071815491 0.4799211621284485
v 0.6281596422195435 0.3464950919151306 0.48239919543266296
v 0.6369250416755676 0.34649693965911865 0.48239967226982117
v 0.6193942427635193 0.3464932441711426 0.48239871859550476
v 0.6649423241615295 0.34397247433662415 0.4829394817352295
v 0.6646825075149536 0.34397241473197937 0.4829394817352295
v 0.6062464118003845 0.34596362709999084 0.4799215495586395
v 0.6062468886375427 0.3434332609176636 0.4804598391056061
v 0.6135513782501221 0.34343481063842773 0.4804602265357971
v 0.6135509014129639 0.345965176820755 0.47992193698883057
v 0.5913788676261902 0.3433438241481781 0.46762049198150635
v 0.5913783311843872 0.34611159563064575 0.46703168749809265
v 0.5913783311843872 0.34611159563064575 0.46703168749809265
v 0.6427680850028992 0.3492659330368042 0.48181119561195374
v 0.6193951368331909 0.3461174964904785 0.4670332074165344
v 0.5989433526992798 0.34134188294410706 0.47063568234443665
v 0.5989428758621216 0.3438722491264343 0.4700973927974701
v 0.6500735282897949 0.34396934509277344 0.482938677072525
v 0.6427690982818604 0.3439677953720093 0.482938289642334
v 0.5989435911178589 0.34081506729125977 0.46815919876098633
v 0.6062480807304382 0.34081658720970154 0.46815958619117737
v 0.6369264721870422 0.34335342049598694 0.4676229655742645
v 0.6649436950683594 0.34082895517349243 0.46816277503967285
v 0.664943516254425 0.3413557708263397 0.4706392288208008
v 0.6649413108825684 0.34927061200141907 0.48181238770484924
v 0.6427693367004395 0.3434409499168396 0.48046183586120605
v 0.6427690982818604 0.3439677953720093 0.482938289642334
v 0.6500735282897949 0.34396934509277344 0.482938677072525
v 0.650073766708374 0.34344249963760376 0.4804622232913971
v 0.6135523319244385 0.341344952583313 0.47063642740249634
v 0.6135525703430176 0.3408181369304657 0.4681599736213684
v 0.6062480807304382 0.34081658720970154 0.46815958619117737
v 0.6062478423118591 0.34134340286254883 0.4706360697746277
v 0.664943516254425 0.3413557708263397 0.4706392288208008
v 0.6649436950683594 0.34082895517349243 0.46816277503967285
v 0.6646839380264282 0.34082889556884766 0.46816277503967285
v 0.6646836996078491 0.34135571122169495 0.4706392288208008
v 0.5989435911178589 0.34081506729125977 0.46815919876098633
v 0.5989433526992798 0.34134188294410706 0.47063568234443665
v 0.5916391611099243 0.3408135175704956 0.4681587815284729
v 0.5916389226913452 0.3413403332233429 0.4706352651119232
v 0.6573782563209534 0.34344401955604553 0.48046261072158813
v 0.6573780179023743 0.3439708650112152 0.48293906450271606
v 0.6646825075149536 0.34397241473197937 0.4829394817352295
v 0.6646827459335327 0.3434455692768097 0.48046302795410156
v 0.619395911693573 0.3413461744785309 0.4706367552280426
v 0.6193961501121521 0.3408193588256836 0.4681603014469147
v 0.6649423241615295 0.34397247433662415 0.4829394817352295
v 0.6649425625801086 0.34344562888145447 0.48046302795410156
v 0.6500747203826904 0.341352641582489 0.4706384241580963
v 0.6500749588012695 0.3408258259296417 0.4681619703769684
v 0.642770528793335 0.34082427620887756 0.46816158294677734
v 0.6427702903747559 0.34135109186172485 0.4706380367279053
v 0.6369269490242004 0.34082305431365967 0.4681612551212311
v 0.6369267106056213 0.34134986996650696 0.470637708902359
v 0.6135513782501221 0.34343481063842773 0.4804602265357971
v 0.613551139831543 0.3439616560935974 0.48293668031692505
v 0.6193947196006775 0.3439628779888153 0.4829370081424713
v 0.6193949580192566 0.34343603253364563 0.4804605543613434
v 0.5989424586296082 0.3434317409992218 0.48045945167541504
v 0.598942220211029 0.3439585864543915 0.48293593525886536
v 0.6062466502189636 0.34396010637283325 0.4829363226890564
v 0.6062468886375427 0.3434332609176636 0.4804598391056061
v 0.5913781523704529 0.34343013167381287 0.4804590344429016
v 0.5913779139518738 0.34395697712898254 0.48293551802635193
v 0.5916377305984497 0.3439570367336273 0.48293551802635193
v 0.5916379690170288 0.34343019127845764 0.4804590344429016
v 0.5913793444633484 0.34081345796585083 0.4681587815284729
v 0.5913791060447693 0.3413402736186981 0.4706352651119232
v 0.6573794484138489 0.3408273458480835 0.4681623578071594
v 0.6573792099952698 0.3413541615009308 0.47063881158828735
v 0.6369257569313049 0.3434397280216217 0.4804615080356598
v 0.6369255185127258 0.3439665734767914 0.4829379618167877
v 0.6500732898712158 0.34597286581993103 0.47992393374443054
v 0.650073766708374 0.34344249963760376 0.4804622232913971
v 0.6573782563209534 0.34344401955604553 0.48046261072158813
v 0.6573777794837952 0.3459743857383728 0.4799243211746216
v 0.5913791060447693 0.3413402736186981 0.4706352651119232
v 0.5913793444633484 0.34081345796585083 0.4681587815284729
v 0.6649425625801086 0.34344562888145447 0.48046302795410156
v 0.6649423241615295 0.34397247433662415 0.4829394817352295
v 0.6193947196006775 0.3439628779888153 0.4829370081424713
v 0.613551139831543 0.3439616560935974 0.48293668031692505
v 0.6573787331581116 0.34388452768325806 0.4701005220413208
v 0.6573792099952698 0.3413541615009308 0.47063881158828735
v 0.6500747203826904 0.341352641582489 0.4706384241580963
v 0.6500742435455322 0.3438830077648163 0.47010013461112976
v 0.5913776755332947 0.34596049785614014 0.47992074489593506
v 0.5913781523704529 0.34343013167381287 0.4804590344429016
v 0.5913779139518738 0.34395697712898254 0.48293551802635193
v 0.5913781523704529 0.34343013167381287 0.4804590344429016
v 0.5916391611099243 0.3408135175704956 0.4681587815284729
v 0.6369269490242004 0.34082305431365967 0.4681612551212311
v 0.6369262337684631 0.34388023614883423 0.47009941935539246
v 0.6369267106056213 0.34134986996650696 0.470637708902359
v 0.6369269490242004 0.34082305431365967 0.4681612551212311
v 0.6369264721870422 0.34335342049598694 0.4676229655742645
v 0.6649436950683594 0.34082895517349243 0.46816277503967285
v 0.6573780179023743 0.3439708650112152 0.48293906450271606
v 0.6193956732749939 0.34334972500801086 0.4676220118999481
v 0.6193961501121521 0.3408193588256836 0.4681603014469147
v 0.619395911693573 0.3413461744785309 0.4706367552280426
v 0.6193954348564148 0.34387654066085815 0.47009846568107605
v 0.6427688598632812 0.34597131609916687 0.4799235463142395
v 0.6427693367004395 0.3434409499168396 0.48046183586120605
v 0.6369252800941467 0.345970094203949 0.47992321848869324
v 0.6369257569313049 0.3434397280216217 0.4804615080356598
v 0.6369255185127258 0.3439665734767914 0.4829379618167877
v 0.6646832227706909 0.3438860774040222 0.47010093927383423
v 0.6646836996078491 0.34135571122169495 0.4706392288208008
v 0.5913793444633484 0.34081345796585083 0.4681587815284729
v 0.6193949580192566 0.34343603253364563 0.4804605543613434
v 0.6193944811820984 0.3459663987159729 0.47992226481437683
v 0.6649430394172668 0.343886137008667 0.47010093927383423
v 0.664943516254425 0.3413557708263397 0.4706392288208008
vt 0.0030780555680394173 0.970000684261322
vt 0.0030780984088778496 0.9685149192810059
vt 0.08962639421224594 0.9685149192810059
vt 0.08962641656398773 0.970000684261322
vt 0.08962639421224594 0.9671517014503479
vt 0.061299994587898254 0.9595616459846497
vt 0.08962637186050415 0.8538466691970825
vt 0.08962641656398773 0.8524834513664246
vt 0.17617473006248474 0.8524833917617798
vt 0.11795268207788467 0.8614367246627808
vt 0.4315892457962036 0.5728732943534851
vt 0.4315944314002991 0.5999196767807007
vt 0.42869850993156433 0.5999196767807007
vt 0.4286932945251465 0.5728732943534851
vt 0.14900226891040802 -0.047562241554260254
vt 0.14900226891040802 0.03898608684539795
vt 0.14751647412776947 0.03898608684539795
vt 0.14751647412776947 -0.047562241554260254
vt 0.08962634950876236 0.8564066290855408
vt 0.11667270958423615 0.8636537194252014
vt 0.14615322649478912 0.038986027240753174
vt 0.13856321573257446 0.01065969467163086
vt 0.11795268207788467 0.9595616459846497
vt 0.17617468535900116 0.9685149788856506
vt 0.17617467045783997 0.9700007438659668
vt 0.0030780555680394173 0.8509976267814636
vt 0.08962641656398773 0.8509976863861084
vt 0.0030780555680394173 0.8524833917617798
vt 0.061299994587898254 0.8614367246627808
vt 0.6047470569610596 0.33333003520965576
vt 0.6047470569610596 0.3304341435432434
vt 0.6317933797836304 0.3304288983345032
vt 0.6317933797836304 0.3333248496055603
vt 0.08962637186050415 0.9645916223526001
vt 0.11667268723249435 0.957344651222229
vt 0.03284826502203941 0.03898608684539795
vt 0.031485024839639664 0.03898608684539795
vt 0.03148498386144638 -0.047562241554260254
vt 0.04043827950954437 0.01065969467163086
vt 0.4316086769104004 0.5260275602340698
vt 0.4315944314002991 0.5458269715309143
vt 0.42869850993156433 0.5458269715309143
vt 0.42871272563934326 0.5260275602340698
vt 0.40097662806510925 0.5260275602340698
vt 0.4009624421596527 0.5458269715309143
vt 0.8317916393280029 0.10568714141845703
vt 0.8595277070999146 0.10568714141845703
vt 0.8595225214958191 0.13273346424102783
vt 0.8317864537239075 0.13273346424102783
vt 0.4009624123573303 0.5999196767807007
vt 0.40095722675323486 0.5728732943534851
vt 0.34692028164863586 0.5458270311355591
vt 0.3746563792228699 0.5458270311355591
vt 0.3746563792228699 0.5728733539581299
vt 0.34692028164863586 0.5728733539581299
vt 0.5579013824462891 0.33041471242904663
vt 0.5579013824462891 0.302678644657135
vt 0.577700674533844 0.30269283056259155
vt 0.577700674533844 0.3304288983345032
vt 0.6047470569610596 0.302698016166687
vt 0.6317933797836304 0.30269283056259155
vt 0.42871272563934326 0.6197189092636108
vt 0.40097662806510925 0.6197189092636108
vt 0.49246132373809814 0.140616774559021
vt 0.5195077061653137 0.140616774559021
vt 0.5195077061653137 0.14351272583007812
vt 0.49246132373809814 0.14351266622543335
vt 0.3746563792228699 0.5260276794433594
vt 0.34692028164863586 0.5260276794433594
vt 0.06257998943328857 0.957344651222229
vt 0.04278063401579857 0.9375454187393188
vt 0.04056360572576523 0.9388253688812256
vt 0.03553367778658867 0.9104991555213928
vt 0.03297363966703415 0.9104991555213928
vt 0.3980613052845001 0.5728732943534851
vt 0.3980664908885956 0.5999196767807007
vt 0.577700674533844 0.3333248496055603
vt 0.035408247262239456 0.03898608684539795
vt 0.042655304074287415 0.06603235006332397
vt 0.04043827950954437 0.06731241941452026
vt 0.46541500091552734 0.140616774559021
vt 0.46541500091552734 0.14351266622543335
vt 0.44561567902565 0.14351272583007812
vt 0.4456157088279724 0.140616774559021
vt 0.49246132373809814 0.17124879360198975
vt 0.46541500091552734 0.17124879360198975
vt 0.1386890560388565 0.9388254880905151
vt 0.519507646560669 0.17124879360198975
vt 0.04056364670395851 0.8821729421615601
vt 0.0030780555680394173 0.9104991555213928
vt 0.3440243601799011 0.5458270311355591
vt 0.3440243601799011 0.5728733539581299
vt 0.3440243601799011 0.5260276794433594
vt 0.3746563792228699 0.5999196767807007
vt 0.34692028164863586 0.5999196767807007
vt 0.13647198677062988 0.9375454187393188
vt 0.39806652069091797 0.5458269715309143
vt 0.08950075507164001 -0.015106678009033203
vt 0.062454503029584885 -0.007859587669372559
vt 0.061174552887678146 -0.010076642036437988
vt 0.08950075507164001 -0.01766669750213623
vt 0.14371906220912933 0.9104991555213928
vt 0.14627906680107117 0.9104991555213928
vt 0.042655304074287415 0.011939644813537598
vt 0.062454503029584885 0.0858316421508789
vt 0.08950075507164001 0.09307873249053955
vt 0.08950075507164001 0.09563875198364258
vt 0.06117446720600128 0.08804869651794434
vt 0.3775523006916046 0.6197189092636108
vt 0.3746563792228699 0.6197189092636108
vt 0.3775523006916046 0.5999196767807007
vt 0.3775523006916046 0.5728733539581299
vt 0.11782696098089218 -0.010076642036437988
vt 0.08950075507164001 -0.047562241554260254
vt 0.11654696613550186 0.08583170175552368
vt 0.11782704293727875 0.08804869651794434
vt 0.13634619116783142 0.06603235006332397
vt 0.13856321573257446 0.06731235980987549
vt 0.3775523006916046 0.5260276794433594
vt 0.3775523006916046 0.5458270311355591
vt 0.14751654863357544 0.12553435564041138
vt 0.49246132373809814 0.17414474487304688
vt 0.46541500091552734 0.17414474487304688
vt 0.44561567902565 0.17414474487304688
vt 0.44561567902565 0.17124879360198975
vt 0.577700674533844 0.2997968792915344
vt 0.6047470569610596 0.29980212450027466
vt 0.11654696613550186 -0.007859587669372559
vt 0.13634619116783142 0.011939704418182373
vt 0.1435932070016861 0.038986027240753174
vt 0.13868902623653412 0.8821728825569153
vt 0.34402433037757874 0.5999196767807007
vt 0.431608647108078 0.6197189092636108
vt 0.13647201657295227 0.8834528923034668
vt 0.029999250546097755 -0.047562241554260254
vt 0.029999250546097755 0.03898608684539795
vt 0.06257998943328857 0.8636537194252014
vt 0.519507646560669 0.17414474487304688
vt 0.04278067499399185 0.8834528923034668
vt 0.14900226891040802 0.12553435564041138
vt 0.3980807065963745 0.5260275602340698
vt 0.8063560724258423 0.15219175815582275
vt 0.8193555474281311 0.15219175815582275
vt 0.8193555474281311 0.22988420724868774
vt 0.8063560724258423 0.22988420724868774
vt 0.8288905024528503 0.15219175815582275
vt 0.8288905024528503 0.22988420724868774
vt 0.7578926086425781 0.15219169855117798
vt 0.770885169506073 0.15219169855117798
vt 0.770885169506073 0.22988420724868774
vt 0.7578925490379333 0.22988420724868774
vt 0.7838727831840515 0.15219169855117798
vt 0.7838727831840515 0.22988420724868774
vt 0.7933753728866577 0.15219169855117798
vt 0.7933753728866577 0.22988420724868774
vt 0.8118944764137268 0.6395382881164551
vt 0.8248752355575562 0.6395382881164551
vt 0.8248752355575562 0.7172307968139648
vt 0.8118944764137268 0.7172307968139648
vt 0.8378746509552002 0.6395382881164551
vt 0.8378746509552002 0.7172307968139648
vt 0.8474096059799194 0.6395382881164551
vt 0.8474096059799194 0.7172307968139648
vt 0.7224097847938538 0.15219169855117798
vt 0.7354024052619934 0.15219169855117798
vt 0.7354024052619934 0.22988420724868774
vt 0.7224097847938538 0.22988420724868774
vt 0.7483899593353271 0.15219169855117798
vt 0.7483899593353271 0.22988420724868774
vt 0.7578926086425781 0.15219169855117798
vt 0.7578926086425781 0.22988420724868774
vt 0.7933754324913025 0.15219175815582275
vt 0.7933754324913025 0.22988420724868774
vt 0.30526572465896606 0.493502676486969
vt 0.3230038285255432 0.493502676486969
vt 0.3230038285255432 0.4986582398414612
vt 0.30526572465896606 0.4986504316329956
vt 0.4314340353012085 0.36723846197128296
vt 0.4262862801551819 0.36723846197128296
vt 0.4262785017490387 0.3495003581047058
vt 0.4314340353012085 0.3495003581047058
vt 0.30521780252456665 0.3483138680458069
vt 0.3093491494655609 0.3483138680458069
vt 0.3093491494655609 0.3495003581047058
vt 0.30521780252456665 0.3495003581047058
vt 0.6356338858604431 0.5029642581939697
vt 0.6372373104095459 0.5029642581939697
vt 0.6372373104095459 0.5041507482528687
vt 0.6356338858604431 0.5041507482528687
vt 0.49805381894111633 0.2518773078918457
vt 0.49924030900001526 0.2518773078918457
vt 0.49924030900001526 0.25348079204559326
vt 0.49805381894111633 0.25348079204559326
vt 0.32419031858444214 0.6197189092636108
vt 0.3230038285255432 0.6197189092636108
vt 0.3230038285255432 0.615587592124939
vt 0.32419031858444214 0.615587592124939
vt 0.3230038285255432 0.5483142137527466
vt 0.30526572465896606 0.5482315421104431
vt 0.3230038285255432 0.5585744976997375
vt 0.3052656948566437 0.5585744976997375
vt 0.32419031858444214 0.5585744976997375
vt 0.37670519948005676 0.36723846197128296
vt 0.3766225278377533 0.3495003581047058
vt 0.36636221408843994 0.36723846197128296
vt 0.36636221408843994 0.3495003581047058
vt 0.36636221408843994 0.3483138680458069
vt 0.49805381894111633 0.23364675045013428
vt 0.49924030900001526 0.23364675045013428
vt 0.49924030900001526 0.2352503538131714
vt 0.49805381894111633 0.2352503538131714
vt 0.6174033284187317 0.5029642581939697
vt 0.6190069317817688 0.5029642581939697
vt 0.6190069317817688 0.5041507482528687
vt 0.6174033284187317 0.5041507482528687
vt 0.5579013228416443 0.6397169232368469
vt 0.5579001903533936 0.6405472159385681
vt 0.5527441501617432 0.6405398845672607
vt 0.5527452826499939 0.6397095918655396
vt 0.37676820158958435 0.8010799884796143
vt 0.37676724791526794 0.8002496957778931
vt 0.4264281690120697 0.8001909852027893
vt 0.4264291524887085 0.8010212779045105
vt 0.43581661581993103 0.6395441293716431
vt 0.4358154237270355 0.6403744220733643
vt 0.43168404698371887 0.6403685808181763
vt 0.431685209274292 0.6395382881164551
vt 0.30950042605400085 0.8011595606803894
vt 0.30949944257736206 0.8003292679786682
vt 0.3665124773979187 0.8002618551254272
vt 0.3665134608745575 0.8010921478271484
vt 0.5030831694602966 0.6404696702957153
vt 0.5030843615531921 0.6396393775939941
vt 0.4928284287452698 0.6404551267623901
vt 0.4928295910358429 0.639624834060669
vt 0.4782198965549469 0.23263949155807495
vt 0.4782198965549469 0.23364681005477905
vt 0.4773896038532257 0.23364681005477905
vt 0.4773896038532257 0.23263949155807495
vt 0.6163960099220276 0.4831303358078003
vt 0.6163960099220276 0.4823000431060791
vt 0.6174033284187317 0.4823000431060791
vt 0.6174033284187317 0.4831303358078003
vt 0.4315842390060425 0.8001848459243774
vt 0.4315852224826813 0.8010151386260986
vt 0.3053690493106842 0.801164448261261
vt 0.3053680658340454 0.8003341555595398
vt 0.5975693464279175 0.4831303358078003
vt 0.5975693464279175 0.4823000431060791
vt 0.5985767841339111 0.4823000431060791
vt 0.5985767245292664 0.4831303358078003
vt 0.4782198965549469 0.21381282806396484
vt 0.4782198965549469 0.21482020616531372
vt 0.4773896038532257 0.21482020616531372
vt 0.4773896038532257 0.21381282806396484
vt 0.5985767245292664 0.36483508348464966
vt 0.5985767841339111 0.3333301544189453
vt 0.6163960695266724 0.3333301544189453
vt 0.6163960099220276 0.36483508348464966
vt 0.5975693464279175 0.36483508348464966
vt 0.5975694060325623 0.3333301544189453
vt 0.23112760484218597 0.20226359367370605
vt 0.23112758994102478 0.179185688495636
vt 0.248946875333786 0.179185688495636
vt 0.248946875333786 0.20226359367370605
vt 0.2301202118396759 0.20226359367370605
vt 0.2301202118396759 0.179185688495636
vt 0.23112760484218597 0.14764416217803955
vt 0.24894686043262482 0.14764416217803955
vt 0.2301202267408371 0.14764416217803955
vt 0.23112758994102478 0.11609047651290894
vt 0.248946875333786 0.11609047651290894
vt 0.23012018203735352 0.11609047651290894
vt 0.30521780252456665 0.21482020616531372
vt 0.32837411761283875 0.21482020616531372
vt 0.32837414741516113 0.23263943195343018
vt 0.30521780252456665 0.23263943195343018
vt 0.30521777272224426 0.21381276845932007
vt 0.32837411761283875 0.21381276845932007
vt 0.3599245250225067 0.21482020616531372
vt 0.3599245548248291 0.23263949155807495
vt 0.3599245250225067 0.21381282806396484
vt 0.5985767245292664 0.3822317123413086
vt 0.6163960099220276 0.3822317123413086
vt 0.5975693464279175 0.3822317123413086
vt 0.6163960695266724 0.42903780937194824
vt 0.5985767841339111 0.42903780937194824
vt 0.6174033880233765 0.42903780937194824
vt 0.6174033284187317 0.3822317123413086
vt 0.42412734031677246 0.23263949155807495
vt 0.37732118368148804 0.23263949155807495
vt 0.37732118368148804 0.21482020616531372
vt 0.42412737011909485 0.21482020616531372
vt 0.42412734031677246 0.23364675045013428
vt 0.37732118368148804 0.23364675045013428
vt 0.37732118368148804 0.21381276845932007
vt 0.23112748563289642 0.273662805557251
vt 0.24894677102565765 0.273662805557251
vt 0.24894677102565765 0.32332372665405273
vt 0.23112748563289642 0.32332372665405273
vt 0.23012018203735352 0.273662805557251
vt 0.23012018203735352 0.32332372665405273
vt 0.42412737011909485 0.21381282806396484
vt 0.24894677102565765 0.3284798264503479
vt 0.23112748563289642 0.3284798264503479
vt 0.23012018203735352 0.3284798264503479
vt 0.23112750053405762 0.26340800523757935
vt 0.24894680082798004 0.26340800523757935
vt 0.2301201969385147 0.26340800523757935
vt 0.5975693464279175 0.42903780937194824
vt 0.2311275154352188 0.2063949704170227
vt 0.24894680082798004 0.2063949704170227
vt 0.2301202118396759 0.2063949704170227
vt 0.4791586697101593 0.23263949155807495
vt 0.4791586697101593 0.21482020616531372
vt 0.4791586697101593 0.23364681005477905
vt 0.6163960099220276 0.4840691089630127
vt 0.5985767841339111 0.4840691089630127
vt 0.6174033284187317 0.4840691089630127
vt 0.23112750053405762 0.20226359367370605
vt 0.24894680082798004 0.20226359367370605
vt 0.2301202267408371 0.20226359367370605
vt 0.702518105506897 0.12697088718414307
vt 0.7005095481872559 0.12697088718414307
vt 0.7005095481872559 0.11034393310546875
vt 0.702518105506897 0.11034393310546875
vt 0.702518105506897 0.12857449054718018
vt 0.7005095481872559 0.12857449054718018
vt 0.5136796832084656 0.3381996750831604
vt 0.5136796236038208 0.3397325873374939
vt 0.4970526397228241 0.3397325873374939
vt 0.49705269932746887 0.3381996750831604
vt 0.5152832269668579 0.3381996750831604
vt 0.5152832269668579 0.3397325873374939
vt 0.6988459229469299 0.12697094678878784
vt 0.6702097654342651 0.12697088718414307
vt 0.6702097654342651 0.11034393310546875
vt 0.6988459229469299 0.11034399271011353
vt 0.6988459229469299 0.12857449054718018
vt 0.6702097654342651 0.12857449054718018
vt 0.7229918241500854 0.8193948268890381
vt 0.7229918241500854 0.8027678728103638
vt 0.772652804851532 0.8027678728103638
vt 0.772652804851532 0.8193948268890381
vt 0.7229918241500854 0.8209984302520752
vt 0.772652804851532 0.8209984302520752
vt 0.46353310346603394 0.3520927429199219
vt 0.46353307366371155 0.35411250591278076
vt 0.44690611958503723 0.35411250591278076
vt 0.44690611958503723 0.3520927429199219
vt 0.46513667702674866 0.3520927429199219
vt 0.46513667702674866 0.35411250591278076
vt 0.6190069317817688 0.5020262002944946
vt 0.6356338858604431 0.5020262002944946
vt 0.6174033284187317 0.5020264387130737
vt 0.8490132093429565 0.6762810945510864
vt 0.8490131497383118 0.6437996625900269
vt 0.8656401634216309 0.6437996625900269
vt 0.8656401634216309 0.6762810945510864
vt 0.8474096059799194 0.6762810945510864
vt 0.8474096059799194 0.6437996625900269
vt 0.6190069317817688 0.5244181752204895
vt 0.6356338262557983 0.5244181752204895
vt 0.6356338262557983 0.5262909531593323
vt 0.6190069317817688 0.5262908935546875
vt 0.6174033284187317 0.5244181752204895
vt 0.6174033284187317 0.5262908935546875
vt 0.665632963180542 0.12170922756195068
vt 0.6656330227851868 0.12857449054718018
vt 0.6490060091018677 0.12857449054718018
vt 0.6490060091018677 0.12170922756195068
vt 0.6672365665435791 0.12170922756195068
vt 0.6672365665435791 0.12857449054718018
vt 0.51697838306427 0.23525041341781616
vt 0.5195077657699585 0.2352503538131714
vt 0.5195077657699585 0.2518773078918457
vt 0.51697838306427 0.2518773674964905
vt 0.51697838306427 0.23364681005477905
vt 0.5195077657699585 0.23364681005477905
vt 0.5136796832084656 0.3370516300201416
vt 0.49705269932746887 0.3370516300201416
vt 0.5152832269668579 0.3370516300201416
vt 0.6557239890098572 0.8193948268890381
vt 0.6557239890098572 0.8027678728103638
vt 0.7127370238304138 0.8027678728103638
vt 0.7127370238304138 0.8193948268890381
vt 0.6557239890098572 0.8209984302520752
vt 0.7127370238304138 0.8209984302520752
vt 0.5136796236038208 0.35754501819610596
vt 0.4970526397228241 0.35754501819610596
vt 0.4970526695251465 0.3481939435005188
vt 0.5136796236038208 0.3481939435005188
vt 0.5152832269668579 0.35754501819610596
vt 0.5152832269668579 0.3481939435005188
vt 0.8490132093429565 0.7087501287460327
vt 0.8656401634216309 0.7087501287460327
vt 0.8474096059799194 0.7087501287460327
vt 0.6190069317817688 0.521888792514801
vt 0.6356338858604431 0.521888792514801
vt 0.6174033284187317 0.521888792514801
vt 0.6356338262557983 0.5652341842651367
vt 0.6190069317817688 0.5652341842651367
vt 0.6174033284187317 0.5652341842651367
vt 0.7192153334617615 0.12697094678878784
vt 0.709860622882843 0.12697094678878784
vt 0.709860622882843 0.11034399271011353
vt 0.7192153334617615 0.11034399271011353
vt 0.7192153334617615 0.12857449054718018
vt 0.709860622882843 0.12857449054718018
vt 0.5136796832084656 0.2869572639465332
vt 0.5136796236038208 0.28890007734298706
vt 0.4970526695251465 0.28890007734298706
vt 0.49705269932746887 0.2869572639465332
vt 0.5152832269668579 0.2869572639465332
vt 0.5152832269668579 0.28890007734298706
vt 0.6672365665435791 0.12697094678878784
vt 0.6672365665435791 0.11034393310546875
vt 0.6672365665435791 0.12857449054718018
vt 0.6190069317817688 0.6157008409500122
vt 0.619006872177124 0.5833932161331177
vt 0.6356338262557983 0.5833932161331177
vt 0.6356338262557983 0.6157008409500122
vt 0.6174033284187317 0.6157008409500122
vt 0.6174033284187317 0.5833932161331177
vt 0.6190069317817688 0.5726544857025146
vt 0.6356338262557983 0.5726544857025146
vt 0.6174033284187317 0.5726544857025146
vt 0.5136796832084656 0.3643869161605835
vt 0.49705269932746887 0.3643869161605835
vt 0.5152832269668579 0.3643869161605835
vt 0.49711596965789795 0.2352503538131714
vt 0.49711596965789795 0.2518773078918457
vt 0.49711596965789795 0.23364681005477905
vt 0.46353307366371155 0.3643869161605835
vt 0.44690611958503723 0.3643869161605835
vt 0.46513667702674866 0.3643869161605835
vt 0.7778088450431824 0.8027678728103638
vt 0.7778088450431824 0.8193948268890381
vt 0.7778088450431824 0.8209983706474304
vt 0.619006872177124 0.6395382881164551
vt 0.6356338262557983 0.6395382881164551
vt 0.6174032688140869 0.6395382881164551
vt 0.665632963180542 0.11221379041671753
vt 0.6490060091018677 0.11221373081207275
vt 0.6672365665435791 0.11221379041671753
vt 0.6656330227851868 0.1030036211013794
vt 0.6490060687065125 0.1030036211013794
vt 0.6672365665435791 0.1030036211013794
vt 0.6515926122665405 0.8193948268890381
vt 0.6515926122665405 0.8027678728103638
vt 0.6515926122665405 0.8209984302520752
vt 0.8063560724258423 0.30757665634155273
vt 0.7933754324913025 0.30757665634155273
vt 0.7578926086425781 0.30757665634155273
vt 0.7483899593353271 0.30757665634155273
vt 0.7354024052619934 0.30757665634155273
vt 0.7224097847938538 0.30757665634155273
vt 0.8474096059799194 0.7949232459068298
vt 0.8378746509552002 0.7949232459068298
vt 0.8248752355575562 0.7949232459068298
vt 0.8118944764137268 0.7949232459068298
vt 0.7933753728866577 0.30757665634155273
vt 0.7838727831840515 0.30757665634155273
vt 0.770885169506073 0.30757665634155273
vt 0.7578925490379333 0.30757665634155273
vt 0.8288905024528503 0.30757665634155273
vt 0.8193555474281311 0.30757665634155273
vt 0.5152832269668579 0.302693247795105
vt 0.5308600664138794 0.302693247795105
vt 0.5308600664138794 0.45807814598083496
vt 0.5152832269668579 0.45807814598083496
vt 0.8004913926124573 0.6395382881164551
vt 0.8118945360183716 0.6395382881164551
vt 0.8118945360183716 0.7949232459068298
vt 0.8004913926124573 0.7949232459068298
vt 0.784906268119812 0.6395382881164551
vt 0.784906268119812 0.7949232459068298
vt 0.7693151831626892 0.6395382881164551
vt 0.7693151831626892 0.7949232459068298
vt 0.715293824672699 0.6395382881164551
vt 0.7267357110977173 0.6395382881164551
vt 0.7267357110977173 0.7949231863021851
vt 0.7152937650680542 0.7949231863021851
vt 0.6996945142745972 0.6395382881164551
vt 0.6996945142745972 0.7949232459068298
vt 0.6841176152229309 0.6395382881164551
vt 0.6841176748275757 0.7949231863021851
vt 0.7579120397567749 0.6395382881164551
vt 0.7693151235580444 0.6395382881164551
vt 0.7693151235580444 0.7949232459068298
vt 0.7579119801521301 0.7949232459068298
vt 0.7423269152641296 0.6395382881164551
vt 0.7423269152641296 0.7949232459068298
vt 0.7267357707023621 0.6395382881164551
vt 0.7267357707023621 0.7949232459068298
vt 0.5464593768119812 0.302693247795105
vt 0.5579013824462891 0.302693247795105
vt 0.5579013824462891 0.45807814598083496
vt 0.5464593768119812 0.45807814598083496
vt 0.18834765255451202 0.3284798264503479
vt 0.17900151014328003 0.3284798264503479
vt 0.17900151014328003 0.3256128430366516
vt 0.18834765255451202 0.3256128430366516
vt 0.27964678406715393 0.3284798264503479
vt 0.2728049159049988 0.3284798264503479
vt 0.2728049159049988 0.3256128430366516
vt 0.27964678406715393 0.3256128430366516
vt 0.2634538412094116 0.3284798264503479
vt 0.2634538412094116 0.3256128430366516
vt 0.25409919023513794 0.3284798264503479
vt 0.25409919023513794 0.3256128430366516
vt 0.2796468734741211 0.0824199914932251
vt 0.2865120470523834 0.0824199914932251
vt 0.2865120470523834 0.08528697490692139
vt 0.2796468436717987 0.08528697490692139
vt 0.29587167501449585 0.0824199914932251
vt 0.29587164521217346 0.08528697490692139
vt 0.3052177429199219 0.0824199914932251
vt 0.3052177429199219 0.08528697490692139
vt 0.23012013733386993 0.3284798264503479
vt 0.22327826917171478 0.3284798264503479
vt 0.22327826917171478 0.3256128430366516
vt 0.23012013733386993 0.3256128430366516
vt 0.21392719447612762 0.3284798264503479
vt 0.21392720937728882 0.3256128430366516
vt 0.20457252860069275 0.3284798264503479
vt 0.20457254350185394 0.3256128430366516
vt 0.20457236468791962 0.3284798264503479
vt 0.1977071911096573 0.3284798264503479
vt 0.1977071911096573 0.3256128430366516
vt 0.20457234978675842 0.3256128430366516
vt 0.3664834797382355 0.44988059997558594
vt 0.35788339376449585 0.4481790065765381
vt 0.35913997888565063 0.4462515711784363
vt 0.3664834797382355 0.44758474826812744
vt 0.37699249386787415 0.4470648765563965
vt 0.3758363723754883 0.4450787305831909
vt 0.38468560576438904 0.4393717050552368
vt 0.3826831579208374 0.438231885433197
vt 0.38750147819519043 0.4287431240081787
vt 0.3851892352104187 0.4287431240081787
vt 0.3664834797382355 0.48939967155456543
vt 0.33625391125679016 0.48135650157928467
vt 0.39689260721206665 0.48125165700912476
vt 0.4191536605358124 0.45899057388305664
vt 0.4273017644882202 0.4287431240081787
vt 0.3826831579208374 0.4195261597633362
vt 0.3758363723754883 0.41267937421798706
vt 0.3767011761665344 0.4108969569206238
vt 0.38483527302742004 0.4180077910423279
vt 0.3093491494655609 0.36723846197128296
vt 0.36636221408843994 0.36976784467697144
vt 0.3093491494655609 0.36976784467697144
vt 0.36636221408843994 0.3716406226158142
vt 0.31116199493408203 0.3716406226158142
vt 0.42705097794532776 0.41800469160079956
vt 0.42628589272499084 0.41061341762542725
vt 0.4314340353012085 0.410584032535553
vt 0.4314340353012085 0.4180043339729309
vt 0.42628589272499084 0.3716406226158142
vt 0.3767011761665344 0.3716406226158142
vt 0.3767011761665344 0.36976784467697144
vt 0.42628589272499084 0.36976784467697144
vt 0.4927530288696289 0.6937174797058105
vt 0.43574002385139465 0.6936367750167847
vt 0.3766169846057892 0.3483138680458069
vt 0.4262779653072357 0.3483138680458069
vt 0.3053050935268402 0.7470717430114746
vt 0.3094364404678345 0.747066855430603
vt 0.2499541938304901 0.20226359367370605
vt 0.2499541938304901 0.2063949704170227
vt 0.4263651967048645 0.7469285726547241
vt 0.4315212368965149 0.746922492980957
vt 0.3664494752883911 0.7469994425773621
vt 0.37670424580574036 0.7469873428344727
vt 0.5975693464279175 0.4840691089630127
vt 0.4791586697101593 0.21381282806396484
vt 0.2226235717535019 0.5584532022476196
vt 0.22491943836212158 0.5584532022476196
vt 0.22625261545181274 0.5657967329025269
vt 0.22432516515254974 0.5670533180236816
vt 0.22543935477733612 0.547944188117981
vt 0.2274254411458969 0.5491003394126892
vt 0.2331324964761734 0.5402511358261108
vt 0.234272301197052 0.5422535538673401
vt 0.2437610924243927 0.5374352335929871
vt 0.2437610924243927 0.5397474765777588
vt 0.18310455977916718 0.5584532022476196
vt 0.19114768505096436 0.5886827707290649
vt 0.19125251471996307 0.5280441045761108
vt 0.2135135978460312 0.5057830810546875
vt 0.2437610924243927 0.4976349472999573
vt 0.25297802686691284 0.5422535538673401
vt 0.25449639558792114 0.5401014685630798
vt 0.26160719990730286 0.5482355356216431
vt 0.2598247826099396 0.549100399017334
vt 0.3027363121509552 0.615587592124939
vt 0.3027363121509552 0.5585744976997375
vt 0.3052656948566437 0.615587592124939
vt 0.3008635342121124 0.6137747764587402
vt 0.3008635342121124 0.5585744976997375
vt 0.30537015199661255 0.8021032214164734
vt 0.3095015287399292 0.8020983338356018
vt 0.25449949502944946 0.49788570404052734
vt 0.2544998526573181 0.493502676486969
vt 0.26192018389701843 0.493502676486969
vt 0.2618907690048218 0.49865078926086426
vt 0.3008635640144348 0.49865084886550903
vt 0.3008635640144348 0.5482355356216431
vt 0.3027363121509552 0.5482355356216431
vt 0.3027363419532776 0.49865084886550903
vt 0.6515926122665405 0.8011643886566162
vt 0.6557239890098572 0.8011643886566162
vt 0.34308552742004395 0.6197189092636108
vt 0.34308552742004395 0.615587592124939
vt 0.34402433037757874 0.615587592124939
vt 0.34402433037757874 0.6197189092636108
vt 0.32419031858444214 0.5483196973800659
vt 0.3241903483867645 0.49865877628326416
vt 0.34308552742004395 0.5585745573043823
vt 0.34402433037757874 0.5585745573043823
vt 0.3052656948566437 0.6197189092636108
vt 0.4954492449760437 0.3481939435005188
vt 0.4954492449760437 0.3397325873374939
vt 0.34308555722236633 0.5483196973800659
vt 0.34402433037757874 0.5483196973800659
vt 0.34308555722236633 0.49865877628326416
vt 0.34402433037757874 0.49865877628326416
vt 0.3008635342121124 0.6177747249603271
vt 0.3027363121509552 0.6197189092636108
vt 0.6474025845527649 0.11221373081207275
vt 0.6474025845527649 0.1030036211013794
vt 0.51697838306427 0.25348079204559326
vt 0.6474025845527649 0.12170922756195068
vt 0.6372373104095459 0.521888792514801
vt 0.6372372508049011 0.6157008409500122
vt 0.6372372508049011 0.6395382881164551
vt 0.702518105506897 0.10874050855636597
vt 0.709860622882843 0.10874050855636597
vt 0.772652804851532 0.8011643886566162
vt 0.7778088450431824 0.8011643886566162
vt 0.44530269503593445 0.3643869161605835
vt 0.44530269503593445 0.35411250591278076
vt 0.49711596965789795 0.25348079204559326
vt 0.6372373104095459 0.5652341842651367
vt 0.6372373104095459 0.5726544857025146
vt 0.4954492449760437 0.3643869161605835
vt 0.4954492151737213 0.35754501819610596
vt 0.6372372508049011 0.5833932161331177
vt 0.6672365665435791 0.10874050855636597
vt 0.6702097654342651 0.10874050855636597
vt 0.4954492449760437 0.28890007734298706
vt 0.4954492449760437 0.2869572639465332
vt 0.7192153334617615 0.10874050855636597
vt 0.7127370238304138 0.8011643886566162
vt 0.7229918241500854 0.8011643886566162
vt 0.6372373104095459 0.5262908935546875
vt 0.6372373104095459 0.5244181752204895
vt 0.8672435879707336 0.6762810945510864
vt 0.8672435879707336 0.7087501287460327
vt 0.4954492449760437 0.3381996750831604
vt 0.4954492151737213 0.3370516300201416
vt 0.5195077657699585 0.25348079204559326
vt 0.6474025845527649 0.12857449054718018
vt 0.36651456356048584 0.8020309209823608
vt 0.8672435879707336 0.6437996625900269
vt 0.6988459229469299 0.10874050855636597
vt 0.7005095481872559 0.10874050855636597
vt 0.6372373104095459 0.5020264387130737
vt 0.44530269503593445 0.3520927429199219
vt 0.2499541938304901 0.26340800523757935
vt 0.3767693340778351 0.8020187616348267
vt 0.42643028497695923 0.8019600510597229
vt 0.24995416402816772 0.273662805557251
vt 0.24995416402816772 0.3233237862586975
vt 0.24995416402816772 0.3284798264503479
vt 0.30521777272224426 0.36723846197128296
vt 0.3663942217826843 0.7002756595611572
vt 0.37664899230003357 0.7002635598182678
vt 0.5030078291893005 0.6937320232391357
vt 0.5526687502861023 0.6938022971153259
vt 0.30521777272224426 0.36976784467697144
vt 0.30716195702552795 0.3716406226158142
vt 0.4316086769104004 0.6936309337615967
vt 0.3255416750907898 0.47450393438339233
vt 0.3284606337547302 0.4719396233558655
vt 0.33400821685791016 0.48480111360549927
vt 0.3664834797382355 0.493502676486969
vt 0.3989587426185608 0.48480111360549927
vt 0.42273229360580444 0.46102750301361084
vt 0.4314340353012085 0.4287431240081787
vt 0.4314340353012085 0.3716406226158142
vt 0.4314340353012085 0.36976784467697144
vt 0.4314340353012085 0.3483138680458069
vt 0.1980002224445343 0.5993950366973877
vt 0.18770307302474976 0.5909284949302673
vt 0.20056399703025818 0.5964754223823547
vt 0.17900151014328003 0.5584532022476196
vt 0.18770308792591095 0.5259779691696167
vt 0.21147669851779938 0.502204418182373
vt 0.2437610924243927 0.493502676486969
vt 0.3008635640144348 0.493502676486969
vt 0.3027363419532776 0.493502676486969
vt 0.3241903483867645 0.493502676486969
vt 0.34308555722236633 0.493502676486969
vt 0.3440243601799011 0.493502676486969
vt 0.3238773047924042 0.4724797010421753
vt 0.32684871554374695 0.470031201839447
vt 0.20002448558807373 0.6010594367980957
vt 0.2024729698896408 0.5980880260467529
vt 0.4315863251686096 0.8019539713859558
vt 0.5578247904777527 0.6938096284866333
vt 0.39997586607933044 0.6281349658966064
vt 0.39777520298957825 0.6310589909553528
vt 0.36842378973960876 0.6243678331375122
vt 0.36841827630996704 0.6197189092636108
vt 0.3599245548248291 0.23364675045013428
vt 0.4358309507369995 0.7404373288154602
vt 0.43171098828315735 0.7404370307922363
vt 0.4230976402759552 0.6512019634246826
vt 0.4192383587360382 0.6533907651901245
vt 0.5240517854690552 0.8096652626991272
vt 0.5455201268196106 0.7873384952545166
vt 0.5493789315223694 0.7895281314849854
vt 0.5262517333030701 0.8125897645950317
vt 0.44273874163627625 0.7871930003166199
vt 0.4652387201786041 0.809581995010376
vt 0.4631566107273102 0.8125004768371582
vt 0.44009485840797424 0.7893734574317932
vt 0.49469220638275146 0.8209984302520752
vt 0.49469879269599915 0.8163495659828186
vt 0.4316863715648651 0.75783371925354
vt 0.43563687801361084 0.7578393220901489
vt 0.557876706123352 0.7580123543739319
vt 0.5525745153427124 0.7580048441886902
vt 0.5579013228416443 0.7406156659126282
vt 0.5527318716049194 0.7406005859375
vt 0.4926868975162506 0.7404412031173706
vt 0.5029416680335999 0.7404557466506958
vt 0.5029169321060181 0.7579345703125
vt 0.4926621615886688 0.7579200267791748
vt 0.4315881133079529 0.6827197670936584
vt 0.42628592252731323 0.6827260255813599
vt 0.3766283094882965 0.6827847361564636
vt 0.3093482255935669 0.6828643083572388
vt 0.31645694375038147 0.6535122394561768
vt 0.36637353897094727 0.6827968955039978
vt 0.3389621376991272 0.6311285495758057
vt 0.35546794533729553 0.44644880294799805
vt 0.35713061690330505 0.4450787305831909
vt 0.3657412827014923 0.4086887836456299
vt 0.3664834797382355 0.410173237323761
vt 0.26233094930648804 0.5584532022476196
vt 0.26381537318229675 0.5591953992843628
vt 0.3054182827472687 0.700265645980835
vt 0.3095382750034332 0.7002663612365723
vt 0.2605067789554596 0.5695942640304565
vt 0.25954458117485046 0.5684455037117004
vt 0.2604142427444458 0.5669131875038147
vt 0.2618986666202545 0.5676553845405579
vt 0.22605538368225098 0.5694687366485596
vt 0.2274254411458969 0.5678061246871948
vt 0.35649120807647705 0.41295957565307617
vt 0.35534244775772095 0.4119974374771118
vt 0.35728132724761963 0.4106054902076721
vt 0.3580235242843628 0.4120899438858032
vt 0.31381356716156006 0.6513311862945557
vt 0.30539771914482117 0.6828689575195312
vt 0.42643919587135315 0.7001303434371948
vt 0.4316086769104004 0.7001164555549622
vt 0.3368806838989258 0.6282095909118652
vt 0.6174033284187317 0.36483508348464966
vt 0.32837414741516113 0.23364675045013428
vt 0.30521780252456665 0.23364675045013428
vt 0.24995417892932892 0.11609047651290894
vt 0.2499541938304901 0.14764416217803955
vt 0.2499541938304901 0.179185688495636
vt 0.2499541938304901 0.20226359367370605
vt 0.6174033880233765 0.3333301544189453
vt 0.49805381894111633 0.23263949155807495
vt 0.497115820646286 0.23263949155807495
vt 0.497115820646286 0.21482020616531372
vt 0.49805381894111633 0.21482020616531372
vt 0.6163960099220276 0.5029642581939697
vt 0.5985767245292664 0.5029642581939697
vt 0.5985767245292664 0.5020264387130737
vt 0.6163960099220276 0.5020264387130737
vt 0.6190069317817688 0.4831303358078003
vt 0.6356338858604431 0.4831303358078003
vt 0.6356338858604431 0.4840691089630127
vt 0.6190069317817688 0.4840691089630127
vt 0.4782198965549469 0.2352503538131714
vt 0.4791586697101593 0.2352503538131714
vt 0.4791586697101593 0.2518773078918457
vt 0.4782198965549469 0.2518773078918457
vt 0.5975693464279175 0.5029642581939697
vt 0.5975693464279175 0.5020264387130737
vt 0.49711596965789795 0.21381282806396484
vt 0.49805381894111633 0.21381282806396484
vt 0.3053925037384033 0.8209984302520752
vt 0.305391401052475 0.8200606107711792
vt 0.3095227777957916 0.8200557231903076
vt 0.30952388048171997 0.8209935426712036
vt 0.32512834668159485 0.615587592124939
vt 0.3251281678676605 0.6197189092636108
vt 0.32512834668159485 0.5585744976997375
vt 0.3251281678676605 0.5483196973800659
vt 0.32512834668159485 0.49865877628326416
vt 0.4791586697101593 0.25348079204559326
vt 0.4782198965549469 0.25348079204559326
vt 0.3665357828140259 0.8199880719184875
vt 0.3665369153022766 0.8209261298179626
vt 0.6372373104095459 0.4831303358078003
vt 0.6372373104095459 0.4840691089630127
vt 0.37679168581962585 0.8209139704704285
vt 0.3767905533313751 0.8199761509895325
vt 0.4264526069164276 0.8208552598953247
vt 0.42645150423049927 0.8199173808097839
vt 0.3251281976699829 0.493502676486969
vt 0.4316086769104004 0.8208491802215576
vt 0.43160757422447205 0.8199113011360168
vt 0.43238869309425354 0.10447996854782104
vt 0.44077426195144653 0.10932141542434692
vt 0.43812888860702515 0.11196678876876831
vt 0.4314204156398773 0.10809367895126343
vt 0.42270585894584656 0.10447996854782104
vt 0.42367416620254517 0.10809367895126343
vt 0.41432034969329834 0.10932141542434692
vt 0.4169657528400421 0.11196684837341309
vt 0.40947893261909485 0.11770695447921753
vt 0.41309261322021484 0.11867529153823853
vt 0.40947896242141724 0.1273897886276245
vt 0.41309264302253723 0.1264215111732483
vt 0.4143203794956207 0.1357753872871399
vt 0.4169657826423645 0.13312995433807373
vt 0.4227059483528137 0.140616774559021
vt 0.42367422580718994 0.1370030641555786
vt 0.4323887526988983 0.14061671495437622
vt 0.4314204752445221 0.1370030641555786
vt 0.4407743215560913 0.13577532768249512
vt 0.43812891840934753 0.13312995433807373
vt 0.44561567902565 0.12738972902297974
vt 0.4420020282268524 0.1264215111732483
vt 0.4456157088279724 0.11770695447921753
vt 0.4420020282268524 0.11867523193359375
vt 0.17900164425373077 0.08242011070251465
vt 0.188347727060318 0.08242011070251465
vt 0.188347727060318 0.08528709411621094
vt 0.17900164425373077 0.08528709411621094
vt 0.510444164276123 0.10932141542434692
vt 0.5152855515480042 0.11770695447921753
vt 0.5116719007492065 0.11867523193359375
vt 0.5077987909317017 0.11196678876876831
vt 0.2728049159049988 0.0824199914932251
vt 0.2796468138694763 0.0824199914932251
vt 0.27964678406715393 0.08528697490692139
vt 0.2728049159049988 0.08528697490692139
vt 0.5152855515480042 0.1273897886276245
vt 0.5116719007492065 0.1264215111732483
vt 0.2634538412094116 0.0824199914932251
vt 0.2634538412094116 0.08528697490692139
vt 0.5104442238807678 0.13577532768249512
vt 0.5077988505363464 0.13312995433807373
vt 0.25409916043281555 0.0824199914932251
vt 0.25409919023513794 0.08528697490692139
vt 0.5020586848258972 0.14061671495437622
vt 0.501090407371521 0.1370030641555786
vt 0.2865121066570282 0.3284798264503479
vt 0.27964693307876587 0.3284797668457031
vt 0.27964693307876587 0.3256128430366516
vt 0.2865121066570282 0.3256128430366516
vt 0.49237585067749023 0.140616774559021
vt 0.49334412813186646 0.1370030641555786
vt 0.29587167501449585 0.3284798264503479
vt 0.29587167501449585 0.3256128430366516
vt 0.48399028182029724 0.1357753872871399
vt 0.486635684967041 0.1331300139427185
vt 0.30521780252456665 0.3284798264503479
vt 0.30521777272224426 0.3256128430366516
vt 0.47914886474609375 0.1273897886276245
vt 0.48276254534721375 0.1264215111732483
vt 0.22327831387519836 0.0824199914932251
vt 0.23012018203735352 0.0824199914932251
vt 0.23012018203735352 0.08528697490692139
vt 0.22327829897403717 0.08528697490692139
vt 0.47914883494377136 0.11770695447921753
vt 0.48276251554489136 0.11867529153823853
vt 0.21392722427845 0.0824199914932251
vt 0.21392722427845 0.08528697490692139
vt 0.48399025201797485 0.1093214750289917
vt 0.48663565516471863 0.11196684837341309
vt 0.20457255840301514 0.0824199914932251
vt 0.20457255840301514 0.08528697490692139
vt 0.49237576127052307 0.10447996854782104
vt 0.4933440685272217 0.10809367895126343
vt 0.19770732522010803 0.08242011070251465
vt 0.20457252860069275 0.08242011070251465
vt 0.20457252860069275 0.08528709411621094
vt 0.19770732522010803 0.08528709411621094
vt 0.5020585656166077 0.10447996854782104
vt 0.5010903477668762 0.10809367895126343
vt 0.5761317610740662 0.4699041247367859
vt 0.5761317610740662 0.46871763467788696
vt 0.5595048069953918 0.46871763467788696
vt 0.5595048069953918 0.4699041247367859
vt 0.5777353644371033 0.4699041247367859
vt 0.5777353644371033 0.46871763467788696
vt 0.32667168974876404 0.19237518310546875
vt 0.3266717195510864 0.17574822902679443
vt 0.3254852294921875 0.17574822902679443
vt 0.3254851996898651 0.19237518310546875
vt 0.32667168974876404 0.19397872686386108
vt 0.3254851996898651 0.19397872686386108
vt 0.5620327591896057 0.6395382881164551
vt 0.5620327591896057 0.640724778175354
vt 0.6190457940101624 0.640724778175354
vt 0.6190457940101624 0.6395382881164551
vt 0.6293888092041016 0.6584628820419312
vt 0.6293061375617981 0.640724778175354
vt 0.6190457940101624 0.6584628820419312
vt 0.6789698600769043 0.6584628820419312
vt 0.6789621114730835 0.640724778175354
vt 0.18313287198543549 0.47366863489151
vt 0.24014593660831451 0.4736686944961548
vt 0.24014593660831451 0.4724821448326111
vt 0.18313287198543549 0.4724821448326111
vt 0.25048890709877014 0.45474404096603394
vt 0.24014593660831451 0.45474404096603394
vt 0.25040626525878906 0.4724821448326111
vt 0.30006998777389526 0.45474404096603394
vt 0.3000622093677521 0.47248220443725586
vt 0.17900151014328003 0.47366863489151
vt 0.17900151014328003 0.4724821448326111
vt 0.3266717195510864 0.17414474487304688
vt 0.3254852294921875 0.17414474487304688
vt 0.42754730582237244 0.12254834175109863
vt 0.17900151014328003 0.20545005798339844
vt 0.18834765255451202 0.20545005798339844
vt 0.5579013824462891 0.46871763467788696
vt 0.5579013824462891 0.4699041247367859
vt 0.5579013824462891 0.6395382881164551
vt 0.5579013824462891 0.640724778175354
vt 0.25409919023513794 0.20544999837875366
vt 0.2634538412094116 0.20544999837875366
vt 0.28651201725006104 0.20544981956481934
vt 0.2796468138694763 0.20544981956481934
vt 0.2958716154098511 0.20544981956481934
vt 0.3052177131175995 0.20544981956481934
vt 0.22327828407287598 0.20544999837875366
vt 0.23012016713619232 0.20544999837875366
vt 0.21392722427845 0.20544999837875366
vt 0.6841176152229309 0.6584628820419312
vt 0.6841176152229309 0.640724778175354
vt 0.30521777272224426 0.45474404096603394
vt 0.3052177429199219 0.47248220443725586
vt 0.1977071911096573 0.20545005798339844
vt 0.49721720814704895 0.12254840135574341
vt 0.20457252860069275 0.2054498791694641
vt 0.20457254350185394 0.20544981956481934
vt 0.2728049159049988 0.20544981956481934
vt 0.2796468138694763 0.20544999837875366
vt 0.5579013824462891 0.4582567811012268
vt 0.5527452826499939 0.4582495093345642
vt 0.5527441501617432 0.4590798020362854
vt 0.5579001903533936 0.459087073802948
vt 0.25046464800834656 0.8010799884796143
vt 0.3001255989074707 0.8010212182998657
vt 0.3001246154308319 0.8001909852027893
vt 0.25046366453170776 0.8002496957778931
vt 0.43581661581993103 0.45808398723602295
vt 0.4316852390766144 0.45807814598083496
vt 0.43168407678604126 0.45890843868255615
vt 0.4358154237270355 0.45891427993774414
vt 0.18319684267044067 0.8011595606803894
vt 0.24020987749099731 0.8010921478271484
vt 0.24020889401435852 0.8002618551254272
vt 0.18319587409496307 0.8003292679786682
vt 0.5030843615531921 0.458179235458374
vt 0.5030831694602966 0.4590095281600952
vt 0.4928296208381653 0.45816469192504883
vt 0.4928284287452698 0.45899498462677
vt 0.34650564193725586 0.19498604536056519
vt 0.34733593463897705 0.19498604536056519
vt 0.34733593463897705 0.19397872686386108
vt 0.34650564193725586 0.19397872686386108
vt 0.5787426233291626 0.4897380471229553
vt 0.5777353644371033 0.4897380471229553
vt 0.5777353644371033 0.4905683398246765
vt 0.5787426829338074 0.4905683398246765
vt 0.3052816390991211 0.8010151386260986
vt 0.3052806556224823 0.8001848459243774
vt 0.17906548082828522 0.8011643886566162
vt 0.17906449735164642 0.8003341555595398
vt 0.5975693464279175 0.4897380471229553
vt 0.5965619683265686 0.4897380471229553
vt 0.5965619683265686 0.4905683398246765
vt 0.5975693464279175 0.4905683398246765
vt 0.34650564193725586 0.2138127088546753
vt 0.34733590483665466 0.2138127088546753
vt 0.34733590483665466 0.21280533075332642
vt 0.34650564193725586 0.21280533075332642
vt 0.5965619683265686 0.608033299446106
vt 0.5787426829338074 0.608033299446106
vt 0.5787426829338074 0.6395382881164551
vt 0.5965619683265686 0.6395382881164551
vt 0.5975693464279175 0.608033299446106
vt 0.5975693464279175 0.6395382881164551
vt 0.8662362098693848 0.7087501287460327
vt 0.8484169244766235 0.7087501287460327
vt 0.8484169244766235 0.7318280339241028
vt 0.8662362098693848 0.7318280339241028
vt 0.8672435879707336 0.7087501287460327
vt 0.8672435879707336 0.7318280339241028
vt 0.8484169244766235 0.7633695602416992
vt 0.8662362098693848 0.7633695602416992
vt 0.8672435879707336 0.7633695602416992
vt 0.8484169244766235 0.7949232459068298
vt 0.8662362098693848 0.7949232459068298
vt 0.8672435879707336 0.7949232459068298
vt 0.519507646560669 0.21280533075332642
vt 0.519507646560669 0.19498604536056519
vt 0.49635133147239685 0.19498604536056519
vt 0.49635133147239685 0.21280533075332642
vt 0.519507646560669 0.21381276845932007
vt 0.49635133147239685 0.21381276845932007
vt 0.46480095386505127 0.19498604536056519
vt 0.46480095386505127 0.21280533075332642
vt 0.46480095386505127 0.2138127088546753
vt 0.5965619683265686 0.5906367301940918
vt 0.5787426829338074 0.5906367301940918
vt 0.5975693464279175 0.5906367301940918
vt 0.5787426233291626 0.5438305735588074
vt 0.5965619087219238 0.5438305735588074
vt 0.5777353644371033 0.5438305735588074
vt 0.5777353644371033 0.5906367301940918
vt 0.4005981385707855 0.19498604536056519
vt 0.4005981385707855 0.21280533075332642
vt 0.44740432500839233 0.21280533075332642
vt 0.44740432500839233 0.19498604536056519
vt 0.4005981385707855 0.19397872686386108
vt 0.44740432500839233 0.19397878646850586
vt 0.44740432500839233 0.2138127088546753
vt 0.3785596191883087 0.5649019479751587
vt 0.3785596489906311 0.6145628690719604
vt 0.39637893438339233 0.6145628690719604
vt 0.39637890458106995 0.5649019479751587
vt 0.377552330493927 0.5649019479751587
vt 0.377552330493927 0.6145628690719604
vt 0.4005981385707855 0.2138127088546753
vt 0.3785596489906311 0.6197189092636108
vt 0.39637893438339233 0.6197189092636108
vt 0.377552330493927 0.6197189092636108
vt 0.3785596489906311 0.5546471476554871
vt 0.39637893438339233 0.5546471476554871
vt 0.377552330493927 0.5546471476554871
vt 0.5975693464279175 0.5438305735588074
vt 0.3785596489906311 0.4976341128349304
vt 0.39637893438339233 0.4976341128349304
vt 0.377552330493927 0.4976341128349304
vt 0.34556683897972107 0.19498604536056519
vt 0.34556683897972107 0.21280533075332642
vt 0.34556683897972107 0.19397872686386108
vt 0.5787426233291626 0.4887992739677429
vt 0.5965619683265686 0.4887992739677429
vt 0.5777353644371033 0.4887992739677429
vt 0.3785596191883087 0.49350273609161377
vt 0.39637893438339233 0.49350273609161377
vt 0.377552330493927 0.49350273609161377
vt 0.7196482419967651 0.14607906341552734
vt 0.7030212879180908 0.14607906341552734
vt 0.7030212879180908 0.14808756113052368
vt 0.7196482419967651 0.14808756113052368
vt 0.7212518453598022 0.14607906341552734
vt 0.7212518453598022 0.14808756113052368
vt 0.8039960861206055 0.8193948268890381
vt 0.8039960861206055 0.8027678728103638
vt 0.8024631142616272 0.8027678728103638
vt 0.8024631142616272 0.8193948268890381
vt 0.8039960861206055 0.8209984302520752
vt 0.8024631142616272 0.8209984302520752
vt 0.7196483016014099 0.1497511863708496
vt 0.7030213475227356 0.14975124597549438
vt 0.7030212879180908 0.17838740348815918
vt 0.7196482419967651 0.17838740348815918
vt 0.7212518453598022 0.1497511863708496
vt 0.7212518453598022 0.17838740348815918
vt 0.7030214667320251 0.25275975465774536
vt 0.7030214667320251 0.3024206757545471
vt 0.7196484208106995 0.3024206757545471
vt 0.7196484208106995 0.25275975465774536
vt 0.701417863368988 0.25275975465774536
vt 0.701417863368988 0.3024206757545471
vt 0.466740220785141 0.3643868565559387
vt 0.4833672046661377 0.3643869161605835
vt 0.4833672046661377 0.36236709356307983
vt 0.4667402505874634 0.36236709356307983
vt 0.46513664722442627 0.3643868565559387
vt 0.46513664722442627 0.36236709356307983
vt 0.5761317610740662 0.4708421230316162
vt 0.5595048069953918 0.4708421230316162
vt 0.5777353644371033 0.4708419442176819
vt 0.33768677711486816 0.12238121032714844
vt 0.33768677711486816 0.13900816440582275
vt 0.3701682686805725 0.13900816440582275
vt 0.3701682984828949 0.12238121032714844
vt 0.33768677711486816 0.12077760696411133
vt 0.3701682984828949 0.12077760696411133
vt 0.5761317610740662 0.4484502077102661
vt 0.5761317610740662 0.44657742977142334
vt 0.5595048069953918 0.44657742977142334
vt 0.5595048069953918 0.44845014810562134
vt 0.5777353644371033 0.4484502077102661
vt 0.5777353644371033 0.44657742977142334
vt 0.8732425570487976 0.10965538024902344
vt 0.8898695111274719 0.10965538024902344
vt 0.8898695111274719 0.10279011726379395
vt 0.8732424974441528 0.10279011726379395
vt 0.8716389536857605 0.10965538024902344
vt 0.8716389536857605 0.10279011726379395
vt 0.30774715542793274 0.19237512350082397
vt 0.30774715542793274 0.17574816942214966
vt 0.30521777272224426 0.17574822902679443
vt 0.30521777272224426 0.19237518310546875
vt 0.30774715542793274 0.19397872686386108
vt 0.30521777272224426 0.19397872686386108
vt 0.8051441311836243 0.8193948268890381
vt 0.8051441311836243 0.8027678728103638
vt 0.8051441311836243 0.8209984302520752
vt 0.7030214667320251 0.1854919195175171
vt 0.7030214071273804 0.24250495433807373
vt 0.7196484208106995 0.24250495433807373
vt 0.7196484208106995 0.1854919195175171
vt 0.7014179229736328 0.1854919195175171
vt 0.701417863368988 0.24250495433807373
vt 0.7846507430076599 0.8193948268890381
vt 0.7940018177032471 0.8193948268890381
vt 0.7940018177032471 0.8027678728103638
vt 0.7846507430076599 0.8027678728103638
vt 0.7846507430076599 0.8209984302520752
vt 0.7940018177032471 0.8209984302520752
vt 0.30521777272224426 0.12238121032714844
vt 0.30521777272224426 0.13900816440582275
vt 0.30521777272224426 0.1207776665687561
vt 0.5761317610740662 0.4509795308113098
vt 0.5595048069953918 0.4509795308113098
vt 0.5777353644371033 0.4509795308113098
vt 0.5761317610740662 0.4076341986656189
vt 0.5595048069953918 0.4076341986656189
vt 0.5777353644371033 0.4076341986656189
vt 0.7196483016014099 0.12938183546066284
vt 0.7030213475227356 0.12938183546066284
vt 0.7030213475227356 0.13873648643493652
vt 0.7196483016014099 0.13873648643493652
vt 0.7212518453598022 0.12938183546066284
vt 0.7212518453598022 0.13873648643493652
vt 0.8552384972572327 0.8193948268890381
vt 0.8552384972572327 0.8027678728103638
vt 0.853295624256134 0.8027678728103638
vt 0.853295624256134 0.8193948268890381
vt 0.8552384972572327 0.8209984302520752
vt 0.853295624256134 0.8209984302520752
vt 0.7030213475227356 0.18136054277420044
vt 0.7196483016014099 0.18136054277420044
vt 0.7212518453598022 0.18136054277420044
vt 0.5761317610740662 0.35716748237609863
vt 0.5595048666000366 0.35716748237609863
vt 0.5595048069953918 0.38947516679763794
vt 0.5761317610740662 0.38947516679763794
vt 0.5777353644371033 0.35716748237609863
vt 0.5777353644371033 0.38947516679763794
vt 0.5595048666000366 0.4002138376235962
vt 0.5761317610740662 0.4002138376235962
vt 0.5777353644371033 0.40021389722824097
vt 0.7778088450431824 0.8193948268890381
vt 0.7778088450431824 0.8027678728103638
vt 0.7778088450431824 0.8209984302520752
vt 0.3276095390319824 0.19237518310546875
vt 0.3276095390319824 0.17574822902679443
vt 0.3276095390319824 0.19397872686386108
vt 0.4833672046661377 0.3520927429199219
vt 0.4667402505874634 0.3520927429199219
vt 0.46513664722442627 0.3520927429199219
vt 0.7030214667320251 0.3075767755508423
vt 0.7196484208106995 0.3075767755508423
vt 0.701417863368988 0.3075767755508423
vt 0.5761318206787109 0.33333003520965576
vt 0.5595048666000366 0.33333003520965576
vt 0.5777353644371033 0.33333003520965576
vt 0.8732425570487976 0.11915087699890137
vt 0.8898695111274719 0.11915087699890137
vt 0.8716389536857605 0.11915087699890137
vt 0.8732425570487976 0.1283610463142395
vt 0.8898695111274719 0.1283610463142395
vt 0.8716389536857605 0.1283610463142395
vt 0.7030214667320251 0.18136054277420044
vt 0.7196484208106995 0.18136054277420044
vt 0.7014179229736328 0.18136054277420044
vt 0.6191670894622803 0.7411050796508789
vt 0.6191670894622803 0.7388091683387756
vt 0.611823558807373 0.7374759912490845
vt 0.6105669736862183 0.739403486251831
vt 0.6296760439872742 0.7382892370223999
vt 0.6285199522972107 0.7363032102584839
vt 0.6373692154884338 0.730596125125885
vt 0.6353667378425598 0.7294563055038452
vt 0.6401850581169128 0.7199674844741821
vt 0.6378728151321411 0.7199674844741821
vt 0.6191670894622803 0.7806240320205688
vt 0.588937520980835 0.7725809216499329
vt 0.6495761871337891 0.772476077079773
vt 0.6718372702598572 0.7502149939537048
vt 0.6799853444099426 0.7199674844741821
vt 0.6353667378425598 0.7107505798339844
vt 0.6375188231468201 0.7092322111129761
vt 0.6293847560882568 0.702121376991272
vt 0.6285199522972107 0.7039037942886353
vt 0.5620327591896057 0.6584628820419312
vt 0.5620327591896057 0.6609922647476196
vt 0.6190457940101624 0.6609922647476196
vt 0.5638455748558044 0.6628650426864624
vt 0.6190457940101624 0.6628650426864624
vt 0.6797345876693726 0.7092291116714478
vt 0.6841176152229309 0.7092287540435791
vt 0.6841176152229309 0.7018084526062012
vt 0.6789695024490356 0.7018378376960754
vt 0.6789695024490356 0.6628650426864624
vt 0.6293847560882568 0.6628650426864624
vt 0.6293847560882568 0.6609922647476196
vt 0.6789695024490356 0.6609922647476196
vt 0.43574005365371704 0.5121766328811646
vt 0.4927530586719513 0.5122573375701904
vt 0.629300594329834 0.6395382881164551
vt 0.6789615750312805 0.6395382881164551
vt 0.18313287198543549 0.747066855430603
vt 0.17900151014328003 0.7470717430114746
vt 0.3973863124847412 0.4976341128349304
vt 0.3973863124847412 0.49350273609161377
vt 0.3052176535129547 0.746922492980957
vt 0.3000616133213043 0.7469285726547241
vt 0.2504006624221802 0.7469873428344727
vt 0.24014589190483093 0.7469994425773621
vt 0.5975693464279175 0.4887992739677429
vt 0.34556683897972107 0.2138127088546753
vt 0.24026723206043243 0.37210190296173096
vt 0.23166711628437042 0.3738034963607788
vt 0.2329237163066864 0.3757309317588806
vt 0.24026723206043243 0.37439775466918945
vt 0.2507762312889099 0.3749176859855652
vt 0.24962010979652405 0.376903772354126
vt 0.2584693431854248 0.3826107978820801
vt 0.25646689534187317 0.3837506175041199
vt 0.2612852156162262 0.39323943853378296
vt 0.25897297263145447 0.39323943853378296
vt 0.24026723206043243 0.33258289098739624
vt 0.21003764867782593 0.340626060962677
vt 0.2706763446331024 0.34073084592819214
vt 0.29293739795684814 0.36299192905426025
vt 0.301085501909256 0.39323943853378296
vt 0.25646689534187317 0.4024563431739807
vt 0.24962009489536285 0.40930312871932983
vt 0.2504849135875702 0.4110855460166931
vt 0.2586189806461334 0.403974711894989
vt 0.18313288688659668 0.45221465826034546
vt 0.18313288688659668 0.45474404096603394
vt 0.24014593660831451 0.45221465826034546
vt 0.1849457025527954 0.4503418803215027
vt 0.24014593660831451 0.4503418803215027
vt 0.17906658351421356 0.8021032214164734
vt 0.1831979602575302 0.8020983338356018
vt 0.3008347153663635 0.40397781133651733
vt 0.3000696301460266 0.41136908531188965
vt 0.30521777272224426 0.4113985300064087
vt 0.30521777272224426 0.403978168964386
vt 0.3000696301460266 0.4503418803215027
vt 0.2504848837852478 0.4503418803215027
vt 0.2504848837852478 0.45221465826034546
vt 0.3000696301460266 0.45221465826034546
vt 0.721251904964447 0.1854919195175171
vt 0.721251904964447 0.18136054277420044
vt 0.17900151014328003 0.4925638437271118
vt 0.17900151014328003 0.493502676486969
vt 0.18313287198543549 0.493502676486969
vt 0.18313287198543549 0.4925638437271118
vt 0.25040072202682495 0.4736686944961548
vt 0.3000617027282715 0.4736686944961548
vt 0.24014593660831451 0.493502676486969
vt 0.24014593660831451 0.4925639033317566
vt 0.17900151014328003 0.45474404096603394
vt 0.8024631142616272 0.801164448261261
vt 0.7940018177032471 0.801164448261261
vt 0.25040072202682495 0.4925639033317566
vt 0.25040072202682495 0.493502676486969
vt 0.3000617027282715 0.4925639033317566
vt 0.3000617027282715 0.493502676486969
vt 0.18094570934772491 0.4503418803215027
vt 0.17900151014328003 0.45221465826034546
vt 0.8914729356765747 0.1283610463142395
vt 0.8914729356765747 0.11915087699890137
vt 0.30774715542793274 0.17414474487304688
vt 0.8914729356765747 0.10965538024902344
vt 0.5579013824462891 0.4509795308113098
vt 0.5579013824462891 0.33333003520965576
vt 0.5579014420509338 0.35716748237609863
vt 0.701417863368988 0.13873648643493652
vt 0.701417863368988 0.14607906341552734
vt 0.7212518453598022 0.3075767755508423
vt 0.7212518453598022 0.3024206757545471
vt 0.4849706292152405 0.36236709356307983
vt 0.4849706292152405 0.3520927429199219
vt 0.3276095390319824 0.17414474487304688
vt 0.5579013824462891 0.4002138376235962
vt 0.5579013824462891 0.4076341986656189
vt 0.7846507430076599 0.8011643886566162
vt 0.7778088450431824 0.8011643886566162
vt 0.5579013824462891 0.38947516679763794
vt 0.701417863368988 0.17838740348815918
vt 0.701417863368988 0.18136054277420044
vt 0.8552384972572327 0.8011643886566162
vt 0.853295624256134 0.8011643886566162
vt 0.701417863368988 0.12938183546066284
vt 0.7212518453598022 0.25275975465774536
vt 0.7212518453598022 0.24250495433807373
vt 0.5579013824462891 0.44657742977142334
vt 0.5579013824462891 0.4484502077102661
vt 0.30521777272224426 0.14061158895492554
vt 0.33768677711486816 0.14061158895492554
vt 0.8051441311836243 0.801164448261261
vt 0.8039960861206055 0.8011643886566162
vt 0.30521777272224426 0.17414474487304688
vt 0.8914729356765747 0.10279011726379395
vt 0.24021098017692566 0.8020309209823608
vt 0.3701682686805725 0.14061158895492554
vt 0.701417863368988 0.14808756113052368
vt 0.701417863368988 0.14975124597549438
vt 0.5579013824462891 0.4708419442176819
vt 0.4849706292152405 0.3643868565559387
vt 0.3973863422870636 0.5546471476554871
vt 0.2504657506942749 0.8020187616348267
vt 0.30012670159339905 0.8019600510597229
vt 0.3973863124847412 0.5649019479751587
vt 0.3973863422870636 0.6197189092636108
vt 0.3973863422870636 0.6145628690719604
vt 0.5579013824462891 0.6584628820419312
vt 0.2503454089164734 0.700263500213623
vt 0.24009063839912415 0.7002756595611572
vt 0.5030078291893005 0.5122718811035156
vt 0.5526687502861023 0.5123421549797058
vt 0.5579013824462891 0.6609922647476196
vt 0.5598455667495728 0.6628650426864624
vt 0.4316086769104004 0.5121707916259766
vt 0.5782252550125122 0.7657283544540405
vt 0.5866917967796326 0.7760255336761475
vt 0.5811442136764526 0.7631641030311584
vt 0.6191670894622803 0.7847270965576172
vt 0.6516423225402832 0.7760255336761475
vt 0.6754158735275269 0.752251923084259
vt 0.6841176152229309 0.7199674844741821
vt 0.6841176152229309 0.6628650426864624
vt 0.6841176152229309 0.6609922647476196
vt 0.6841176152229309 0.6395382881164551
vt 0.19932541251182556 0.34747856855392456
vt 0.20224501192569733 0.35004234313964844
vt 0.2077919840812683 0.3371813893318176
vt 0.24026723206043243 0.3284798264503479
vt 0.27274248003959656 0.3371813893318176
vt 0.2965160608291626 0.36095499992370605
vt 0.30521777272224426 0.39323943853378296
vt 0.30521777272224426 0.4503418803215027
vt 0.30521777272224426 0.45221465826034546
vt 0.3052177429199219 0.4736686944961548
vt 0.3052177429199219 0.4925639033317566
vt 0.3052177429199219 0.493502676486969
vt 0.576560914516449 0.7637041211128235
vt 0.5795323252677917 0.7612556219100952
vt 0.19766105711460114 0.3495028018951416
vt 0.20063243806362152 0.3519513010978699
vt 0.30528274178504944 0.8019539713859558
vt 0.5578247904777527 0.5123494863510132
vt 0.27367228269577026 0.6281349658966064
vt 0.24211470782756805 0.6197189092636108
vt 0.24212020635604858 0.6243678331375122
vt 0.27147164940834045 0.6310589909553528
vt 0.46480095386505127 0.19397878646850586
vt 0.43171098828315735 0.5589768886566162
vt 0.4358309805393219 0.5589771866798401
vt 0.292934775352478 0.6533907651901245
vt 0.296794056892395 0.6512019634246826
vt 0.5240517854690552 0.6282050609588623
vt 0.5262517929077148 0.6311296224594116
vt 0.5493789315223694 0.6080679893493652
vt 0.5455201268196106 0.6058783531188965
vt 0.44273874163627625 0.6057329177856445
vt 0.44009485840797424 0.6079133152961731
vt 0.4631566107273102 0.6310403347015381
vt 0.4652387201786041 0.6281218528747559
vt 0.49469223618507385 0.6395382881164551
vt 0.49469879269599915 0.6348893642425537
vt 0.43563687801361084 0.5763791799545288
vt 0.4316863715648651 0.5763735771179199
vt 0.557876706123352 0.5765522122383118
vt 0.5525745153427124 0.5765447020530701
vt 0.5579013228416443 0.5591555237770081
vt 0.5527318716049194 0.5591404438018799
vt 0.4926868975162506 0.5589810609817505
vt 0.4926621615886688 0.5764598846435547
vt 0.5029169321060181 0.5764744281768799
vt 0.5029416680335999 0.5589956045150757
vt 0.3052845299243927 0.6827197074890137
vt 0.29998233914375305 0.6827260255813599
vt 0.25032472610473633 0.6827847361564636
vt 0.1830446571111679 0.6828643083572388
vt 0.24006997048854828 0.682796835899353
vt 0.1901533603668213 0.6535122990608215
vt 0.21265855431556702 0.6311285495758057
vt 0.6081515550613403 0.7376732230186462
vt 0.6098142266273499 0.7363032102584839
vt 0.6184248924255371 0.6999132633209229
vt 0.6191670894622803 0.7013976573944092
vt 0.24026721715927124 0.4118093252182007
vt 0.23952502012252808 0.413293719291687
vt 0.1791146993637085 0.700265645980835
vt 0.18323470652103424 0.7002663612365723
vt 0.2291262000799179 0.40998512506484985
vt 0.2310650497674942 0.4113770127296448
vt 0.23180726170539856 0.40989261865615845
vt 0.23027494549751282 0.4090229272842407
vt 0.2292516827583313 0.37553369998931885
vt 0.23091435432434082 0.376903772354126
vt 0.6091747879981995 0.7041840553283691
vt 0.6107071042060852 0.7033143043518066
vt 0.609964907169342 0.7018299102783203
vt 0.6080260276794434 0.7032217979431152
vt 0.18750998377799988 0.6513312458992004
vt 0.179094135761261 0.6828689575195312
vt 0.3053050935268402 0.7001163959503174
vt 0.30013561248779297 0.70013028383255
vt 0.2105771154165268 0.6282095909118652
vt 0.5777353644371033 0.608033299446106
vt 0.49635133147239685 0.19397878646850586
vt 0.519507646560669 0.19397878646850586
vt 0.8474096059799194 0.7633695602416992
vt 0.8474096059799194 0.7949232459068298
vt 0.8474096059799194 0.7318280339241028
vt 0.8474096059799194 0.7087501287460327
vt 0.5777353644371033 0.6395382881164551
vt 0.32667168974876404 0.19498604536056519
vt 0.32667168974876404 0.21280533075332642
vt 0.32760971784591675 0.21280533075332642
vt 0.32760971784591675 0.19498604536056519
vt 0.5787426233291626 0.4699041247367859
vt 0.5787426829338074 0.4708419442176819
vt 0.5965619683265686 0.4708419442176819
vt 0.5965619683265686 0.4699041247367859
vt 0.5761317610740662 0.4897380471229553
vt 0.5761317610740662 0.4887992739677429
vt 0.5595048069953918 0.4887992739677429
vt 0.5595048069953918 0.4897380471229553
vt 0.34650564193725586 0.19237518310546875
vt 0.34650564193725586 0.17574822902679443
vt 0.34556683897972107 0.17574822902679443
vt 0.34556683897972107 0.19237518310546875
vt 0.5975693464279175 0.4708419442176819
vt 0.5975693464279175 0.4699041247367859
vt 0.32667168974876404 0.2138127088546753
vt 0.3276095390319824 0.2138127088546753
vt 0.17908893525600433 0.8209984302520752
vt 0.18322031199932098 0.8209935426712036
vt 0.18321919441223145 0.8200557231903076
vt 0.179087832570076 0.8200606107711792
vt 0.17900151014328003 0.4746065139770508
vt 0.18313287198543549 0.4746066927909851
vt 0.24014593660831451 0.4746066927909851
vt 0.25040072202682495 0.4746065139770508
vt 0.3000617027282715 0.4746066927909851
vt 0.34650564193725586 0.17414474487304688
vt 0.34556683897972107 0.17414480447769165
vt 0.24023331701755524 0.8209260702133179
vt 0.2402322143316269 0.8199880719184875
vt 0.5579013824462891 0.4887992739677429
vt 0.5579013824462891 0.4897380471229553
vt 0.2504881024360657 0.8209139704704285
vt 0.25048699975013733 0.8199761509895325
vt 0.3001490533351898 0.8208552598953247
vt 0.3001479208469391 0.8199173808097839
vt 0.3052177429199219 0.4746065139770508
vt 0.3053050935268402 0.8208491802215576
vt 0.30530399084091187 0.8199113011360168
vt 0.6317933797836304 0.2997968792915344
vt 0.262722909450531 0.8538466691970825
vt 0.2627229690551758 0.8524834513664246
vt 0.33196160197257996 0.8524833917617798
vt 0.2910492718219757 0.8614367246627808
vt 0.8624184727668762 0.18683260679244995
vt 0.8624184727668762 0.21387898921966553
vt 0.8595225811004639 0.21387839317321777
vt 0.8595225214958191 0.18683207035064697
vt 0.2627229392528534 0.8564066886901855
vt 0.2897692620754242 0.8636537194252014
vt 0.262722909450531 0.9671517014503479
vt 0.2910492420196533 0.9595616459846497
vt 0.33196160197257996 0.9685150384902954
vt 0.26272299885749817 0.9685149192810059
vt 0.26272299885749817 0.9700007438659668
vt 0.33196160197257996 0.9700007438659668
vt 0.8288905620574951 0.13273346424102783
vt 0.8317916393280029 0.15977978706359863
vt 0.8288957476615906 0.15977978706359863
vt 0.262722909450531 0.9645916819572449
vt 0.2897692620754242 0.957344651222229
vt 0.032848261296749115 0.21208256483078003
vt 0.031485024839639664 0.2120826244354248
vt 0.03148498386144638 0.12553435564041138
vt 0.04043827950954437 0.18375623226165771
vt 0.6371792554855347 0.23368149995803833
vt 0.6371792554855347 0.25348079204559326
vt 0.6342833042144775 0.25348079204559326
vt 0.6342833638191223 0.23368149995803833
vt 0.6065472364425659 0.23368149995803833
vt 0.6065472364425659 0.25348079204559326
vt 0.6065524220466614 0.10569685697555542
vt 0.634288489818573 0.10569685697555542
vt 0.6342833042144775 0.13274317979812622
vt 0.6065472364425659 0.13274317979812622
vt 0.8317864537239075 0.213873028755188
vt 0.8317864537239075 0.1868267059326172
vt 0.7422090768814087 0.14929580688476562
vt 0.7422090768814087 0.12155967950820923
vt 0.7692553997039795 0.12155967950820923
vt 0.7692553997039795 0.14929580688476562
vt 0.6342833042144775 0.17958879470825195
vt 0.6065472364425659 0.17958885431289673
vt 0.6065472364425659 0.15978950262069702
vt 0.6342833042144775 0.15978950262069702
vt 0.8317968845367432 0.1597803831100464
vt 0.8595329523086548 0.1597856879234314
vt 0.8595277667045593 0.15977978706359863
vt 0.8595329523086548 0.2336776852607727
vt 0.8317968845367432 0.2336723804473877
vt 0.6371792554855347 0.20663511753082275
vt 0.6342833042144775 0.20663511753082275
vt 0.7224097847938538 0.12155967950820923
vt 0.7224097847938538 0.14929580688476562
vt 0.2356766015291214 0.957344651222229
vt 0.23439660668373108 0.9595616459846497
vt 0.21587732434272766 0.9375454187393188
vt 0.21366028487682343 0.9388253688812256
vt 0.2086302638053894 0.9104992151260376
vt 0.20607024431228638 0.9104992151260376
vt 0.8288905620574951 0.1868261694908142
vt 0.8288905620574951 0.213872492313385
vt 0.8288957476615906 0.10568714141845703
vt 0.035408247262239456 0.21208256483078003
vt 0.042655300348997116 0.23912888765335083
vt 0.04043827950954437 0.24040889739990234
vt 0.6371792554855347 0.17958879470825195
vt 0.6371792554855347 0.15978950262069702
vt 0.6065472364425659 0.20663511753082275
vt 0.31178557872772217 0.9388254880905151
vt 0.7422090768814087 0.15219169855117798
vt 0.7692553997039795 0.15219169855117798
vt 0.7224097847938538 0.15219169855117798
vt 0.7963017821311951 0.12155967950820923
vt 0.7963017821311951 0.14929580688476562
vt 0.3095685541629791 0.9375454187393188
vt 0.828900933265686 0.1597798466682434
vt 0.08950075507164001 0.15798991918563843
vt 0.062454503029584885 0.16523700952529907
vt 0.061174552887678146 0.16301995515823364
vt 0.08950075507164001 0.15542995929718018
vt 0.3168156147003174 0.9104992151260376
vt 0.3193756341934204 0.9104992151260376
vt 0.042655304074287415 0.18503624200820923
vt 0.062454503029584885 0.25892817974090576
vt 0.08950075507164001 0.2661752700805664
vt 0.08950075507164001 0.26873522996902466
vt 0.06117446720600128 0.2611451745033264
vt 0.828900933265686 0.23367178440093994
vt 0.7963017821311951 0.11866378784179688
vt 0.7692553997039795 0.11866378784179688
vt 0.11654696613550186 0.25892817974090576
vt 0.11782703548669815 0.2611452341079712
vt 0.13634619116783142 0.23912888765335083
vt 0.13856321573257446 0.24040889739990234
vt 0.7224097847938538 0.11866378784179688
vt 0.7422090768814087 0.11866378784179688
vt 0.08950075507164001 0.12553435564041138
vt 0.14751654863357544 0.2813212275505066
vt 0.6036512851715088 0.20663511753082275
vt 0.6036512851715088 0.17958885431289673
vt 0.6036512851715088 0.15978950262069702
vt 0.8624236583709717 0.10568714141845703
vt 0.8624184727668762 0.13273346424102783
vt 0.11782696098089218 0.16301995515823364
vt 0.11654695868492126 0.1652369499206543
vt 0.13856321573257446 0.18375623226165771
vt 0.13634619116783142 0.18503624200820923
vt 0.14615324139595032 0.21208256483078003
vt 0.1435932070016861 0.21208256483078003
vt 0.31178557872772217 0.8821728825569153
vt 0.7963017821311951 0.15219169855117798
vt 0.8624289035797119 0.23367822170257568
vt 0.3095685839653015 0.8834529519081116
vt 0.029999244958162308 0.12553435564041138
vt 0.029999250546097755 0.2120826244354248
vt 0.2356766015291214 0.8636537194252014
vt 0.23439660668373108 0.8614367246627808
vt 0.6036512851715088 0.23368149995803833
vt 0.21587732434272766 0.8834528923034668
vt 0.21366028487682343 0.8821730017662048
vt 0.14751647412776947 0.2120826244354248
vt 0.8624289035797119 0.15978628396987915
vt 0.6036512851715088 0.25348079204559326
vt 0.8624236583709717 0.15977978706359863
vt 0.435819536447525 0.8538466691970825
vt 0.4358195662498474 0.8524834513664246
vt 0.5396775007247925 0.8524833917617798
vt 0.46414586901664734 0.8614367246627808
vt 0.5865636467933655 0.22642797231674194
vt 0.5865740776062012 0.25347429513931274
vt 0.583678126335144 0.2534748911857605
vt 0.5836676955223083 0.22642850875854492
vt 0.435819536447525 0.8564066886901855
vt 0.4628658592700958 0.8636537194252014
vt 0.435819536447525 0.9671517014503479
vt 0.46414583921432495 0.9595617055892944
vt 0.5396775007247925 0.9685150384902954
vt 0.4358195662498474 0.9685149192810059
vt 0.6036512851715088 0.13274317979812622
vt 0.6065524220466614 0.15978950262069702
vt 0.6036564707756042 0.15978950262069702
vt 0.435819536447525 0.9645916819572449
vt 0.4628658592700958 0.957344651222229
vt 0.032848261296749115 0.3851791024208069
vt 0.031485024839639664 0.38517916202545166
vt 0.03148498386144638 0.2813212275505066
vt 0.04043827950954437 0.35685276985168457
vt 0.5865740776062012 0.17958229780197144
vt 0.5865636467933655 0.19938164949417114
vt 0.5836676955223083 0.19938218593597412
vt 0.583678126335144 0.1795828938484192
vt 0.5559420585632324 0.1795881986618042
vt 0.5559316277503967 0.1993875503540039
vt 0.30521780252456665 0.1712436079978943
vt 0.30521780252456665 0.14350754022598267
vt 0.33226412534713745 0.14351272583007812
vt 0.33226412534713745 0.17124879360198975
vt 0.5559420585632324 0.2534801959991455
vt 0.5559316277503967 0.2264338731765747
vt 0.5224036574363708 0.17958879470825195
vt 0.5501397252082825 0.17958879470825195
vt 0.5501397252082825 0.20663511753082275
vt 0.5224036574363708 0.20663511753082275
vt 0.3915230333805084 0.14351272583007812
vt 0.39152300357818604 0.17124879360198975
vt 0.3717237114906311 0.17124879360198975
vt 0.3717237114906311 0.14351272583007812
vt 0.634288489818573 0.15978950262069702
vt 0.5224036574363708 0.23368149995803833
vt 0.5501397252082825 0.23368149995803833
vt 0.5501397252082825 0.25348079204559326
vt 0.5224036574363708 0.25348079204559326
vt 0.41856932640075684 0.140616774559021
vt 0.44561567902565 0.140616774559021
vt 0.44561567902565 0.14351272583007812
vt 0.41856932640075684 0.14351272583007812
vt 0.5501397848129272 0.15978950262069702
vt 0.5224036574363708 0.15978950262069702
vt 0.40877318382263184 0.957344651222229
vt 0.4074931740760803 0.9595617055892944
vt 0.3889738917350769 0.9375454187393188
vt 0.38675686717033386 0.9388254284858704
vt 0.38172683119773865 0.9104992151260376
vt 0.379166841506958 0.9104992151260376
vt 0.5530356764793396 0.22643440961837769
vt 0.5530461072921753 0.25348079204559326
vt 0.603656530380249 0.10569685697555542
vt 0.035408247262239456 0.3851791024208069
vt 0.042655300348997116 0.4122254252433777
vt 0.04043827950954437 0.4135054349899292
vt 0.3915230333805084 0.140616774559021
vt 0.3717237114906311 0.140616774559021
vt 0.41856932640075684 0.17124879360198975
vt 0.4848821759223938 0.9388254880905151
vt 0.44561567902565 0.17124879360198975
vt 0.5195077061653137 0.17958879470825195
vt 0.5195077061653137 0.20663511753082275
vt 0.5195077061653137 0.15978950262069702
vt 0.48266515135765076 0.9375454187393188
vt 0.5530357360839844 0.19938808679580688
vt 0.08950075507164001 0.3310864567756653
vt 0.062454503029584885 0.33833348751068115
vt 0.061174552887678146 0.3361164927482605
vt 0.08950075507164001 0.32852643728256226
vt 0.489912211894989 0.9104992151260376
vt 0.49247220158576965 0.9104992151260376
vt 0.042655304074287415 0.3581327795982361
vt 0.062454503029584885 0.4320247173309326
vt 0.08950075507164001 0.4392717480659485
vt 0.08950075507164001 0.4418317675590515
vt 0.06117446720600128 0.43424177169799805
vt 0.5530356764793396 0.25348079204559326
vt 0.5530356764793396 0.23368149995803833
vt 0.5530356764793396 0.20663511753082275
vt 0.03148498386144638 0.48903703689575195
vt 0.11654695868492126 0.4320247173309326
vt 0.11782703548669815 0.43424177169799805
vt 0.13634619116783142 0.4122254252433777
vt 0.13856321573257446 0.4135054349899292
vt 0.5530356764793396 0.15978950262069702
vt 0.5530356764793396 0.17958879470825195
vt 0.08950075507164001 0.2813212275505066
vt 0.14751654863357544 0.48903703689575195
vt 0.41856932640075684 0.17414474487304688
vt 0.39152300357818604 0.17414474487304688
vt 0.3717237114906311 0.17414474487304688
vt 0.6371844410896301 0.10569685697555542
vt 0.6371792554855347 0.13274317979812622
vt 0.11782695353031158 0.3361164331436157
vt 0.11654695868492126 0.33833348751068115
vt 0.13856321573257446 0.35685276985168457
vt 0.13634619116783142 0.3581327795982361
vt 0.14615322649478912 0.3851791024208069
vt 0.1435932070016861 0.3851791024208069
vt 0.4848822057247162 0.8821729421615601
vt 0.4358195662498474 0.8509976863861084
vt 0.5396775007247925 0.8509976863861084
vt 0.5195077061653137 0.23368149995803833
vt 0.5195077061653137 0.2534807324409485
vt 0.48266515135765076 0.8834529519081116
vt 0.029999250546097755 0.2813212275505066
vt 0.029999244958162308 0.38517916202545166
vt 0.40877318382263184 0.8636537194252014
vt 0.4074932038784027 0.8614367246627808
vt 0.44561567902565 0.17414474487304688
vt 0.3889738619327545 0.8834529519081116
vt 0.38675686717033386 0.8821730017662048
vt 0.14751647412776947 0.38517916202545166
vt 0.14900226891040802 0.38517916202545166
vt 0.14900225400924683 0.48903703689575195
vt 0.5530461072921753 0.17958879470825195
vt 0.6371844410896301 0.15978950262069702
vt 0.8624184727668762 0.260731041431427
vt 0.8624184727668762 0.2877774238586426
vt 0.8595225214958191 0.2877768278121948
vt 0.8595225214958191 0.26073044538497925
vt 0.6089161038398743 0.8564066886901855
vt 0.6089161038398743 0.8538467288017273
vt 0.6372424364089966 0.8614367246627808
vt 0.6359624862670898 0.8636537790298462
vt 0.6089161038398743 0.9671517014503479
vt 0.6372424364089966 0.9595617055892944
vt 0.6954644322395325 0.9685150384902954
vt 0.608916163444519 0.9685149192810059
vt 0.608916163444519 0.9700007438659668
vt 0.6954644322395325 0.9700007438659668
vt 0.33226412534713745 0.17414474487304688
vt 0.359310507774353 0.1712436079978943
vt 0.35931047797203064 0.17413955926895142
vt 0.6089161038398743 0.9645916819572449
vt 0.6359624266624451 0.957344651222229
vt 0.5152832269668579 0.43827885389328003
vt 0.5152832269668579 0.45807814598083496
vt 0.5123872756958008 0.45807814598083496
vt 0.5123872756958008 0.43827885389328003
vt 0.48465120792388916 0.43827885389328003
vt 0.48465120792388916 0.45807814598083496
vt 0.5224088430404663 0.10569685697555542
vt 0.5501449108123779 0.10569679737091064
vt 0.5501397252082825 0.13274317979812622
vt 0.5224036574363708 0.13274317979812622
vt 0.8317864537239075 0.2877715229988098
vt 0.8317864537239075 0.26072514057159424
vt 0.5559419989585876 0.12548965215682983
vt 0.5836780667304993 0.12548965215682983
vt 0.5836780667304993 0.15253597497940063
vt 0.5559419989585876 0.15253597497940063
vt 0.5123872756958008 0.3841862082481384
vt 0.48465120792388916 0.3841862082481384
vt 0.4846511781215668 0.3643869161605835
vt 0.5123872756958008 0.3643869161605835
vt 0.8317968845367432 0.23367881774902344
vt 0.8595329523086548 0.23368412256240845
vt 0.35931047797203064 0.14350754022598267
vt 0.8595329523086548 0.30757617950439453
vt 0.8317968845367432 0.30757081508636475
vt 0.5152832269668579 0.41123253107070923
vt 0.5123872756958008 0.41123253107070923
vt 0.583678126335144 0.1056903600692749
vt 0.5559419989585876 0.1056903600692749
vt 0.5818697810173035 0.957344651222229
vt 0.580589771270752 0.9595617055892944
vt 0.5620704889297485 0.9375454187393188
vt 0.5598534345626831 0.9388254284858704
vt 0.5548233985900879 0.9104992151260376
vt 0.5522634387016296 0.9104992151260376
vt 0.8288905620574951 0.26072460412979126
vt 0.8288905620574951 0.28777092695236206
vt 0.30521777272224426 0.17413955926895142
vt 0.035408247262239456 0.5582756400108337
vt 0.042655300348997116 0.5853219628334045
vt 0.04043827950954437 0.586601972579956
vt 0.032848261296749115 0.5582756400108337
vt 0.5152832269668579 0.3841862082481384
vt 0.5152832269668579 0.3643869161605835
vt 0.48465120792388916 0.41123253107070923
vt 0.6579787731170654 0.9388254880905151
vt 0.5530460476875305 0.12548965215682983
vt 0.5530460476875305 0.15253597497940063
vt 0.5530460476875305 0.1056903600692749
vt 0.5836780667304993 0.1795823574066162
vt 0.5559419989585876 0.1795823574066162
vt 0.65576171875 0.9375454187393188
vt 0.828900933265686 0.23367828130722046
vt 0.08950074762105942 0.5041829347610474
vt 0.062454503029584885 0.511430025100708
vt 0.061174552887678146 0.5092129707336426
vt 0.08950074762105942 0.5016229748725891
vt 0.6630088090896606 0.9104992151260376
vt 0.6655687689781189 0.9104992151260376
vt 0.042655300348997116 0.5312293171882629
vt 0.04043827950954437 0.5299493074417114
vt 0.062454503029584885 0.6051212549209595
vt 0.08950074762105942 0.6123683452606201
vt 0.08950074762105942 0.6149283647537231
vt 0.061174459755420685 0.6073383092880249
vt 0.828900933265686 0.307570219039917
vt 0.5865740180015564 0.1795823574066162
vt 0.5865740180015564 0.15253597497940063
vt 0.02999924123287201 0.5582756996154785
vt 0.031485024839639664 0.5582756996154785
vt 0.03148498386144638 0.6448239088058472
vt 0.029999244958162308 0.6448239088058472
vt 0.11654695868492126 0.6051212549209595
vt 0.11782703548669815 0.6073383092880249
vt 0.13634619116783142 0.5853219628334045
vt 0.13856321573257446 0.586601972579956
vt 0.5865740180015564 0.1056903600692749
vt 0.5865740180015564 0.12548965215682983
vt 0.48175525665283203 0.41123253107070923
vt 0.48175525665283203 0.3841862082481384
vt 0.48175525665283203 0.3643869161605835
vt 0.30521777272224426 0.14061158895492554
vt 0.33226412534713745 0.14061683416366577
vt 0.11782695353031158 0.5092129707336426
vt 0.11654695868492126 0.511430025100708
vt 0.13856321573257446 0.5299493074417114
vt 0.13634619116783142 0.5312292575836182
vt 0.14615322649478912 0.5582756400108337
vt 0.1435932070016861 0.5582756400108337
vt 0.5530460476875305 0.1795823574066162
vt 0.8624289035797119 0.30757665634155273
vt 0.6579787731170654 0.8821729421615601
vt 0.65576171875 0.8834529519081116
vt 0.5818697810173035 0.8636537790298462
vt 0.580589771270752 0.8614367246627808
vt 0.48175525665283203 0.43827885389328003
vt 0.5620704889297485 0.8834529519081116
vt 0.5598534345626831 0.8821730017662048
vt 0.8624289035797119 0.2336847186088562
vt 0.4817552864551544 0.45807814598083496
vt 0.35931047797203064 0.14061158895492554
vt 0.7820127010345459 0.8538467288017273
vt 0.7820127606391907 0.8524835109710693
vt 0.8685609698295593 0.8524834513664246
vt 0.8103390336036682 0.8614367246627808
vt 0.4791436195373535 0.1135704517364502
vt 0.47914883494377136 0.140616774559021
vt 0.47625288367271423 0.140616774559021
vt 0.4762476980686188 0.1135704517364502
vt 0.7820127010345459 0.8564066886901855
vt 0.8090590834617615 0.8636537790298462
vt 0.14615322649478912 0.7313721776008606
vt 0.13856321573257446 0.7030458450317383
vt 0.14751647412776947 0.6448239088058472
vt 0.14751647412776947 0.7313722372055054
vt 0.7820127010345459 0.9671517610549927
vt 0.8103389739990234 0.9595617055892944
vt 0.8685609698295593 0.9685150384902954
vt 0.7820127606391907 0.9685149788856506
vt 0.7820127606391907 0.9700007438659668
vt 0.8685609102249146 0.9700007438659668
vt 0.6954644322395325 0.8509976863861084
vt 0.7820127606391907 0.8509976863861084
vt 0.6954644322395325 0.8524834513664246
vt 0.7536863684654236 0.8614367246627808
vt 0.5195077061653137 0.13274317979812622
vt 0.5224088430404663 0.15978944301605225
vt 0.519512951374054 0.15978944301605225
vt 0.7820127010345459 0.9645916819572449
vt 0.8090590238571167 0.9573447108268738
vt 0.46513664722442627 0.43827885389328003
vt 0.4651366174221039 0.45807814598083496
vt 0.46224069595336914 0.45807814598083496
vt 0.46224069595336914 0.43827885389328003
vt 0.43450459837913513 0.43827885389328003
vt 0.4345046281814575 0.45807814598083496
vt 0.4485168159008026 0.140616774559021
vt 0.44851163029670715 0.1135704517364502
vt 0.577700674533844 0.8181024789810181
vt 0.577700674533844 0.7903664112091064
vt 0.6047469973564148 0.7903664112091064
vt 0.6047469973564148 0.8181024789810181
vt 0.46224069595336914 0.3841862082481384
vt 0.43450459837913513 0.3841862082481384
vt 0.43450459837913513 0.3643869161605835
vt 0.46224069595336914 0.3643869161605835
vt 0.4485168159008026 0.0865241289138794
vt 0.4762529134750366 0.0865241289138794
vt 0.5501449108123779 0.15978950262069702
vt 0.6317933797836304 0.8181024789810181
vt 0.6317933797836304 0.7903664112091064
vt 0.6515926122665405 0.7903664112091064
vt 0.6515926122665405 0.8181024789810181
vt 0.46513664722442627 0.41123253107070923
vt 0.46224069595336914 0.41123253107070923
vt 0.5579013824462891 0.7903664112091064
vt 0.5579013824462891 0.8181024789810181
vt 0.7549663782119751 0.9573447108268738
vt 0.7536863684654236 0.9595617055892944
vt 0.7351670861244202 0.9375454187393188
vt 0.7329500317573547 0.9388254284858704
vt 0.7279199957847595 0.9104992151260376
vt 0.7253600358963013 0.9104992151260376
vt 0.44561567902565 0.1135704517364502
vt 0.44562089443206787 0.140616774559021
vt 0.519512951374054 0.10569685697555542
vt 0.03540823981165886 0.7313721179962158
vt 0.042655300348997116 0.7584184408187866
vt 0.04043827950954437 0.7596983909606934
vt 0.032848261296749115 0.7313721179962158
vt 0.46513664722442627 0.3841862082481384
vt 0.4651366174221039 0.3643869161605835
vt 0.43450459837913513 0.41123253107070923
vt 0.8310753107070923 0.9388255476951599
vt 0.8386653065681458 0.9104992151260376
vt 0.8685609698295593 0.9104992151260376
vt 0.7329500317573547 0.8821730017662048
vt 0.6954644322395325 0.9104992151260376
vt 0.577700674533844 0.8209984302520752
vt 0.6047469973564148 0.8209984302520752
vt 0.5579013824462891 0.8209984302520752
vt 0.8288583159446716 0.9375454187393188
vt 0.44562089443206787 0.0865241289138794
vt 0.08950074762105942 0.6772794723510742
vt 0.062454499304294586 0.6845266222953796
vt 0.06117454543709755 0.6823095083236694
vt 0.08950074762105942 0.6747194528579712
vt 0.8361053466796875 0.9104992151260376
vt 0.042655300348997116 0.7043258547782898
vt 0.04043827950954437 0.7030458450317383
vt 0.06245449557900429 0.7782177925109863
vt 0.08950074762105942 0.7854647636413574
vt 0.08950074762105942 0.7880248427391052
vt 0.061174459755420685 0.780434787273407
vt 0.6515926122665405 0.7874704599380493
vt 0.6317933797836304 0.7874704599380493
vt 0.6047469973564148 0.7874704599380493
vt 0.029999244958162308 0.7313722372055054
vt 0.031485024839639664 0.7313722372055054
vt 0.031484976410865784 0.8179203867912292
vt 0.02999924123287201 0.8179203867912292
vt 0.08950074762105942 0.8179203867912292
vt 0.11782695353031158 0.6823095083236694
vt 0.08950074762105942 0.6448239088058472
vt 0.11654695868492126 0.7782177925109863
vt 0.11782703548669815 0.780434787273407
vt 0.13634619116783142 0.7584184408187866
vt 0.13856321573257446 0.7596984505653381
vt 0.5579013824462891 0.7874704599380493
vt 0.577700674533844 0.7874704599380493
vt 0.14751654863357544 0.8179203867912292
vt 0.4316086769104004 0.41123253107070923
vt 0.4316086769104004 0.3841862082481384
vt 0.4316086769104004 0.3643869161605835
vt 0.5530408620834351 0.10569685697555542
vt 0.5530356764793396 0.13274317979812622
vt 0.11654695868492126 0.6845265626907349
vt 0.13634619116783142 0.7043258547782898
vt 0.1435932070016861 0.7313721179962158
vt 0.8310752511024475 0.8821729421615601
vt 0.8685609698295593 0.8509976863861084
vt 0.6317933797836304 0.8209984302520752
vt 0.6515926122665405 0.8209984302520752
vt 0.8288583159446716 0.8834529519081116
vt 0.7549663782119751 0.8636537790298462
vt 0.4316086769104004 0.43827885389328003
vt 0.7351670861244202 0.8834529519081116
vt 0.47914883494377136 0.0865241289138794
vt 0.14900225400924683 0.7313722372055054
vt 0.14900225400924683 0.8179203867912292
vt 0.4316086769104004 0.45807814598083496
vt 0.5530408620834351 0.15978944301605225
vt 0.17617468535900116 0.9104992151260376
vt 0.17617473006248474 0.8509976863861084
vt 0.14900226891040802 0.2120826244354248
vt 0.26272299885749817 0.8509976863861084
vt 0.33196160197257996 0.9104992151260376
vt 0.33196160197257996 0.8509976863861084
vt 0.14900226891040802 0.2813212275505066
vt 0.4358195662498474 0.9700007438659668
vt 0.5396775007247925 0.9700007438659668
vt 0.5396775007247925 0.9104992151260376
vt 0.02999924123287201 0.48903703689575195
vt 0.08950074762105942 0.48903703689575195
vt 0.608916163444519 0.8524834513664246
vt 0.14900226891040802 0.5582756996154785
vt 0.14751647412776947 0.5582756996154785
vt 0.608916163444519 0.8509976863861084
vt 0.14900226891040802 0.6448239088058472
vt 0.17900151014328003 0.8179203867912292
vt 0.17900151014328003 0.8209984302520752
vt 0.14900225400924683 0.8209984302520752
vt 1.0747250200893177e-08 0.03898608684539795
vt 1.0747250200893177e-08 -0.047562241554260254
vt 1.0747250200893177e-08 0.38517916202545166
vt 1.0747250200893177e-08 0.2813212275505066
vt 0.6678898334503174 0.4905354380607605
vt 0.6678898334503174 0.46053606271743774
vt 0.701417863368988 0.46053606271743774
vt 0.701417863368988 0.4905354380607605
vt 0.9664720296859741 0.21798741817474365
vt 0.9358195066452026 0.21798741817474365
vt 0.9358195066452026 0.13143908977508545
vt 0.9664720296859741 0.13143908977508545
vt 0.9664720296859741 0.7372771501541138
vt 0.9358195066452026 0.7372771501541138
vt 0.9358195066452026 0.6680384874343872
vt 0.9664720296859741 0.6680384874343872
vt 0.17900151014328003 0.03898608684539795
vt 0.17900151014328003 0.12553435564041138
vt 0.17900151014328003 -0.047562241554260254
vt 0.0 0.6448239088058472
vt 1.0747250200893177e-08 0.5582756996154785
vt 1.0747250200893177e-08 0.12553441524505615
vt 0.7933754324913025 0.31065475940704346
vt 0.762722909450531 0.31065475940704346
vt 0.762722909450531 0.3075767755508423
vt 0.7933754324913025 0.3075767755508423
vt 0.701417863368988 0.6095389127731323
vt 0.701417863368988 0.6395382881164551
vt 0.6678898334503174 0.6395382881164551
vt 0.6678898334503174 0.6095389127731323
vt 0.902291476726532 0.30453556776046753
vt 0.8716390132904053 0.30453556776046753
vt 0.8716390132904053 0.2179872989654541
vt 0.902291476726532 0.2179872989654541
vt 0.17900151014328003 0.6448239088058472
vt 0.17900151014328003 0.7313722372055054
vt 0.902291476726532 0.13143903017044067
vt 0.8716390132904053 0.13143908977508545
vt 0.8716390132904053 0.1283610463142395
vt 0.902291476726532 0.1283610463142395
vt 0.17900151014328003 0.38517916202545166
vt 0.17900151014328003 0.48903703689575195
vt 1.0747250200893177e-08 -0.050640225410461426
vt 0.029999250546097755 -0.050640225410461426
vt 0.3740237057209015 0.4953751564025879
vt 0.3740237057209015 0.5260276794433594
vt 0.34402433037757874 0.5260276794433594
vt 0.34402433037757874 0.4953751564025879
vt 0.9664720296859741 0.3910840153694153
vt 0.9358195066452026 0.3910840153694153
vt 0.9358195066452026 0.30453574657440186
vt 0.9664720296859741 0.30453574657440186
vt 0.14751654863357544 0.8209984302520752
vt 0.08950074762105942 0.8209984302520752
vt 0.8716389536857605 0.8524834513664246
vt 0.8716389536857605 0.9104992151260376
vt 0.031484976410865784 0.8209983706474304
vt 0.8716390132904053 0.9685150384902954
vt 0.03148498386144638 -0.050640225410461426
vt 0.08950075507164001 -0.050640225410461426
vt 0.14751647412776947 -0.050640225410461426
vt 8.597800160714542e-08 0.9685149192810059
vt 4.298900080357271e-08 0.9104991555213928
vt 0.0 0.8524833917617798
vt 0.6678898334503174 0.550037145614624
vt 0.701417863368988 0.550037145614624
vt 0.701417863368988 0.6080532073974609
vt 0.6678898334503174 0.6080532073974609
vt 0.6678898334503174 0.49202120304107666
vt 0.701417863368988 0.49202120304107666
vt 0.39471888542175293 0.31478583812713623
vt 0.39471888542175293 0.3483138680458069
vt 0.3367028534412384 0.3483138084411621
vt 0.3367028534412384 0.31478583812713623
vt 0.45273488759994507 0.31478583812713623
vt 0.45273488759994507 0.3483138680458069
vt 0.45422065258026123 0.31478583812713623
vt 0.45422062277793884 0.3483138680458069
vt 0.335217148065567 0.3483138084411621
vt 0.335217148065567 0.31478583812713623
vt 0.14900226891040802 -0.050640225410461426
vt 4.298900080357271e-08 0.970000684261322
vt 0.17900151014328003 0.2813212275505066
vt 4.298900080357271e-08 0.8509976267814636
vt 0.4358195960521698 0.8209984302520752
vt 0.5396775007247925 0.8209984302520752
vt 0.8716389536857605 0.9700007438659668
vt 0.02999924123287201 0.8209984302520752
vt 0.4287138283252716 0.5260275602340698
vt 0.3980613052845001 0.5260275602340698
vt 0.3980613052845001 0.49602824449539185
vt 0.4287138283252716 0.49602824449539185
vt 0.8716390132904053 0.8509976863861084
vt 0.9358195066452026 0.2179872989654541
vt 0.9358195066452026 0.13143903017044067
vt 0.9358195066452026 0.30453556776046753
vt 0.9358195066452026 0.39108383655548096
vt 0.902291476726532 0.39108389616012573
vt 0.9358195066452026 0.4603225588798523
vt 0.902291476726532 0.4603224992752075
vt 0.9358195066452026 0.5641804933547974
vt 0.902291476726532 0.5641804933547974
vt 0.9358195066452026 0.6680384874343872
vt 0.902291476726532 0.6680384874343872
vt 0.902291476726532 0.737277090549469
vt 0.9358195066452026 0.737277090549469
vt 0.9358195066452026 0.8238254189491272
vt 0.902291476726532 0.8238254189491272
vt 0.9358195066452026 0.9103736281394958
vt 0.902291476726532 0.9103736281394958
vt 0.9358195066452026 0.9969220161437988
vt 0.902291476726532 0.9969220161437988
vt 0.9664720296859741 0.9103737473487854
vt 1.0 0.9103737473487854
vt 1.0 0.9969220161437988
vt 0.9664720296859741 0.9969220161437988
vt 0.9664720296859741 0.823825478553772
vt 1.0 0.823825478553772
vt 1.0 0.7372771501541138
vt 1.0 0.6680384874343872
vt 0.9664720296859741 0.5641806125640869
vt 1.0 0.5641806125640869
vt 0.9664720296859741 0.46032261848449707
vt 1.0 0.46032261848449707
vt 1.0 0.3910840153694153
vt 1.0 0.30453574657440186
vt 1.0 0.21798741817474365
vt 1.0 0.13143914937973022
vt 0.9358195066452026 1.0
vt 0.902291476726532 1.0
vt 0.9664720296859741 0.1283610463142395
vt 1.0 0.1283610463142395
vt 0.9358195066452026 0.1283610463142395
vt 1.0 1.0
vt 0.9664720296859741 0.9999999403953552
vt 0.762722909450531 0.3768153190612793
vt 0.7320703864097595 0.3768153190612793
vt 0.7320703864097595 0.3075767159461975
vt 0.7627228498458862 0.3075767159461975
vt 0.17900151014328003 0.5582756996154785
vt 1.0747250200893177e-08 0.2120826244354248
vt 0.30521777272224426 0.3483138084411621
vt 0.30521777272224426 0.31478583812713623
vt 0.3744564354419708 0.28413325548171997
vt 0.3744564354419708 0.2534807324409485
vt 0.46100473403930664 0.2534807324409485
vt 0.46100473403930664 0.28413325548171997
vt 0.30521777272224426 0.28413325548171997
vt 0.30521777272224426 0.2534807324409485
vt 0.6341012716293335 0.28413331508636475
vt 0.6341012716293335 0.25348079204559326
vt 0.6371792554855347 0.25348079204559326
vt 0.6371792554855347 0.28413331508636475
vt 0.0 0.8179203867912292
vt 1.0747250200893177e-08 0.7313722372055054
vt 0.701417863368988 0.310654878616333
vt 0.7320703864097595 0.31065481901168823
vt 0.7320703864097595 0.3972030282020569
vt 0.701417863368988 0.3972030282020569
vt 0.4358195662498474 1.0
vt 0.33196157217025757 1.0
vt 0.5396775007247925 1.0
vt 0.8716389536857605 1.0
vt 0.8716389536857605 0.9969220161437988
vt 0.701417863368988 0.4837513566017151
vt 0.7320703864097595 0.4837513566017151
vt 0.7320703864097595 0.5702996253967285
vt 0.701417863368988 0.5702996253967285
vt 0.4842199981212616 0.31478583812713623
vt 0.4842199981212616 0.3483138680458069
vt 0.0 0.8209984302520752
vt 0.17900151014328003 0.2120826244354248
vt 1.0747250200893177e-08 0.48903703689575195
vt 0.5475530624389648 0.25348079204559326
vt 0.5475530624389648 0.28413331508636475
vt 0.8716390132904053 0.8238254189491272
vt 0.8716389536857605 0.737277090549469
vt 0.9358195066452026 0.9103737473487854
vt 0.9358195066452026 0.823825478553772
vt 0.33196160197257996 0.8209984302520752
vt 0.6372373104095459 0.6395382881164551
vt 0.6372373104095459 0.6095389127731323
vt 0.17900151014328003 -0.050640225410461426
vt 0.8233746886253357 0.5702996253967285
vt 0.7933754324913025 0.5702996253967285
vt 0.7933754324913025 0.4837513566017151
vt 0.8233746886253357 0.4837513566017151
vt 0.6372373104095459 0.1978132128715515
vt 0.6672365665435791 0.19781315326690674
vt 0.6672365665435791 0.28436148166656494
vt 0.6372373104095459 0.28436148166656494
vt 0.8233746886253357 0.3075767159461975
vt 0.8533739447593689 0.3075767159461975
vt 0.8533739447593689 0.31065475940704346
vt 0.8233746886253357 0.31065475940704346
vt 0.6672365665435791 0.37090981006622314
vt 0.6372373104095459 0.37090981006622314
vt 0.6672365665435791 0.4574580192565918
vt 0.6372373104095459 0.4574580192565918
vt 0.8233746886253357 0.39720308780670166
vt 0.7933754324913025 0.39720308780670166
vt 0.7933754324913025 0.31065475940704346
vt 0.8233746886253357 0.3106546998023987
vt 0.6372373104095459 0.12857455015182495
vt 0.6672365665435791 0.12857455015182495
vt 0.7933754324913025 0.3075767159461975
vt 0.8233746886253357 0.30757665634155273
vt 0.8233746886253357 0.48375141620635986
vt 0.8533739447593689 0.48375141620635986
vt 0.8533739447593689 0.5702996850013733
vt 0.8233746886253357 0.5702996850013733
vt 0.8533739447593689 0.6395382881164551
vt 0.8233746886253357 0.6395382881164551
vt 0.701417863368988 0.19781315326690674
vt 0.6714186072349548 0.19781315326690674
vt 0.6714186072349548 0.12857455015182495
vt 0.701417863368988 0.12857455015182495
vt 0.701417863368988 0.37090981006622314
vt 0.6714186072349548 0.37090981006622314
vt 0.6714186072349548 0.28436148166656494
vt 0.701417863368988 0.28436148166656494
vt 0.701417863368988 0.46053606271743774
vt 0.6714186072349548 0.46053600311279297
vt 0.6714186072349548 0.4574580192565918
vt 0.701417863368988 0.4574580192565918
vt 0.6672365665435791 0.46053600311279297
vt 0.6372373104095459 0.46053606271743774
vt 0.8533739447593689 0.39720308780670166
vt 0.8233746886253357 0.39720308780670166
vt 0.8233746886253357 0.6395382881164551
vt 0.7933754324913025 0.6395382881164551
vt 0.7933754324913025 0.4837513566017151
vt 0.762722909450531 0.4837513566017151
vt 0.762722909450531 0.39720314741134644
vt 0.7933754324913025 0.39720314741134644
vt 0.45422065258026123 0.28413331508636475
vt 0.4842199981212616 0.28413331508636475
vt 0.6372373104095459 0.4905354380607605
vt 0.6372373700141907 0.46053606271743774
vt 0.8716389536857605 0.4603224992752075
vt 0.8716389536857605 0.39108389616012573
vt 0.762722909450531 0.5499118566513062
vt 0.7320703864097595 0.5499118566513062
vt 0.7320703864097595 0.4633635878562927
vt 0.7627228498458862 0.4633635878562927
vt 0.701417863368988 0.3075767755508423
vt 0.7320703864097595 0.30757683515548706
vt 0.30521780252456665 0.28413331508636475
vt 0.3352171778678894 0.28413331508636475
vt 0.9358195066452026 0.996921956539154
vt 0.9358195066452026 0.46032261848449707
vt 0.40947893261909485 0.10996425151824951
vt 0.40947893261909485 0.140616774559021
vt 0.3794795572757721 0.140616774559021
vt 0.3794795572757721 0.10996425151824951
vt 0.9358195066452026 0.1283610463142395
vt 0.8716389536857605 0.9103736281394958
vt 0.7963017821311951 0.1221923828125
vt 0.8269543051719666 0.1221923828125
vt 0.8269543051719666 0.15219169855117798
vt 0.7963017821311951 0.15219169855117798
vt 0.7933754324913025 0.5702996850013733
vt 0.762722909450531 0.5702996850013733
vt 0.7933754324913025 0.6395382881164551
vt 0.762722909450531 0.6395382881164551
vt 0.8716390132904053 0.6680384874343872
vt 0.762722909450531 0.6364601850509644
vt 0.7320703864097595 0.6364603042602539
vt 0.9358195066452026 1.0
vt 0.7320703864097595 0.6395382881164551
vt 0.701417863368988 0.6395382881164551
vt 0.7627228498458862 0.6395382285118103
vt 0.7320703864097595 0.6395382881164551
vn 0.00019435383728705347 -0.9781121015548706 0.2080785036087036
vn 0.00019435386639088392 -0.9781122207641602 0.2080785185098648
vn 0.00019435386639088392 -0.9781122207641602 0.2080785185098648
vn 0.00019435386639088392 -0.9781122207641602 0.2080785185098648
vn 0.00019435386639088392 -0.9781122207641602 0.2080785185098648
vn 0.00019435386639088392 -0.9781122207641602 0.2080785185098648
vn 0.00019435386639088392 -0.9781122207641602 0.2080785185098648
vn 0.00019435386639088392 -0.9781122207641602 0.2080785185098648
vn 0.00019435383728705347 -0.9781121015548706 0.2080785036087036
vn 0.00019435386639088392 -0.9781122207641602 0.2080785185098648
vn -9.708006109576672e-05 0.20807833969593048 0.9781122207641602
vn 0.49990519881248474 0.18030710518360138 0.8471034169197083
vn 0.49990519881248474 0.18030710518360138 0.8471034169197083
vn -9.708006109576672e-05 0.20807833969593048 0.9781122207641602
vn -0.00019435386639088392 0.9781122207641602 -0.2080785185098648
vn -0.00019435386639088392 0.9781122207641602 -0.2080785185098648
vn -0.00019435386639088392 0.9781122207641602 -0.2080785185098648
vn -0.00019435386639088392 0.9781122207641602 -0.2080785185098648
vn 0.00019435386639088392 -0.9781122207641602 0.2080785185098648
vn 0.00019435383728705347 -0.9781121015548706 0.2080785036087036
vn -0.00019435386639088392 0.9781122207641602 -0.2080785185098648
vn -0.00019435386639088392 0.9781122207641602 -0.2080785185098648
vn 0.00019435386639088392 -0.9781122207641602 0.2080785185098648
vn 0.00019435386639088392 -0.9781122207641602 0.2080785185098648
vn 0.00019435386639088392 -0.9781122207641602 0.2080785185098648
vn 0.00019435386639088392 -0.9781122207641602 0.2080785185098648
vn 0.00019435386639088392 -0.9781122207641602 0.2080785185098648
vn 0.00019435383728705347 -0.9781121015548706 0.2080785036087036
vn 0.00019435386639088392 -0.9781122207641602 0.2080785185098648
vn 9.708006109576672e-05 -0.20807833969593048 -0.9781122207641602
vn 9.708006109576672e-05 -0.20807833969593048 -0.9781122207641602
vn 0.500073254108429 -0.18009774386882782 -0.8470487594604492
vn 0.500073254108429 -0.18009774386882782 -0.8470487594604492
vn 0.00019435386639088392 -0.9781122207641602 0.2080785185098648
vn 0.00019435386639088392 -0.9781122207641602 0.2080785185098648
vn -0.00019435386639088392 0.9781122207641602 -0.2080785185098648
vn -0.00019435386639088392 0.9781122207641602 -0.2080785185098648
vn -0.00019435383728705347 0.9781121015548706 -0.2080785036087036
vn -0.00019435386639088392 0.9781122207641602 -0.2080785185098648
vn -0.8660799264907837 0.10385564714670181 0.4889984130859375
vn -0.500073254108429 0.18009774386882782 0.8470487594604492
vn -0.500073254108429 0.18009774386882782 0.8470487594604492
vn -0.8660799264907837 0.10385564714670181 0.4889984130859375
vn -0.8660799264907837 0.10385564714670181 0.4889984130859375
vn -0.500073254108429 0.18009774386882782 0.8470487594604492
vn -0.49990519881248474 -0.18030710518360138 -0.8471034169197083
vn -0.49990519881248474 -0.18030710518360138 -0.8471034169197083
vn 9.708006109576672e-05 -0.20807833969593048 -0.9781122207641602
vn 9.708006109576672e-05 -0.20807833969593048 -0.9781122207641602
vn 0.49990519881248474 0.18030710518360138 0.8471034169197083
vn -9.708006109576672e-05 0.20807833969593048 0.9781122207641602
vn 0.8660799264907837 -0.10385564714670181 -0.4889984130859375
vn 0.8660799264907837 -0.10385564714670181 -0.4889984130859375
vn 1.0 0.00020932784536853433 5.442690599011257e-05
vn 1.0 0.00020932784536853433 5.442690599011257e-05
vn -0.8659830093383789 -0.10421823710203171 -0.48909279704093933
vn -0.8659830093383789 -0.10421823710203171 -0.48909279704093933
vn -0.49990519881248474 -0.18030710518360138 -0.8471034169197083
vn -0.49990519881248474 -0.18030710518360138 -0.8471034169197083
vn 9.708006109576672e-05 -0.20807833969593048 -0.9781122207641602
vn 0.500073254108429 -0.18009774386882782 -0.8470487594604492
vn 0.8659830093383789 0.10421823710203171 0.48909279704093933
vn 0.8659830093383789 0.10421823710203171 0.48909279704093933
vn -1.0 -0.00020932784536853433 -5.442690599011257e-05
vn -0.8660799264907837 0.10385564714670181 0.4889984130859375
vn -0.8660799264907837 0.10385564714670181 0.4889984130859375
vn -1.0 -0.00020932785992044955 -5.442690599011257e-05
vn 0.500073254108429 -0.18009774386882782 -0.8470487594604492
vn 0.500073254108429 -0.18009774386882782 -0.8470487594604492
vn 0.00019435386639088392 -0.9781122207641602 0.2080785185098648
vn 0.00019435386639088392 -0.9781122207641602 0.2080785185098648
vn 0.00019435386639088392 -0.9781122207641602 0.2080785185098648
vn 0.00019435386639088392 -0.9781122207641602 0.2080785185098648
vn 0.00019435386639088392 -0.9781122207641602 0.2080785185098648
vn -9.708006109576672e-05 0.20807833969593048 0.9781122207641602
vn 0.49990519881248474 0.18030710518360138 0.8471034169197083
vn -0.49990519881248474 -0.18030710518360138 -0.8471034169197083
vn -0.00019435383728705347 0.9781121015548706 -0.2080785036087036
vn -0.00019435386639088392 0.9781122207641602 -0.2080785185098648
vn -0.00019435386639088392 0.9781122207641602 -0.2080785185098648
vn -0.8659830093383789 -0.10421823710203171 -0.48909279704093933
vn -0.8659830093383789 -0.10421823710203171 -0.48909279704093933
vn -0.49990519881248474 -0.18030710518360138 -0.8471034169197083
vn -0.49990519881248474 -0.18030710518360138 -0.8471034169197083
vn -1.0 -0.00020932784536853433 -5.442690599011257e-05
vn -0.8659830093383789 -0.10421823710203171 -0.48909279704093933
vn 0.00019435386639088392 -0.9781122207641602 0.2080785185098648
vn -0.8660799264907837 0.10385564714670181 0.4889984130859375
vn 0.00019435386639088392 -0.9781122207641602 0.2080785185098648
vn 0.00019435386639088392 -0.9781122207641602 0.2080785185098648
vn 0.8660799264907837 -0.10385564714670181 -0.4889984130859375
vn 1.0 0.00020932784536853433 5.442690599011257e-05
vn 0.500073254108429 -0.18009774386882782 -0.8470487594604492
vn 0.8659830093383789 0.10421823710203171 0.48909279704093933
vn 0.8659830093383789 0.10421823710203171 0.48909279704093933
vn 0.00019435383728705347 -0.9781121015548706 0.2080785036087036
vn -0.500073254108429 0.18009774386882782 0.8470487594604492
vn -0.00019435386639088392 0.9781122207641602 -0.2080785185098648
vn -0.00019435386639088392 0.9781122207641602 -0.2080785185098648
vn -0.00019435386639088392 0.9781122207641602 -0.2080785185098648
vn -0.00019435386639088392 0.9781122207641602 -0.2080785185098648
vn 0.00019435386639088392 -0.9781122207641602 0.2080785185098648
vn 0.00019435386639088392 -0.9781122207641602 0.2080785185098648
vn -0.00019435383728705347 0.9781121015548706 -0.2080785036087036
vn -0.00019435386639088392 0.9781122207641602 -0.2080785185098648
vn -0.00019435386639088392 0.9781122207641602 -0.2080785185098648
vn -0.00019435386639088392 0.9781122207641602 -0.2080785185098648
vn -0.00019435386639088392 0.9781122207641602 -0.2080785185098648
vn 0.49990519881248474 0.18030710518360138 0.8471034169197083
vn 0.49990519881248474 0.18030710518360138 0.8471034169197083
vn 0.8659830093383789 0.10421823710203171 0.48909279704093933
vn 1.0 0.00020932784536853433 5.442690599011257e-05
vn -0.00019435386639088392 0.9781122207641602 -0.2080785185098648
vn -0.00019435386639088392 0.9781122207641602 -0.2080785185098648
vn -0.00019435386639088392 0.9781122207641602 -0.2080785185098648
vn -0.00019435386639088392 0.9781122207641602 -0.2080785185098648
vn -0.00019435386639088392 0.9781122207641602 -0.2080785185098648
vn -0.00019435386639088392 0.9781122207641602 -0.2080785185098648
vn 0.500073254108429 -0.18009774386882782 -0.8470487594604492
vn 0.8660799264907837 -0.10385564714670181 -0.4889984130859375
vn -0.00019435386639088392 0.9781122207641602 -0.2080785185098648
vn -1.0 -0.00020932785992044955 -5.442690599011257e-05
vn -0.8659830093383789 -0.10421823710203171 -0.48909279704093933
vn -0.49990519881248474 -0.18030710518360138 -0.8471034169197083
vn -0.49990519881248474 -0.18030710518360138 -0.8471034169197083
vn -0.49990519881248474 -0.18030710518360138 -0.8471034169197083
vn 9.708006109576672e-05 -0.20807835459709167 -0.9781122207641602
vn -0.00019435386639088392 0.9781122207641602 -0.2080785185098648
vn -0.00019435386639088392 0.9781122207641602 -0.2080785185098648
vn -0.00019435386639088392 0.9781122207641602 -0.2080785185098648
vn 0.00019435386639088392 -0.9781122207641602 0.2080785185098648
vn 0.8659830093383789 0.10421823710203171 0.48909279704093933
vn 0.8659830093383789 0.10421823710203171 0.48909279704093933
vn 0.00019435386639088392 -0.9781122207641602 0.2080785185098648
vn -0.00019435386639088392 0.9781122207641602 -0.2080785185098648
vn -0.00019435386639088392 0.9781122207641602 -0.2080785185098648
vn 0.00019435386639088392 -0.9781122207641602 0.2080785185098648
vn -0.8660799264907837 0.10385564714670181 0.4889984130859375
vn 0.00019435386639088392 -0.9781122207641602 0.2080785185098648
vn -0.00019435386639088392 0.9781122207641602 -0.2080785185098648
vn -0.8660799264907837 0.10385564714670181 0.4889984130859375
vn -0.00019435383728705347 0.9781121015548706 -0.2080785036087036
vn -0.0002168555511161685 0.9511129260063171 0.30884307622909546
vn -0.0002168555511161685 0.9511129260063171 0.30884307622909546
vn -0.00019435386639088392 0.9781122207641602 -0.2080785185098648
vn -0.00018124922644346952 0.6692479848861694 0.743039071559906
vn -0.00018124922644346952 0.6692479848861694 0.743039071559906
vn -0.00018124922644346952 0.6692479848861694 0.743039071559906
vn -9.708006109576672e-05 0.20807833969593048 0.9781122207641602
vn -9.708006109576672e-05 0.20807835459709167 0.9781122207641602
vn -0.00018124922644346952 0.6692479848861694 0.743039071559906
vn 1.3100438081892207e-05 -0.30884310603141785 0.9511129856109619
vn 1.3100438081892207e-05 -0.30884310603141785 0.9511129856109619
vn 0.00011977758549619466 -0.7430390119552612 0.6692481637001038
vn 0.00011977758549619466 -0.7430390119552612 0.6692481637001038
vn 0.00011977758549619466 -0.7430390119552612 0.6692481637001038
vn 0.00019435383728705347 -0.9781121015548706 0.2080785036087036
vn 0.00019435386639088392 -0.9781122207641602 0.2080785185098648
vn 0.00011977758549619466 -0.7430390119552612 0.6692481637001038
vn 0.0002168555511161685 -0.9511129260063171 -0.30884307622909546
vn 0.0002168555511161685 -0.9511129260063171 -0.30884307622909546
vn 0.00018124922644346952 -0.6692479848861694 -0.743039071559906
vn 0.00018124922644346952 -0.6692479848861694 -0.743039071559906
vn 0.00018124922644346952 -0.6692479848861694 -0.743039071559906
vn 9.708006109576672e-05 -0.20807833969593048 -0.9781122207641602
vn 9.708006109576672e-05 -0.20807833969593048 -0.9781122207641602
vn 0.00018124922644346952 -0.6692479848861694 -0.743039071559906
vn -1.3100438081892207e-05 0.30884310603141785 -0.9511129856109619
vn -1.3100438081892207e-05 0.30884310603141785 -0.9511129856109619
vn -0.00011977758549619466 0.7430390119552612 -0.6692481637001038
vn -0.00011977758549619466 0.7430390119552612 -0.6692481637001038
vn -0.00011977758549619466 0.7430390119552612 -0.6692481637001038
vn -0.00011977758549619466 0.7430390119552612 -0.6692481637001038
vn 1.0 0.00020932785992044955 5.442690599011257e-05
vn 1.0 0.00020932784536853433 5.442690599011257e-05
vn 1.0 0.00020932784536853433 5.442690599011257e-05
vn 1.0 0.00020932784536853433 5.442690599011257e-05
vn -1.0 -0.00020932785992044955 -5.442690599011257e-05
vn -1.0 -0.00020932784536853433 -5.442690599011257e-05
vn -1.0 -0.00020932784536853433 -5.442690599011257e-05
vn -1.0 -0.00020932784536853433 -5.442690599011257e-05
vn -1.0 -0.00020932784536853433 -5.442690599011257e-05
vn -1.0 -0.00020932784536853433 -5.442690599011257e-05
vn -1.0 -0.00020932784536853433 -5.442690599011257e-05
vn -1.0 -0.00020932784536853433 -5.442690599011257e-05
vn -0.00019435386639088392 0.9781122207641602 -0.2080785185098648
vn -0.00019435386639088392 0.9781122207641602 -0.2080785185098648
vn -0.00019435386639088392 0.9781122207641602 -0.2080785185098648
vn -0.00019435386639088392 0.9781122207641602 -0.2080785185098648
vn 0.00019435386639088392 -0.9781122207641602 0.2080785185098648
vn 0.00019435386639088392 -0.9781122207641602 0.2080785185098648
vn 0.00019435386639088392 -0.9781122207641602 0.2080785185098648
vn 0.00019435386639088392 -0.9781122207641602 0.2080785185098648
vn 1.0 0.00020932784536853433 5.442690599011257e-05
vn 1.0 0.00020932784536853433 5.442690599011257e-05
vn 1.0 0.00020932784536853433 5.442690599011257e-05
vn 1.0 0.00020932784536853433 5.442690599011257e-05
vn 1.0 0.00020932784536853433 5.442690599011257e-05
vn 1.0 0.00020932784536853433 5.442690599011257e-05
vn 1.0 0.00020932784536853433 5.442690599011257e-05
vn 1.0 0.00020932784536853433 5.442690599011257e-05
vn 1.0 0.00020932784536853433 5.442690599011257e-05
vn -1.0 -0.00020932784536853433 -5.442690599011257e-05
vn -1.0 -0.00020932784536853433 -5.442690599011257e-05
vn -1.0 -0.00020932784536853433 -5.442690599011257e-05
vn -1.0 -0.00020932784536853433 -5.442690599011257e-05
vn -1.0 -0.00020932784536853433 -5.442690599011257e-05
vn 0.00019435386639088392 -0.9781122207641602 0.2080785185098648
vn 0.00019435386639088392 -0.9781122207641602 0.2080785185098648
vn 0.00019435386639088392 -0.9781122207641602 0.2080785185098648
vn 0.00019435386639088392 -0.9781122207641602 0.2080785185098648
vn -0.00019435386639088392 0.9781122207641602 -0.2080785185098648
vn -0.00019435386639088392 0.9781122207641602 -0.2080785185098648
vn -0.00019435386639088392 0.9781122207641602 -0.2080785185098648
vn -0.00019435386639088392 0.9781122207641602 -0.2080785185098648
vn 1.0 0.00020932784536853433 5.442690599011257e-05
vn 1.0 0.00020932784536853433 5.442690599011257e-05
vn 1.0 0.00020932784536853433 5.442690599011257e-05
vn 1.0 0.00020932784536853433 5.442690599011257e-05
vn -1.0 -0.00020932784536853433 -5.442690599011257e-05
vn -1.0 -0.00020932784536853433 -5.442690599011257e-05
vn -1.0 -0.00020932784536853433 -5.442690599011257e-05
vn -1.0 -0.00020932784536853433 -5.442690599011257e-05
vn 1.0 0.00020932784536853433 5.442690599011257e-05
vn 1.0 0.00020932784536853433 5.442690599011257e-05
vn 1.0 0.00020932784536853433 5.442690599011257e-05
vn 1.0 0.00020932785992044955 5.442690599011257e-05
vn -1.0 -0.00020932784536853433 -5.442690599011257e-05
vn -1.0 -0.00020932784536853433 -5.442690599011257e-05
vn -1.0 -0.00020932784536853433 -5.442690599011257e-05
vn -1.0 -0.00020932784536853433 -5.442690599011257e-05
vn 1.0 0.00020932784536853433 5.442690599011257e-05
vn 1.0 0.00020932784536853433 5.442690599011257e-05
vn 1.0 0.00020932784536853433 5.442690599011257e-05
vn 1.0 0.00020932784536853433 5.442690599011257e-05
vn 0.00019435386639088392 -0.9781122207641602 0.2080785185098648
vn 0.00019435386639088392 -0.9781122207641602 0.2080785185098648
vn 0.00019435386639088392 -0.9781122207641602 0.2080785185098648
vn 0.00019435386639088392 -0.9781122207641602 0.2080785185098648
vn -0.00019435386639088392 0.9781122207641602 -0.2080785185098648
vn -0.00019435386639088392 0.9781122207641602 -0.2080785185098648
vn -0.00019435386639088392 0.9781122207641602 -0.2080785185098648
vn -0.00019435386639088392 0.9781122207641602 -0.2080785185098648
vn -1.0 -0.00020932784536853433 -5.442690599011257e-05
vn -1.0 -0.00020932784536853433 -5.442690599011257e-05
vn -1.0 -0.00020932784536853433 -5.442690599011257e-05
vn -1.0 -0.00020932784536853433 -5.442690599011257e-05
vn -0.00019435386639088392 0.9781122207641602 -0.2080785185098648
vn -0.00019435383728705347 0.9781121015548706 -0.2080785036087036
vn -0.00019435386639088392 0.9781122207641602 -0.2080785185098648
vn -0.00019435386639088392 0.9781122207641602 -0.2080785185098648
vn 0.00019435386639088392 -0.9781122207641602 0.2080785185098648
vn 0.00019435386639088392 -0.9781122207641602 0.2080785185098648
vn 0.00019435386639088392 -0.9781122207641602 0.2080785185098648
vn 0.00019435383728705347 -0.9781121015548706 0.2080785036087036
vn -0.00018001176067627966 0.9425628781318665 -0.33402854204177856
vn -0.00011976246605627239 0.7429831624031067 -0.6693100333213806
vn -0.00011976246605627239 0.7429831624031067 -0.6693100333213806
vn -0.00018001176067627966 0.9425628781318665 -0.33402854204177856
vn -0.00018001176067627966 0.9425628781318665 -0.33402854204177856
vn -0.00011976246605627239 0.7429831624031067 -0.6693100333213806
vn -0.00011976246605627239 0.7429831624031067 -0.6693100333213806
vn -1.3100438081892207e-05 0.30884310603141785 -0.9511129856109619
vn -1.3100438081892207e-05 0.30884310603141785 -0.9511129856109619
vn -0.00011976246605627239 0.7429831624031067 -0.6693100333213806
vn -0.00011976246605627239 0.7429831624031067 -0.6693100333213806
vn -1.3100438081892207e-05 0.30884310603141785 -0.9511129856109619
vn 9.708006109576672e-05 -0.20807833969593048 -0.9781122207641602
vn 9.708006109576672e-05 -0.20807833969593048 -0.9781122207641602
vn 9.708006109576672e-05 -0.20807833969593048 -0.9781122207641602
vn 0.00018124922644346952 -0.6692479848861694 -0.743039071559906
vn 0.00018124922644346952 -0.6692479848861694 -0.743039071559906
vn 0.00018124922644346952 -0.6692479848861694 -0.743039071559906
vn 0.00018124922644346952 -0.6692479848861694 -0.743039071559906
vn 0.0002168544742744416 -0.9510871767997742 -0.30892235040664673
vn 0.0002168544742744416 -0.9510871767997742 -0.30892235040664673
vn 0.00018124922644346952 -0.6692479848861694 -0.743039071559906
vn 0.00018124922644346952 -0.6692479848861694 -0.743039071559906
vn 0.0002168544742744416 -0.9510871767997742 -0.30892235040664673
vn 0.0002053671923931688 -0.9969090223312378 0.07856463640928268
vn 0.0002053671923931688 -0.9969090223312378 0.07856463640928268
vn 0.0002053671923931688 -0.9969090223312378 0.07856463640928268
vn -0.00019449878891464323 0.9784221649169922 -0.20661553740501404
vn -0.00019449878891464323 0.9784221649169922 -0.20661553740501404
vn -0.00019449878891464323 0.9784221649169922 -0.20661553740501404
vn -0.00019449878891464323 0.9784221649169922 -0.20661553740501404
vn -0.00019449878891464323 0.9784221649169922 -0.20661553740501404
vn -0.00019449878891464323 0.9784221649169922 -0.20661553740501404
vn -0.00019449878891464323 0.9784221649169922 -0.20661553740501404
vn 0.0001945283293025568 -0.9784852266311646 0.20631693303585052
vn 0.0001945283293025568 -0.9784852266311646 0.20631693303585052
vn 0.0001945283293025568 -0.9784852266311646 0.20631693303585052
vn 0.0001945283293025568 -0.9784852266311646 0.20631693303585052
vn 0.0001945283293025568 -0.9784852266311646 0.20631693303585052
vn 0.0001945283293025568 -0.9784852266311646 0.20631693303585052
vn 0.0001945283293025568 -0.9784852266311646 0.20631693303585052
vn -9.708006109576672e-05 0.20807833969593048 0.9781122207641602
vn -9.708006109576672e-05 0.20807833969593048 0.9781122207641602
vn -9.708006109576672e-05 0.20807833969593048 0.9781122207641602
vn -9.708006109576672e-05 0.20807833969593048 0.9781122207641602
vn -9.708006109576672e-05 0.20807833969593048 0.9781122207641602
vn -9.708006109576672e-05 0.20807833969593048 0.9781122207641602
vn 0.0001945283293025568 -0.9784852266311646 0.20631693303585052
vn -9.708006109576672e-05 0.20807833969593048 0.9781122207641602
vn -9.708006109576672e-05 0.20807833969593048 0.9781122207641602
vn -9.708006109576672e-05 0.20807833969593048 0.9781122207641602
vn -9.708006109576672e-05 0.20807833969593048 0.9781122207641602
vn -9.708006109576672e-05 0.20807833969593048 0.9781122207641602
vn -9.708006109576672e-05 0.20807833969593048 0.9781122207641602
vn -0.00019449878891464323 0.9784221649169922 -0.20661553740501404
vn -9.708006109576672e-05 0.20807833969593048 0.9781122207641602
vn -9.708006109576672e-05 0.20807833969593048 0.9781122207641602
vn -9.708006109576672e-05 0.20807833969593048 0.9781122207641602
vn 0.00019435386639088392 -0.9781122207641602 0.2080785185098648
vn 0.00019435386639088392 -0.9781122207641602 0.2080785185098648
vn 0.00019435386639088392 -0.9781122207641602 0.2080785185098648
vn -0.00019435386639088392 0.9781122207641602 -0.2080785185098648
vn -0.00019435386639088392 0.9781122207641602 -0.2080785185098648
vn -0.00019435386639088392 0.9781122207641602 -0.2080785185098648
vn -9.708006109576672e-05 0.20807833969593048 0.9781122207641602
vn -9.708006109576672e-05 0.20807833969593048 0.9781122207641602
vn -9.708006109576672e-05 0.20807833969593048 0.9781122207641602
vn 2.3697582946624607e-05 0.14384138584136963 -0.9896007776260376
vn 0.00011237784201512113 -0.28597286343574524 -0.9582377076148987
vn 0.00011237784201512113 -0.28597286343574524 -0.9582377076148987
vn 2.3697582946624607e-05 0.14384138584136963 -0.9896007776260376
vn 2.3697582946624607e-05 0.14384138584136963 -0.9896007776260376
vn 0.00011237784201512113 -0.28597286343574524 -0.9582377076148987
vn -7.91194979683496e-05 0.11883704364299774 0.9929137825965881
vn -0.00016072040307335556 0.5472890138626099 0.8369436264038086
vn -0.00016072040307335556 0.5472890138626099 0.8369436264038086
vn -7.91194979683496e-05 0.11883704364299774 0.9929137825965881
vn -7.91194979683496e-05 0.11883704364299774 0.9929137825965881
vn -0.00016072040307335556 0.5472890138626099 0.8369436264038086
vn 0.0001985170238185674 -0.7825970649719238 -0.622528612613678
vn 0.0001985170238185674 -0.7825970649719238 -0.622528612613678
vn 0.0001985170238185674 -0.7825970649719238 -0.622528612613678
vn 0.0001985170238185674 -0.7825970649719238 -0.622528612613678
vn 0.0001985170238185674 -0.7825970649719238 -0.622528612613678
vn 0.0001985170238185674 -0.7825970649719238 -0.622528612613678
vn 9.708006109576672e-05 -0.20807833969593048 -0.9781122207641602
vn 9.708006109576672e-05 -0.20807833969593048 -0.9781122207641602
vn 9.708006109576672e-05 -0.20807833969593048 -0.9781122207641602
vn 9.708006109576672e-05 -0.20807833969593048 -0.9781122207641602
vn 9.708006109576672e-05 -0.20807833969593048 -0.9781122207641602
vn 9.708006109576672e-05 -0.20807833969593048 -0.9781122207641602
vn 8.846987475408241e-05 -0.6233752369880676 0.7819229364395142
vn 8.846987475408241e-05 -0.6233752369880676 0.7819229364395142
vn 8.846987475408241e-05 -0.6233752369880676 0.7819229364395142
vn 8.846987475408241e-05 -0.6233752369880676 0.7819229364395142
vn 8.846987475408241e-05 -0.6233752369880676 0.7819229364395142
vn 8.846987475408241e-05 -0.6233752369880676 0.7819229364395142
vn -0.00019435386639088392 0.9781122207641602 -0.2080785185098648
vn -0.00019435386639088392 0.9781122207641602 -0.2080785185098648
vn -0.00019435386639088392 0.9781122207641602 -0.2080785185098648
vn -9.708006109576672e-05 0.20807833969593048 0.9781122207641602
vn -0.00018124922644346952 0.6692479848861694 0.743039071559906
vn -0.00018124922644346952 0.6692479848861694 0.743039071559906
vn -9.708006109576672e-05 0.20807833969593048 0.9781122207641602
vn -9.708006109576672e-05 0.20807833969593048 0.9781122207641602
vn -0.00018124922644346952 0.6692479848861694 0.743039071559906
vn -0.00019435386639088392 0.9781122207641602 -0.2080785185098648
vn -0.00019435386639088392 0.9781122207641602 -0.2080785185098648
vn -0.00019435386639088392 0.9781122207641602 -0.2080785185098648
vn -0.00019435386639088392 0.9781122207641602 -0.2080785185098648
vn -0.00019435386639088392 0.9781122207641602 -0.2080785185098648
vn -0.00019435386639088392 0.9781122207641602 -0.2080785185098648
vn 0.00021687867410946637 -0.9516644477844238 -0.30713966488838196
vn 0.00018124922644346952 -0.6692479848861694 -0.743039071559906
vn 0.00018124922644346952 -0.6692479848861694 -0.743039071559906
vn 0.00021687867410946637 -0.9516644477844238 -0.30713966488838196
vn 0.00021687867410946637 -0.9516644477844238 -0.30713966488838196
vn 0.00018124922644346952 -0.6692479848861694 -0.743039071559906
vn 0.00019435386639088392 -0.9781122207641602 0.2080785185098648
vn 0.00014087210001889616 -0.8187093138694763 0.5742080807685852
vn 0.00014087210001889616 -0.8187093138694763 0.5742080807685852
vn 0.00019435386639088392 -0.9781122207641602 0.2080785185098648
vn 0.00019435386639088392 -0.9781122207641602 0.2080785185098648
vn 0.00014087210001889616 -0.8187093138694763 0.5742080807685852
vn 5.037611481384374e-05 -0.4685499370098114 0.8834370374679565
vn 5.037611481384374e-05 -0.4685499370098114 0.8834370374679565
vn 5.037611481384374e-05 -0.4685499370098114 0.8834370374679565
vn 9.708006109576672e-05 -0.20807833969593048 -0.9781122207641602
vn 9.708006109576672e-05 -0.20807833969593048 -0.9781122207641602
vn 9.708006109576672e-05 -0.20807833969593048 -0.9781122207641602
vn 9.708006109576672e-05 -0.20807833969593048 -0.9781122207641602
vn 9.708006109576672e-05 -0.20807833969593048 -0.9781122207641602
vn 9.708006109576672e-05 -0.20807833969593048 -0.9781122207641602
vn 1.3100438081892207e-05 -0.30884310603141785 0.9511129856109619
vn 1.3100438081892207e-05 -0.30884310603141785 0.9511129856109619
vn -9.327134466730058e-05 0.1889638453722 0.9819839596748352
vn -9.327134466730058e-05 0.1889638453722 0.9819839596748352
vn 1.3100438081892207e-05 -0.30884310603141785 0.9511129856109619
vn -9.327134466730058e-05 0.1889638453722 0.9819839596748352
vn 2.3626353140571155e-05 -0.3547118008136749 0.9349756240844727
vn 2.3626353140571155e-05 -0.3547118008136749 0.9349756240844727
vn 2.3626353140571155e-05 -0.3547118008136749 0.9349756240844727
vn -0.00019435386639088392 0.9781122207641602 -0.2080785185098648
vn -0.00019435386639088392 0.9781122207641602 -0.2080785185098648
vn -0.00019435386639088392 0.9781122207641602 -0.2080785185098648
vn -0.00019435386639088392 0.9781122207641602 -0.2080785185098648
vn -0.00019435386639088392 0.9781122207641602 -0.2080785185098648
vn -0.00019435383728705347 0.9781121015548706 -0.2080785036087036
vn 0.00018124922644346952 -0.6692479848861694 -0.743039071559906
vn 0.00010498185292817652 -0.24808195233345032 -0.9687390923500061
vn 0.00010498185292817652 -0.24808195233345032 -0.9687390923500061
vn 0.00018124922644346952 -0.6692479848861694 -0.743039071559906
vn 0.00018124922644346952 -0.6692479848861694 -0.743039071559906
vn 0.00010498185292817652 -0.24808195233345032 -0.9687390923500061
vn 0.00014087210001889616 -0.8187093138694763 0.5742080807685852
vn 5.7682460465002805e-05 -0.4989376664161682 0.8666378259658813
vn 5.7682460465002805e-05 -0.4989376664161682 0.8666378259658813
vn 0.00014087210001889616 -0.8187093138694763 0.5742080807685852
vn 0.00014087210001889616 -0.8187093138694763 0.5742080807685852
vn 5.7682460465002805e-05 -0.4989376664161682 0.8666378259658813
vn 0.0001985170238185674 -0.7825970649719238 -0.622528612613678
vn 0.0001985170238185674 -0.7825970649719238 -0.622528612613678
vn 0.0001985170238185674 -0.7825970649719238 -0.622528612613678
vn -0.0002168456558138132 0.9508800506591797 0.3095596134662628
vn -0.0002054130454780534 0.9969596266746521 -0.07791925221681595
vn -0.0002054130454780534 0.9969596266746521 -0.07791925221681595
vn -0.0002168456558138132 0.9508800506591797 0.3095596134662628
vn -0.0002168456558138132 0.9508800506591797 0.3095596134662628
vn -0.0002054130454780534 0.9969596266746521 -0.07791925221681595
vn -0.00019435386639088392 0.9781122207641602 -0.2080785185098648
vn -0.00019435386639088392 0.9781122207641602 -0.2080785185098648
vn -0.00019435386639088392 0.9781122207641602 -0.2080785185098648
vn 0.00011944251309614629 -0.7418013215065002 0.6706196665763855
vn 0.00011944251309614629 -0.7418013215065002 0.6706196665763855
vn 0.00011944251309614629 -0.7418013215065002 0.6706196665763855
vn 0.00019435386639088392 -0.9781122207641602 0.2080785185098648
vn 0.00019435386639088392 -0.9781122207641602 0.2080785185098648
vn 0.00019435386639088392 -0.9781122207641602 0.2080785185098648
vn 2.3626353140571155e-05 -0.3547118008136749 0.9349756240844727
vn 2.3626353140571155e-05 -0.3547118008136749 0.9349756240844727
vn 2.3626353140571155e-05 -0.3547118008136749 0.9349756240844727
vn 9.708006109576672e-05 -0.20807833969593048 -0.9781122207641602
vn 9.708006109576672e-05 -0.20807833969593048 -0.9781122207641602
vn 9.708006109576672e-05 -0.20807833969593048 -0.9781122207641602
vn -0.00018124922644346952 0.6692479848861694 0.743039071559906
vn -0.00018124922644346952 0.6692479848861694 0.743039071559906
vn -0.00018124922644346952 0.6692479848861694 0.743039071559906
vn 0.00019400000746827573 -0.9773499965667725 0.21162943542003632
vn 0.00019400000746827573 -0.9773499965667725 0.21162943542003632
vn 0.00019400000746827573 -0.9773499965667725 0.21162943542003632
vn 0.00011944251309614629 -0.7418013215065002 0.6706196665763855
vn 0.00011944251309614629 -0.7418013215065002 0.6706196665763855
vn 0.00011944251309614629 -0.7418013215065002 0.6706196665763855
vn 9.708006109576672e-05 -0.20807833969593048 -0.9781122207641602
vn 9.708006109576672e-05 -0.20807833969593048 -0.9781122207641602
vn 9.708006109576672e-05 -0.20807833969593048 -0.9781122207641602
vn -0.00019435386639088392 0.9781122207641602 -0.2080785185098648
vn -0.00011977758549619466 0.7430390119552612 -0.6692481637001038
vn -0.00011977758549619466 0.7430390119552612 -0.6692481637001038
vn -1.3100438081892207e-05 0.30884310603141785 -0.9511129856109619
vn 9.708006109576672e-05 -0.20807833969593048 -0.9781122207641602
vn 0.00018124922644346952 -0.6692479848861694 -0.743039071559906
vn 0.00018124922644346952 -0.6692479848861694 -0.743039071559906
vn 0.0002168555511161685 -0.9511129260063171 -0.30884307622909546
vn 0.00019435386639088392 -0.9781122207641602 0.2080785185098648
vn 0.00011977758549619466 -0.7430390119552612 0.6692481637001038
vn 0.00011977758549619466 -0.7430390119552612 0.6692481637001038
vn 1.3100438081892207e-05 -0.30884310603141785 0.9511129856109619
vn -9.708006109576672e-05 0.20807835459709167 0.9781122207641602
vn -0.00018124922644346952 0.6692479848861694 0.743039071559906
vn -0.00018124922644346952 0.6692479848861694 0.743039071559906
vn -0.0002168555511161685 0.9511129260063171 0.30884307622909546
vn -0.00011977758549619466 0.7430390119552612 -0.6692481637001038
vn -0.00019435386639088392 0.9781122207641602 -0.2080785185098648
vn -0.00019435386639088392 0.9781122207641602 -0.2080785185098648
vn -0.00011977758549619466 0.7430390119552612 -0.6692481637001038
vn -1.3100438081892207e-05 0.30884310603141785 -0.9511129856109619
vn -0.00011977758549619466 0.7430390119552612 -0.6692481637001038
vn -0.00011977758549619466 0.7430390119552612 -0.6692481637001038
vn -1.3100438081892207e-05 0.30884310603141785 -0.9511129856109619
vn 9.708006109576672e-05 -0.20807833969593048 -0.9781122207641602
vn 9.708006109576672e-05 -0.20807835459709167 -0.9781122207641602
vn 0.00018124922644346952 -0.6692479848861694 -0.743039071559906
vn 0.00018124922644346952 -0.6692479848861694 -0.743039071559906
vn 0.0002168555511161685 -0.9511129260063171 -0.30884307622909546
vn 0.00018124922644346952 -0.6692479848861694 -0.743039071559906
vn 0.00018124922644346952 -0.6692479848861694 -0.743039071559906
vn 0.0002168555511161685 -0.9511129260063171 -0.30884307622909546
vn 0.00019435383728705347 -0.9781121015548706 0.2080785036087036
vn 0.00019435386639088392 -0.9781122207641602 0.2080785185098648
vn 0.00011977758549619466 -0.7430390119552612 0.6692481637001038
vn 0.00011977758549619466 -0.7430390119552612 0.6692481637001038
vn 1.3100438081892207e-05 -0.30884310603141785 0.9511129856109619
vn 0.00011977758549619466 -0.7430390119552612 0.6692481637001038
vn 0.00011977758549619466 -0.7430390119552612 0.6692481637001038
vn 1.3100438081892207e-05 -0.30884310603141785 0.9511129856109619
vn -9.708006109576672e-05 0.20807833969593048 0.9781122207641602
vn -9.708006109576672e-05 0.20807833969593048 0.9781122207641602
vn -0.00018124922644346952 0.6692479848861694 0.743039071559906
vn -0.00018124922644346952 0.6692479848861694 0.743039071559906
vn -0.0002168555511161685 0.9511129260063171 0.30884307622909546
vn -0.00018124922644346952 0.6692479848861694 0.743039071559906
vn -0.00018124922644346952 0.6692479848861694 0.743039071559906
vn -0.0002168555511161685 0.9511129260063171 0.30884307622909546
vn -0.00019435383728705347 0.9781121015548706 -0.2080785036087036
vn -0.00011977758549619466 0.7430390119552612 -0.6692481637001038
vn -0.00011977758549619466 0.7430390119552612 -0.6692481637001038
vn -0.00019435383728705347 0.9781121015548706 -0.2080785036087036
vn -0.00011977758549619466 0.7430390119552612 -0.6692481637001038
vn -1.3100438081892207e-05 0.30884310603141785 -0.9511129856109619
vn -1.3100438081892207e-05 0.30884310603141785 -0.9511129856109619
vn -0.00011977758549619466 0.7430390119552612 -0.6692481637001038
vn 9.708006109576672e-05 -0.20807833969593048 -0.9781122207641602
vn 9.708006109576672e-05 -0.20807833969593048 -0.9781122207641602
vn 0.00018124922644346952 -0.6692479848861694 -0.743039071559906
vn 0.00018124922644346952 -0.6692479848861694 -0.743039071559906
vn 0.00018124922644346952 -0.6692479848861694 -0.743039071559906
vn 0.0002168555511161685 -0.9511129260063171 -0.30884307622909546
vn 0.0002168555511161685 -0.9511129260063171 -0.30884307622909546
vn 0.00018124922644346952 -0.6692479848861694 -0.743039071559906
vn 0.00019435386639088392 -0.9781122207641602 0.2080785185098648
vn 0.00019435383728705347 -0.9781121015548706 0.2080785036087036
vn 0.00011977758549619466 -0.7430390119552612 0.6692481637001038
vn 0.00011977758549619466 -0.7430390119552612 0.6692481637001038
vn 0.00011977758549619466 -0.7430390119552612 0.6692481637001038
vn 1.3100438081892207e-05 -0.30884310603141785 0.9511129856109619
vn 1.3100438081892207e-05 -0.30884310603141785 0.9511129856109619
vn 0.00011977758549619466 -0.7430390119552612 0.6692481637001038
vn -9.708006109576672e-05 0.20807833969593048 0.9781122207641602
vn -9.708006109576672e-05 0.20807833969593048 0.9781122207641602
vn -0.00018124922644346952 0.6692479848861694 0.743039071559906
vn -0.00018124922644346952 0.6692479848861694 0.743039071559906
vn -0.00018124922644346952 0.6692479848861694 0.743039071559906
vn -0.0002168555511161685 0.9511129260063171 0.30884307622909546
vn -0.0002168555511161685 0.9511129260063171 0.30884307622909546
vn -0.00018124922644346952 0.6692479848861694 0.743039071559906
vn -1.0 -0.00020932784536853433 -5.442690599011257e-05
vn -1.0 -0.00020932784536853433 -5.442690599011257e-05
vn -1.0 -0.00020932785992044955 -5.442690599011257e-05
vn -1.0 -0.00020932784536853433 -5.442690599011257e-05
vn -1.0 -0.00020932784536853433 -5.442690599011257e-05
vn -1.0 -0.00020932784536853433 -5.442690599011257e-05
vn -1.0 -0.00020932784536853433 -5.442690599011257e-05
vn -1.0 -0.00020932784536853433 -5.442690599011257e-05
vn -1.0 -0.00020932784536853433 -5.442690599011257e-05
vn -1.0 -0.00020932784536853433 -5.442690599011257e-05
vn -1.0 -0.00020932784536853433 -5.442690599011257e-05
vn -1.0 -0.00020932784536853433 -5.442690599011257e-05
vn -1.0 -0.00020932784536853433 -5.442690599011257e-05
vn -1.0 -0.00020932784536853433 -5.442690599011257e-05
vn -1.0 -0.00020932784536853433 -5.442690599011257e-05
vn -1.0 -0.00020932784536853433 -5.442690599011257e-05
vn -1.0 -0.00020932784536853433 -5.442690599011257e-05
vn -1.0 -0.00020932784536853433 -5.442690599011257e-05
vn -1.0 -0.00020932784536853433 -5.442690599011257e-05
vn -1.0 -0.00020932784536853433 -5.442690599011257e-05
vn -1.0 -0.00020932784536853433 -5.442690599011257e-05
vn -1.0 -0.00020932784536853433 -5.442690599011257e-05
vn -1.0 -0.00020932784536853433 -5.442690599011257e-05
vn -1.0 -0.00020932784536853433 -5.442690599011257e-05
vn -1.0 -0.00020932784536853433 -5.442690599011257e-05
vn -1.0 -0.00020932784536853433 -5.442690599011257e-05
vn -1.0 -0.00020932784536853433 -5.442690599011257e-05
vn -1.0 -0.00020932784536853433 -5.442690599011257e-05
vn -1.0 -0.00020932784536853433 -5.442690599011257e-05
vn -1.0 -0.00020932784536853433 -5.442690599011257e-05
vn -1.0 -0.00020932784536853433 -5.442690599011257e-05
vn -1.0 -0.00020932784536853433 -5.442690599011257e-05
vn 1.0 0.00020932784536853433 5.442690599011257e-05
vn 1.0 0.00020932784536853433 5.442690599011257e-05
vn -1.0 -0.00020932784536853433 -5.442690599011257e-05
vn -1.0 -0.00020932784536853433 -5.442690599011257e-05
vn -1.0 -0.00020932784536853433 -5.442690599011257e-05
vn -1.0 -0.00020932784536853433 -5.442690599011257e-05
vn -9.708006109576672e-05 0.20807833969593048 0.9781122207641602
vn -9.708006109576672e-05 0.20807833969593048 0.9781122207641602
vn -1.0 -0.00020932784536853433 -5.442690599011257e-05
vn -1.0 -0.00020932784536853433 -5.442690599011257e-05
vn -1.0 -0.00020932784536853433 -5.442690599011257e-05
vn -1.0 -0.00020932784536853433 -5.442690599011257e-05
vn -0.00019435386639088392 0.9781122207641602 -0.2080785185098648
vn 0.00019435386639088392 -0.9781122207641602 0.2080785185098648
vn 1.0 0.00020932784536853433 5.442690599011257e-05
vn 1.0 0.00020932784536853433 5.442690599011257e-05
vn 1.0 0.00020932785992044955 5.442690599011257e-05
vn 1.0 0.00020932784536853433 5.442690599011257e-05
vn 1.0 0.00020932784536853433 5.442690599011257e-05
vn 1.0 0.00020932784536853433 5.442690599011257e-05
vn 1.0 0.00020932784536853433 5.442690599011257e-05
vn 1.0 0.00020932784536853433 5.442690599011257e-05
vn 1.0 0.00020932784536853433 5.442690599011257e-05
vn 1.0 0.00020932785992044955 5.442690599011257e-05
vn 1.0 0.00020932784536853433 5.442690599011257e-05
vn 1.0 0.00020932784536853433 5.442690599011257e-05
vn 1.0 0.00020932784536853433 5.442690599011257e-05
vn 1.0 0.00020932784536853433 5.442690599011257e-05
vn 1.0 0.00020932784536853433 5.442690599011257e-05
vn 1.0 0.00020932784536853433 5.442690599011257e-05
vn 1.0 0.00020932784536853433 5.442690599011257e-05
vn 1.0 0.00020932784536853433 5.442690599011257e-05
vn 1.0 0.00020932785992044955 5.442690599011257e-05
vn 1.0 0.00020932784536853433 5.442690599011257e-05
vn 1.0 0.00020932784536853433 5.442690599011257e-05
vn 1.0 0.00020932784536853433 5.442690599011257e-05
vn 1.0 0.00020932784536853433 5.442690599011257e-05
vn 1.0 0.00020932784536853433 5.442690599011257e-05
vn -1.0 -0.00020932784536853433 -5.442690599011257e-05
vn -1.0 -0.00020932784536853433 -5.442690599011257e-05
vn 1.0 0.00020932784536853433 5.442690599011257e-05
vn 1.0 0.00020932784536853433 5.442690599011257e-05
vn 1.0 0.00020932784536853433 5.442690599011257e-05
vn 1.0 0.00020932784536853433 5.442690599011257e-05
vn 1.0 0.00020932784536853433 5.442690599011257e-05
vn 1.0 0.00020932784536853433 5.442690599011257e-05
vn 1.0 0.00020932784536853433 5.442690599011257e-05
vn 1.0 0.00020932784536853433 5.442690599011257e-05
vn 9.708006109576672e-05 -0.20807833969593048 -0.9781122207641602
vn 9.708006109576672e-05 -0.20807833969593048 -0.9781122207641602
vn 1.0 0.00020932784536853433 5.442690599011257e-05
vn 1.0 0.00020932784536853433 5.442690599011257e-05
vn 1.0 0.00020932784536853433 5.442690599011257e-05
vn 1.0 0.00020932784536853433 5.442690599011257e-05
vn 1.0 0.00020932784536853433 5.442690599011257e-05
vn 1.0 0.00020932784536853433 5.442690599011257e-05
vn 1.0 0.00020932784536853433 5.442690599011257e-05
vn 1.0 0.00020932784536853433 5.442690599011257e-05
vn 1.0 0.00020932784536853433 5.442690599011257e-05
vn -9.327134466730058e-05 0.1889638453722 0.9819839596748352
vn -0.00016072040307335556 0.5472890138626099 0.8369436264038086
vn 1.0 0.00020932784536853433 5.442690599011257e-05
vn 1.0 0.00020932784536853433 5.442690599011257e-05
vn 1.0 0.00020932784536853433 5.442690599011257e-05
vn 1.0 0.00020932784536853433 5.442690599011257e-05
vn 1.0 0.00020932784536853433 5.442690599011257e-05
vn 1.0 0.00020932784536853433 5.442690599011257e-05
vn 0.00019400000746827573 -0.9773499965667725 0.21162943542003632
vn 0.00011944251309614629 -0.7418013215065002 0.6706196665763855
vn 0.00019435386639088392 -0.9781122207641602 0.2080785185098648
vn 0.00021687867410946637 -0.9516644477844238 -0.30713966488838196
vn -0.00019435386639088392 0.9781122207641602 -0.2080785185098648
vn -0.0002168456558138132 0.9508800506591797 0.3095596134662628
vn -0.00018124922644346952 0.6692479848861694 0.743039071559906
vn 2.3697582946624607e-05 0.14384138584136963 -0.9896007776260376
vn 0.00010498185292817652 -0.24808195233345032 -0.9687390923500061
vn 9.708006109576672e-05 -0.20807833969593048 -0.9781122207641602
vn 9.708006109576672e-05 -0.20807833969593048 -0.9781122207641602
vn 2.3626353140571155e-05 -0.3547118008136749 0.9349756240844727
vn 8.846987475408241e-05 -0.6233752369880676 0.7819229364395142
vn 0.00019435386639088392 -0.9781122207641602 0.2080785185098648
vn -0.00019435386639088392 0.9781122207641602 -0.2080785185098648
vn -0.00019435386639088392 0.9781122207641602 -0.2080785185098648
vn 0.00011944251309614629 -0.7418013215065002 0.6706196665763855
vn 1.3100438081892207e-05 -0.30884310603141785 0.9511129856109619
vn -0.0002054130454780534 0.9969596266746521 -0.07791925221681595
vn 0.0001985170238185674 -0.7825970649719238 -0.622528612613678
vn 0.0001985170238185674 -0.7825970649719238 -0.622528612613678
vn 5.7682460465002805e-05 -0.4989376664161682 0.8666378259658813
vn 0.00014087210001889616 -0.8187093138694763 0.5742080807685852
vn 0.00018124922644346952 -0.6692479848861694 -0.743039071559906
vn 9.708006109576672e-05 -0.20807833969593048 -0.9781122207641602
vn 9.708006109576672e-05 -0.20807833969593048 -0.9781122207641602
vn -0.00019435383728705347 0.9781121015548706 -0.2080785036087036
vn -0.00019435386639088392 0.9781122207641602 -0.2080785185098648
vn -9.708006109576672e-05 0.20807833969593048 0.9781122207641602
vn 2.3626353140571155e-05 -0.3547118008136749 0.9349756240844727
vn -7.91194979683496e-05 0.11883704364299774 0.9929137825965881
vn 5.037611481384374e-05 -0.4685499370098114 0.8834370374679565
vn 0.00014087210001889616 -0.8187093138694763 0.5742080807685852
vn 0.00018124922644346952 -0.6692479848861694 -0.743039071559906
vn -1.0 -0.00020932784536853433 -5.442690599011257e-05
vn -0.00018124922644346952 0.6692479848861694 0.743039071559906
vn 0.0001985170238185674 -0.7825970649719238 -0.622528612613678
vn 0.00011237784201512113 -0.28597286343574524 -0.9582377076148987
vn -0.00019435386639088392 0.9781122207641602 -0.2080785185098648
vn 8.846987475408241e-05 -0.6233752369880676 0.7819229364395142
vn -9.708006109576672e-05 0.20807833969593048 0.9781122207641602
vn -1.0 -0.00020932784536853433 -5.442690599011257e-05
vn -1.0 -0.00020932784536853433 -5.442690599011257e-05
vn -9.708006109576672e-05 0.20807833969593048 0.9781122207641602
vn -9.708006109576672e-05 0.20807833969593048 0.9781122207641602
vn -9.708006109576672e-05 0.20807833969593048 0.9781122207641602
vn -1.0 -0.00020932784536853433 -5.442690599011257e-05
vn -1.0 -0.00020932784536853433 -5.442690599011257e-05
vn -1.0 -0.00020932784536853433 -5.442690599011257e-05
vn 1.0 0.00020932784536853433 5.442690599011257e-05
vn 1.0 0.00020932784536853433 5.442690599011257e-05
vn -1.0 -0.00020932784536853433 -5.442690599011257e-05
vn -1.0 -0.00020932784536853433 -5.442690599011257e-05
vn 1.0 0.00020932784536853433 5.442690599011257e-05
vn -1.0 -0.00020932784536853433 -5.442690599011257e-05
vn -1.0 -0.00020932784536853433 -5.442690599011257e-05
vn -1.0 -0.00020932784536853433 -5.442690599011257e-05
vn -1.0 -0.00020932784536853433 -5.442690599011257e-05
vn -1.0 -0.00020932785992044955 -5.442690599011257e-05
vn -1.0 -0.00020932784536853433 -5.442690599011257e-05
vn -1.0 -0.00020932784536853433 -5.442690599011257e-05
vn -1.0 -0.00020932784536853433 -5.442690599011257e-05
vn -1.0 -0.00020932784536853433 -5.442690599011257e-05
vn -1.0 -0.00020932784536853433 -5.442690599011257e-05
vn 1.0 0.00020932784536853433 5.442690599011257e-05
vn 1.0 0.00020932784536853433 5.442690599011257e-05
vn 1.0 0.00020932784536853433 5.442690599011257e-05
vn 1.0 0.00020932784536853433 5.442690599011257e-05
vn 1.0 0.00020932785992044955 5.442690599011257e-05
vn 1.0 0.00020932784536853433 5.442690599011257e-05
vn 1.0 0.00020932784536853433 5.442690599011257e-05
vn 1.0 0.00020932784536853433 5.442690599011257e-05
vn 1.0 0.00020932784536853433 5.442690599011257e-05
vn 1.0 0.00020932784536853433 5.442690599011257e-05
vn 1.0 0.00020932784536853433 5.442690599011257e-05
vn 1.0 0.00020932785992044955 5.442690599011257e-05
vn -1.0 -0.00020932784536853433 -5.442690599011257e-05
vn -1.0 -0.00020932784536853433 -5.442690599011257e-05
vn 1.0 0.00020932784536853433 5.442690599011257e-05
vn 1.0 0.00020932784536853433 5.442690599011257e-05
vn -1.0 -0.00020932784536853433 -5.442690599011257e-05
vn 1.0 0.00020932784536853433 5.442690599011257e-05
vn -1.0 -0.00020932784536853433 -5.442690599011257e-05
vn -1.0 -0.00020932784536853433 -5.442690599011257e-05
vn -1.0 -0.00020932784536853433 -5.442690599011257e-05
vn -1.0 -0.00020932784536853433 -5.442690599011257e-05
vn 0.0002053671923931688 -0.9969090223312378 0.07856463640928268
vn 1.0 0.00020932784536853433 5.442690599011257e-05
vn 1.0 0.00020932784536853433 5.442690599011257e-05
vn -1.0 -0.00020932785992044955 -5.442690599011257e-05
vn -1.0 -0.00020932784536853433 -5.442690599011257e-05
vn 1.0 0.00020932784536853433 5.442690599011257e-05
vn 1.0 0.00020932784536853433 5.442690599011257e-05
vn 1.0 0.00020932785992044955 5.442690599011257e-05
vn 1.0 0.00020932784536853433 5.442690599011257e-05
vn 1.0 0.00020932784536853433 5.442690599011257e-05
vn 1.0 0.00020932784536853433 5.442690599011257e-05
vn 1.0 0.00020932784536853433 5.442690599011257e-05
vn 1.0 0.00020932784536853433 5.442690599011257e-05
vn 1.0 0.00020932784536853433 5.442690599011257e-05
vn 1.0 0.00020932784536853433 5.442690599011257e-05
vn 1.0 0.00020932784536853433 5.442690599011257e-05
vn 1.0 0.00020932784536853433 5.442690599011257e-05
vn 1.0 0.00020932784536853433 5.442690599011257e-05
vn 1.0 0.00020932784536853433 5.442690599011257e-05
vn 1.0 0.00020932784536853433 5.442690599011257e-05
vn 1.0 0.00020932784536853433 5.442690599011257e-05
vn 1.0 0.00020932784536853433 5.442690599011257e-05
vn 1.0 0.00020932784536853433 5.442690599011257e-05
vn 1.0 0.00020932784536853433 5.442690599011257e-05
vn 1.0 0.00020932784536853433 5.442690599011257e-05
vn -1.0 -0.00020932784536853433 -5.442690599011257e-05
vn -1.0 -0.00020932784536853433 -5.442690599011257e-05
vn -1.0 -0.00020932784536853433 -5.442690599011257e-05
vn -1.0 -0.00020932784536853433 -5.442690599011257e-05
vn -1.0 -0.00020932784536853433 -5.442690599011257e-05
vn -1.0 -0.00020932785992044955 -5.442690599011257e-05
vn -1.0 -0.00020932784536853433 -5.442690599011257e-05
vn -1.0 -0.00020932784536853433 -5.442690599011257e-05
vn -1.0 -0.00020932785992044955 -5.442690599011257e-05
vn -1.0 -0.00020932784536853433 -5.442690599011257e-05
vn -1.0 -0.00020932784536853433 -5.442690599011257e-05
vn 1.0 0.00020932784536853433 5.442690599011257e-05
vn 1.0 0.00020932784536853433 5.442690599011257e-05
vn -1.0 -0.00020932784536853433 -5.442690599011257e-05
vn -1.0 -0.00020932784536853433 -5.442690599011257e-05
vn 1.0 0.00020932784536853433 5.442690599011257e-05
vn 1.0 0.00020932784536853433 5.442690599011257e-05
vn 1.0 0.00020932784536853433 5.442690599011257e-05
vn 1.0 0.00020932784536853433 5.442690599011257e-05
vn 1.0 0.00020932784536853433 5.442690599011257e-05
vn 1.0 0.00020932785992044955 5.442690599011257e-05
vn -1.0 -0.00020932784536853433 -5.442690599011257e-05
vn -1.0 -0.00020932784536853433 -5.442690599011257e-05
vn -1.0 -0.00020932784536853433 -5.442690599011257e-05
vn -1.0 -0.00020932784536853433 -5.442690599011257e-05
vn -1.0 -0.00020932784536853433 -5.442690599011257e-05
vn -1.0 -0.00020932784536853433 -5.442690599011257e-05
vn -1.0 -0.00020932784536853433 -5.442690599011257e-05
vn -1.0 -0.00020932784536853433 -5.442690599011257e-05
vn -1.0 -0.00020932785992044955 -5.442690599011257e-05
vn -0.00018001176067627966 0.9425628781318665 -0.33402854204177856
vn 0.0002168544742744416 -0.9510871767997742 -0.30892235040664673
vn 0.00018124922644346952 -0.6692479848861694 -0.743039071559906
vn 0.00018124922644346952 -0.6692479848861694 -0.743039071559906
vn 9.708006109576672e-05 -0.20807833969593048 -0.9781122207641602
vn -1.3100438081892207e-05 0.30884310603141785 -0.9511129856109619
vn -0.00011976246605627239 0.7429831624031067 -0.6693100333213806
vn -0.00011976246605627239 0.7429831624031067 -0.6693100333213806
vn 0.00019435383728705347 -0.9781121015548706 0.2080785036087036
vn 0.00019435386639088392 -0.9781122207641602 0.2080785185098648
vn 0.00019435386639088392 -0.9781122207641602 0.2080785185098648
vn 0.00019435386639088392 -0.9781122207641602 0.2080785185098648
vn -0.00019435383728705347 0.9781121015548706 -0.2080785036087036
vn -0.00019435386639088392 0.9781122207641602 -0.2080785185098648
vn -0.00019435386639088392 0.9781122207641602 -0.2080785185098648
vn -0.00019435386639088392 0.9781122207641602 -0.2080785185098648
vn -0.00019435383728705347 0.9781121015548706 -0.2080785036087036
vn -0.00019435386639088392 0.9781122207641602 -0.2080785185098648
vn -0.00019435386639088392 0.9781122207641602 -0.2080785185098648
vn -0.00019435386639088392 0.9781122207641602 -0.2080785185098648
vn 0.00019435386639088392 -0.9781122207641602 0.2080785185098648
vn 0.00019435386639088392 -0.9781122207641602 0.2080785185098648
vn 0.00019435386639088392 -0.9781122207641602 0.2080785185098648
vn 0.00019435386639088392 -0.9781122207641602 0.2080785185098648
vn -0.00019435386639088392 0.9781122207641602 -0.2080785185098648
vn -0.00019435383728705347 0.9781121015548706 -0.2080785036087036
vn 0.00019435383728705347 -0.9781121015548706 0.2080785036087036
vn 0.00019435386639088392 -0.9781122207641602 0.2080785185098648
vn -1.0 -0.00020932784536853433 -5.442690599011257e-05
vn -1.0 -0.00020932784536853433 -5.442690599011257e-05
vn -1.0 -0.00020932784536853433 -5.442690599011257e-05
vn -1.0 -0.00020932784536853433 -5.442690599011257e-05
vn 1.0 0.00020932784536853433 5.442690599011257e-05
vn 1.0 0.00020932784536853433 5.442690599011257e-05
vn 1.0 0.00020932784536853433 5.442690599011257e-05
vn 1.0 0.00020932784536853433 5.442690599011257e-05
vn 1.0 0.00020932784536853433 5.442690599011257e-05
vn 0.00019435386639088392 -0.9781122207641602 0.2080785185098648
vn 0.00019435386639088392 -0.9781122207641602 0.2080785185098648
vn -1.0 -0.00020932784536853433 -5.442690599011257e-05
vn -1.0 -0.00020932784536853433 -5.442690599011257e-05
vn -0.00019435383728705347 0.9781121015548706 -0.2080785036087036
vn -0.00019435386639088392 0.9781122207641602 -0.2080785185098648
vn -1.0 -0.00020932784536853433 -5.442690599011257e-05
vn -1.0 -0.00020932784536853433 -5.442690599011257e-05
vn -1.0 -0.00020932784536853433 -5.442690599011257e-05
vn -1.0 -0.00020932784536853433 -5.442690599011257e-05
vn 1.0 0.00020932784536853433 5.442690599011257e-05
vn -1.0 -0.00020932784536853433 -5.442690599011257e-05
vn -1.0 -0.00020932784536853433 -5.442690599011257e-05
vn 1.0 0.00020932785992044955 5.442690599011257e-05
vn 1.0 0.00020932784536853433 5.442690599011257e-05
vn 1.0 0.00020932784536853433 5.442690599011257e-05
vn 1.0 0.00020932784536853433 5.442690599011257e-05
vn 1.0 0.00020932784536853433 5.442690599011257e-05
vn 1.0 0.00020932784536853433 5.442690599011257e-05
vn 1.0 0.00020932784536853433 5.442690599011257e-05
vn 1.0 0.00020932784536853433 5.442690599011257e-05
vn 1.0 0.00020932785992044955 5.442690599011257e-05
vn 1.0 0.00020932784536853433 5.442690599011257e-05
vn 1.0 0.00020932784536853433 5.442690599011257e-05
vn 1.0 0.00020932784536853433 5.442690599011257e-05
vn 1.0 0.00020932784536853433 5.442690599011257e-05
vn 1.0 0.00020932784536853433 5.442690599011257e-05
vn 1.0 0.00020932785992044955 5.442690599011257e-05
vn 1.0 0.00020932784536853433 5.442690599011257e-05
vn 1.0 0.00020932784536853433 5.442690599011257e-05
vn 1.0 0.00020932784536853433 5.442690599011257e-05
vn 1.0 0.00020932784536853433 5.442690599011257e-05
vn 1.0 0.00020932784536853433 5.442690599011257e-05
vn 1.0 0.00020932784536853433 5.442690599011257e-05
vn 1.0 0.00020932784536853433 5.442690599011257e-05
vn 1.0 0.00020932785992044955 5.442690599011257e-05
vn 1.0 0.00020932784536853433 5.442690599011257e-05
vn -0.00011977758549619466 0.7430390119552612 -0.6692481637001038
vn -0.00019435386639088392 0.9781122207641602 -0.2080785185098648
vn -0.00019435383728705347 0.9781121015548706 -0.2080785036087036
vn -0.00011977758549619466 0.7430390119552612 -0.6692481637001038
vn -1.0 -0.00020932784536853433 -5.442690599011257e-05
vn -1.0 -0.00020932784536853433 -5.442690599011257e-05
vn -1.0 -0.00020932784536853433 -5.442690599011257e-05
vn -1.0 -0.00020932784536853433 -5.442690599011257e-05
vn -1.3100438081892207e-05 0.30884310603141785 -0.9511129856109619
vn -0.00011977758549619466 0.7430390119552612 -0.6692481637001038
vn -0.00011977758549619466 0.7430390119552612 -0.6692481637001038
vn -1.3100438081892207e-05 0.30884310603141785 -0.9511129856109619
vn -1.0 -0.00020932784536853433 -5.442690599011257e-05
vn -1.0 -0.00020932784536853433 -5.442690599011257e-05
vn 9.708006109576672e-05 -0.20807833969593048 -0.9781122207641602
vn 9.708006109576672e-05 -0.20807833969593048 -0.9781122207641602
vn -1.0 -0.00020932784536853433 -5.442690599011257e-05
vn -1.0 -0.00020932784536853433 -5.442690599011257e-05
vn 0.00018124922644346952 -0.6692479848861694 -0.743039071559906
vn 0.00018124922644346952 -0.6692479848861694 -0.743039071559906
vn -1.0 -0.00020932784536853433 -5.442690599011257e-05
vn -1.0 -0.00020932784536853433 -5.442690599011257e-05
vn 0.0002168555511161685 -0.9511129260063171 -0.30884307622909546
vn 0.00018124922644346952 -0.6692479848861694 -0.743039071559906
vn 0.00018124922644346952 -0.6692479848861694 -0.743039071559906
vn 0.0002168555511161685 -0.9511129260063171 -0.30884307622909546
vn -1.0 -0.00020932785992044955 -5.442690599011257e-05
vn -1.0 -0.00020932784536853433 -5.442690599011257e-05
vn 0.00019435386639088392 -0.9781122207641602 0.2080785185098648
vn 0.00019435386639088392 -0.9781122207641602 0.2080785185098648
vn -1.0 -0.00020932784536853433 -5.442690599011257e-05
vn -1.0 -0.00020932784536853433 -5.442690599011257e-05
vn 0.00011977758549619466 -0.7430390119552612 0.6692481637001038
vn 0.00011977758549619466 -0.7430390119552612 0.6692481637001038
vn -1.0 -0.00020932784536853433 -5.442690599011257e-05
vn -1.0 -0.00020932784536853433 -5.442690599011257e-05
vn 1.3100438081892207e-05 -0.30884310603141785 0.9511129856109619
vn 0.00011977758549619466 -0.7430390119552612 0.6692481637001038
vn 0.00011977758549619466 -0.7430390119552612 0.6692481637001038
vn 1.3100438081892207e-05 -0.30884310603141785 0.9511129856109619
vn -1.0 -0.00020932784536853433 -5.442690599011257e-05
vn -1.0 -0.00020932784536853433 -5.442690599011257e-05
vn -9.708006109576672e-05 0.20807833969593048 0.9781122207641602
vn -9.708006109576672e-05 0.20807833969593048 0.9781122207641602
vn -1.0 -0.00020932784536853433 -5.442690599011257e-05
vn -1.0 -0.00020932784536853433 -5.442690599011257e-05
vn -0.00018124922644346952 0.6692479848861694 0.743039071559906
vn -0.00018124922644346952 0.6692479848861694 0.743039071559906
vn -1.0 -0.00020932784536853433 -5.442690599011257e-05
vn -1.0 -0.00020932784536853433 -5.442690599011257e-05
vn -0.0002168555511161685 0.9511129260063171 0.30884307622909546
vn -0.00018124922644346952 0.6692479848861694 0.743039071559906
vn -0.00018124922644346952 0.6692479848861694 0.743039071559906
vn -0.0002168555511161685 0.9511129260063171 0.30884307622909546
vn -1.0 -0.00020932785992044955 -5.442690599011257e-05
vn -1.0 -0.00020932784536853433 -5.442690599011257e-05
vn -0.00019435386639088392 0.9781122207641602 -0.2080785185098648
vn -0.00019435386639088392 0.9781122207641602 -0.2080785185098648
vn -0.00019435386639088392 0.9781122207641602 -0.2080785185098648
vn -0.00019435386639088392 0.9781122207641602 -0.2080785185098648
vn -0.00019435386639088392 0.9781122207641602 -0.2080785185098648
vn -0.00019435386639088392 0.9781122207641602 -0.2080785185098648
vn 0.00019435386639088392 -0.9781122207641602 0.2080785185098648
vn 0.00019435386639088392 -0.9781122207641602 0.2080785185098648
vn 0.00019435386639088392 -0.9781122207641602 0.2080785185098648
vn 0.00019435386639088392 -0.9781122207641602 0.2080785185098648
vn 0.00019435386639088392 -0.9781122207641602 0.2080785185098648
vn 0.00019435386639088392 -0.9781122207641602 0.2080785185098648
vn 1.0 0.00020932784536853433 5.442690599011257e-05
vn 1.0 0.00020932784536853433 5.442690599011257e-05
vn 1.0 0.00020932784536853433 5.442690599011257e-05
vn 1.0 0.00020932784536853433 5.442690599011257e-05
vn 1.0 0.00020932784536853433 5.442690599011257e-05
vn 1.0 0.00020932784536853433 5.442690599011257e-05
vn 1.0 0.00020932784536853433 5.442690599011257e-05
vn 1.0 0.00020932784536853433 5.442690599011257e-05
vn 1.0 0.00020932784536853433 5.442690599011257e-05
vn -1.0 -0.00020932784536853433 -5.442690599011257e-05
vn -1.0 -0.00020932784536853433 -5.442690599011257e-05
vn -1.0 -0.00020932784536853433 -5.442690599011257e-05
vn -1.0 -0.00020932784536853433 -5.442690599011257e-05
vn -1.0 -0.00020932784536853433 -5.442690599011257e-05
vn -1.0 -0.00020932784536853433 -5.442690599011257e-05
vn -1.0 -0.00020932784536853433 -5.442690599011257e-05
vn -1.0 -0.00020932784536853433 -5.442690599011257e-05
vn -1.0 -0.00020932784536853433 -5.442690599011257e-05
vn -1.0 -0.00020932784536853433 -5.442690599011257e-05
vn -1.0 -0.00020932784536853433 -5.442690599011257e-05
vn 0.00019435386639088392 -0.9781122207641602 0.2080785185098648
vn 0.00019435386639088392 -0.9781122207641602 0.2080785185098648
vn 1.0 0.00020932784536853433 5.442690599011257e-05
vn -0.00011977758549619466 0.7430390119552612 -0.6692481637001038
vn -0.00019435383728705347 0.9781121015548706 -0.2080785036087036
vn -0.00019435386639088392 0.9781122207641602 -0.2080785185098648
vn -0.00019435386639088392 0.9781122207641602 -0.2080785185098648
vn 1.0 0.00020932784536853433 5.442690599011257e-05
vn 1.0 0.00020932784536853433 5.442690599011257e-05
vn 0.00018124922644346952 -0.6692479848861694 -0.743039071559906
vn 9.708006109576672e-05 -0.20807833969593048 -0.9781122207641602
vn 0.0002168555511161685 -0.9511129260063171 -0.30884307622909546
vn 0.00018124922644346952 -0.6692479848861694 -0.743039071559906
vn 0.00019435383728705347 -0.9781121015548706 0.2080785036087036
vn 0.00011977758549619466 -0.7430390119552612 0.6692481637001038
vn 1.3100438081892207e-05 -0.30884310603141785 0.9511129856109619
vn 0.00011977758549619466 -0.7430390119552612 0.6692481637001038
vn -9.708006109576672e-05 0.20807833969593048 0.9781122207641602
vn 1.0 0.00020932785992044955 5.442690599011257e-05
vn 1.0 0.00020932784536853433 5.442690599011257e-05
vn -1.0 -0.00020932785992044955 -5.442690599011257e-05
vn -1.0 -0.00020932784536853433 -5.442690599011257e-05
vn -0.0002168555511161685 0.9511129260063171 0.30884307622909546
vn -1.0 -0.00020932784536853433 -5.442690599011257e-05
vn -0.00018124922644346952 0.6692479848861694 0.743039071559906
vn -0.00018124922644346952 0.6692479848861694 0.743039071559906
vn -1.3100438081892207e-05 0.30884310603141785 -0.9511129856109619
vn -0.00011977758549619466 0.7430390119552612 -0.6692481637001038
vn -1.0 -0.00020932784536853433 -5.442690599011257e-05
vn -1.0 -0.00020932784536853433 -5.442690599011257e-05
vn -1.0 -0.00020932784536853433 -5.442690599011257e-05
vn -1.0 -0.00020932784536853433 -5.442690599011257e-05
vn 1.0 0.00020932784536853433 5.442690599011257e-05
vn 1.0 0.00020932784536853433 5.442690599011257e-05
vn 1.0 0.00020932784536853433 5.442690599011257e-05
vn 1.0 0.00020932784536853433 5.442690599011257e-05
vn -1.0 -0.00020932784536853433 -5.442690599011257e-05
vn -1.0 -0.00020932785992044955 -5.442690599011257e-05
vn -1.0 -0.00020932784536853433 -5.442690599011257e-05
vn -1.0 -0.00020932784536853433 -5.442690599011257e-05
vn 1.0 0.00020932784536853433 5.442690599011257e-05
vn 1.0 0.00020932784536853433 5.442690599011257e-05
vn 1.0 0.00020932784536853433 5.442690599011257e-05
vn 1.0 0.00020932784536853433 5.442690599011257e-05
vn -1.0 -0.00020932784536853433 -5.442690599011257e-05
vn -1.0 -0.00020932784536853433 -5.442690599011257e-05
vn -1.0 -0.00020932784536853433 -5.442690599011257e-05
vn -1.0 -0.00020932784536853433 -5.442690599011257e-05
vn 0.00019435386639088392 -0.9781122207641602 0.2080785185098648
vn 0.00019435386639088392 -0.9781122207641602 0.2080785185098648
vn 0.00019435383728705347 -0.9781121015548706 0.2080785036087036
vn 0.00019435386639088392 -0.9781122207641602 0.2080785185098648
vn -0.00019435386639088392 0.9781122207641602 -0.2080785185098648
vn -0.00019435386639088392 0.9781122207641602 -0.2080785185098648
vn -0.00019435386639088392 0.9781122207641602 -0.2080785185098648
vn -0.00019435386639088392 0.9781122207641602 -0.2080785185098648
vn 1.0 0.00020932784536853433 5.442690599011257e-05
vn 1.0 0.00020932784536853433 5.442690599011257e-05
vn 1.0 0.00020932784536853433 5.442690599011257e-05
vn 1.0 0.00020932784536853433 5.442690599011257e-05
vn -0.00019435386639088392 0.9781122207641602 -0.2080785185098648
vn -0.00019435386639088392 0.9781122207641602 -0.2080785185098648
vn -0.00019435386639088392 0.9781122207641602 -0.2080785185098648
vn -0.00019435386639088392 0.9781122207641602 -0.2080785185098648
vn 0.00019435386639088392 -0.9781122207641602 0.2080785185098648
vn 0.00019435386639088392 -0.9781122207641602 0.2080785185098648
vn 0.00019435386639088392 -0.9781122207641602 0.2080785185098648
vn 0.00019435386639088392 -0.9781122207641602 0.2080785185098648
vn -0.00018001176067627966 0.9425628781318665 -0.33402854204177856
vn -0.00018001176067627966 0.9425628781318665 -0.33402854204177856
vn -0.00011976246605627239 0.7429831624031067 -0.6693100333213806
vn -0.00011976246605627239 0.7429831624031067 -0.6693100333213806
vn -0.00018001176067627966 0.9425628781318665 -0.33402854204177856
vn -0.00011976246605627239 0.7429831624031067 -0.6693100333213806
vn -0.00011976246605627239 0.7429831624031067 -0.6693100333213806
vn -0.00011976246605627239 0.7429831624031067 -0.6693100333213806
vn -1.3100438081892207e-05 0.30884310603141785 -0.9511129856109619
vn -1.3100438081892207e-05 0.30884310603141785 -0.9511129856109619
vn -0.00011976246605627239 0.7429831624031067 -0.6693100333213806
vn -1.3100438081892207e-05 0.30884310603141785 -0.9511129856109619
vn 9.708006109576672e-05 -0.20807833969593048 -0.9781122207641602
vn 9.708006109576672e-05 -0.20807833969593048 -0.9781122207641602
vn 9.708006109576672e-05 -0.20807835459709167 -0.9781122207641602
vn 0.00018124922644346952 -0.6692479848861694 -0.743039071559906
vn 0.00018124922644346952 -0.6692479848861694 -0.743039071559906
vn 0.00018124922644346952 -0.6692479848861694 -0.743039071559906
vn 0.00018124922644346952 -0.6692479848861694 -0.743039071559906
vn 0.00018124922644346952 -0.6692479848861694 -0.743039071559906
vn 0.0002168544742744416 -0.9510871767997742 -0.30892235040664673
vn 0.0002168544742744416 -0.9510871767997742 -0.30892235040664673
vn 0.00018124922644346952 -0.6692479848861694 -0.743039071559906
vn 0.0002168544742744416 -0.9510871767997742 -0.30892235040664673
vn 0.0002053671923931688 -0.9969090223312378 0.07856463640928268
vn 0.0002053671923931688 -0.9969090223312378 0.07856463640928268
vn 0.0002053671923931688 -0.9969090223312378 0.07856463640928268
vn -0.00019449878891464323 0.9784221649169922 -0.20661553740501404
vn -0.00019449878891464323 0.9784221649169922 -0.20661553740501404
vn -0.00019449878891464323 0.9784221649169922 -0.20661553740501404
vn -0.00019449878891464323 0.9784221649169922 -0.20661553740501404
vn -0.00019449878891464323 0.9784221649169922 -0.20661553740501404
vn -0.00019449878891464323 0.9784221649169922 -0.20661553740501404
vn -0.00019449878891464323 0.9784221649169922 -0.20661553740501404
vn 0.0001945283293025568 -0.9784852266311646 0.20631693303585052
vn 0.0001945283293025568 -0.9784852266311646 0.20631693303585052
vn 0.0001945283293025568 -0.9784852266311646 0.20631693303585052
vn 0.0001945283293025568 -0.9784852266311646 0.20631693303585052
vn 0.0001945283293025568 -0.9784852266311646 0.20631693303585052
vn 0.0001945283293025568 -0.9784852266311646 0.20631693303585052
vn 0.0001945283293025568 -0.9784852266311646 0.20631693303585052
vn -9.708006109576672e-05 0.20807833969593048 0.9781122207641602
vn -9.708006109576672e-05 0.20807833969593048 0.9781122207641602
vn -9.708006109576672e-05 0.20807833969593048 0.9781122207641602
vn -9.708006109576672e-05 0.20807833969593048 0.9781122207641602
vn -9.708006109576672e-05 0.20807833969593048 0.9781122207641602
vn -9.708006109576672e-05 0.20807833969593048 0.9781122207641602
vn 0.0001945283293025568 -0.9784852266311646 0.20631693303585052
vn -9.708006109576672e-05 0.20807833969593048 0.9781122207641602
vn -9.708006109576672e-05 0.20807833969593048 0.9781122207641602
vn -9.708006109576672e-05 0.20807833969593048 0.9781122207641602
vn -9.708006109576672e-05 0.20807833969593048 0.9781122207641602
vn -9.708006109576672e-05 0.20807833969593048 0.9781122207641602
vn -9.708006109576672e-05 0.20807833969593048 0.9781122207641602
vn -0.00019449878891464323 0.9784221649169922 -0.20661553740501404
vn -9.708006109576672e-05 0.20807833969593048 0.9781122207641602
vn -9.708006109576672e-05 0.20807833969593048 0.9781122207641602
vn -9.708006109576672e-05 0.20807833969593048 0.9781122207641602
vn 0.00019435386639088392 -0.9781122207641602 0.2080785185098648
vn 0.00019435386639088392 -0.9781122207641602 0.2080785185098648
vn 0.00019435386639088392 -0.9781122207641602 0.2080785185098648
vn -0.00019435386639088392 0.9781122207641602 -0.2080785185098648
vn -0.00019435386639088392 0.9781122207641602 -0.2080785185098648
vn -0.00019435386639088392 0.9781122207641602 -0.2080785185098648
vn -9.708006109576672e-05 0.20807833969593048 0.9781122207641602
vn -9.708006109576672e-05 0.20807833969593048 0.9781122207641602
vn -9.708006109576672e-05 0.20807833969593048 0.9781122207641602
vn 2.3697582946624607e-05 0.14384138584136963 -0.9896007776260376
vn 2.3697582946624607e-05 0.14384138584136963 -0.9896007776260376
vn 0.00011237784201512113 -0.28597286343574524 -0.9582377076148987
vn 0.00011237784201512113 -0.28597286343574524 -0.9582377076148987
vn 2.3697582946624607e-05 0.14384138584136963 -0.9896007776260376
vn 0.00011237784201512113 -0.28597286343574524 -0.9582377076148987
vn -7.91194979683496e-05 0.11883704364299774 0.9929137825965881
vn -7.91194979683496e-05 0.11883704364299774 0.9929137825965881
vn -0.00016072040307335556 0.5472890138626099 0.8369436264038086
vn -0.00016072040307335556 0.5472890138626099 0.8369436264038086
vn -7.91194979683496e-05 0.11883704364299774 0.9929137825965881
vn -0.00016072040307335556 0.5472890138626099 0.8369436264038086
vn 0.0001985170238185674 -0.7825970649719238 -0.622528612613678
vn 0.0001985170238185674 -0.7825970649719238 -0.622528612613678
vn 0.0001985170238185674 -0.7825970649719238 -0.622528612613678
vn 0.0001985170238185674 -0.7825970649719238 -0.622528612613678
vn 0.0001985170238185674 -0.7825970649719238 -0.622528612613678
vn 0.0001985170238185674 -0.7825970649719238 -0.622528612613678
vn 9.708006109576672e-05 -0.20807833969593048 -0.9781122207641602
vn 9.708006109576672e-05 -0.20807833969593048 -0.9781122207641602
vn 9.708006109576672e-05 -0.20807833969593048 -0.9781122207641602
vn 9.708006109576672e-05 -0.20807833969593048 -0.9781122207641602
vn 9.708006109576672e-05 -0.20807833969593048 -0.9781122207641602
vn 9.708006109576672e-05 -0.20807833969593048 -0.9781122207641602
vn 8.846987475408241e-05 -0.6233752369880676 0.7819229364395142
vn 8.846987475408241e-05 -0.6233752369880676 0.7819229364395142
vn 8.846987475408241e-05 -0.6233752369880676 0.7819229364395142
vn 8.846987475408241e-05 -0.6233752369880676 0.7819229364395142
vn 8.846987475408241e-05 -0.6233752369880676 0.7819229364395142
vn 8.846987475408241e-05 -0.6233752369880676 0.7819229364395142
vn -0.00019435386639088392 0.9781122207641602 -0.2080785185098648
vn -0.00019435386639088392 0.9781122207641602 -0.2080785185098648
vn -0.00019435386639088392 0.9781122207641602 -0.2080785185098648
vn -9.708006109576672e-05 0.20807833969593048 0.9781122207641602
vn -9.708006109576672e-05 0.20807833969593048 0.9781122207641602
vn -0.00018124922644346952 0.6692479848861694 0.743039071559906
vn -0.00018124922644346952 0.6692479848861694 0.743039071559906
vn -9.708006109576672e-05 0.20807833969593048 0.9781122207641602
vn -0.00018124922644346952 0.6692479848861694 0.743039071559906
vn -0.00019435386639088392 0.9781122207641602 -0.2080785185098648
vn -0.00019435386639088392 0.9781122207641602 -0.2080785185098648
vn -0.00019435386639088392 0.9781122207641602 -0.2080785185098648
vn -0.00019435386639088392 0.9781122207641602 -0.2080785185098648
vn -0.00019435386639088392 0.9781122207641602 -0.2080785185098648
vn -0.00019435383728705347 0.9781121015548706 -0.2080785036087036
vn 0.00021687867410946637 -0.9516644477844238 -0.30713966488838196
vn 0.00021687867410946637 -0.9516644477844238 -0.30713966488838196
vn 0.00018124922644346952 -0.6692479848861694 -0.743039071559906
vn 0.00018124922644346952 -0.6692479848861694 -0.743039071559906
vn 0.00021687867410946637 -0.9516644477844238 -0.30713966488838196
vn 0.00018124922644346952 -0.6692479848861694 -0.743039071559906
vn 0.00019435386639088392 -0.9781122207641602 0.2080785185098648
vn 0.00019435386639088392 -0.9781122207641602 0.2080785185098648
vn 0.00014087210001889616 -0.8187093138694763 0.5742080807685852
vn 0.00014087210001889616 -0.8187093138694763 0.5742080807685852
vn 0.00019435386639088392 -0.9781122207641602 0.2080785185098648
vn 0.00014087210001889616 -0.8187093138694763 0.5742080807685852
vn 5.037611481384374e-05 -0.4685499370098114 0.8834370374679565
vn 5.037611481384374e-05 -0.4685499370098114 0.8834370374679565
vn 5.037611481384374e-05 -0.4685499370098114 0.8834370374679565
vn 9.708006109576672e-05 -0.20807833969593048 -0.9781122207641602
vn 9.708006109576672e-05 -0.20807833969593048 -0.9781122207641602
vn 9.708006109576672e-05 -0.20807833969593048 -0.9781122207641602
vn 9.708006109576672e-05 -0.20807833969593048 -0.9781122207641602
vn 9.708006109576672e-05 -0.20807835459709167 -0.9781122207641602
vn 9.708006109576672e-05 -0.20807833969593048 -0.9781122207641602
vn 1.3100438081892207e-05 -0.30884310603141785 0.9511129856109619
vn -9.327134466730058e-05 0.1889638453722 0.9819839596748352
vn -9.327134466730058e-05 0.1889638453722 0.9819839596748352
vn 1.3100438081892207e-05 -0.30884310603141785 0.9511129856109619
vn 1.3100438081892207e-05 -0.30884310603141785 0.9511129856109619
vn -9.327733278041705e-05 0.18899381160736084 0.9819782972335815
vn 2.3626353140571155e-05 -0.3547118008136749 0.9349756240844727
vn 2.3626353140571155e-05 -0.3547118008136749 0.9349756240844727
vn 2.3626353140571155e-05 -0.3547118008136749 0.9349756240844727
vn -0.00019435386639088392 0.9781122207641602 -0.2080785185098648
vn -0.00019435386639088392 0.9781122207641602 -0.2080785185098648
vn -0.00019435386639088392 0.9781122207641602 -0.2080785185098648
vn -0.00019435386639088392 0.9781122207641602 -0.2080785185098648
vn -0.00019435386639088392 0.9781122207641602 -0.2080785185098648
vn -0.00019435386639088392 0.9781122207641602 -0.2080785185098648
vn 0.00018124922644346952 -0.6692479848861694 -0.743039071559906
vn 0.00018124922644346952 -0.6692479848861694 -0.743039071559906
vn 0.00010498185292817652 -0.24808195233345032 -0.9687390923500061
vn 0.00010498185292817652 -0.24808195233345032 -0.9687390923500061
vn 0.00018124922644346952 -0.6692479848861694 -0.743039071559906
vn 0.00010498185292817652 -0.24808195233345032 -0.9687390923500061
vn 0.00014087210001889616 -0.8187093138694763 0.5742080807685852
vn 0.00014087210001889616 -0.8187093138694763 0.5742080807685852
vn 5.7682460465002805e-05 -0.4989376664161682 0.8666378259658813
vn 5.7682460465002805e-05 -0.4989376664161682 0.8666378259658813
vn 0.00014087210001889616 -0.8187093138694763 0.5742080807685852
vn 5.7682460465002805e-05 -0.4989376664161682 0.8666378259658813
vn 0.0001985170238185674 -0.7825970649719238 -0.622528612613678
vn 0.0001985170238185674 -0.7825970649719238 -0.622528612613678
vn 0.0001985170238185674 -0.7825970649719238 -0.622528612613678
vn -0.0002168456558138132 0.9508800506591797 0.3095596134662628
vn -0.0002168456558138132 0.9508800506591797 0.3095596134662628
vn -0.0002054130454780534 0.9969596266746521 -0.07791925221681595
vn -0.0002054130454780534 0.9969596266746521 -0.07791925221681595
vn -0.0002168456558138132 0.9508800506591797 0.3095596134662628
vn -0.0002054130454780534 0.9969596266746521 -0.07791925221681595
vn -0.00019435386639088392 0.9781122207641602 -0.2080785185098648
vn -0.00019435386639088392 0.9781122207641602 -0.2080785185098648
vn -0.00019435386639088392 0.9781122207641602 -0.2080785185098648
vn 0.00011944251309614629 -0.7418013215065002 0.6706196665763855
vn 0.00011944251309614629 -0.7418013215065002 0.6706196665763855
vn 0.00011944251309614629 -0.7418013215065002 0.6706196665763855
vn 0.00019435386639088392 -0.9781122207641602 0.2080785185098648
vn 0.00019435386639088392 -0.9781122207641602 0.2080785185098648
vn 0.00019435386639088392 -0.9781122207641602 0.2080785185098648
vn 2.3626353140571155e-05 -0.3547118008136749 0.9349756240844727
vn 2.3626353140571155e-05 -0.3547118008136749 0.9349756240844727
vn 2.3626353140571155e-05 -0.3547118008136749 0.9349756240844727
vn 9.708006109576672e-05 -0.20807833969593048 -0.9781122207641602
vn 9.708006109576672e-05 -0.20807833969593048 -0.9781122207641602
vn 9.708006109576672e-05 -0.20807833969593048 -0.9781122207641602
vn -0.00018124922644346952 0.6692479848861694 0.743039071559906
vn -0.00018124922644346952 0.6692479848861694 0.743039071559906
vn -0.00018124922644346952 0.6692479848861694 0.743039071559906
vn 0.00019400000746827573 -0.9773499965667725 0.21162943542003632
vn 0.00019400000746827573 -0.9773499965667725 0.21162943542003632
vn 0.00019400000746827573 -0.9773499965667725 0.21162943542003632
vn 0.00011944251309614629 -0.7418013215065002 0.6706196665763855
vn 0.00011944251309614629 -0.7418013215065002 0.6706196665763855
vn 0.00011944251309614629 -0.7418013215065002 0.6706196665763855
vn 9.708006109576672e-05 -0.20807833969593048 -0.9781122207641602
vn 9.708006109576672e-05 -0.20807833969593048 -0.9781122207641602
vn 9.708006109576672e-05 -0.20807833969593048 -0.9781122207641602
vn 1.0 0.00020932784536853433 5.442690599011257e-05
vn 1.0 0.00020932784536853433 5.442690599011257e-05
vn 1.0 0.00020932785992044955 5.442690599011257e-05
vn 1.0 0.00020932784536853433 5.442690599011257e-05
vn 1.0 0.00020932784536853433 5.442690599011257e-05
vn 1.0 0.00020932784536853433 5.442690599011257e-05
vn 1.0 0.00020932784536853433 5.442690599011257e-05
vn 1.0 0.00020932784536853433 5.442690599011257e-05
vn 1.0 0.00020932784536853433 5.442690599011257e-05
vn 1.0 0.00020932784536853433 5.442690599011257e-05
vn 1.0 0.00020932784536853433 5.442690599011257e-05
vn 1.0 0.00020932784536853433 5.442690599011257e-05
vn 1.0 0.00020932784536853433 5.442690599011257e-05
vn 1.0 0.00020932784536853433 5.442690599011257e-05
vn 1.0 0.00020932784536853433 5.442690599011257e-05
vn 1.0 0.00020932784536853433 5.442690599011257e-05
vn 1.0 0.00020932784536853433 5.442690599011257e-05
vn 1.0 0.00020932784536853433 5.442690599011257e-05
vn 1.0 0.00020932784536853433 5.442690599011257e-05
vn 1.0 0.00020932784536853433 5.442690599011257e-05
vn 1.0 0.00020932784536853433 5.442690599011257e-05
vn 1.0 0.00020932784536853433 5.442690599011257e-05
vn 1.0 0.00020932784536853433 5.442690599011257e-05
vn 1.0 0.00020932784536853433 5.442690599011257e-05
vn 1.0 0.00020932784536853433 5.442690599011257e-05
vn 1.0 0.00020932784536853433 5.442690599011257e-05
vn 1.0 0.00020932784536853433 5.442690599011257e-05
vn 1.0 0.00020932784536853433 5.442690599011257e-05
vn 1.0 0.00020932784536853433 5.442690599011257e-05
vn 1.0 0.00020932784536853433 5.442690599011257e-05
vn 1.0 0.00020932784536853433 5.442690599011257e-05
vn 1.0 0.00020932784536853433 5.442690599011257e-05
vn -1.0 -0.00020932784536853433 -5.442690599011257e-05
vn -1.0 -0.00020932784536853433 -5.442690599011257e-05
vn 1.0 0.00020932784536853433 5.442690599011257e-05
vn 1.0 0.00020932784536853433 5.442690599011257e-05
vn 1.0 0.00020932784536853433 5.442690599011257e-05
vn 1.0 0.00020932784536853433 5.442690599011257e-05
vn -9.708006109576672e-05 0.20807835459709167 0.9781122207641602
vn -9.708006109576672e-05 0.20807833969593048 0.9781122207641602
vn 1.0 0.00020932784536853433 5.442690599011257e-05
vn 1.0 0.00020932784536853433 5.442690599011257e-05
vn 1.0 0.00020932784536853433 5.442690599011257e-05
vn 1.0 0.00020932784536853433 5.442690599011257e-05
vn -0.00019435383728705347 0.9781121015548706 -0.2080785036087036
vn 0.00019435386639088392 -0.9781122207641602 0.2080785185098648
vn -1.0 -0.00020932784536853433 -5.442690599011257e-05
vn -1.0 -0.00020932784536853433 -5.442690599011257e-05
vn -1.0 -0.00020932785992044955 -5.442690599011257e-05
vn -1.0 -0.00020932784536853433 -5.442690599011257e-05
vn -1.0 -0.00020932784536853433 -5.442690599011257e-05
vn -1.0 -0.00020932784536853433 -5.442690599011257e-05
vn -1.0 -0.00020932784536853433 -5.442690599011257e-05
vn -1.0 -0.00020932784536853433 -5.442690599011257e-05
vn -1.0 -0.00020932784536853433 -5.442690599011257e-05
vn -1.0 -0.00020932785992044955 -5.442690599011257e-05
vn -1.0 -0.00020932784536853433 -5.442690599011257e-05
vn -1.0 -0.00020932784536853433 -5.442690599011257e-05
vn -1.0 -0.00020932784536853433 -5.442690599011257e-05
vn -1.0 -0.00020932784536853433 -5.442690599011257e-05
vn -1.0 -0.00020932784536853433 -5.442690599011257e-05
vn -1.0 -0.00020932785992044955 -5.442690599011257e-05
vn -1.0 -0.00020932784536853433 -5.442690599011257e-05
vn -1.0 -0.00020932784536853433 -5.442690599011257e-05
vn -1.0 -0.00020932784536853433 -5.442690599011257e-05
vn -1.0 -0.00020932784536853433 -5.442690599011257e-05
vn -1.0 -0.00020932784536853433 -5.442690599011257e-05
vn -1.0 -0.00020932784536853433 -5.442690599011257e-05
vn -1.0 -0.00020932784536853433 -5.442690599011257e-05
vn -1.0 -0.00020932784536853433 -5.442690599011257e-05
vn 1.0 0.00020932784536853433 5.442690599011257e-05
vn 1.0 0.00020932784536853433 5.442690599011257e-05
vn -1.0 -0.00020932784536853433 -5.442690599011257e-05
vn -1.0 -0.00020932784536853433 -5.442690599011257e-05
vn -1.0 -0.00020932784536853433 -5.442690599011257e-05
vn -1.0 -0.00020932784536853433 -5.442690599011257e-05
vn -1.0 -0.00020932784536853433 -5.442690599011257e-05
vn -1.0 -0.00020932784536853433 -5.442690599011257e-05
vn -1.0 -0.00020932784536853433 -5.442690599011257e-05
vn -1.0 -0.00020932784536853433 -5.442690599011257e-05
vn 9.708006109576672e-05 -0.20807833969593048 -0.9781122207641602
vn 9.708006109576672e-05 -0.20807833969593048 -0.9781122207641602
vn -1.0 -0.00020932784536853433 -5.442690599011257e-05
vn -1.0 -0.00020932784536853433 -5.442690599011257e-05
vn -1.0 -0.00020932784536853433 -5.442690599011257e-05
vn -1.0 -0.00020932784536853433 -5.442690599011257e-05
vn -1.0 -0.00020932784536853433 -5.442690599011257e-05
vn -1.0 -0.00020932784536853433 -5.442690599011257e-05
vn -1.0 -0.00020932784536853433 -5.442690599011257e-05
vn -1.0 -0.00020932784536853433 -5.442690599011257e-05
vn -1.0 -0.00020932784536853433 -5.442690599011257e-05
vn -0.00016072040307335556 0.5472890138626099 0.8369436264038086
vn -9.327134466730058e-05 0.1889638453722 0.9819839596748352
vn -1.0 -0.00020932784536853433 -5.442690599011257e-05
vn -1.0 -0.00020932784536853433 -5.442690599011257e-05
vn -1.0 -0.00020932784536853433 -5.442690599011257e-05
vn -1.0 -0.00020932784536853433 -5.442690599011257e-05
vn -1.0 -0.00020932784536853433 -5.442690599011257e-05
vn -1.0 -0.00020932784536853433 -5.442690599011257e-05
vn 0.00011944251309614629 -0.7418013215065002 0.6706196665763855
vn 0.00019400000746827573 -0.9773499965667725 0.21162943542003632
vn 0.00019435386639088392 -0.9781122207641602 0.2080785185098648
vn 0.00021687867410946637 -0.9516644477844238 -0.30713966488838196
vn -0.00019435386639088392 0.9781122207641602 -0.2080785185098648
vn -0.00018124922644346952 0.6692479848861694 0.743039071559906
vn -0.0002168456558138132 0.9508800506591797 0.3095596134662628
vn 0.00010498185292817652 -0.24808195233345032 -0.9687390923500061
vn 2.3697582946624607e-05 0.14384138584136963 -0.9896007776260376
vn 9.708006109576672e-05 -0.20807833969593048 -0.9781122207641602
vn 9.708006109576672e-05 -0.20807835459709167 -0.9781122207641602
vn 8.846987475408241e-05 -0.6233752369880676 0.7819229364395142
vn 2.3626353140571155e-05 -0.3547118008136749 0.9349756240844727
vn 0.00019435386639088392 -0.9781122207641602 0.2080785185098648
vn -0.00019435386639088392 0.9781122207641602 -0.2080785185098648
vn -0.00019435383728705347 0.9781121015548706 -0.2080785036087036
vn 1.3100438081892207e-05 -0.30884310603141785 0.9511129856109619
vn 0.00011944251309614629 -0.7418013215065002 0.6706196665763855
vn -0.0002054130454780534 0.9969596266746521 -0.07791925221681595
vn 0.0001985170238185674 -0.7825970649719238 -0.622528612613678
vn 0.0001985170238185674 -0.7825970649719238 -0.622528612613678
vn 0.00014087210001889616 -0.8187093138694763 0.5742080807685852
vn 5.7682460465002805e-05 -0.4989376664161682 0.8666378259658813
vn 0.00018124922644346952 -0.6692479848861694 -0.743039071559906
vn 9.708006109576672e-05 -0.20807833969593048 -0.9781122207641602
vn 9.708006109576672e-05 -0.20807833969593048 -0.9781122207641602
vn -0.00019435386639088392 0.9781122207641602 -0.2080785185098648
vn -0.00019435386639088392 0.9781122207641602 -0.2080785185098648
vn 2.3626353140571155e-05 -0.3547118008136749 0.9349756240844727
vn -9.708006109576672e-05 0.20807833969593048 0.9781122207641602
vn 5.037611481384374e-05 -0.4685499370098114 0.8834370374679565
vn -7.91194979683496e-05 0.11883704364299774 0.9929137825965881
vn 0.00014087210001889616 -0.8187093138694763 0.5742080807685852
vn 0.00018124922644346952 -0.6692479848861694 -0.743039071559906
vn 1.0 0.00020932784536853433 5.442690599011257e-05
vn -0.00018124922644346952 0.6692479848861694 0.743039071559906
vn 0.00011237784201512113 -0.28597286343574524 -0.9582377076148987
vn 0.0001985170238185674 -0.7825970649719238 -0.622528612613678
vn -0.00019435386639088392 0.9781122207641602 -0.2080785185098648
vn 8.846987475408241e-05 -0.6233752369880676 0.7819229364395142
vn -9.708006109576672e-05 0.20807833969593048 0.9781122207641602
vn 1.0 0.00020932784536853433 5.442690599011257e-05
vn 1.0 0.00020932784536853433 5.442690599011257e-05
vn -9.708006109576672e-05 0.20807833969593048 0.9781122207641602
vn -9.708006109576672e-05 0.20807833969593048 0.9781122207641602
vn -9.708006109576672e-05 0.20807833969593048 0.9781122207641602
vn 1.0 0.00020932784536853433 5.442690599011257e-05
vn 1.0 0.00020932784536853433 5.442690599011257e-05
vn 1.0 0.00020932784536853433 5.442690599011257e-05
vn -1.0 -0.00020932784536853433 -5.442690599011257e-05
vn -1.0 -0.00020932784536853433 -5.442690599011257e-05
vn 1.0 0.00020932784536853433 5.442690599011257e-05
vn 1.0 0.00020932784536853433 5.442690599011257e-05
vn -1.0 -0.00020932784536853433 -5.442690599011257e-05
vn 1.0 0.00020932784536853433 5.442690599011257e-05
vn 1.0 0.00020932784536853433 5.442690599011257e-05
vn 1.0 0.00020932784536853433 5.442690599011257e-05
vn 1.0 0.00020932784536853433 5.442690599011257e-05
vn 1.0 0.00020932785992044955 5.442690599011257e-05
vn 1.0 0.00020932784536853433 5.442690599011257e-05
vn 1.0 0.00020932784536853433 5.442690599011257e-05
vn 1.0 0.00020932784536853433 5.442690599011257e-05
vn 1.0 0.00020932784536853433 5.442690599011257e-05
vn 1.0 0.00020932784536853433 5.442690599011257e-05
vn -1.0 -0.00020932784536853433 -5.442690599011257e-05
vn -1.0 -0.00020932784536853433 -5.442690599011257e-05
vn -1.0 -0.00020932784536853433 -5.442690599011257e-05
vn -1.0 -0.00020932784536853433 -5.442690599011257e-05
vn -1.0 -0.00020932785992044955 -5.442690599011257e-05
vn -1.0 -0.00020932784536853433 -5.442690599011257e-05
vn -1.0 -0.00020932784536853433 -5.442690599011257e-05
vn -1.0 -0.00020932784536853433 -5.442690599011257e-05
vn -1.0 -0.00020932784536853433 -5.442690599011257e-05
vn -1.0 -0.00020932784536853433 -5.442690599011257e-05
vn -1.0 -0.00020932784536853433 -5.442690599011257e-05
vn -1.0 -0.00020932784536853433 -5.442690599011257e-05
vn 1.0 0.00020932784536853433 5.442690599011257e-05
vn 1.0 0.00020932784536853433 5.442690599011257e-05
vn -1.0 -0.00020932784536853433 -5.442690599011257e-05
vn -1.0 -0.00020932784536853433 -5.442690599011257e-05
vn 1.0 0.00020932784536853433 5.442690599011257e-05
vn -1.0 -0.00020932784536853433 -5.442690599011257e-05
vn 1.0 0.00020932784536853433 5.442690599011257e-05
vn 1.0 0.00020932784536853433 5.442690599011257e-05
vn 1.0 0.00020932785992044955 5.442690599011257e-05
vn 1.0 0.00020932784536853433 5.442690599011257e-05
vn 0.0002053671923931688 -0.9969090223312378 0.07856463640928268
vn -1.0 -0.00020932784536853433 -5.442690599011257e-05
vn -1.0 -0.00020932784536853433 -5.442690599011257e-05
vn 1.0 0.00020932784536853433 5.442690599011257e-05
vn 1.0 0.00020932785992044955 5.442690599011257e-05
vn -1.0 -0.00020932784536853433 -5.442690599011257e-05
vn -1.0 -0.00020932784536853433 -5.442690599011257e-05
vn -1.0 -0.00020932785992044955 -5.442690599011257e-05
vn -1.0 -0.00020932784536853433 -5.442690599011257e-05
vn -1.0 -0.00020932784536853433 -5.442690599011257e-05
vn -1.0 -0.00020932784536853433 -5.442690599011257e-05
vn -1.0 -0.00020932784536853433 -5.442690599011257e-05
vn -1.0 -0.00020932784536853433 -5.442690599011257e-05
vn -1.0 -0.00020932784536853433 -5.442690599011257e-05
vn -1.0 -0.00020932784536853433 -5.442690599011257e-05
vn -1.0 -0.00020932784536853433 -5.442690599011257e-05
vn -1.0 -0.00020932784536853433 -5.442690599011257e-05
vn -1.0 -0.00020932784536853433 -5.442690599011257e-05
vn -1.0 -0.00020932784536853433 -5.442690599011257e-05
vn -1.0 -0.00020932784536853433 -5.442690599011257e-05
vn -1.0 -0.00020932784536853433 -5.442690599011257e-05
vn -1.0 -0.00020932784536853433 -5.442690599011257e-05
vn -1.0 -0.00020932784536853433 -5.442690599011257e-05
vn -1.0 -0.00020932784536853433 -5.442690599011257e-05
vn -1.0 -0.00020932784536853433 -5.442690599011257e-05
vn 1.0 0.00020932784536853433 5.442690599011257e-05
vn 1.0 0.00020932784536853433 5.442690599011257e-05
vn 1.0 0.00020932784536853433 5.442690599011257e-05
vn 1.0 0.00020932784536853433 5.442690599011257e-05
vn 1.0 0.00020932785992044955 5.442690599011257e-05
vn 1.0 0.00020932784536853433 5.442690599011257e-05
vn 1.0 0.00020932784536853433 5.442690599011257e-05
vn 1.0 0.00020932784536853433 5.442690599011257e-05
vn 1.0 0.00020932785992044955 5.442690599011257e-05
vn 1.0 0.00020932784536853433 5.442690599011257e-05
vn 1.0 0.00020932784536853433 5.442690599011257e-05
vn -1.0 -0.00020932784536853433 -5.442690599011257e-05
vn -1.0 -0.00020932784536853433 -5.442690599011257e-05
vn 1.0 0.00020932784536853433 5.442690599011257e-05
vn 1.0 0.00020932784536853433 5.442690599011257e-05
vn -1.0 -0.00020932784536853433 -5.442690599011257e-05
vn -1.0 -0.00020932784536853433 -5.442690599011257e-05
vn -1.0 -0.00020932784536853433 -5.442690599011257e-05
vn -1.0 -0.00020932784536853433 -5.442690599011257e-05
vn -1.0 -0.00020932784536853433 -5.442690599011257e-05
vn -1.0 -0.00020932785992044955 -5.442690599011257e-05
vn 1.0 0.00020932784536853433 5.442690599011257e-05
vn 1.0 0.00020932784536853433 5.442690599011257e-05
vn 1.0 0.00020932784536853433 5.442690599011257e-05
vn 1.0 0.00020932784536853433 5.442690599011257e-05
vn 1.0 0.00020932784536853433 5.442690599011257e-05
vn 1.0 0.00020932784536853433 5.442690599011257e-05
vn 1.0 0.00020932784536853433 5.442690599011257e-05
vn 1.0 0.00020932784536853433 5.442690599011257e-05
vn 1.0 0.00020932784536853433 5.442690599011257e-05
vn -0.00018001176067627966 0.9425628781318665 -0.33402854204177856
vn 0.0002168544742744416 -0.9510871767997742 -0.30892235040664673
vn 0.00018125107453670353 -0.6692593097686768 -0.7430288791656494
vn 9.708006109576672e-05 -0.20807835459709167 -0.9781122207641602
vn 0.00018125107453670353 -0.6692593097686768 -0.7430288791656494
vn -1.3100438081892207e-05 0.30884310603141785 -0.9511129856109619
vn -0.00011976246605627239 0.7429831624031067 -0.6693100333213806
vn -0.00011976246605627239 0.7429831624031067 -0.6693100333213806
vn 0.00019435386639088392 -0.9781122207641602 0.2080785185098648
vn 0.00019435383728705347 -0.9781121015548706 0.2080785036087036
vn 0.00019435386639088392 -0.9781122207641602 0.2080785185098648
vn 0.00019435386639088392 -0.9781122207641602 0.2080785185098648
vn -0.00019435386639088392 0.9781122207641602 -0.2080785185098648
vn -0.00019435386639088392 0.9781122207641602 -0.2080785185098648
vn -0.00019435386639088392 0.9781122207641602 -0.2080785185098648
vn -0.00019435383728705347 0.9781121015548706 -0.2080785036087036
vn -0.00019435386639088392 0.9781122207641602 -0.2080785185098648
vn -0.00019435386639088392 0.9781122207641602 -0.2080785185098648
vn -0.00019435386639088392 0.9781122207641602 -0.2080785185098648
vn -0.00019435383728705347 0.9781121015548706 -0.2080785036087036
vn 0.00019435383728705347 -0.9781121015548706 0.2080785036087036
vn 0.00019435383728705347 -0.9781121015548706 0.2080785036087036
vn 0.00019435386639088392 -0.9781122207641602 0.2080785185098648
vn 0.00019435386639088392 -0.9781122207641602 0.2080785185098648
vn -0.00019435386639088392 0.9781122207641602 -0.2080785185098648
vn -0.00019435386639088392 0.9781122207641602 -0.2080785185098648
vn 0.00019435386639088392 -0.9781122207641602 0.2080785185098648
vn 0.00019435386639088392 -0.9781122207641602 0.2080785185098648
vn 1.0 0.00020932784536853433 5.442690599011257e-05
vn 1.0 0.00020932784536853433 5.442690599011257e-05
vn 1.0 0.00020932784536853433 5.442690599011257e-05
vn 1.0 0.00020932784536853433 5.442690599011257e-05
vn -1.0 -0.00020932784536853433 -5.442690599011257e-05
vn -1.0 -0.00020932784536853433 -5.442690599011257e-05
vn -1.0 -0.00020932784536853433 -5.442690599011257e-05
vn -1.0 -0.00020932784536853433 -5.442690599011257e-05
vn -1.0 -0.00020932784536853433 -5.442690599011257e-05
vn 0.00019435386639088392 -0.9781122207641602 0.2080785185098648
vn 0.00019435386639088392 -0.9781122207641602 0.2080785185098648
vn 1.0 0.00020932784536853433 5.442690599011257e-05
vn 1.0 0.00020932784536853433 5.442690599011257e-05
vn -0.00019435386639088392 0.9781122207641602 -0.2080785185098648
vn -0.00019435386639088392 0.9781122207641602 -0.2080785185098648
vn 1.0 0.00020932785992044955 5.442690599011257e-05
vn 1.0 0.00020932784536853433 5.442690599011257e-05
vn 1.0 0.00020932784536853433 5.442690599011257e-05
vn 1.0 0.00020932784536853433 5.442690599011257e-05
vn -1.0 -0.00020932784536853433 -5.442690599011257e-05
vn 1.0 0.00020932784536853433 5.442690599011257e-05
vn 1.0 0.00020932784536853433 5.442690599011257e-05
vn 0.500073254108429 -0.18009774386882782 -0.8470487594604492
vn 0.00019435386639088392 -0.9781122207641602 0.2080785185098648
vn 0.00019435386639088392 -0.9781122207641602 0.2080785185098648
vn 0.00019435383728705347 -0.9781121015548706 0.2080785036087036
vn 0.00019435386639088392 -0.9781122207641602 0.2080785185098648
vn -9.708006109576672e-05 0.20807833969593048 0.9781122207641602
vn 0.49990519881248474 0.18030710518360138 0.8471034169197083
vn 0.49990519881248474 0.18030710518360138 0.8471034169197083
vn -9.708006109576672e-05 0.20807833969593048 0.9781122207641602
vn 0.00019435383728705347 -0.9781121015548706 0.2080785036087036
vn 0.00019435383728705347 -0.9781121015548706 0.2080785036087036
vn 0.00019435386639088392 -0.9781122207641602 0.2080785185098648
vn 0.00019435386639088392 -0.9781122207641602 0.2080785185098648
vn 0.00019435383728705347 -0.9781121015548706 0.2080785036087036
vn 0.00019435386639088392 -0.9781122207641602 0.2080785185098648
vn 0.00019435386639088392 -0.9781122207641602 0.2080785185098648
vn 0.00019435386639088392 -0.9781122207641602 0.2080785185098648
vn 9.708006109576672e-05 -0.20807835459709167 -0.9781122207641602
vn 0.500073254108429 -0.18009774386882782 -0.8470487594604492
vn 0.500073254108429 -0.18009774386882782 -0.8470487594604492
vn 0.00019435386639088392 -0.9781122207641602 0.2080785185098648
vn 0.00019435386639088392 -0.9781122207641602 0.2080785185098648
vn -0.00019435386639088392 0.9781122207641602 -0.2080785185098648
vn -0.00019435386639088392 0.9781122207641602 -0.2080785185098648
vn -0.00019435386639088392 0.9781122207641602 -0.2080785185098648
vn -0.00019435386639088392 0.9781122207641602 -0.2080785185098648
vn -0.8660799264907837 0.10385564714670181 0.4889984130859375
vn -0.500073254108429 0.18009774386882782 0.8470487594604492
vn -0.500073254108429 0.18009774386882782 0.8470487594604492
vn -0.8660799264907837 0.10385564714670181 0.4889984130859375
vn -0.8660799264907837 0.10385564714670181 0.4889984130859375
vn -0.500073254108429 0.18009774386882782 0.8470487594604492
vn -0.49990519881248474 -0.18030710518360138 -0.8471034169197083
vn -0.49990519881248474 -0.18030710518360138 -0.8471034169197083
vn 9.708006109576672e-05 -0.20807833969593048 -0.9781122207641602
vn 9.708006109576672e-05 -0.20807835459709167 -0.9781122207641602
vn 0.49990519881248474 0.18030710518360138 0.8471034169197083
vn -9.708006109576672e-05 0.20807833969593048 0.9781122207641602
vn 0.8660799264907837 -0.10385564714670181 -0.4889984130859375
vn 0.8660799264907837 -0.10385564714670181 -0.4889984130859375
vn 1.0 0.00020932784536853433 5.442690599011257e-05
vn 1.0 0.00020932784536853433 5.442690599011257e-05
vn -0.8659830093383789 -0.10421823710203171 -0.48909279704093933
vn -0.8659830093383789 -0.10421823710203171 -0.48909279704093933
vn -0.49990519881248474 -0.18030710518360138 -0.8471034169197083
vn -0.49990519881248474 -0.18030710518360138 -0.8471034169197083
vn -0.500073254108429 0.18009774386882782 0.8470487594604492
vn -0.500073254108429 0.18009774386882782 0.8470487594604492
vn 0.500073254108429 -0.18009774386882782 -0.8470487594604492
vn 0.8659830093383789 0.10421823710203171 0.48909279704093933
vn 0.8659830093383789 0.10421823710203171 0.48909279704093933
vn -1.0 -0.00020932784536853433 -5.442690599011257e-05
vn -1.0 -0.00020932784536853433 -5.442690599011257e-05
vn 0.500073254108429 -0.18009774386882782 -0.8470487594604492
vn 0.500073254108429 -0.18009774386882782 -0.8470487594604492
vn 0.00019435386639088392 -0.9781122207641602 0.2080785185098648
vn 0.00019435386639088392 -0.9781122207641602 0.2080785185098648
vn 0.00019435383728705347 -0.9781121015548706 0.2080785036087036
vn 0.00019435386639088392 -0.9781122207641602 0.2080785185098648
vn 0.00019435386639088392 -0.9781122207641602 0.2080785185098648
vn 0.00019435386639088392 -0.9781122207641602 0.2080785185098648
vn -9.708006109576672e-05 0.20807833969593048 0.9781122207641602
vn 0.49990519881248474 0.18030710518360138 0.8471034169197083
vn -0.49990519881248474 -0.18030710518360138 -0.8471034169197083
vn -0.00019435386639088392 0.9781122207641602 -0.2080785185098648
vn -0.00019435383728705347 0.9781121015548706 -0.2080785036087036
vn -0.00019435386639088392 0.9781122207641602 -0.2080785185098648
vn -0.8659830093383789 -0.10421823710203171 -0.48909279704093933
vn -0.49990519881248474 -0.18030710518360138 -0.8471034169197083
vn -1.0 -0.00020932784536853433 -5.442690599011257e-05
vn 0.00019435386639088392 -0.9781122207641602 0.2080785185098648
vn 0.8660799264907837 -0.10385564714670181 -0.4889984130859375
vn 1.0 0.00020932784536853433 5.442690599011257e-05
vn 0.500073254108429 -0.18009774386882782 -0.8470487594604492
vn 0.8659830093383789 0.10421823710203171 0.48909279704093933
vn 0.8659830093383789 0.10421823710203171 0.48909279704093933
vn 0.00019435386639088392 -0.9781122207641602 0.2080785185098648
vn -0.500073254108429 0.18009774386882782 0.8470487594604492
vn -0.00019435386639088392 0.9781122207641602 -0.2080785185098648
vn -0.00019435386639088392 0.9781122207641602 -0.2080785185098648
vn -0.00019435386639088392 0.9781122207641602 -0.2080785185098648
vn -0.00019435386639088392 0.9781122207641602 -0.2080785185098648
vn 0.00019435386639088392 -0.9781122207641602 0.2080785185098648
vn 0.00019435386639088392 -0.9781122207641602 0.2080785185098648
vn -0.00019435383728705347 0.9781121015548706 -0.2080785036087036
vn -0.00019435383728705347 0.9781121015548706 -0.2080785036087036
vn -0.00019435386639088392 0.9781122207641602 -0.2080785185098648
vn -0.00019435386639088392 0.9781122207641602 -0.2080785185098648
vn -0.00019435386639088392 0.9781122207641602 -0.2080785185098648
vn 0.8659830093383789 0.10421823710203171 0.48909279704093933
vn 0.8659830093383789 0.10421823710203171 0.48909279704093933
vn 1.0 0.00020932784536853433 5.442690599011257e-05
vn -0.00019435386639088392 0.9781122207641602 -0.2080785185098648
vn -0.00019435386639088392 0.9781122207641602 -0.2080785185098648
vn -0.00019435386639088392 0.9781122207641602 -0.2080785185098648
vn -0.00019435383728705347 0.9781121015548706 -0.2080785036087036
vn 0.500073254108429 -0.18009774386882782 -0.8470487594604492
vn 0.8660799264907837 -0.10385564714670181 -0.4889984130859375
vn -0.00019435386639088392 0.9781122207641602 -0.2080785185098648
vn -0.00019435386639088392 0.9781122207641602 -0.2080785185098648
vn -1.0 -0.00020932784536853433 -5.442690599011257e-05
vn -0.8659830093383789 -0.10421823710203171 -0.48909279704093933
vn -0.49990519881248474 -0.18030710518360138 -0.8471034169197083
vn -0.49990519881248474 -0.18030710518360138 -0.8471034169197083
vn 9.708006109576672e-05 -0.20807833969593048 -0.9781122207641602
vn -0.00019435386639088392 0.9781122207641602 -0.2080785185098648
vn -0.00019435386639088392 0.9781122207641602 -0.2080785185098648
vn -0.00019435386639088392 0.9781122207641602 -0.2080785185098648
vn -0.00019435386639088392 0.9781122207641602 -0.2080785185098648
vn -0.00019435386639088392 0.9781122207641602 -0.2080785185098648
vn -0.00019435386639088392 0.9781122207641602 -0.2080785185098648
vn 0.00019435386639088392 -0.9781122207641602 0.2080785185098648
vn 0.8659830093383789 0.10421823710203171 0.48909279704093933
vn 0.8659830093383789 0.10421823710203171 0.48909279704093933
vn 0.00019435386639088392 -0.9781122207641602 0.2080785185098648
vn -0.00019435386639088392 0.9781122207641602 -0.2080785185098648
vn -0.00019435386639088392 0.9781122207641602 -0.2080785185098648
vn 0.00019435383728705347 -0.9781121015548706 0.2080785036087036
vn 0.00019435386639088392 -0.9781122207641602 0.2080785185098648
vn -0.8660799264907837 0.10385564714670181 0.4889984130859375
vn 0.00019435386639088392 -0.9781122207641602 0.2080785185098648
vn 0.00019435386639088392 -0.9781122207641602 0.2080785185098648
vn -0.00019435386639088392 0.9781122207641602 -0.2080785185098648
vn -0.500073254108429 0.18009774386882782 0.8470487594604492
vn -0.500073254108429 0.18009774386882782 0.8470487594604492
vn 0.500073254108429 -0.18009774386882782 -0.8470487594604492
vn 0.00019435386639088392 -0.9781122207641602 0.2080785185098648
vn 0.00019435386639088392 -0.9781122207641602 0.2080785185098648
vn 0.00019435386639088392 -0.9781122207641602 0.2080785185098648
vn 0.00019435386639088392 -0.9781122207641602 0.2080785185098648
vn -9.708006109576672e-05 0.20807833969593048 0.9781122207641602
vn 0.49990519881248474 0.18030710518360138 0.8471034169197083
vn 0.49990519881248474 0.18030710518360138 0.8471034169197083
vn -9.708006109576672e-05 0.20807835459709167 0.9781122207641602
vn 0.00019435386639088392 -0.9781122207641602 0.2080785185098648
vn 0.00019435383728705347 -0.9781121015548706 0.2080785036087036
vn 0.00019435386639088392 -0.9781122207641602 0.2080785185098648
vn 0.00019435386639088392 -0.9781122207641602 0.2080785185098648
vn 0.00019435386639088392 -0.9781122207641602 0.2080785185098648
vn 0.00019435386639088392 -0.9781122207641602 0.2080785185098648
vn 9.708006109576672e-05 -0.20807833969593048 -0.9781122207641602
vn 0.500073254108429 -0.18009774386882782 -0.8470487594604492
vn 0.500073254108429 -0.18009774386882782 -0.8470487594604492
vn 0.00019435386639088392 -0.9781122207641602 0.2080785185098648
vn 0.00019435386639088392 -0.9781122207641602 0.2080785185098648
vn -0.00019435386639088392 0.9781122207641602 -0.2080785185098648
vn -0.00019435386639088392 0.9781122207641602 -0.2080785185098648
vn -0.00019435386639088392 0.9781122207641602 -0.2080785185098648
vn -0.00019435386639088392 0.9781122207641602 -0.2080785185098648
vn -0.8660799264907837 0.10385564714670181 0.4889984130859375
vn -0.500073254108429 0.18009774386882782 0.8470487594604492
vn -0.500073254108429 0.18009774386882782 0.8470487594604492
vn -0.8660799264907837 0.10385564714670181 0.4889984130859375
vn -0.8660799264907837 0.10385564714670181 0.4889984130859375
vn -0.500073254108429 0.18009774386882782 0.8470487594604492
vn -0.49990519881248474 -0.18030710518360138 -0.8471034169197083
vn -0.49990519881248474 -0.18030710518360138 -0.8471034169197083
vn 9.708006109576672e-05 -0.20807833969593048 -0.9781122207641602
vn 9.708006109576672e-05 -0.20807833969593048 -0.9781122207641602
vn 0.49990519881248474 0.18030710518360138 0.8471034169197083
vn -9.708006109576672e-05 0.20807833969593048 0.9781122207641602
vn 0.8660799264907837 -0.10385564714670181 -0.4889984130859375
vn 0.8660799264907837 -0.10385564714670181 -0.4889984130859375
vn 1.0 0.00020932784536853433 5.442690599011257e-05
vn 1.0 0.00020932784536853433 5.442690599011257e-05
vn -0.8659830093383789 -0.10421823710203171 -0.48909279704093933
vn -0.8659830093383789 -0.10421823710203171 -0.48909279704093933
vn -0.49990519881248474 -0.18030710518360138 -0.8471034169197083
vn -0.49990519881248474 -0.18030710518360138 -0.8471034169197083
vn 0.500073254108429 -0.18009774386882782 -0.8470487594604492
vn 0.8659830093383789 0.10421823710203171 0.48909279704093933
vn 0.8659830093383789 0.10421823710203171 0.48909279704093933
vn 0.49990519881248474 0.18030710518360138 0.8471034169197083
vn 0.49990519881248474 0.18030710518360138 0.8471034169197083
vn -1.0 -0.00020932784536853433 -5.442690599011257e-05
vn -0.8660799264907837 0.10385564714670181 0.4889984130859375
vn -0.8660799264907837 0.10385564714670181 0.4889984130859375
vn -1.0 -0.00020932784536853433 -5.442690599011257e-05
vn 0.500073254108429 -0.18009774386882782 -0.8470487594604492
vn 0.500073254108429 -0.18009774386882782 -0.8470487594604492
vn 0.00019435386639088392 -0.9781122207641602 0.2080785185098648
vn 0.00019435386639088392 -0.9781122207641602 0.2080785185098648
vn 0.00019435386639088392 -0.9781122207641602 0.2080785185098648
vn 0.00019435386639088392 -0.9781122207641602 0.2080785185098648
vn 0.00019435386639088392 -0.9781122207641602 0.2080785185098648
vn 0.00019435386639088392 -0.9781122207641602 0.2080785185098648
vn -9.708006109576672e-05 0.20807835459709167 0.9781122207641602
vn 0.49990519881248474 0.18030710518360138 0.8471034169197083
vn -0.49990519881248474 -0.18030710518360138 -0.8471034169197083
vn -0.00019435386639088392 0.9781122207641602 -0.2080785185098648
vn -0.00019435386639088392 0.9781122207641602 -0.2080785185098648
vn -0.00019435386639088392 0.9781122207641602 -0.2080785185098648
vn -0.8659830093383789 -0.10421823710203171 -0.48909279704093933
vn -0.49990519881248474 -0.18030710518360138 -0.8471034169197083
vn -1.0 -0.00020932784536853433 -5.442690599011257e-05
vn 0.00019435386639088392 -0.9781122207641602 0.2080785185098648
vn -0.8660799264907837 0.10385564714670181 0.4889984130859375
vn 0.8660799264907837 -0.10385564714670181 -0.4889984130859375
vn 1.0 0.00020932784536853433 5.442690599011257e-05
vn 0.500073254108429 -0.18009774386882782 -0.8470487594604492
vn 0.00019435386639088392 -0.9781122207641602 0.2080785185098648
vn -0.500073254108429 0.18009774386882782 0.8470487594604492
vn -0.00019435386639088392 0.9781122207641602 -0.2080785185098648
vn -0.00019435386639088392 0.9781122207641602 -0.2080785185098648
vn -0.00019435386639088392 0.9781122207641602 -0.2080785185098648
vn -0.00019435386639088392 0.9781122207641602 -0.2080785185098648
vn 0.00019435386639088392 -0.9781122207641602 0.2080785185098648
vn 0.00019435386639088392 -0.9781122207641602 0.2080785185098648
vn -0.00019435383728705347 0.9781121015548706 -0.2080785036087036
vn -0.00019435386639088392 0.9781122207641602 -0.2080785185098648
vn -0.00019435386639088392 0.9781122207641602 -0.2080785185098648
vn -0.00019435386639088392 0.9781122207641602 -0.2080785185098648
vn -0.00019435386639088392 0.9781122207641602 -0.2080785185098648
vn 0.49990519881248474 0.18030710518360138 0.8471034169197083
vn 0.8659830093383789 0.10421823710203171 0.48909279704093933
vn 1.0 0.00020932784536853433 5.442690599011257e-05
vn -0.00019435386639088392 0.9781122207641602 -0.2080785185098648
vn -0.00019435386639088392 0.9781122207641602 -0.2080785185098648
vn -0.00019435386639088392 0.9781122207641602 -0.2080785185098648
vn -0.00019435386639088392 0.9781122207641602 -0.2080785185098648
vn -0.00019435383728705347 0.9781121015548706 -0.2080785036087036
vn 0.500073254108429 -0.18009774386882782 -0.8470487594604492
vn 0.8660799264907837 -0.10385564714670181 -0.4889984130859375
vn -0.00019435386639088392 0.9781122207641602 -0.2080785185098648
vn -0.00019435386639088392 0.9781122207641602 -0.2080785185098648
vn -1.0 -0.00020932784536853433 -5.442690599011257e-05
vn -0.8659830093383789 -0.10421823710203171 -0.48909279704093933
vn -0.49990519881248474 -0.18030710518360138 -0.8471034169197083
vn -0.49990519881248474 -0.18030710518360138 -0.8471034169197083
vn 9.708006109576672e-05 -0.20807833969593048 -0.9781122207641602
vn -0.00019435386639088392 0.9781122207641602 -0.2080785185098648
vn -0.00019435383728705347 0.9781121015548706 -0.2080785036087036
vn -0.00019435386639088392 0.9781122207641602 -0.2080785185098648
vn -0.00019435386639088392 0.9781122207641602 -0.2080785185098648
vn -0.00019435386639088392 0.9781122207641602 -0.2080785185098648
vn -0.00019435386639088392 0.9781122207641602 -0.2080785185098648
vn 0.00019435386639088392 -0.9781122207641602 0.2080785185098648
vn 0.00019435386639088392 -0.9781122207641602 0.2080785185098648
vn 0.00019435386639088392 -0.9781122207641602 0.2080785185098648
vn 0.8659830093383789 0.10421823710203171 0.48909279704093933
vn 0.49990519881248474 0.18030710518360138 0.8471034169197083
vn 0.00019435386639088392 -0.9781122207641602 0.2080785185098648
vn -0.00019435386639088392 0.9781122207641602 -0.2080785185098648
vn -0.00019435386639088392 0.9781122207641602 -0.2080785185098648
vn 0.00019435383728705347 -0.9781121015548706 0.2080785036087036
vn 0.00019435386639088392 -0.9781122207641602 0.2080785185098648
vn -0.8660799264907837 0.10385564714670181 0.4889984130859375
vn 0.00019435383728705347 -0.9781121015548706 0.2080785036087036
vn 0.00019435386639088392 -0.9781122207641602 0.2080785185098648
vn -0.00019435386639088392 0.9781122207641602 -0.2080785185098648
vn -0.00019435386639088392 0.9781122207641602 -0.2080785185098648
vn -0.00019435386639088392 0.9781122207641602 -0.2080785185098648
vn -0.8660799264907837 0.10385564714670181 0.4889984130859375
vn 0.500073254108429 -0.18009774386882782 -0.8470487594604492
vn -9.708006109576672e-05 0.20807833969593048 0.9781122207641602
vn 0.49990519881248474 0.18030710518360138 0.8471034169197083
vn 0.49990519881248474 0.18030710518360138 0.8471034169197083
vn -9.708006109576672e-05 0.20807833969593048 0.9781122207641602
vn 0.00019435386639088392 -0.9781122207641602 0.2080785185098648
vn 0.00019435386639088392 -0.9781122207641602 0.2080785185098648
vn 0.00019435386639088392 -0.9781122207641602 0.2080785185098648
vn 0.00019435386639088392 -0.9781122207641602 0.2080785185098648
vn 0.00019435386639088392 -0.9781122207641602 0.2080785185098648
vn 0.00019435386639088392 -0.9781122207641602 0.2080785185098648
vn 0.00019435386639088392 -0.9781122207641602 0.2080785185098648
vn 0.00019435386639088392 -0.9781122207641602 0.2080785185098648
vn 0.00019435386639088392 -0.9781122207641602 0.2080785185098648
vn 0.00019435386639088392 -0.9781122207641602 0.2080785185098648
vn 9.708006109576672e-05 -0.20807835459709167 -0.9781122207641602
vn 0.500073254108429 -0.18009774386882782 -0.8470487594604492
vn 0.500073254108429 -0.18009774386882782 -0.8470487594604492
vn 0.00019435386639088392 -0.9781122207641602 0.2080785185098648
vn 0.00019435386639088392 -0.9781122207641602 0.2080785185098648
vn -0.8660799264907837 0.10385564714670181 0.4889984130859375
vn -0.500073254108429 0.18009774386882782 0.8470487594604492
vn -0.500073254108429 0.18009774386882782 0.8470487594604492
vn -0.8660799264907837 0.10385564714670181 0.4889984130859375
vn -0.8660799264907837 0.10385564714670181 0.4889984130859375
vn -0.500073254108429 0.18009774386882782 0.8470487594604492
vn -0.49990519881248474 -0.18030710518360138 -0.8471034169197083
vn -0.49990519881248474 -0.18030710518360138 -0.8471034169197083
vn 9.708006109576672e-05 -0.20807833969593048 -0.9781122207641602
vn 9.708006109576672e-05 -0.20807835459709167 -0.9781122207641602
vn 0.49990519881248474 0.18030710518360138 0.8471034169197083
vn -9.708006109576672e-05 0.20807833969593048 0.9781122207641602
vn 0.8660799264907837 -0.10385564714670181 -0.4889984130859375
vn 0.8660799264907837 -0.10385564714670181 -0.4889984130859375
vn 1.0 0.00020932784536853433 5.442690599011257e-05
vn 1.0 0.00020932784536853433 5.442690599011257e-05
vn -0.8659830093383789 -0.10421823710203171 -0.48909279704093933
vn -0.8659830093383789 -0.10421823710203171 -0.48909279704093933
vn -0.49990519881248474 -0.18030710518360138 -0.8471034169197083
vn -0.49990519881248474 -0.18030710518360138 -0.8471034169197083
vn -0.500073254108429 0.18009774386882782 0.8470487594604492
vn -0.500073254108429 0.18009774386882782 0.8470487594604492
vn 0.500073254108429 -0.18009774386882782 -0.8470487594604492
vn 0.8659830093383789 0.10421823710203171 0.48909279704093933
vn 0.8659830093383789 0.10421823710203171 0.48909279704093933
vn -1.0 -0.00020932784536853433 -5.442690599011257e-05
vn -1.0 -0.00020932784536853433 -5.442690599011257e-05
vn 0.500073254108429 -0.18009774386882782 -0.8470487594604492
vn 0.500073254108429 -0.18009774386882782 -0.8470487594604492
vn 0.00019435383728705347 -0.9781121015548706 0.2080785036087036
vn 0.00019435386639088392 -0.9781122207641602 0.2080785185098648
vn 0.00019435383728705347 -0.9781121015548706 0.2080785036087036
vn 0.00019435386639088392 -0.9781122207641602 0.2080785185098648
vn 0.00019435386639088392 -0.9781122207641602 0.2080785185098648
vn 0.00019435386639088392 -0.9781122207641602 0.2080785185098648
vn -9.708006109576672e-05 0.20807833969593048 0.9781122207641602
vn 0.49990519881248474 0.18030710518360138 0.8471034169197083
vn -0.49990519881248474 -0.18030710518360138 -0.8471034169197083
vn -0.00019435386639088392 0.9781122207641602 -0.2080785185098648
vn -0.00019435386639088392 0.9781122207641602 -0.2080785185098648
vn -0.00019435386639088392 0.9781122207641602 -0.2080785185098648
vn -0.00019435386639088392 0.9781122207641602 -0.2080785185098648
vn -0.8659830093383789 -0.10421823710203171 -0.48909279704093933
vn -0.49990519881248474 -0.18030710518360138 -0.8471034169197083
vn -1.0 -0.00020932784536853433 -5.442690599011257e-05
vn 0.00019435386639088392 -0.9781122207641602 0.2080785185098648
vn 0.8660799264907837 -0.10385564714670181 -0.4889984130859375
vn 1.0 0.00020932784536853433 5.442690599011257e-05
vn 0.500073254108429 -0.18009774386882782 -0.8470487594604492
vn 0.8659830093383789 0.10421823710203171 0.48909279704093933
vn 0.8659830093383789 0.10421823710203171 0.48909279704093933
vn 0.00019435386639088392 -0.9781122207641602 0.2080785185098648
vn -0.500073254108429 0.18009774386882782 0.8470487594604492
vn -0.00019435386639088392 0.9781122207641602 -0.2080785185098648
vn -0.00019435386639088392 0.9781122207641602 -0.2080785185098648
vn -0.00019435386639088392 0.9781122207641602 -0.2080785185098648
vn -0.00019435386639088392 0.9781122207641602 -0.2080785185098648
vn 0.00019435386639088392 -0.9781122207641602 0.2080785185098648
vn 0.00019435386639088392 -0.9781122207641602 0.2080785185098648
vn -0.00019435386639088392 0.9781122207641602 -0.2080785185098648
vn -0.00019435386639088392 0.9781122207641602 -0.2080785185098648
vn -0.00019435386639088392 0.9781122207641602 -0.2080785185098648
vn -0.00019435386639088392 0.9781122207641602 -0.2080785185098648
vn -0.00019435386639088392 0.9781122207641602 -0.2080785185098648
vn -0.00019435386639088392 0.9781122207641602 -0.2080785185098648
vn 0.8659830093383789 0.10421823710203171 0.48909279704093933
vn 0.8659830093383789 0.10421823710203171 0.48909279704093933
vn 1.0 0.00020932784536853433 5.442690599011257e-05
vn -0.00019435386639088392 0.9781122207641602 -0.2080785185098648
vn -0.00019435386639088392 0.9781122207641602 -0.2080785185098648
vn -0.00019435383728705347 0.9781121015548706 -0.2080785036087036
vn -0.00019435386639088392 0.9781122207641602 -0.2080785185098648
vn -0.00019435386639088392 0.9781122207641602 -0.2080785185098648
vn -0.00019435386639088392 0.9781122207641602 -0.2080785185098648
vn -0.00019435386639088392 0.9781122207641602 -0.2080785185098648
vn -0.00019435386639088392 0.9781122207641602 -0.2080785185098648
vn 0.500073254108429 -0.18009774386882782 -0.8470487594604492
vn 0.8660799264907837 -0.10385564714670181 -0.4889984130859375
vn -1.0 -0.00020932784536853433 -5.442690599011257e-05
vn -0.8659830093383789 -0.10421823710203171 -0.48909279704093933
vn -0.49990519881248474 -0.18030710518360138 -0.8471034169197083
vn -0.49990519881248474 -0.18030710518360138 -0.8471034169197083
vn 9.708006109576672e-05 -0.20807833969593048 -0.9781122207641602
vn -0.00019435386639088392 0.9781122207641602 -0.2080785185098648
vn -0.00019435383728705347 0.9781121015548706 -0.2080785036087036
vn -0.00019435383728705347 0.9781121015548706 -0.2080785036087036
vn -0.00019435386639088392 0.9781122207641602 -0.2080785185098648
vn -0.00019435386639088392 0.9781122207641602 -0.2080785185098648
vn -0.00019435386639088392 0.9781122207641602 -0.2080785185098648
vn 0.8659830093383789 0.10421823710203171 0.48909279704093933
vn 0.8659830093383789 0.10421823710203171 0.48909279704093933
vn 0.00019435386639088392 -0.9781122207641602 0.2080785185098648
vn 0.00019435386639088392 -0.9781122207641602 0.2080785185098648
vn 0.00019435386639088392 -0.9781122207641602 0.2080785185098648
vn 0.00019435386639088392 -0.9781122207641602 0.2080785185098648
vn -0.8660799264907837 0.10385564714670181 0.4889984130859375
vn 0.00019435386639088392 -0.9781122207641602 0.2080785185098648
vn 0.00019435386639088392 -0.9781122207641602 0.2080785185098648
vn -0.500073254108429 0.18009774386882782 0.8470487594604492
vn -0.500073254108429 0.18009774386882782 0.8470487594604492
vn 0.500073254108429 -0.18009774386882782 -0.8470487594604492
vn 0.00019435386639088392 -0.9781122207641602 0.2080785185098648
vn 0.00019435386639088392 -0.9781122207641602 0.2080785185098648
vn 0.00019435386639088392 -0.9781122207641602 0.2080785185098648
vn 0.00019435386639088392 -0.9781122207641602 0.2080785185098648
vn -9.708006109576672e-05 0.20807833969593048 0.9781122207641602
vn 0.49990519881248474 0.18030710518360138 0.8471034169197083
vn 0.49990519881248474 0.18030710518360138 0.8471034169197083
vn -9.708006109576672e-05 0.20807835459709167 0.9781122207641602
vn 0.00019435386639088392 -0.9781122207641602 0.2080785185098648
vn 0.00019435383728705347 -0.9781121015548706 0.2080785036087036
vn -0.00019435386639088392 0.9781122207641602 -0.2080785185098648
vn -0.00019435386639088392 0.9781122207641602 -0.2080785185098648
vn -0.00019435386639088392 0.9781122207641602 -0.2080785185098648
vn -0.00019435386639088392 0.9781122207641602 -0.2080785185098648
vn 0.00019435386639088392 -0.9781122207641602 0.2080785185098648
vn 0.00019435386639088392 -0.9781122207641602 0.2080785185098648
vn 0.00019435386639088392 -0.9781122207641602 0.2080785185098648
vn 0.00019435386639088392 -0.9781122207641602 0.2080785185098648
vn 0.00019435386639088392 -0.9781122207641602 0.2080785185098648
vn 0.00019435386639088392 -0.9781122207641602 0.2080785185098648
vn 0.00019435386639088392 -0.9781122207641602 0.2080785185098648
vn 0.00019435386639088392 -0.9781122207641602 0.2080785185098648
vn 0.00019435383728705347 -0.9781121015548706 0.2080785036087036
vn 0.00019435386639088392 -0.9781122207641602 0.2080785185098648
vn 9.708006109576672e-05 -0.20807835459709167 -0.9781122207641602
vn 0.500073254108429 -0.18009774386882782 -0.8470487594604492
vn 0.500073254108429 -0.18009774386882782 -0.8470487594604492
vn 0.00019435386639088392 -0.9781122207641602 0.2080785185098648
vn 0.00019435386639088392 -0.9781122207641602 0.2080785185098648
vn -0.8660799264907837 0.10385564714670181 0.4889984130859375
vn -0.500073254108429 0.18009774386882782 0.8470487594604492
vn -0.500073254108429 0.18009774386882782 0.8470487594604492
vn -0.8660799264907837 0.10385564714670181 0.4889984130859375
vn -0.8660799264907837 0.10385564714670181 0.4889984130859375
vn -0.500073254108429 0.18009774386882782 0.8470487594604492
vn 0.49990519881248474 0.18030710518360138 0.8471034169197083
vn -9.708006109576672e-05 0.20807835459709167 0.9781122207641602
vn 0.8660799264907837 -0.10385564714670181 -0.4889984130859375
vn 0.8660799264907837 -0.10385564714670181 -0.4889984130859375
vn 1.0 0.00020932784536853433 5.442690599011257e-05
vn 1.0 0.00020932784536853433 5.442690599011257e-05
vn -0.8659830093383789 -0.10421823710203171 -0.48909279704093933
vn -0.8659830093383789 -0.10421823710203171 -0.48909279704093933
vn -0.49990519881248474 -0.18030710518360138 -0.8471034169197083
vn -0.49990519881248474 -0.18030710518360138 -0.8471034169197083
vn -0.500073254108429 0.18009774386882782 0.8470487594604492
vn -0.500073254108429 0.18009774386882782 0.8470487594604492
vn 0.500073254108429 -0.18009774386882782 -0.8470487594604492
vn 0.8659830093383789 0.10421823710203171 0.48909279704093933
vn 0.8659830093383789 0.10421823710203171 0.48909279704093933
vn 0.49990519881248474 0.18030710518360138 0.8471034169197083
vn 0.49990519881248474 0.18030710518360138 0.8471034169197083
vn -1.0 -0.00020932784536853433 -5.442690599011257e-05
vn -1.0 -0.00020932785992044955 -5.442690599011257e-05
vn 0.500073254108429 -0.18009774386882782 -0.8470487594604492
vn 0.500073254108429 -0.18009774386882782 -0.8470487594604492
vn 0.00019435386639088392 -0.9781122207641602 0.2080785185098648
vn 0.00019435386639088392 -0.9781122207641602 0.2080785185098648
vn 0.00019435386639088392 -0.9781122207641602 0.2080785185098648
vn 0.00019435386639088392 -0.9781122207641602 0.2080785185098648
vn 0.00019435386639088392 -0.9781122207641602 0.2080785185098648
vn 0.00019435386639088392 -0.9781122207641602 0.2080785185098648
vn -9.708006109576672e-05 0.20807833969593048 0.9781122207641602
vn 0.49990519881248474 0.18030710518360138 0.8471034169197083
vn -0.49990519881248474 -0.18030710518360138 -0.8471034169197083
vn -0.00019435386639088392 0.9781122207641602 -0.2080785185098648
vn -0.00019435383728705347 0.9781121015548706 -0.2080785036087036
vn -0.00019435386639088392 0.9781122207641602 -0.2080785185098648
vn -0.00019435386639088392 0.9781122207641602 -0.2080785185098648
vn -0.8659830093383789 -0.10421823710203171 -0.48909279704093933
vn -0.49990519881248474 -0.18030710518360138 -0.8471034169197083
vn -1.0 -0.00020932785992044955 -5.442690599011257e-05
vn 0.00019435386639088392 -0.9781122207641602 0.2080785185098648
vn 0.00019435386639088392 -0.9781122207641602 0.2080785185098648
vn 0.00019435386639088392 -0.9781122207641602 0.2080785185098648
vn 0.00019435386639088392 -0.9781122207641602 0.2080785185098648
vn 0.00019435386639088392 -0.9781122207641602 0.2080785185098648
vn 0.8660799264907837 -0.10385564714670181 -0.4889984130859375
vn 1.0 0.00020932785992044955 5.442690599011257e-05
vn 0.500073254108429 -0.18009774386882782 -0.8470487594604492
vn 0.00019435386639088392 -0.9781122207641602 0.2080785185098648
vn -0.500073254108429 0.18009774386882782 0.8470487594604492
vn -0.00019435386639088392 0.9781122207641602 -0.2080785185098648
vn -0.00019435386639088392 0.9781122207641602 -0.2080785185098648
vn -0.00019435386639088392 0.9781122207641602 -0.2080785185098648
vn -0.00019435386639088392 0.9781122207641602 -0.2080785185098648
vn 0.00019435386639088392 -0.9781122207641602 0.2080785185098648
vn -0.00019435383728705347 0.9781121015548706 -0.2080785036087036
vn -0.00019435386639088392 0.9781122207641602 -0.2080785185098648
vn -0.00019435386639088392 0.9781122207641602 -0.2080785185098648
vn -0.00019435386639088392 0.9781122207641602 -0.2080785185098648
vn -0.00019435386639088392 0.9781122207641602 -0.2080785185098648
vn -0.00019435386639088392 0.9781122207641602 -0.2080785185098648
vn 0.49990519881248474 0.18030710518360138 0.8471034169197083
vn 0.8659830093383789 0.10421823710203171 0.48909279704093933
vn 1.0 0.00020932785992044955 5.442690599011257e-05
vn -0.00019435386639088392 0.9781122207641602 -0.2080785185098648
vn -0.00019435386639088392 0.9781122207641602 -0.2080785185098648
vn -0.00019435386639088392 0.9781122207641602 -0.2080785185098648
vn -0.00019435386639088392 0.9781122207641602 -0.2080785185098648
vn -0.00019435386639088392 0.9781122207641602 -0.2080785185098648
vn -0.00019435386639088392 0.9781122207641602 -0.2080785185098648
vn -0.00019435386639088392 0.9781122207641602 -0.2080785185098648
vn -0.00019435386639088392 0.9781122207641602 -0.2080785185098648
vn -0.00019435386639088392 0.9781122207641602 -0.2080785185098648
vn -0.00019435386639088392 0.9781122207641602 -0.2080785185098648
vn -0.00019435386639088392 0.9781122207641602 -0.2080785185098648
vn 0.500073254108429 -0.18009774386882782 -0.8470487594604492
vn 0.8660799264907837 -0.10385564714670181 -0.4889984130859375
vn -0.00019435386639088392 0.9781122207641602 -0.2080785185098648
vn -1.0 -0.00020932784536853433 -5.442690599011257e-05
vn -0.8659830093383789 -0.10421823710203171 -0.48909279704093933
vn -0.49990519881248474 -0.18030710518360138 -0.8471034169197083
vn -0.49990519881248474 -0.18030710518360138 -0.8471034169197083
vn 9.708006109576672e-05 -0.20807835459709167 -0.9781122207641602
vn -0.00019435383728705347 0.9781121015548706 -0.2080785036087036
vn -0.00019435386639088392 0.9781122207641602 -0.2080785185098648
vn -0.00019435386639088392 0.9781122207641602 -0.2080785185098648
vn 0.00019435386639088392 -0.9781122207641602 0.2080785185098648
vn 0.00019435383728705347 -0.9781121015548706 0.2080785036087036
vn 0.8659830093383789 0.10421823710203171 0.48909279704093933
vn 0.49990519881248474 0.18030710518360138 0.8471034169197083
vn 0.00019435386639088392 -0.9781122207641602 0.2080785185098648
vn 0.00019435386639088392 -0.9781122207641602 0.2080785185098648
vn -0.8660799264907837 0.10385564714670181 0.4889984130859375
vn 0.00019435386639088392 -0.9781122207641602 0.2080785185098648
vn -0.500073254108429 0.18009774386882782 0.8470487594604492
vn -0.00019435386639088392 0.9781122207641602 -0.2080785185098648
vn -0.00019435386639088392 0.9781122207641602 -0.2080785185098648
vn -0.500073254108429 0.18009774386882782 0.8470487594604492
vn 0.500073254108429 -0.18009774386882782 -0.8470487594604492
vn 0.00019435386639088392 -0.9781122207641602 0.2080785185098648
vn 0.00019435386639088392 -0.9781122207641602 0.2080785185098648
vn -0.00019435386639088392 0.9781122207641602 -0.2080785185098648
vn 0.00019435386639088392 -0.9781122207641602 0.2080785185098648
vn 0.00019435386639088392 -0.9781122207641602 0.2080785185098648
vn 0.00019435386639088392 -0.9781122207641602 0.2080785185098648
vn -0.00019435386639088392 0.9781122207641602 -0.2080785185098648
vn 0.00019435386639088392 -0.9781122207641602 0.2080785185098648
vn 0.00019435386639088392 -0.9781122207641602 0.2080785185098648
vn 0.00019435386639088392 -0.9781122207641602 0.2080785185098648
vn -0.00019435386639088392 0.9781122207641602 -0.2080785185098648
vn -0.00019435386639088392 0.9781122207641602 -0.2080785185098648
vn 0.00019435386639088392 -0.9781122207641602 0.2080785185098648
vn -0.00019435386639088392 0.9781122207641602 -0.2080785185098648
vn -0.00019435386639088392 0.9781122207641602 -0.2080785185098648
vn 0.00019435386639088392 -0.9781122207641602 0.2080785185098648
vn -0.00019435386639088392 0.9781122207641602 -0.2080785185098648
vn -0.00019435386639088392 0.9781122207641602 -0.2080785185098648
vn -0.00019435386639088392 0.9781122207641602 -0.2080785185098648
vn -0.00019435386639088392 0.9781122207641602 -0.2080785185098648
vn -0.00019435386639088392 0.9781122207641602 -0.2080785185098648
vn -0.00019435386639088392 0.9781122207641602 -0.2080785185098648
vn -0.00019435386639088392 0.9781122207641602 -0.2080785185098648
vn -0.00019435386639088392 0.9781122207641602 -0.2080785185098648
vn 1.0 0.00020932784536853433 5.442690599011257e-05
vn 1.0 0.00020932784536853433 5.442690599011257e-05
vn 1.0 0.00020932785992044955 5.442690599011257e-05
vn 1.0 0.00020932784536853433 5.442690599011257e-05
vn 9.708006109576672e-05 -0.20807833969593048 -0.9781122207641602
vn 9.708006109576672e-05 -0.20807833969593048 -0.9781122207641602
vn 9.708006109576672e-05 -0.20807833969593048 -0.9781122207641602
vn 9.708006109576672e-05 -0.20807833969593048 -0.9781122207641602
vn 9.708006109576672e-05 -0.20807833969593048 -0.9781122207641602
vn 9.708006109576672e-05 -0.20807833969593048 -0.9781122207641602
vn 9.708006109576672e-05 -0.20807833969593048 -0.9781122207641602
vn 9.708006109576672e-05 -0.20807833969593048 -0.9781122207641602
vn -0.00019435386639088392 0.9781122207641602 -0.2080785185098648
vn -0.00019435386639088392 0.9781122207641602 -0.2080785185098648
vn -0.00019435383728705347 0.9781121015548706 -0.2080785036087036
vn -0.00019435386639088392 0.9781122207641602 -0.2080785185098648
vn -0.00019435386639088392 0.9781122207641602 -0.2080785185098648
vn -0.00019435386639088392 0.9781122207641602 -0.2080785185098648
vn 9.708006109576672e-05 -0.20807835459709167 -0.9781122207641602
vn 9.708006109576672e-05 -0.20807833969593048 -0.9781122207641602
vn 9.708006109576672e-05 -0.20807833969593048 -0.9781122207641602
vn 9.708006109576672e-05 -0.20807833969593048 -0.9781122207641602
vn 1.0 0.00020932785992044955 5.442690599011257e-05
vn 1.0 0.00020932784536853433 5.442690599011257e-05
vn 1.0 0.00020932784536853433 5.442690599011257e-05
vn 1.0 0.00020932784536853433 5.442690599011257e-05
vn -9.708006109576672e-05 0.20807833969593048 0.9781122207641602
vn -9.708006109576672e-05 0.20807835459709167 0.9781122207641602
vn -9.708006109576672e-05 0.20807833969593048 0.9781122207641602
vn -9.708006109576672e-05 0.20807833969593048 0.9781122207641602
vn -0.00019435386639088392 0.9781122207641602 -0.2080785185098648
vn -0.00019435386639088392 0.9781122207641602 -0.2080785185098648
vn -9.708006109576672e-05 0.20807833969593048 0.9781122207641602
vn -9.708006109576672e-05 0.20807835459709167 0.9781122207641602
vn -9.708006109576672e-05 0.20807833969593048 0.9781122207641602
vn -9.708006109576672e-05 0.20807833969593048 0.9781122207641602
vn -0.00019435386639088392 0.9781122207641602 -0.2080785185098648
vn -0.00019435386639088392 0.9781122207641602 -0.2080785185098648
vn -0.00019435383728705347 0.9781121015548706 -0.2080785036087036
vn -0.00019435386639088392 0.9781122207641602 -0.2080785185098648
vn -1.0 -0.00020932784536853433 -5.442690599011257e-05
vn -1.0 -0.00020932784536853433 -5.442690599011257e-05
vn -1.0 -0.00020932784536853433 -5.442690599011257e-05
vn -1.0 -0.00020932784536853433 -5.442690599011257e-05
vn 9.708006109576672e-05 -0.20807833969593048 -0.9781122207641602
vn 9.708006109576672e-05 -0.20807835459709167 -0.9781122207641602
vn 9.708006109576672e-05 -0.20807833969593048 -0.9781122207641602
vn 9.708006109576672e-05 -0.20807833969593048 -0.9781122207641602
vn -0.00019435386639088392 0.9781122207641602 -0.2080785185098648
vn -0.00019435386639088392 0.9781122207641602 -0.2080785185098648
vn 0.00019435386639088392 -0.9781122207641602 0.2080785185098648
vn 0.00019435386639088392 -0.9781122207641602 0.2080785185098648
vn -0.00019435386639088392 0.9781122207641602 -0.2080785185098648
vn 0.00019435386639088392 -0.9781122207641602 0.2080785185098648
vn -0.00019435386639088392 0.9781122207641602 -0.2080785185098648
vn -0.00019435386639088392 0.9781122207641602 -0.2080785185098648
vn -0.00019435386639088392 0.9781122207641602 -0.2080785185098648
vn 0.00019435386639088392 -0.9781122207641602 0.2080785185098648
vn 0.00019435386639088392 -0.9781122207641602 0.2080785185098648
vn 0.00019435386639088392 -0.9781122207641602 0.2080785185098648
vn 1.0 0.00020932784536853433 5.442690599011257e-05
vn 1.0 0.00020932784536853433 5.442690599011257e-05
vn 1.0 0.00020932784536853433 5.442690599011257e-05
vn 1.0 0.00020932784536853433 5.442690599011257e-05
vn 1.0 0.00020932784536853433 5.442690599011257e-05
vn 1.0 0.00020932784536853433 5.442690599011257e-05
vn -1.0 -0.00020932784536853433 -5.442690599011257e-05
vn -1.0 -0.00020932784536853433 -5.442690599011257e-05
vn -1.0 -0.00020932784536853433 -5.442690599011257e-05
vn -1.0 -0.00020932784536853433 -5.442690599011257e-05
vn -1.0 -0.00020932784536853433 -5.442690599011257e-05
vn -1.0 -0.00020932784536853433 -5.442690599011257e-05
vn -1.0 -0.00020932784536853433 -5.442690599011257e-05
vn -1.0 -0.00020932784536853433 -5.442690599011257e-05
vn -1.0 -0.00020932784536853433 -5.442690599011257e-05
vn -1.0 -0.00020932784536853433 -5.442690599011257e-05
vn -0.00019435386639088392 0.9781122207641602 -0.2080785185098648
vn 0.00019435386639088392 -0.9781122207641602 0.2080785185098648
vn -0.00019435386639088392 0.9781122207641602 -0.2080785185098648
vn 0.00019435386639088392 -0.9781122207641602 0.2080785185098648
vn 0.00019435386639088392 -0.9781122207641602 0.2080785185098648
vn 0.00019435386639088392 -0.9781122207641602 0.2080785185098648
vn 0.00019435386639088392 -0.9781122207641602 0.2080785185098648
vn -0.00019435386639088392 0.9781122207641602 -0.2080785185098648
vn 1.0 0.00020932784536853433 5.442690599011257e-05
vn 1.0 0.00020932784536853433 5.442690599011257e-05
vn 1.0 0.00020932784536853433 5.442690599011257e-05
vn 1.0 0.00020932784536853433 5.442690599011257e-05
vn 0.00019435386639088392 -0.9781122207641602 0.2080785185098648
vn -9.708006109576672e-05 0.20807833969593048 0.9781122207641602
vn -9.708006109576672e-05 0.20807833969593048 0.9781122207641602
vn -9.708006109576672e-05 0.20807833969593048 0.9781122207641602
vn -9.708006109576672e-05 0.20807833969593048 0.9781122207641602
vn -9.708006109576672e-05 0.20807833969593048 0.9781122207641602
vn -9.708006109576672e-05 0.20807835459709167 0.9781122207641602
vn -9.708006109576672e-05 0.20807833969593048 0.9781122207641602
vn -9.708006109576672e-05 0.20807833969593048 0.9781122207641602
vn -9.708006109576672e-05 0.20807833969593048 0.9781122207641602
vn -9.708006109576672e-05 0.20807833969593048 0.9781122207641602
vn -9.708006109576672e-05 0.20807833969593048 0.9781122207641602
vn -9.708006109576672e-05 0.20807833969593048 0.9781122207641602
vn -9.708006109576672e-05 0.20807833969593048 0.9781122207641602
vn -9.708006109576672e-05 0.20807833969593048 0.9781122207641602
vn -9.708006109576672e-05 0.20807833969593048 0.9781122207641602
vn -9.708006109576672e-05 0.20807833969593048 0.9781122207641602
vn -9.708006109576672e-05 0.20807833969593048 0.9781122207641602
vn -9.708006109576672e-05 0.20807833969593048 0.9781122207641602
vn -9.708006109576672e-05 0.20807833969593048 0.9781122207641602
vn 9.708006109576672e-05 -0.20807833969593048 -0.9781122207641602
vn 9.708006109576672e-05 -0.20807833969593048 -0.9781122207641602
vn 9.708006109576672e-05 -0.20807833969593048 -0.9781122207641602
vn 9.708006109576672e-05 -0.20807833969593048 -0.9781122207641602
vn 9.708006109576672e-05 -0.20807833969593048 -0.9781122207641602
vn 9.708006109576672e-05 -0.20807835459709167 -0.9781122207641602
vn 9.708006109576672e-05 -0.20807833969593048 -0.9781122207641602
vn 9.708006109576672e-05 -0.20807833969593048 -0.9781122207641602
vn 9.708006109576672e-05 -0.20807833969593048 -0.9781122207641602
vn 9.708006109576672e-05 -0.20807833969593048 -0.9781122207641602
vn 9.708006109576672e-05 -0.20807833969593048 -0.9781122207641602
vn 9.708006109576672e-05 -0.20807833969593048 -0.9781122207641602
vn 9.708006109576672e-05 -0.20807833969593048 -0.9781122207641602
vn 9.708006109576672e-05 -0.20807833969593048 -0.9781122207641602
vn 9.708006109576672e-05 -0.20807835459709167 -0.9781122207641602
vn 9.708006109576672e-05 -0.20807833969593048 -0.9781122207641602
vn -9.708006109576672e-05 0.20807833969593048 0.9781122207641602
vn -9.708006109576672e-05 0.20807833969593048 0.9781122207641602
vn 9.708006109576672e-05 -0.20807833969593048 -0.9781122207641602
vn 9.708006109576672e-05 -0.20807833969593048 -0.9781122207641602
vn -9.708006109576672e-05 0.20807833969593048 0.9781122207641602
vn 9.708006109576672e-05 -0.20807833969593048 -0.9781122207641602
vn 9.708006109576672e-05 -0.20807833969593048 -0.9781122207641602
vn -9.708006109576672e-05 0.20807833969593048 0.9781122207641602
vn -9.708006109576672e-05 0.20807835459709167 0.9781122207641602
vn -9.708006109576672e-05 0.20807833969593048 0.9781122207641602
vn -9.708006109576672e-05 0.20807833969593048 0.9781122207641602
vn -0.00019435386639088392 0.9781122207641602 -0.2080785185098648
vn -0.00019435386639088392 0.9781122207641602 -0.2080785185098648
vn -1.0 -0.00020932784536853433 -5.442690599011257e-05
vn -1.0 -0.00020932784536853433 -5.442690599011257e-05
vn -9.708006109576672e-05 0.20807833969593048 0.9781122207641602
vn -9.708006109576672e-05 0.20807833969593048 0.9781122207641602
vn -9.708006109576672e-05 0.20807833969593048 0.9781122207641602
vn -9.708006109576672e-05 0.20807835459709167 0.9781122207641602
vn -9.708006109576672e-05 0.20807833969593048 0.9781122207641602
vn -9.708006109576672e-05 0.20807833969593048 0.9781122207641602
vn -9.708006109576672e-05 0.20807833969593048 0.9781122207641602
vn -9.708006109576672e-05 0.20807835459709167 0.9781122207641602
vn -9.708006109576672e-05 0.20807833969593048 0.9781122207641602
vn -9.708006109576672e-05 0.20807833969593048 0.9781122207641602
vn -0.00019435383728705347 0.9781121015548706 -0.2080785036087036
vn -0.00019435386639088392 0.9781122207641602 -0.2080785185098648
vn 9.708006109576672e-05 -0.20807833969593048 -0.9781122207641602
vn 9.708006109576672e-05 -0.20807835459709167 -0.9781122207641602
vn 9.708006109576672e-05 -0.20807833969593048 -0.9781122207641602
vn 9.708006109576672e-05 -0.20807833969593048 -0.9781122207641602
vn 0.00019435386639088392 -0.9781122207641602 0.2080785185098648
vn 0.00019435386639088392 -0.9781122207641602 0.2080785185098648
vn 0.00019435383728705347 -0.9781121015548706 0.2080785036087036
vn -9.708006109576672e-05 0.20807833969593048 0.9781122207641602
vn -9.708006109576672e-05 0.20807833969593048 0.9781122207641602
vn 9.708006109576672e-05 -0.20807833969593048 -0.9781122207641602
vn 9.708006109576672e-05 -0.20807835459709167 -0.9781122207641602
vn 9.708006109576672e-05 -0.20807833969593048 -0.9781122207641602
vn 9.708006109576672e-05 -0.20807833969593048 -0.9781122207641602
vn -1.0 -0.00020932784536853433 -5.442690599011257e-05
vn -1.0 -0.00020932784536853433 -5.442690599011257e-05
vn -0.00019435386639088392 0.9781122207641602 -0.2080785185098648
vn -0.00019435386639088392 0.9781122207641602 -0.2080785185098648
vn -0.00019435386639088392 0.9781122207641602 -0.2080785185098648
vn -9.708006109576672e-05 0.20807835459709167 0.9781122207641602
vn -9.708006109576672e-05 0.20807833969593048 0.9781122207641602
vn -9.708006109576672e-05 0.20807833969593048 0.9781122207641602
vn -9.708006109576672e-05 0.20807833969593048 0.9781122207641602
vn 9.708006109576672e-05 -0.20807835459709167 -0.9781122207641602
vn 9.708006109576672e-05 -0.20807833969593048 -0.9781122207641602
vn 0.00019435383728705347 -0.9781121015548706 0.2080785036087036
vn 1.0 0.00020932784536853433 5.442690599011257e-05
vn 1.0 0.00020932784536853433 5.442690599011257e-05
vn -0.00019435386639088392 0.9781122207641602 -0.2080785185098648
vn 0.00019435386639088392 -0.9781122207641602 0.2080785185098648
vn 0.00019435386639088392 -0.9781122207641602 0.2080785185098648
vn 0.00019435386639088392 -0.9781122207641602 0.2080785185098648
vn 0.00019435386639088392 -0.9781122207641602 0.2080785185098648
vn 0.00019435386639088392 -0.9781122207641602 0.2080785185098648
vn 0.00019435386639088392 -0.9781122207641602 0.2080785185098648
vn 0.00019435386639088392 -0.9781122207641602 0.2080785185098648
vn 0.00019435386639088392 -0.9781122207641602 0.2080785185098648
vn 0.00019435386639088392 -0.9781122207641602 0.2080785185098648
vn 0.00019435383728705347 -0.9781121015548706 0.2080785036087036
vn 0.00019435386639088392 -0.9781122207641602 0.2080785185098648
vn 0.00019435383728705347 -0.9781121015548706 0.2080785036087036
vn 0.00019435386639088392 -0.9781122207641602 0.2080785185098648
vn 0.00019435386639088392 -0.9781122207641602 0.2080785185098648
vn 0.00019435383728705347 -0.9781121015548706 0.2080785036087036
vn 0.00019435386639088392 -0.9781122207641602 0.2080785185098648
vn 0.00019435386639088392 -0.9781122207641602 0.2080785185098648
vn 0.00019435386639088392 -0.9781122207641602 0.2080785185098648
vn 0.00019435383728705347 -0.9781121015548706 0.2080785036087036
vn 0.00019435386639088392 -0.9781122207641602 0.2080785185098648
vn 0.00019435386639088392 -0.9781122207641602 0.2080785185098648
vn 0.00019435386639088392 -0.9781122207641602 0.2080785185098648
vn 0.00019435386639088392 -0.9781122207641602 0.2080785185098648
vn 0.00019435386639088392 -0.9781122207641602 0.2080785185098648
vn 0.00019435386639088392 -0.9781122207641602 0.2080785185098648
vn 0.00019435386639088392 -0.9781122207641602 0.2080785185098648
vn 0.00019435386639088392 -0.9781122207641602 0.2080785185098648
vn 0.00019435386639088392 -0.9781122207641602 0.2080785185098648
vn 0.00019435386639088392 -0.9781122207641602 0.2080785185098648
vn 0.00019435386639088392 -0.9781122207641602 0.2080785185098648
vn 0.00019435386639088392 -0.9781122207641602 0.2080785185098648
vn 0.00019435386639088392 -0.9781122207641602 0.2080785185098648
vn 0.00019435386639088392 -0.9781122207641602 0.2080785185098648
vn 0.00019435386639088392 -0.9781122207641602 0.2080785185098648
vn 0.00019435386639088392 -0.9781122207641602 0.2080785185098648
vn 0.00019435386639088392 -0.9781122207641602 0.2080785185098648
vn 0.00019435386639088392 -0.9781122207641602 0.2080785185098648
vn 0.00019435386639088392 -0.9781122207641602 0.2080785185098648
vn 0.00019435386639088392 -0.9781122207641602 0.2080785185098648
vn 0.00019435386639088392 -0.9781122207641602 0.2080785185098648
vn 0.00019435386639088392 -0.9781122207641602 0.2080785185098648
vn 0.00019435383728705347 -0.9781121015548706 0.2080785036087036
vn 0.00019435386639088392 -0.9781122207641602 0.2080785185098648
vn 0.00019435383728705347 -0.9781121015548706 0.2080785036087036
vn 0.00019435386639088392 -0.9781122207641602 0.2080785185098648
vn 0.00019435386639088392 -0.9781122207641602 0.2080785185098648
vn 0.00019435386639088392 -0.9781122207641602 0.2080785185098648
vn 0.00019435386639088392 -0.9781122207641602 0.2080785185098648
vn 9.708006109576672e-05 -0.20807833969593048 -0.9781122207641602
vn 9.708006109576672e-05 -0.20807833969593048 -0.9781122207641602
vn 9.708006109576672e-05 -0.20807833969593048 -0.9781122207641602
vn 9.708006109576672e-05 -0.20807833969593048 -0.9781122207641602
vn -1.0 -0.00020932784536853433 -5.442690599011257e-05
vn -1.0 -0.00020932784536853433 -5.442690599011257e-05
vn 1.0 0.00020932784536853433 5.442690599011257e-05
vn 1.0 0.00020932784536853433 5.442690599011257e-05
vn -9.708006109576672e-05 0.20807833969593048 0.9781122207641602
vn -9.708006109576672e-05 0.20807833969593048 0.9781122207641602
vn -9.708006109576672e-05 0.20807833969593048 0.9781122207641602
vn -9.708006109576672e-05 0.20807833969593048 0.9781122207641602
vn -9.708006109576672e-05 0.20807833969593048 0.9781122207641602
vn -9.708006109576672e-05 0.20807833969593048 0.9781122207641602
vn 9.708006109576672e-05 -0.20807833969593048 -0.9781122207641602
vn 9.708006109576672e-05 -0.20807833969593048 -0.9781122207641602
vn -1.0 -0.00020932784536853433 -5.442690599011257e-05
vn -1.0 -0.00020932784536853433 -5.442690599011257e-05
vn 9.708006109576672e-05 -0.20807835459709167 -0.9781122207641602
vn 9.708006109576672e-05 -0.20807833969593048 -0.9781122207641602
vn -1.0 -0.00020932784536853433 -5.442690599011257e-05
vn -1.0 -0.00020932784536853433 -5.442690599011257e-05
vn -1.0 -0.00020932784536853433 -5.442690599011257e-05
vn -1.0 -0.00020932784536853433 -5.442690599011257e-05
vn 9.708006109576672e-05 -0.20807833969593048 -0.9781122207641602
vn -9.708006109576672e-05 0.20807833969593048 0.9781122207641602
vn 1.0 0.00020932784536853433 5.442690599011257e-05
vn 1.0 0.00020932784536853433 5.442690599011257e-05
vn 1.0 0.00020932784536853433 5.442690599011257e-05
vn 1.0 0.00020932784536853433 5.442690599011257e-05
vn 9.708006109576672e-05 -0.20807833969593048 -0.9781122207641602
vn 9.708006109576672e-05 -0.20807833969593048 -0.9781122207641602
vn 9.708006109576672e-05 -0.20807833969593048 -0.9781122207641602
vn 9.708006109576672e-05 -0.20807835459709167 -0.9781122207641602
vn -9.708006109576672e-05 0.20807835459709167 0.9781122207641602
vn -9.708006109576672e-05 0.20807835459709167 0.9781122207641602
vn -9.708006109576672e-05 0.20807833969593048 0.9781122207641602
vn 9.708006109576672e-05 -0.20807833969593048 -0.9781122207641602
vn 9.708006109576672e-05 -0.20807833969593048 -0.9781122207641602
vn 9.708006109576672e-05 -0.20807835459709167 -0.9781122207641602
vn -9.708006109576672e-05 0.20807833969593048 0.9781122207641602
vn -9.708006109576672e-05 0.20807833969593048 0.9781122207641602
f 1/1/1 2/2/2 3/3/3
f 1/1/1 3/3/3 4/4/4
f 5/5/5 3/3/3 2/2/2
f 5/5/5 2/2/2 6/6/6
f 7/7/7 8/8/8 9/9/9
f 7/7/7 9/9/9 10/10/10
f 11/11/11 12/12/12 13/13/13
f 11/11/11 13/13/13 14/14/14
f 15/15/15 16/16/16 17/17/17
f 15/15/15 17/17/17 18/18/18
f 19/19/19 7/7/7 10/10/10
f 19/19/19 10/10/10 20/20/20
f 21/21/21 22/22/22 18/18/18
f 21/21/21 18/18/18 17/17/17
f 5/5/5 23/23/23 24/24/24
f 5/5/5 24/24/24 3/3/3
f 4/4/4 3/3/3 24/24/24
f 4/4/4 24/24/24 25/25/25
f 26/26/26 27/27/27 8/8/8
f 26/26/26 8/8/8 28/28/28
f 7/7/7 29/29/29 28/28/28
f 7/7/7 28/28/28 8/8/8
f 30/30/30 31/31/31 32/32/32
f 30/30/30 32/32/32 33/33/33
f 34/34/34 35/35/35 23/23/23
f 34/34/34 23/23/23 5/5/5
f 36/36/36 37/37/37 38/38/38
f 36/36/36 38/38/38 39/39/39
f 40/40/40 41/41/41 42/42/42
f 40/40/40 42/42/42 43/43/43
f 44/44/44 43/43/43 42/42/42
f 44/44/44 42/42/42 45/45/45
f 46/46/46 47/47/47 48/48/48
f 46/46/46 48/48/48 49/49/49
f 50/50/50 51/51/51 14/14/14
f 50/50/50 14/14/14 13/13/13
f 52/52/52 53/53/53 54/54/54
f 52/52/52 54/54/54 55/55/55
f 56/56/56 57/57/57 58/58/58
f 56/56/56 58/58/58 59/59/59
f 45/45/45 42/42/42 14/14/14
f 45/45/45 14/14/14 51/51/51
f 32/32/32 31/31/31 60/60/60
f 32/32/32 60/60/60 61/61/61
f 62/62/62 63/63/63 50/50/50
f 62/62/62 50/50/50 13/13/13
f 64/64/64 65/65/65 66/66/66
f 64/64/64 66/66/66 67/67/67
f 68/68/68 53/53/53 52/52/52
f 68/68/68 52/52/52 69/69/69
f 70/70/70 34/34/34 5/5/5
f 70/70/70 5/5/5 6/6/6
f 71/71/71 70/70/70 6/6/6
f 71/71/71 6/6/6 72/72/72
f 73/73/73 71/71/71 72/72/72
f 73/73/73 72/72/72 74/74/74
f 75/75/75 51/51/51 50/50/50
f 75/75/75 50/50/50 76/76/76
f 77/77/77 59/59/59 31/31/31
f 77/77/77 31/31/31 30/30/30
f 78/78/78 79/79/79 80/80/80
f 78/78/78 80/80/80 36/36/36
f 81/81/81 82/82/82 83/83/83
f 81/81/81 83/83/83 84/84/84
f 85/85/85 86/86/86 82/82/82
f 85/85/85 82/82/82 67/67/67
f 64/64/64 67/67/67 82/82/82
f 64/64/64 82/82/82 81/81/81
f 87/87/87 24/24/24 23/23/23
f 67/67/67 66/66/66 88/88/88
f 67/67/67 88/88/88 85/85/85
f 89/89/89 74/74/74 90/90/90
f 89/89/89 90/90/90 28/28/28
f 29/29/29 89/89/89 28/28/28
f 91/91/91 52/52/52 55/55/55
f 91/91/91 55/55/55 92/92/92
f 93/93/93 69/69/69 52/52/52
f 93/93/93 52/52/52 91/91/91
f 55/55/55 54/54/54 94/94/94
f 55/55/55 94/94/94 95/95/95
f 35/35/35 96/96/96 87/87/87
f 35/35/35 87/87/87 23/23/23
f 97/97/97 45/45/45 51/51/51
f 97/97/97 51/51/51 75/75/75
f 98/98/98 99/99/99 100/100/100
f 98/98/98 100/100/100 101/101/101
f 96/96/96 102/102/102 103/103/103
f 96/96/96 103/103/103 87/87/87
f 99/99/99 104/104/104 39/39/39
f 99/99/99 39/39/39 100/100/100
f 104/104/104 78/78/78 36/36/36
f 104/104/104 36/36/36 39/39/39
f 105/105/105 106/106/106 107/107/107
f 105/105/105 107/107/107 108/108/108
f 79/79/79 105/105/105 108/108/108
f 79/79/79 108/108/108 80/80/80
f 109/109/109 110/110/110 94/94/94
f 109/109/109 94/94/94 111/111/111
f 111/111/111 94/94/94 54/54/54
f 111/111/111 54/54/54 112/112/112
f 22/22/22 113/113/113 18/18/18
f 113/113/113 101/101/101 114/114/114
f 113/113/113 114/114/114 18/18/18
f 115/115/115 116/116/116 107/107/107
f 115/115/115 107/107/107 106/106/106
f 117/117/117 118/118/118 116/116/116
f 117/117/117 116/116/116 115/115/115
f 119/119/119 120/120/120 53/53/53
f 119/119/119 53/53/53 68/68/68
f 120/120/120 112/112/112 54/54/54
f 120/120/120 54/54/54 53/53/53
f 39/39/39 38/38/38 100/100/100
f 72/72/72 2/2/2 90/90/90
f 72/72/72 90/90/90 74/74/74
f 6/6/6 2/2/2 72/72/72
f 100/100/100 38/38/38 114/114/114
f 100/100/100 114/114/114 101/101/101
f 116/116/116 118/118/118 121/121/121
f 122/122/122 123/123/123 86/86/86
f 122/122/122 86/86/86 85/85/85
f 123/123/123 124/124/124 125/125/125
f 123/123/123 125/125/125 86/86/86
f 126/126/126 127/127/127 60/60/60
f 126/126/126 60/60/60 58/58/58
f 98/98/98 101/101/101 113/113/113
f 98/98/98 113/113/113 128/128/128
f 128/128/128 113/113/113 22/22/22
f 128/128/128 22/22/22 129/129/129
f 129/129/129 22/22/22 21/21/21
f 129/129/129 21/21/21 130/130/130
f 131/131/131 10/10/10 9/9/9
f 132/132/132 92/92/92 55/55/55
f 132/132/132 55/55/55 95/95/95
f 12/12/12 133/133/133 62/62/62
f 12/12/12 62/62/62 13/13/13
f 20/20/20 10/10/10 131/131/131
f 20/20/20 131/131/131 134/134/134
f 134/134/134 131/131/131 103/103/103
f 134/134/134 103/103/103 102/102/102
f 135/135/135 38/38/38 37/37/37
f 135/135/135 37/37/37 136/136/136
f 137/137/137 29/29/29 7/7/7
f 137/137/137 7/7/7 19/19/19
f 122/122/122 85/85/85 88/88/88
f 122/122/122 88/88/88 138/138/138
f 139/139/139 89/89/89 29/29/29
f 139/139/139 29/29/29 137/137/137
f 73/73/73 74/74/74 89/89/89
f 73/73/73 89/89/89 139/139/139
f 21/21/21 17/17/17 121/121/121
f 21/21/21 121/121/121 118/118/118
f 41/41/41 11/11/11 14/14/14
f 41/41/41 14/14/14 42/42/42
f 16/16/16 140/140/140 121/121/121
f 16/16/16 121/121/121 17/17/17
f 141/141/141 44/44/44 45/45/45
f 141/141/141 45/45/45 97/97/97
f 142/142/142 143/143/143 144/144/144
f 142/142/142 144/144/144 145/145/145
f 143/143/143 146/146/146 147/147/147
f 143/143/143 147/147/147 144/144/144
f 148/148/148 149/149/149 150/150/150
f 148/148/148 150/150/150 151/151/151
f 149/149/149 152/152/152 153/153/153
f 149/149/149 153/153/153 150/150/150
f 152/152/152 154/154/154 155/155/155
f 152/152/152 155/155/155 153/153/153
f 156/156/156 157/157/157 158/158/158
f 156/156/156 158/158/158 159/159/159
f 157/157/157 160/160/160 161/161/161
f 157/157/157 161/161/161 158/158/158
f 160/160/160 162/162/162 163/163/163
f 160/160/160 163/163/163 161/161/161
f 164/164/164 165/165/165 166/166/166
f 164/164/164 166/166/166 167/167/167
f 165/165/165 168/168/168 169/169/169
f 165/165/165 169/169/169 166/166/166
f 168/168/168 170/170/170 171/171/171
f 168/168/168 171/171/171 169/169/169
f 172/172/172 142/142/142 145/145/145
f 172/172/172 145/145/145 173/173/173
f 174/174/174 175/175/175 176/176/176
f 174/174/174 176/176/176 177/177/177
f 178/178/178 179/179/179 180/180/180
f 178/178/178 180/180/180 181/181/181
f 182/182/182 183/183/183 184/184/184
f 182/182/182 184/184/184 185/185/185
f 186/186/186 187/187/187 188/188/188
f 186/186/186 188/188/188 189/189/189
f 190/190/190 191/191/191 192/192/192
f 190/190/190 192/192/192 193/193/193
f 194/194/194 195/195/195 196/196/196
f 194/194/194 196/196/196 197/197/197
f 177/177/177 176/176/176 198/198/198
f 177/177/177 198/198/198 199/199/199
f 199/199/199 198/198/198 200/200/200
f 199/199/199 200/200/200 201/201/201
f 197/197/197 196/196/196 200/200/200
f 197/197/197 200/200/200 202/202/202
f 179/179/179 203/203/203 204/204/204
f 179/179/179 204/204/204 180/180/180
f 203/203/203 205/205/205 206/206/206
f 203/203/203 206/206/206 204/204/204
f 183/183/183 207/207/207 206/206/206
f 183/183/183 206/206/206 184/184/184
f 208/208/208 209/209/209 210/210/210
f 208/208/208 210/210/210 211/211/211
f 211/211/211 210/210/210 191/191/191
f 211/211/211 191/191/191 190/190/190
f 212/212/212 213/213/213 214/214/214
f 212/212/212 214/214/214 215/215/215
f 213/213/213 186/186/186 189/189/189
f 213/213/213 189/189/189 214/214/214
f 216/216/216 217/217/217 218/218/218
f 216/216/216 218/218/218 219/219/219
f 220/220/220 221/221/221 222/222/222
f 220/220/220 222/222/222 223/223/223
f 224/224/224 225/225/225 226/226/226
f 224/224/224 226/226/226 227/227/227
f 228/228/228 229/229/229 230/230/230
f 228/228/228 230/230/230 231/231/231
f 219/219/219 218/218/218 232/232/232
f 219/219/219 232/232/232 233/233/233
f 233/233/233 232/232/232 234/234/234
f 233/233/233 234/234/234 235/235/235
f 236/236/236 237/237/237 238/238/238
f 236/236/236 238/238/238 239/239/239
f 240/240/240 241/241/241 242/242/242
f 240/240/240 242/242/242 243/243/243
f 231/231/231 230/230/230 221/221/221
f 231/231/231 221/221/221 220/220/220
f 223/223/223 222/222/222 244/244/244
f 223/223/223 244/244/244 245/245/245
f 246/246/246 247/247/247 229/229/229
f 246/246/246 229/229/229 228/228/228
f 235/235/235 234/234/234 225/225/225
f 235/235/235 225/225/225 224/224/224
f 248/248/248 249/249/249 250/250/250
f 248/248/248 250/250/250 251/251/251
f 251/251/251 250/250/250 241/241/241
f 251/251/251 241/241/241 240/240/240
f 252/252/252 253/253/253 254/254/254
f 252/252/252 254/254/254 255/255/255
f 253/253/253 236/236/236 239/239/239
f 253/253/253 239/239/239 254/254/254
f 256/256/256 257/257/257 258/258/258
f 256/256/256 258/258/258 259/259/259
f 260/260/260 261/261/261 257/257/257
f 260/260/260 257/257/257 256/256/256
f 262/262/262 263/263/263 264/264/264
f 262/262/262 264/264/264 265/265/265
f 266/266/266 267/267/267 263/263/263
f 266/266/266 263/263/263 262/262/262
f 263/263/263 268/268/268 269/269/269
f 263/263/263 269/269/269 264/264/264
f 267/267/267 270/270/270 268/268/268
f 267/267/267 268/268/268 263/263/263
f 268/268/268 271/271/271 272/272/272
f 268/268/268 272/272/272 269/269/269
f 270/270/270 273/273/273 271/271/271
f 270/270/270 271/271/271 268/268/268
f 274/274/274 275/275/275 276/276/276
f 274/274/274 276/276/276 277/277/277
f 278/278/278 279/279/279 275/275/275
f 278/278/278 275/275/275 274/274/274
f 275/275/275 280/280/280 281/281/281
f 275/275/275 281/281/281 276/276/276
f 279/279/279 282/282/282 280/280/280
f 279/279/279 280/280/280 275/275/275
f 283/283/283 256/256/256 259/259/259
f 283/283/283 259/259/259 284/284/284
f 285/285/285 260/260/260 256/256/256
f 285/285/285 256/256/256 283/283/283
f 286/286/286 287/287/287 283/283/283
f 286/286/286 283/283/283 284/284/284
f 288/288/288 286/286/286 284/284/284
f 288/288/288 284/284/284 289/289/289
f 290/290/290 291/291/291 292/292/292
f 290/290/290 292/292/292 293/293/293
f 294/294/294 295/295/295 291/291/291
f 294/294/294 291/291/291 290/290/290
f 280/280/280 292/292/292 291/291/291
f 280/280/280 291/291/291 281/281/281
f 282/282/282 296/296/296 292/292/292
f 282/282/282 292/292/292 280/280/280
f 297/297/297 298/298/298 299/299/299
f 297/297/297 299/299/299 300/300/300
f 301/301/301 297/297/297 300/300/300
f 301/301/301 300/300/300 302/302/302
f 254/254/254 239/239/239 290/290/290
f 254/254/254 290/290/290 293/293/293
f 255/255/255 254/254/254 293/293/293
f 255/255/255 293/293/293 303/303/303
f 300/300/300 299/299/299 304/304/304
f 300/300/300 304/304/304 305/305/305
f 302/302/302 300/300/300 305/305/305
f 302/302/302 305/305/305 306/306/306
f 307/307/307 308/308/308 298/298/298
f 307/307/307 298/298/298 297/297/297
f 309/309/309 307/307/307 297/297/297
f 309/309/309 297/297/297 301/301/301
f 250/250/250 287/287/287 286/286/286
f 250/250/250 286/286/286 241/241/241
f 249/249/249 310/310/310 287/287/287
f 249/249/249 287/287/287 250/250/250
f 311/311/311 312/312/312 308/308/308
f 311/311/311 308/308/308 307/307/307
f 313/313/313 311/311/311 307/307/307
f 313/313/313 307/307/307 309/309/309
f 314/314/314 236/236/236 253/253/253
f 314/314/314 253/253/253 315/315/315
f 316/316/316 237/237/237 236/236/236
f 316/316/316 236/236/236 314/314/314
f 317/317/317 318/318/318 251/251/251
f 317/317/317 251/251/251 240/240/240
f 319/319/319 317/317/317 240/240/240
f 319/319/319 240/240/240 243/243/243
f 320/320/320 321/321/321 312/312/312
f 320/320/320 312/312/312 311/311/311
f 322/322/322 320/320/320 311/311/311
f 322/322/322 311/311/311 313/313/313
f 323/323/323 324/324/324 325/325/325
f 323/323/323 325/325/325 326/326/326
f 327/327/327 328/328/328 324/324/324
f 327/327/327 324/324/324 323/323/323
f 329/329/329 330/330/330 331/331/331
f 329/329/329 331/331/331 332/332/332
f 333/333/333 334/334/334 330/330/330
f 333/333/333 330/330/330 329/329/329
f 335/335/335 336/336/336 337/337/337
f 335/335/335 337/337/337 338/338/338
f 339/339/339 340/340/340 336/336/336
f 339/339/339 336/336/336 335/335/335
f 341/341/341 342/342/342 343/343/343
f 341/341/341 343/343/343 344/344/344
f 345/345/345 341/341/341 344/344/344
f 345/345/345 344/344/344 346/346/346
f 347/347/347 348/348/348 349/349/349
f 347/347/347 349/349/349 350/350/350
f 351/351/351 352/352/352 348/348/348
f 351/351/351 348/348/348 347/347/347
f 353/353/353 354/354/354 186/186/186
f 353/353/353 186/186/186 213/213/213
f 355/355/355 353/353/353 213/213/213
f 355/355/355 213/213/213 212/212/212
f 324/324/324 335/335/335 338/338/338
f 324/324/324 338/338/338 325/325/325
f 328/328/328 339/339/339 335/335/335
f 328/328/328 335/335/335 324/324/324
f 356/356/356 357/357/357 358/358/358
f 356/356/356 358/358/358 359/359/359
f 360/360/360 361/361/361 357/357/357
f 360/360/360 357/357/357 356/356/356
f 362/362/362 363/363/363 364/364/364
f 362/362/362 364/364/364 365/365/365
f 366/366/366 362/362/362 365/365/365
f 366/366/366 365/365/365 367/367/367
f 368/368/368 369/369/369 370/370/370
f 368/368/368 370/370/370 371/371/371
f 372/372/372 373/373/373 369/369/369
f 372/372/372 369/369/369 368/368/368
f 374/374/374 375/375/375 376/376/376
f 374/374/374 376/376/376 377/377/377
f 378/378/378 379/379/379 375/375/375
f 378/378/378 375/375/375 374/374/374
f 380/380/380 329/329/329 332/332/332
f 380/380/380 332/332/332 381/381/381
f 382/382/382 333/333/333 329/329/329
f 382/382/382 329/329/329 380/380/380
f 383/383/383 384/384/384 385/385/385
f 383/383/383 385/385/385 386/386/386
f 387/387/387 383/383/383 386/386/386
f 387/387/387 386/386/386 388/388/388
f 389/389/389 390/390/390 391/391/391
f 389/389/389 391/391/391 392/392/392
f 393/393/393 389/389/389 392/392/392
f 393/393/393 392/392/392 394/394/394
f 395/395/395 356/356/356 359/359/359
f 395/395/395 359/359/359 396/396/396
f 397/397/397 360/360/360 356/356/356
f 397/397/397 356/356/356 395/395/395
f 398/398/398 399/399/399 363/363/363
f 398/398/398 363/363/363 362/362/362
f 400/400/400 398/398/398 362/362/362
f 400/400/400 362/362/362 366/366/366
f 365/365/365 364/364/364 401/401/401
f 365/365/365 401/401/401 402/402/402
f 367/367/367 365/365/365 402/402/402
f 367/367/367 402/402/402 403/403/403
f 386/386/386 385/385/385 342/342/342
f 386/386/386 342/342/342 341/341/341
f 388/388/388 386/386/386 341/341/341
f 388/388/388 341/341/341 345/345/345
f 404/404/404 405/405/405 406/406/406
f 404/404/404 406/406/406 407/407/407
f 408/408/408 409/409/409 405/405/405
f 408/408/408 405/405/405 404/404/404
f 410/410/410 411/411/411 412/412/412
f 410/410/410 412/412/412 413/413/413
f 414/414/414 415/415/415 411/411/411
f 414/414/414 411/411/411 410/410/410
f 336/336/336 416/416/416 417/417/417
f 336/336/336 417/417/417 337/337/337
f 340/340/340 418/418/418 416/416/416
f 340/340/340 416/416/416 336/336/336
f 419/419/419 420/420/420 421/421/421
f 419/419/419 421/421/421 422/422/422
f 423/423/423 424/424/424 420/420/420
f 423/423/423 420/420/420 419/419/419
f 420/420/420 425/425/425 426/426/426
f 420/420/420 426/426/426 421/421/421
f 424/424/424 427/427/427 425/425/425
f 424/424/424 425/425/425 420/420/420
f 428/428/428 429/429/429 390/390/390
f 428/428/428 390/390/390 389/389/389
f 430/430/430 428/428/428 389/389/389
f 430/430/430 389/389/389 393/393/393
f 402/402/402 401/401/401 426/426/426
f 402/402/402 426/426/426 425/425/425
f 403/403/403 402/402/402 425/425/425
f 403/403/403 425/425/425 427/427/427
f 431/431/431 211/211/211 190/190/190
f 431/431/431 190/190/190 432/432/432
f 433/433/433 208/208/208 211/211/211
f 433/433/433 211/211/211 431/431/431
f 348/348/348 434/434/434 435/435/435
f 348/348/348 435/435/435 349/349/349
f 352/352/352 436/436/436 434/434/434
f 352/352/352 434/434/434 348/348/348
f 344/344/344 343/343/343 437/437/437
f 344/344/344 437/437/437 438/438/438
f 346/346/346 344/344/344 438/438/438
f 346/346/346 438/438/438 439/439/439
f 405/405/405 323/323/323 326/326/326
f 405/405/405 326/326/326 406/406/406
f 409/409/409 327/327/327 323/323/323
f 409/409/409 323/323/323 405/405/405
f 440/440/440 419/419/419 422/422/422
f 440/440/440 422/422/422 441/441/441
f 442/442/442 423/423/423 419/419/419
f 442/442/442 419/419/419 440/440/440
f 214/214/214 189/189/189 399/399/399
f 214/214/214 399/399/399 398/398/398
f 215/215/215 214/214/214 398/398/398
f 215/215/215 398/398/398 400/400/400
f 443/443/443 368/368/368 371/371/371
f 443/443/443 371/371/371 444/444/444
f 445/445/445 372/372/372 368/368/368
f 445/445/445 368/368/368 443/443/443
f 210/210/210 374/374/374 377/377/377
f 210/210/210 377/377/377 191/191/191
f 209/209/209 378/378/378 374/374/374
f 209/209/209 374/374/374 210/210/210
f 446/446/446 443/443/443 444/444/444
f 446/446/446 444/444/444 447/447/447
f 448/448/448 445/445/445 443/443/443
f 448/448/448 443/443/443 446/446/446
f 330/330/330 392/392/392 391/391/391
f 330/330/330 391/391/391 331/331/331
f 334/334/334 394/394/394 392/392/392
f 334/334/334 392/392/392 330/330/330
f 449/449/449 450/450/450 384/384/384
f 449/449/449 384/384/384 383/383/383
f 451/451/451 449/449/449 383/383/383
f 451/451/451 383/383/383 387/387/387
f 173/173/173 145/145/145 452/452/452
f 173/173/173 452/452/452 453/453/453
f 169/169/169 171/171/171 454/454/454
f 169/169/169 454/454/454 455/455/455
f 166/166/166 169/169/169 455/455/455
f 166/166/166 455/455/455 456/456/456
f 167/167/167 166/166/166 456/456/456
f 167/167/167 456/456/456 457/457/457
f 161/161/161 163/163/163 458/458/458
f 161/161/161 458/458/458 459/459/459
f 158/158/158 161/161/161 459/459/459
f 158/158/158 459/459/459 460/460/460
f 159/159/159 158/158/158 460/460/460
f 159/159/159 460/460/460 461/461/461
f 153/153/153 155/155/155 462/462/462
f 153/153/153 462/462/462 463/463/463
f 150/150/150 153/153/153 463/463/463
f 150/150/150 463/463/463 464/464/464
f 151/151/151 150/150/150 464/464/464
f 151/151/151 464/464/464 465/465/465
f 144/144/144 147/147/147 466/466/466
f 144/144/144 466/466/466 467/467/467
f 145/145/145 144/144/144 467/467/467
f 145/145/145 467/467/467 452/452/452
f 468/468/468 469/469/469 470/470/470
f 468/468/468 470/470/470 471/471/471
f 472/472/472 473/473/473 474/474/474
f 472/472/472 474/474/474 475/475/475
f 476/476/476 472/472/472 475/475/475
f 476/476/476 475/475/475 477/477/477
f 478/478/478 476/476/476 477/477/477
f 478/478/478 477/477/477 479/479/479
f 480/480/480 481/481/481 482/482/482
f 480/480/480 482/482/482 483/483/483
f 484/484/484 480/480/480 483/483/483
f 484/484/484 483/483/483 485/485/485
f 486/486/486 484/484/484 485/485/485
f 486/486/486 485/485/485 487/487/487
f 488/488/488 489/489/489 490/490/490
f 488/488/488 490/490/490 491/491/491
f 492/492/492 488/488/488 491/491/491
f 492/492/492 491/491/491 493/493/493
f 494/494/494 492/492/492 493/493/493
f 494/494/494 493/493/493 495/495/495
f 496/496/496 497/497/497 498/498/498
f 496/496/496 498/498/498 499/499/499
f 469/469/469 496/496/496 499/499/499
f 469/469/469 499/499/499 470/470/470
f 500/500/500 501/501/501 502/502/502
f 500/500/500 502/502/502 503/503/503
f 504/504/504 505/505/505 506/506/506
f 504/504/504 506/506/506 507/507/507
f 505/505/505 508/508/508 509/509/509
f 505/505/505 509/509/509 506/506/506
f 508/508/508 510/510/510 511/511/511
f 508/508/508 511/511/511 509/509/509
f 512/512/512 513/513/513 514/514/514
f 512/512/512 514/514/514 515/515/515
f 513/513/513 516/516/516 517/517/517
f 513/513/513 517/517/517 514/514/514
f 516/516/516 518/518/518 519/519/519
f 516/516/516 519/519/519 517/517/517
f 520/520/520 521/521/521 522/522/522
f 520/520/520 522/522/522 523/523/523
f 521/521/521 524/524/524 525/525/525
f 521/521/521 525/525/525 522/522/522
f 524/524/524 526/526/526 527/527/527
f 524/524/524 527/527/527 525/525/525
f 528/528/528 529/529/529 530/530/530
f 528/528/528 530/530/530 531/531/531
f 529/529/529 500/500/500 503/503/503
f 529/529/529 503/503/503 530/530/530
f 532/532/532 533/533/533 534/534/534
f 532/532/532 534/534/534 535/535/535
f 536/536/536 532/532/532 535/535/535
f 536/536/536 535/535/535 537/537/537
f 538/538/538 536/536/536 537/537/537
f 538/538/538 537/537/537 539/539/539
f 540/540/540 538/538/538 539/539/539
f 540/540/540 539/539/539 541/541/541
f 542/542/542 543/543/543 533/533/533
f 542/542/542 533/533/533 532/532/532
f 544/544/544 542/542/542 532/532/532
f 544/544/544 532/532/532 536/536/536
f 545/545/545 544/544/544 536/536/536
f 545/545/545 536/536/536 538/538/538
f 546/546/546 545/545/545 538/538/538
f 546/546/546 538/538/538 540/540/540
f 547/547/547 548/548/548 549/549/549
f 547/547/547 549/549/549 550/550/550
f 547/547/547 550/550/550 540/540/540
f 547/547/547 540/540/540 541/541/541
f 551/551/551 205/205/205 552/552/552
f 551/551/551 552/552/552 553/553/553
f 553/553/553 552/552/552 554/554/554
f 553/553/553 554/554/554 555/555/555
f 184/184/184 206/206/206 205/205/205
f 184/184/184 205/205/205 551/551/551
f 556/556/556 546/546/546 540/540/540
f 556/556/556 540/540/540 550/550/550
f 556/556/556 557/557/557 558/558/558
f 556/556/556 558/558/558 559/559/559
f 560/560/560 557/557/557 549/549/549
f 560/560/560 549/549/549 561/561/561
f 561/561/561 554/554/554 552/552/552
f 561/561/561 552/552/552 562/562/562
f 563/563/563 560/560/560 561/561/561
f 563/563/563 561/561/561 562/562/562
f 234/234/234 564/564/564 565/565/565
f 234/234/234 565/565/565 225/225/225
f 204/204/204 206/206/206 207/207/207
f 204/204/204 207/207/207 566/566/566
f 180/180/180 204/204/204 566/566/566
f 180/180/180 566/566/566 567/567/567
f 562/562/562 552/552/552 205/205/205
f 562/562/562 205/205/205 203/203/203
f 563/563/563 562/562/562 203/203/203
f 563/563/563 203/203/203 179/179/179
f 247/247/247 568/568/568 569/569/569
f 247/247/247 569/569/569 229/229/229
f 321/321/321 570/570/570 571/571/571
f 321/321/321 571/571/571 312/312/312
f 222/222/222 572/572/572 573/573/573
f 222/222/222 573/573/573 244/244/244
f 230/230/230 574/574/574 575/575/575
f 230/230/230 575/575/575 221/221/221
f 318/318/318 576/576/576 248/248/248
f 318/318/318 248/248/248 251/251/251
f 315/315/315 253/253/253 252/252/252
f 315/315/315 252/252/252 577/577/577
f 578/578/578 579/579/579 580/580/580
f 578/578/578 580/580/580 581/581/581
f 582/582/582 583/583/583 579/579/579
f 582/582/582 579/579/579 578/578/578
f 584/584/584 585/585/585 583/583/583
f 584/584/584 583/583/583 582/582/582
f 586/586/586 587/587/587 585/585/585
f 586/586/586 585/585/585 584/584/584
f 588/588/588 578/578/578 581/581/581
f 588/588/588 581/581/581 589/589/589
f 590/590/590 582/582/582 578/578/578
f 590/590/590 578/578/578 588/588/588
f 591/591/591 584/584/584 582/582/582
f 591/591/591 582/582/582 590/590/590
f 592/592/592 586/586/586 584/584/584
f 592/592/592 584/584/584 591/591/591
f 593/593/593 594/594/594 595/595/595
f 593/593/593 595/595/595 596/596/596
f 593/593/593 587/587/587 586/586/586
f 593/593/593 586/586/586 594/594/594
f 597/597/597 598/598/598 201/201/201
f 597/597/597 201/201/201 599/599/599
f 600/600/600 601/601/601 598/598/598
f 600/600/600 598/598/598 597/597/597
f 602/602/602 246/246/246 228/228/228
f 602/602/602 228/228/228 603/603/603
f 196/196/196 599/599/599 201/201/201
f 196/196/196 201/201/201 200/200/200
f 604/604/604 594/594/594 586/586/586
f 604/604/604 586/586/586 592/592/592
f 604/604/604 605/605/605 606/606/606
f 604/604/604 606/606/606 607/607/607
f 608/608/608 609/609/609 595/595/595
f 608/608/608 595/595/595 607/607/607
f 609/609/609 610/610/610 598/598/598
f 609/609/609 598/598/598 601/601/601
f 611/611/611 610/610/610 609/609/609
f 611/611/611 609/609/609 608/608/608
f 450/450/450 612/612/612 613/613/613
f 450/450/450 613/613/613 384/384/384
f 614/614/614 615/615/615 616/616/616
f 614/614/614 616/616/616 617/617/617
f 198/198/198 618/618/618 202/202/202
f 198/198/198 202/202/202 200/200/200
f 176/176/176 619/619/619 618/618/618
f 176/176/176 618/618/618 198/198/198
f 610/610/610 199/199/199 201/201/201
f 610/610/610 201/201/201 598/598/598
f 611/611/611 177/177/177 199/199/199
f 611/611/611 199/199/199 610/610/610
f 615/615/615 620/620/620 621/621/621
f 615/615/615 621/621/621 616/616/616
f 195/195/195 622/622/622 599/599/599
f 195/195/195 599/599/599 196/196/196
f 331/331/331 391/391/391 623/623/623
f 331/331/331 623/623/623 624/624/624
f 625/625/625 626/626/626 621/621/621
f 625/625/625 621/621/621 620/620/620
f 627/627/627 628/628/628 626/626/626
f 627/627/627 626/626/626 625/625/625
f 629/629/629 600/600/600 597/597/597
f 629/629/629 597/597/597 630/630/630
f 447/447/447 444/444/444 631/631/631
f 447/447/447 631/631/631 632/632/632
f 191/191/191 377/377/377 633/633/633
f 191/191/191 633/633/633 192/192/192
f 444/444/444 371/371/371 634/634/634
f 444/444/444 634/634/634 631/631/631
f 189/189/189 188/188/188 635/635/635
f 189/189/189 635/635/635 399/399/399
f 441/441/441 422/422/422 636/636/636
f 441/441/441 636/636/636 637/637/637
f 406/406/406 326/326/326 638/638/638
f 406/406/406 638/638/638 639/639/639
f 343/343/343 640/640/640 641/641/641
f 343/343/343 641/641/641 437/437/437
f 349/349/349 435/435/435 642/642/642
f 349/349/349 642/642/642 643/643/643
f 432/432/432 190/190/190 193/193/193
f 432/432/432 193/193/193 644/644/644
f 401/401/401 645/645/645 646/646/646
f 401/401/401 646/646/646 426/426/426
f 429/429/429 647/647/647 648/648/648
f 429/429/429 648/648/648 390/390/390
f 421/421/421 426/426/426 646/646/646
f 421/421/421 646/646/646 649/649/649
f 422/422/422 421/421/421 649/649/649
f 422/422/422 649/649/649 636/636/636
f 337/337/337 417/417/417 650/650/650
f 337/337/337 650/650/650 651/651/651
f 413/413/413 412/412/412 652/652/652
f 413/413/413 652/652/652 653/653/653
f 407/407/407 406/406/406 639/639/639
f 407/407/407 639/639/639 654/654/654
f 385/385/385 655/655/655 656/656/656
f 385/385/385 656/656/656 342/342/342
f 364/364/364 657/657/657 645/645/645
f 364/364/364 645/645/645 401/401/401
f 399/399/399 635/635/635 658/658/658
f 399/399/399 658/658/658 363/363/363
f 396/396/396 359/359/359 659/659/659
f 396/396/396 659/659/659 660/660/660
f 390/390/390 648/648/648 623/623/623
f 390/390/390 623/623/623 391/391/391
f 384/384/384 613/613/613 655/655/655
f 384/384/384 655/655/655 385/385/385
f 381/381/381 332/332/332 661/661/661
f 381/381/381 661/661/661 662/662/662
f 377/377/377 376/376/376 663/663/663
f 377/377/377 663/663/663 633/633/633
f 371/371/371 370/370/370 664/664/664
f 371/371/371 664/664/664 634/634/634
f 603/603/603 228/228/228 231/231/231
f 603/603/603 231/231/231 665/665/665
f 363/363/363 658/658/658 657/657/657
f 363/363/363 657/657/657 364/364/364
f 359/359/359 358/358/358 666/666/666
f 359/359/359 666/666/666 659/659/659
f 630/630/630 597/597/597 599/599/599
f 630/630/630 599/599/599 622/622/622
f 325/325/325 338/338/338 667/667/667
f 325/325/325 667/667/667 668/668/668
f 354/354/354 669/669/669 187/187/187
f 354/354/354 187/187/187 186/186/186
f 350/350/350 349/349/349 643/643/643
f 350/350/350 643/643/643 670/670/670
f 312/312/312 571/571/571 671/671/671
f 312/312/312 671/671/671 308/308/308
f 672/672/672 665/665/665 231/231/231
f 672/672/672 231/231/231 220/220/220
f 673/673/673 672/672/672 220/220/220
f 673/673/673 220/220/220 223/223/223
f 241/241/241 286/286/286 288/288/288
f 241/241/241 288/288/288 242/242/242
f 308/308/308 671/671/671 674/674/674
f 308/308/308 674/674/674 298/298/298
f 299/299/299 675/675/675 676/676/676
f 299/299/299 676/676/676 304/304/304
f 185/185/185 184/184/184 551/551/551
f 185/185/185 551/551/551 677/677/677
f 574/574/574 678/678/678 679/679/679
f 574/574/574 679/679/679 575/575/575
f 239/239/239 238/238/238 294/294/294
f 239/239/239 294/294/294 290/290/290
f 232/232/232 680/680/680 564/564/564
f 232/232/232 564/564/564 234/234/234
f 218/218/218 681/681/681 680/680/680
f 218/218/218 680/680/680 232/232/232
f 229/229/229 569/569/569 574/574/574
f 229/229/229 574/574/574 230/230/230
f 677/677/677 551/551/551 553/553/553
f 677/677/677 553/553/553 682/682/682
f 682/682/682 553/553/553 555/555/555
f 682/682/682 555/555/555 683/683/683
f 225/225/225 565/565/565 684/684/684
f 225/225/225 684/684/684 226/226/226
f 685/685/685 686/686/686 543/543/543
f 685/685/685 543/543/543 687/687/687
f 688/688/688 687/687/687 543/543/543
f 688/688/688 543/543/543 542/542/542
f 689/689/689 688/688/688 542/542/542
f 689/689/689 542/542/542 544/544/544
f 690/690/690 689/689/689 544/544/544
f 690/690/690 544/544/544 545/545/545
f 691/691/691 690/690/690 545/545/545
f 691/691/691 545/545/545 546/546/546
f 559/559/559 691/691/691 546/546/546
f 559/559/559 546/546/546 556/556/556
f 550/550/550 549/549/549 557/557/557
f 550/550/550 557/557/557 556/556/556
f 692/692/692 558/558/558 557/557/557
f 692/692/692 557/557/557 560/560/560
f 693/693/693 692/692/692 560/560/560
f 693/693/693 560/560/560 563/563/563
f 181/181/181 180/180/180 567/567/567
f 181/181/181 567/567/567 694/694/694
f 693/693/693 563/563/563 179/179/179
f 693/693/693 179/179/179 178/178/178
f 221/221/221 575/575/575 572/572/572
f 221/221/221 572/572/572 222/222/222
f 695/695/695 696/696/696 589/589/589
f 695/695/695 589/589/589 697/697/697
f 698/698/698 588/588/588 589/589/589
f 698/698/698 589/589/589 696/696/696
f 699/699/699 590/590/590 588/588/588
f 699/699/699 588/588/588 698/698/698
f 700/700/700 591/591/591 590/590/590
f 700/700/700 590/590/590 699/699/699
f 701/701/701 592/592/592 591/591/591
f 701/701/701 591/591/591 700/700/700
f 605/605/605 604/604/604 592/592/592
f 605/605/605 592/592/592 701/701/701
f 594/594/594 604/604/604 607/607/607
f 594/594/594 607/607/607 595/595/595
f 702/702/702 608/608/608 607/607/607
f 702/702/702 607/607/607 606/606/606
f 703/703/703 611/611/611 608/608/608
f 703/703/703 608/608/608 702/702/702
f 175/175/175 704/704/704 619/619/619
f 175/175/175 619/619/619 176/176/176
f 703/703/703 174/174/174 177/177/177
f 703/703/703 177/177/177 611/611/611
f 705/705/705 706/706/706 628/628/628
f 705/705/705 628/628/628 627/627/627
f 342/342/342 656/656/656 640/640/640
f 342/342/342 640/640/640 343/343/343
f 338/338/338 337/337/337 651/651/651
f 338/338/338 651/651/651 667/667/667
f 707/707/707 708/708/708 686/686/686
f 707/707/707 686/686/686 685/685/685
f 709/709/709 695/695/695 697/697/697
f 709/709/709 697/697/697 710/710/710
f 711/711/711 673/673/673 223/223/223
f 711/711/711 223/223/223 245/245/245
f 298/298/298 674/674/674 675/675/675
f 298/298/298 675/675/675 299/299/299
f 217/217/217 712/712/712 681/681/681
f 217/217/217 681/681/681 218/218/218
f 713/713/713 714/714/714 715/715/715
f 713/713/713 715/715/715 716/716/716
f 281/281/281 291/291/291 295/295/295
f 281/281/281 295/295/295 717/717/717
f 293/293/293 292/292/292 296/296/296
f 293/293/293 296/296/296 303/303/303
f 684/684/684 565/565/565 718/718/718
f 684/684/684 718/718/718 719/719/719
f 714/714/714 713/713/713 720/720/720
f 714/714/714 720/720/720 721/721/721
f 722/722/722 723/723/723 724/724/724
f 722/722/722 724/724/724 725/725/725
f 726/726/726 727/727/727 728/728/728
f 726/726/726 728/728/728 729/729/729
f 730/730/730 728/728/728 727/727/727
f 730/730/730 727/727/727 731/731/731
f 725/725/725 730/730/730 731/731/731
f 725/725/725 731/731/731 722/722/722
f 729/729/729 732/732/732 733/733/733
f 729/729/729 733/733/733 726/726/726
f 734/734/734 724/724/724 723/723/723
f 734/734/734 723/723/723 735/735/735
f 736/736/736 734/734/734 735/735/735
f 736/736/736 735/735/735 737/737/737
f 718/718/718 733/733/733 732/732/732
f 718/718/718 732/732/732 719/719/719
f 738/738/738 739/739/739 740/740/740
f 738/738/738 740/740/740 741/741/741
f 739/739/739 737/737/737 735/735/735
f 739/739/739 735/735/735 740/740/740
f 723/723/723 740/740/740 735/735/735
f 723/723/723 722/722/722 740/740/740
f 731/731/731 740/740/740 722/722/722
f 738/738/738 741/741/741 733/733/733
f 738/738/738 733/733/733 718/718/718
f 733/733/733 741/741/741 726/726/726
f 726/726/726 741/741/741 727/727/727
f 727/727/727 741/741/741 731/731/731
f 740/740/740 731/731/731 741/741/741
f 742/742/742 743/743/743 721/721/721
f 742/742/742 721/721/721 720/720/720
f 564/564/564 738/738/738 718/718/718
f 564/564/564 718/718/718 565/565/565
f 564/564/564 680/680/680 739/739/739
f 564/564/564 739/739/739 738/738/738
f 680/680/680 681/681/681 737/737/737
f 680/680/680 737/737/737 739/739/739
f 712/712/712 736/736/736 737/737/737
f 712/712/712 737/737/737 681/681/681
f 721/721/721 743/743/743 744/744/744
f 721/721/721 744/744/744 714/714/714
f 715/715/715 714/714/714 744/744/744
f 287/287/287 310/310/310 285/285/285
f 287/287/287 285/285/285 283/283/283
f 745/745/745 746/746/746 747/747/747
f 746/746/746 748/748/748 747/747/747
f 748/748/748 715/715/715 747/747/747
f 744/744/744 747/747/747 715/715/715
f 749/749/749 750/750/750 534/534/534
f 749/749/749 534/534/534 533/533/533
f 686/686/686 749/749/749 533/533/533
f 686/686/686 533/533/533 543/543/543
f 549/549/549 751/751/751 554/554/554
f 549/549/549 554/554/554 561/561/561
f 752/752/752 751/751/751 549/549/549
f 752/752/752 549/549/549 548/548/548
f 753/753/753 596/596/596 595/595/595
f 753/753/753 595/595/595 754/754/754
f 755/755/755 756/756/756 569/569/569
f 755/755/755 569/569/569 568/568/568
f 757/757/757 758/758/758 759/759/759
f 757/757/757 759/759/759 760/760/760
f 761/761/761 581/581/581 580/580/580
f 761/761/761 580/580/580 762/762/762
f 697/697/697 589/589/589 581/581/581
f 697/697/697 581/581/581 761/761/761
f 763/763/763 764/764/764 765/765/765
f 763/763/763 765/765/765 766/766/766
f 412/412/412 381/381/381 662/662/662
f 412/412/412 662/662/662 652/652/652
f 415/415/415 382/382/382 380/380/380
f 415/415/415 380/380/380 411/411/411
f 332/332/332 331/331/331 624/624/624
f 332/332/332 624/624/624 661/661/661
f 411/411/411 380/380/380 381/381/381
f 411/411/411 381/381/381 412/412/412
f 708/708/708 749/749/749 686/686/686
f 710/710/710 697/697/697 761/761/761
f 326/326/326 325/325/325 668/668/668
f 326/326/326 668/668/668 638/638/638
f 767/767/767 746/746/746 745/745/745
f 767/767/767 745/745/745 768/768/768
f 756/756/756 678/678/678 574/574/574
f 756/756/756 574/574/574 569/569/569
f 572/572/572 769/769/769 770/770/770
f 572/572/572 770/770/770 573/573/573
f 766/766/766 765/765/765 751/751/751
f 766/766/766 751/751/751 752/752/752
f 753/753/753 754/754/754 760/760/760
f 753/753/753 760/760/760 759/759/759
f 575/575/575 679/679/679 769/769/769
f 575/575/575 769/769/769 572/572/572
f 716/716/716 715/715/715 748/748/748
f 716/716/716 748/748/748 771/771/771
f 284/284/284 259/259/259 772/772/772
f 284/284/284 772/772/772 289/289/289
f 276/276/276 281/281/281 717/717/717
f 276/276/276 717/717/717 773/773/773
f 277/277/277 276/276/276 773/773/773
f 277/277/277 773/773/773 774/774/774
f 269/269/269 272/272/272 775/775/775
f 269/269/269 775/775/775 776/776/776
f 264/264/264 269/269/269 776/776/776
f 264/264/264 776/776/776 777/777/777
f 265/265/265 264/264/264 777/777/777
f 265/265/265 777/777/777 778/778/778
f 259/259/259 258/258/258 779/779/779
f 259/259/259 779/779/779 772/772/772
f 746/746/746 767/767/767 771/771/771
f 746/746/746 771/771/771 748/748/748
f 770/770/770 769/769/769 743/743/743
f 770/770/770 743/743/743 742/742/742
f 756/756/756 755/755/755 768/768/768
f 756/756/756 768/768/768 745/745/745
f 678/678/678 747/747/747 744/744/744
f 678/678/678 744/744/744 679/679/679
f 679/679/679 744/744/744 743/743/743
f 679/679/679 743/743/743 769/769/769
f 678/678/678 756/756/756 745/745/745
f 678/678/678 745/745/745 747/747/747
f 780/780/780 781/781/781 782/782/782
f 780/780/780 782/782/782 783/783/783
f 781/781/781 314/314/314 315/315/315
f 781/781/781 315/315/315 782/782/782
f 208/208/208 433/433/433 781/781/781
f 208/208/208 781/781/781 780/780/780
f 433/433/433 316/316/316 314/314/314
f 433/433/433 314/314/314 781/781/781
f 784/784/784 785/785/785 786/786/786
f 784/784/784 786/786/786 787/787/787
f 787/787/787 786/786/786 318/318/318
f 787/787/787 318/318/318 317/317/317
f 212/212/212 784/784/784 787/787/787
f 212/212/212 787/787/787 355/355/355
f 355/355/355 787/787/787 317/317/317
f 355/355/355 317/317/317 319/319/319
f 788/788/788 789/789/789 790/790/790
f 788/788/788 790/790/790 791/791/791
f 791/791/791 790/790/790 354/354/354
f 791/791/791 354/354/354 353/353/353
f 243/243/243 788/788/788 791/791/791
f 243/243/243 791/791/791 319/319/319
f 319/319/319 791/791/791 353/353/353
f 319/319/319 353/353/353 355/355/355
f 792/792/792 793/793/793 794/794/794
f 792/792/792 794/794/794 795/795/795
f 793/793/793 431/431/431 432/432/432
f 793/793/793 432/432/432 794/794/794
f 237/237/237 316/316/316 793/793/793
f 237/237/237 793/793/793 792/792/792
f 316/316/316 433/433/433 431/431/431
f 316/316/316 431/431/431 793/793/793
f 785/785/785 796/796/796 797/797/797
f 785/785/785 797/797/797 786/786/786
f 786/786/786 797/797/797 576/576/576
f 786/786/786 576/576/576 318/318/318
f 783/783/783 782/782/782 798/798/798
f 783/783/783 798/798/798 799/799/799
f 782/782/782 315/315/315 577/577/577
f 782/782/782 577/577/577 798/798/798
f 800/800/800 801/801/801 802/802/802
f 800/800/800 802/802/802 803/803/803
f 801/801/801 602/602/602 603/603/603
f 801/801/801 603/603/603 802/802/802
f 194/194/194 197/197/197 804/804/804
f 194/194/194 804/804/804 805/805/805
f 805/805/805 804/804/804 615/615/615
f 805/805/805 615/615/615 614/614/614
f 197/197/197 202/202/202 806/806/806
f 197/197/197 806/806/806 804/804/804
f 804/804/804 806/806/806 620/620/620
f 804/804/804 620/620/620 615/615/615
f 618/618/618 807/807/807 806/806/806
f 618/618/618 806/806/806 202/202/202
f 807/807/807 625/625/625 620/620/620
f 807/807/807 620/620/620 806/806/806
f 619/619/619 808/808/808 807/807/807
f 619/619/619 807/807/807 618/618/618
f 808/808/808 627/627/627 625/625/625
f 808/808/808 625/625/625 807/807/807
f 795/795/795 794/794/794 809/809/809
f 795/795/795 809/809/809 810/810/810
f 794/794/794 432/432/432 644/644/644
f 794/794/794 644/644/644 809/809/809
f 803/803/803 802/802/802 811/811/811
f 803/803/803 811/811/811 812/812/812
f 802/802/802 603/603/603 665/665/665
f 802/802/802 665/665/665 811/811/811
f 789/789/789 813/813/813 814/814/814
f 789/789/789 814/814/814 790/790/790
f 790/790/790 814/814/814 669/669/669
f 790/790/790 669/669/669 354/354/354
f 815/815/815 812/812/812 811/811/811
f 815/815/815 811/811/811 816/816/816
f 816/816/816 811/811/811 665/665/665
f 816/816/816 665/665/665 672/672/672
f 817/817/817 815/815/815 816/816/816
f 817/817/817 816/816/816 818/818/818
f 818/818/818 816/816/816 672/672/672
f 818/818/818 672/672/672 673/673/673
f 704/704/704 819/819/819 808/808/808
f 704/704/704 808/808/808 619/619/619
f 819/819/819 705/705/705 627/627/627
f 819/819/819 627/627/627 808/808/808
f 820/820/820 817/817/817 818/818/818
f 820/820/820 818/818/818 821/821/821
f 821/821/821 818/818/818 673/673/673
f 821/821/821 673/673/673 711/711/711
f 595/595/595 609/609/609 601/601/601
f 595/595/595 601/601/601 754/754/754
f 601/601/601 600/600/600 760/760/760
f 601/601/601 760/760/760 754/754/754
f 600/600/600 629/629/629 757/757/757
f 600/600/600 757/757/757 760/760/760
f 554/554/554 751/751/751 765/765/765
f 554/554/554 765/765/765 555/555/555
f 555/555/555 765/765/765 764/764/764
f 555/555/555 764/764/764 683/683/683
f 822/822/822 823/823/823 824/824/824
f 822/822/822 824/824/824 825/825/825
f 826/826/826 822/822/822 825/825/825
f 826/826/826 825/825/825 827/827/827
f 828/828/828 826/826/826 827/827/827
f 828/828/828 827/827/827 829/829/829
f 830/830/830 828/828/828 829/829/829
f 830/830/830 829/829/829 831/831/831
f 832/832/832 830/830/830 831/831/831
f 832/832/832 831/831/831 833/833/833
f 834/834/834 832/832/832 833/833/833
f 834/834/834 833/833/833 835/835/835
f 836/836/836 834/834/834 835/835/835
f 836/836/836 835/835/835 837/837/837
f 838/838/838 836/836/836 837/837/837
f 838/838/838 837/837/837 839/839/839
f 840/840/840 838/838/838 839/839/839
f 840/840/840 839/839/839 841/841/841
f 842/842/842 840/840/840 841/841/841
f 842/842/842 841/841/841 843/843/843
f 844/844/844 842/842/842 843/843/843
f 844/844/844 843/843/843 845/845/845
f 823/823/823 844/844/844 845/845/845
f 823/823/823 845/845/845 824/824/824
f 846/846/846 847/847/847 848/848/848
f 846/846/846 848/848/848 849/849/849
f 850/850/850 851/851/851 852/852/852
f 850/850/850 852/852/852 853/853/853
f 854/854/854 855/855/855 856/856/856
f 854/854/854 856/856/856 857/857/857
f 851/851/851 858/858/858 859/859/859
f 851/851/851 859/859/859 852/852/852
f 860/860/860 854/854/854 857/857/857
f 860/860/860 857/857/857 861/861/861
f 858/858/858 862/862/862 863/863/863
f 858/858/858 863/863/863 859/859/859
f 864/864/864 860/860/860 861/861/861
f 864/864/864 861/861/861 865/865/865
f 862/862/862 866/866/866 867/867/867
f 862/862/862 867/867/867 863/863/863
f 868/868/868 869/869/869 870/870/870
f 868/868/868 870/870/870 871/871/871
f 866/866/866 872/872/872 873/873/873
f 866/866/866 873/873/873 867/867/867
f 874/874/874 868/868/868 871/871/871
f 874/874/874 871/871/871 875/875/875
f 872/872/872 876/876/876 877/877/877
f 872/872/872 877/877/877 873/873/873
f 878/878/878 874/874/874 875/875/875
f 878/878/878 875/875/875 879/879/879
f 876/876/876 880/880/880 881/881/881
f 876/876/876 881/881/881 877/877/877
f 882/882/882 883/883/883 884/884/884
f 882/882/882 884/884/884 885/885/885
f 880/880/880 886/886/886 887/887/887
f 880/880/880 887/887/887 881/881/881
f 888/888/888 882/882/882 885/885/885
f 888/888/888 885/885/885 889/889/889
f 886/886/886 890/890/890 891/891/891
f 886/886/886 891/891/891 887/887/887
f 892/892/892 888/888/888 889/889/889
f 892/892/892 889/889/889 893/893/893
f 890/890/890 894/894/894 895/895/895
f 890/890/890 895/895/895 891/891/891
f 896/896/896 897/897/897 898/898/898
f 896/896/896 898/898/898 899/899/899
f 894/894/894 900/900/900 901/901/901
f 894/894/894 901/901/901 895/895/895
f 847/847/847 896/896/896 899/899/899
f 847/847/847 899/899/899 848/848/848
f 900/900/900 850/850/850 853/853/853
f 900/900/900 853/853/853 901/901/901
f 902/902/902 903/903/903 904/904/904
f 902/902/902 904/904/904 905/905/905
f 906/906/906 907/907/907 903/903/903
f 906/906/906 903/903/903 902/902/902
f 908/908/908 909/909/909 910/910/910
f 908/908/908 910/910/910 911/911/911
f 912/912/912 908/908/908 911/911/911
f 912/912/912 911/911/911 913/913/913
f 914/914/914 915/915/915 916/916/916
f 914/914/914 916/916/916 917/917/917
f 918/918/918 919/919/919 916/916/916
f 918/918/918 916/916/916 920/920/920
f 921/921/921 922/922/922 919/919/919
f 921/921/921 919/919/919 918/918/918
f 923/923/923 924/924/924 925/925/925
f 923/923/923 925/925/925 926/926/926
f 927/927/927 928/928/928 925/925/925
f 927/927/927 925/925/925 929/929/929
f 930/930/930 927/927/927 929/929/929
f 930/930/930 929/929/929 931/931/931
f 932/932/932 923/923/923 926/926/926
f 932/932/932 926/926/926 933/933/933
f 909/909/909 934/934/934 935/935/935
f 909/909/909 935/935/935 910/910/910
f 825/825/825 824/824/824 936/936/936
f 827/827/827 825/825/825 936/936/936
f 829/829/829 827/827/827 936/936/936
f 831/831/831 829/829/829 936/936/936
f 833/833/833 831/831/831 936/936/936
f 835/835/835 833/833/833 936/936/936
f 837/837/837 835/835/835 936/936/936
f 839/839/839 837/837/837 936/936/936
f 841/841/841 839/839/839 936/936/936
f 843/843/843 841/841/841 936/936/936
f 845/845/845 843/843/843 936/936/936
f 824/824/824 845/845/845 936/936/936
f 503/503/503 502/502/502 937/937/937
f 503/503/503 937/937/937 938/938/938
f 905/905/905 904/904/904 939/939/939
f 905/905/905 939/939/939 940/940/940
f 941/941/941 942/942/942 915/915/915
f 941/941/941 915/915/915 914/914/914
f 509/509/509 511/511/511 943/943/943
f 509/509/509 943/943/943 944/944/944
f 515/515/515 514/514/514 945/945/945
f 515/515/515 945/945/945 946/946/946
f 514/514/514 517/517/517 947/947/947
f 514/514/514 947/947/947 945/945/945
f 517/517/517 519/519/519 948/948/948
f 517/517/517 948/948/948 947/947/947
f 523/523/523 522/522/522 949/949/949
f 523/523/523 949/949/949 950/950/950
f 522/522/522 525/525/525 951/951/951
f 522/522/522 951/951/951 949/949/949
f 952/952/952 953/953/953 922/922/922
f 952/952/952 922/922/922 921/921/921
f 954/954/954 930/930/930 931/931/931
f 954/954/954 931/931/931 955/955/955
f 530/530/530 503/503/503 938/938/938
f 530/530/530 938/938/938 956/956/956
f 901/901/901 853/853/853 957/957/957
f 895/895/895 901/901/901 957/957/957
f 891/891/891 895/895/895 957/957/957
f 887/887/887 891/891/891 957/957/957
f 881/881/881 887/887/887 957/957/957
f 877/877/877 881/881/881 957/957/957
f 873/873/873 877/877/877 957/957/957
f 867/867/867 873/873/873 957/957/957
f 863/863/863 867/867/867 957/957/957
f 859/859/859 863/863/863 957/957/957
f 852/852/852 859/859/859 957/957/957
f 853/853/853 852/852/852 957/957/957
f 848/848/848 899/899/899 956/956/956
f 848/848/848 956/956/956 938/938/938
f 899/899/899 898/898/898 958/958/958
f 899/899/899 958/958/958 956/956/956
f 893/893/893 889/889/889 951/951/951
f 893/893/893 951/951/951 959/959/959
f 889/889/889 885/885/885 949/949/949
f 889/889/889 949/949/949 951/951/951
f 885/885/885 884/884/884 950/950/950
f 885/885/885 950/950/950 949/949/949
f 879/879/879 875/875/875 947/947/947
f 879/879/879 947/947/947 948/948/948
f 875/875/875 871/871/871 945/945/945
f 875/875/875 945/945/945 947/947/947
f 871/871/871 870/870/870 946/946/946
f 871/871/871 946/946/946 945/945/945
f 865/865/865 861/861/861 944/944/944
f 865/865/865 944/944/944 943/943/943
f 861/861/861 857/857/857 960/960/960
f 861/861/861 960/960/960 944/944/944
f 857/857/857 856/856/856 961/961/961
f 857/857/857 961/961/961 960/960/960
f 849/849/849 848/848/848 938/938/938
f 849/849/849 938/938/938 937/937/937
f 507/507/507 506/506/506 960/960/960
f 507/507/507 960/960/960 961/961/961
f 506/506/506 509/509/509 944/944/944
f 506/506/506 944/944/944 960/960/960
f 525/525/525 527/527/527 959/959/959
f 525/525/525 959/959/959 951/951/951
f 531/531/531 530/530/530 956/956/956
f 531/531/531 956/956/956 958/958/958
f 962/962/962 963/963/963 964/964/964
f 962/962/962 964/964/964 965/965/965
f 966/966/966 967/967/967 968/968/968
f 966/966/966 968/968/968 969/969/969
f 970/970/970 971/971/971 972/972/972
f 970/970/970 972/972/972 973/973/973
f 974/974/974 975/975/975 976/976/976
f 974/974/974 976/976/976 977/977/977
f 963/963/963 978/978/978 979/979/979
f 963/963/963 979/979/979 964/964/964
f 978/978/978 980/980/980 981/981/981
f 978/978/978 981/981/981 979/979/979
f 982/982/982 983/983/983 984/984/984
f 982/982/982 984/984/984 985/985/985
f 986/986/986 987/987/987 988/988/988
f 986/986/986 988/988/988 989/989/989
f 975/975/975 966/966/966 969/969/969
f 975/975/975 969/969/969 976/976/976
f 967/967/967 990/990/990 991/991/991
f 967/967/967 991/991/991 968/968/968
f 992/992/992 974/974/974 977/977/977
f 992/992/992 977/977/977 993/993/993
f 980/980/980 970/970/970 973/973/973
f 980/980/980 973/973/973 981/981/981
f 994/994/994 995/995/995 996/996/996
f 994/994/994 996/996/996 997/997/997
f 995/995/995 986/986/986 989/989/989
f 995/995/995 989/989/989 996/996/996
f 998/998/998 999/999/999 1000/1000/1000
f 998/998/998 1000/1000/1000 1001/1001/1001
f 1001/1001/1001 1000/1000/1000 983/983/983
f 1001/1001/1001 983/983/983 982/982/982
f 1002/1002/1002 1003/1003/1003 1004/1004/1004
f 1002/1002/1002 1004/1004/1004 1005/1005/1005
f 1006/1006/1006 1002/1002/1002 1005/1005/1005
f 1006/1006/1006 1005/1005/1005 1007/1007/1007
f 1008/1008/1008 1009/1009/1009 1010/1010/1010
f 1008/1008/1008 1010/1010/1010 1011/1011/1011
f 1012/1012/1012 1008/1008/1008 1011/1011/1011
f 1012/1012/1012 1011/1011/1011 1013/1013/1013
f 1011/1011/1011 1010/1010/1010 1014/1014/1014
f 1011/1011/1011 1014/1014/1014 1015/1015/1015
f 1013/1013/1013 1011/1011/1011 1015/1015/1015
f 1013/1013/1013 1015/1015/1015 1016/1016/1016
f 1015/1015/1015 1014/1014/1014 1017/1017/1017
f 1015/1015/1015 1017/1017/1017 1018/1018/1018
f 1016/1016/1016 1015/1015/1015 1018/1018/1018
f 1016/1016/1016 1018/1018/1018 1019/1019/1019
f 1020/1020/1020 1021/1021/1021 1022/1022/1022
f 1020/1020/1020 1022/1022/1022 1023/1023/1023
f 1024/1024/1024 1020/1020/1020 1023/1023/1023
f 1024/1024/1024 1023/1023/1023 1025/1025/1025
f 1023/1023/1023 1022/1022/1022 1026/1026/1026
f 1023/1023/1023 1026/1026/1026 1027/1027/1027
f 1025/1025/1025 1023/1023/1023 1027/1027/1027
f 1025/1025/1025 1027/1027/1027 1028/1028/1028
f 1029/1029/1029 1030/1030/1030 1003/1003/1003
f 1029/1029/1029 1003/1003/1003 1002/1002/1002
f 1031/1031/1031 1029/1029/1029 1002/1002/1002
f 1031/1031/1031 1002/1002/1002 1006/1006/1006
f 1032/1032/1032 1030/1030/1030 1029/1029/1029
f 1032/1032/1032 1029/1029/1029 1033/1033/1033
f 1034/1034/1034 1035/1035/1035 1030/1030/1030
f 1034/1034/1034 1030/1030/1030 1032/1032/1032
f 1036/1036/1036 1037/1037/1037 1038/1038/1038
f 1036/1036/1036 1038/1038/1038 1039/1039/1039
f 1040/1040/1040 1036/1036/1036 1039/1039/1039
f 1040/1040/1040 1039/1039/1039 1041/1041/1041
f 1027/1027/1027 1026/1026/1026 1039/1039/1039
f 1027/1027/1027 1039/1039/1039 1038/1038/1038
f 1028/1028/1028 1027/1027/1027 1038/1038/1038
f 1028/1028/1028 1038/1038/1038 1042/1042/1042
f 1043/1043/1043 1044/1044/1044 1045/1045/1045
f 1043/1043/1043 1045/1045/1045 1046/1046/1046
f 1047/1047/1047 1048/1048/1048 1044/1044/1044
f 1047/1047/1047 1044/1044/1044 1043/1043/1043
f 1000/1000/1000 1037/1037/1037 1036/1036/1036
f 1000/1000/1000 1036/1036/1036 983/983/983
f 999/999/999 1049/1049/1049 1037/1037/1037
f 999/999/999 1037/1037/1037 1000/1000/1000
f 1044/1044/1044 1050/1050/1050 1051/1051/1051
f 1044/1044/1044 1051/1051/1051 1045/1045/1045
f 1048/1048/1048 1052/1052/1052 1050/1050/1050
f 1048/1048/1048 1050/1050/1050 1044/1044/1044
f 1053/1053/1053 1043/1043/1043 1046/1046/1046
f 1053/1053/1053 1046/1046/1046 1054/1054/1054
f 1055/1055/1055 1047/1047/1047 1043/1043/1043
f 1055/1055/1055 1043/1043/1043 1053/1053/1053
f 996/996/996 989/989/989 1032/1032/1032
f 996/996/996 1032/1032/1032 1033/1033/1033
f 997/997/997 996/996/996 1033/1033/1033
f 997/997/997 1033/1033/1033 1056/1056/1056
f 1057/1057/1057 1053/1053/1053 1054/1054/1054
f 1057/1057/1057 1054/1054/1054 1058/1058/1058
f 1059/1059/1059 1055/1055/1055 1053/1053/1053
f 1059/1059/1059 1053/1053/1053 1057/1057/1057
f 1060/1060/1060 1061/1061/1061 1001/1001/1001
f 1060/1060/1060 1001/1001/1001 982/982/982
f 1062/1062/1062 1060/1060/1060 982/982/982
f 1062/1062/1062 982/982/982 985/985/985
f 1063/1063/1063 986/986/986 995/995/995
f 1063/1063/1063 995/995/995 1064/1064/1064
f 1065/1065/1065 987/987/987 986/986/986
f 1065/1065/1065 986/986/986 1063/1063/1063
f 1066/1066/1066 1057/1057/1057 1058/1058/1058
f 1066/1066/1066 1058/1058/1058 1067/1067/1067
f 1068/1068/1068 1059/1059/1059 1057/1057/1057
f 1068/1068/1068 1057/1057/1057 1066/1066/1066
f 1069/1069/1069 1070/1070/1070 1071/1071/1071
f 1069/1069/1069 1071/1071/1071 1072/1072/1072
f 1073/1073/1073 1069/1069/1069 1072/1072/1072
f 1073/1073/1073 1072/1072/1072 1074/1074/1074
f 1075/1075/1075 1076/1076/1076 1077/1077/1077
f 1075/1075/1075 1077/1077/1077 1078/1078/1078
f 1079/1079/1079 1075/1075/1075 1078/1078/1078
f 1079/1079/1079 1078/1078/1078 1080/1080/1080
f 1081/1081/1081 1082/1082/1082 1083/1083/1083
f 1081/1081/1081 1083/1083/1083 1084/1084/1084
f 1085/1085/1085 1081/1081/1081 1084/1084/1084
f 1085/1085/1085 1084/1084/1084 1086/1086/1086
f 1087/1087/1087 1088/1088/1088 1089/1089/1089
f 1087/1087/1087 1089/1089/1089 1090/1090/1090
f 1091/1091/1091 1092/1092/1092 1088/1088/1088
f 1091/1091/1091 1088/1088/1088 1087/1087/1087
f 1093/1093/1093 1094/1094/1094 1095/1095/1095
f 1093/1093/1093 1095/1095/1095 1096/1096/1096
f 1097/1097/1097 1093/1093/1093 1096/1096/1096
f 1097/1097/1097 1096/1096/1096 1098/1098/1098
f 1099/1099/1099 902/902/902 905/905/905
f 1099/1099/1099 905/905/905 1100/1100/1100
f 1101/1101/1101 906/906/906 902/902/902
f 1101/1101/1101 902/902/902 1099/1099/1099
f 1072/1072/1072 1071/1071/1071 1082/1082/1082
f 1072/1072/1072 1082/1082/1082 1081/1081/1081
f 1074/1074/1074 1072/1072/1072 1081/1081/1081
f 1074/1074/1074 1081/1081/1081 1085/1085/1085
f 1102/1102/1102 1103/1103/1103 1104/1104/1104
f 1102/1102/1102 1104/1104/1104 1105/1105/1105
f 1106/1106/1106 1102/1102/1102 1105/1105/1105
f 1106/1106/1106 1105/1105/1105 1107/1107/1107
f 1108/1108/1108 1109/1109/1109 1110/1110/1110
f 1108/1108/1108 1110/1110/1110 1111/1111/1111
f 1112/1112/1112 1113/1113/1113 1109/1109/1109
f 1112/1112/1112 1109/1109/1109 1108/1108/1108
f 1114/1114/1114 1115/1115/1115 1116/1116/1116
f 1114/1114/1114 1116/1116/1116 1117/1117/1117
f 1118/1118/1118 1114/1114/1114 1117/1117/1117
f 1118/1118/1118 1117/1117/1117 1119/1119/1119
f 1120/1120/1120 1121/1121/1121 1122/1122/1122
f 1120/1120/1120 1122/1122/1122 1123/1123/1123
f 1124/1124/1124 1120/1120/1120 1123/1123/1123
f 1124/1124/1124 1123/1123/1123 1125/1125/1125
f 1126/1126/1126 1127/1127/1127 1076/1076/1076
f 1126/1126/1126 1076/1076/1076 1075/1075/1075
f 1128/1128/1128 1126/1126/1126 1075/1075/1075
f 1128/1128/1128 1075/1075/1075 1079/1079/1079
f 1129/1129/1129 1130/1130/1130 1131/1131/1131
f 1129/1129/1129 1131/1131/1131 1132/1132/1132
f 1133/1133/1133 1134/1134/1134 1130/1130/1130
f 1133/1133/1133 1130/1130/1130 1129/1129/1129
f 1135/1135/1135 1136/1136/1136 1137/1137/1137
f 1135/1135/1135 1137/1137/1137 1138/1138/1138
f 1139/1139/1139 1140/1140/1140 1136/1136/1136
f 1139/1139/1139 1136/1136/1136 1135/1135/1135
f 1141/1141/1141 1142/1142/1142 1103/1103/1103
f 1141/1141/1141 1103/1103/1103 1102/1102/1102
f 1143/1143/1143 1141/1141/1141 1102/1102/1102
f 1143/1143/1143 1102/1102/1102 1106/1106/1106
f 1144/1144/1144 1108/1108/1108 1111/1111/1111
f 1144/1144/1144 1111/1111/1111 1145/1145/1145
f 1146/1146/1146 1112/1112/1112 1108/1108/1108
f 1146/1146/1146 1108/1108/1108 1144/1144/1144
f 1109/1109/1109 1147/1147/1147 1148/1148/1148
f 1109/1109/1109 1148/1148/1148 1110/1110/1110
f 1113/1113/1113 1149/1149/1149 1147/1147/1147
f 1113/1113/1113 1147/1147/1147 1109/1109/1109
f 1130/1130/1130 1087/1087/1087 1090/1090/1090
f 1130/1130/1130 1090/1090/1090 1131/1131/1131
f 1134/1134/1134 1091/1091/1091 1087/1087/1087
f 1134/1134/1134 1087/1087/1087 1130/1130/1130
f 1150/1150/1150 1151/1151/1151 1152/1152/1152
f 1150/1150/1150 1152/1152/1152 1153/1153/1153
f 1154/1154/1154 1150/1150/1150 1153/1153/1153
f 1154/1154/1154 1153/1153/1153 1155/1155/1155
f 1156/1156/1156 1157/1157/1157 1158/1158/1158
f 1156/1156/1156 1158/1158/1158 1159/1159/1159
f 1160/1160/1160 1156/1156/1156 1159/1159/1159
f 1160/1160/1160 1159/1159/1159 1161/1161/1161
f 1084/1084/1084 1083/1083/1083 1162/1162/1162
f 1084/1084/1084 1162/1162/1162 1163/1163/1163
f 1086/1086/1086 1084/1084/1084 1163/1163/1163
f 1086/1086/1086 1163/1163/1163 1164/1164/1164
f 1165/1165/1165 1166/1166/1166 1167/1167/1167
f 1165/1165/1165 1167/1167/1167 1168/1168/1168
f 1169/1169/1169 1165/1165/1165 1168/1168/1168
f 1169/1169/1169 1168/1168/1168 1170/1170/1170
f 1168/1168/1168 1167/1167/1167 1171/1171/1171
f 1168/1168/1168 1171/1171/1171 1172/1172/1172
f 1170/1170/1170 1168/1168/1168 1172/1172/1172
f 1170/1170/1170 1172/1172/1172 1173/1173/1173
f 1174/1174/1174 1135/1135/1135 1138/1138/1138
f 1174/1174/1174 1138/1138/1138 1175/1175/1175
f 1176/1176/1176 1139/1139/1139 1135/1135/1135
f 1176/1176/1176 1135/1135/1135 1174/1174/1174
f 1147/1147/1147 1172/1172/1172 1171/1171/1171
f 1147/1147/1147 1171/1171/1171 1148/1148/1148
f 1149/1149/1149 1173/1173/1173 1172/1172/1172
f 1149/1149/1149 1172/1172/1172 1147/1147/1147
f 1177/1177/1177 1178/1178/1178 909/909/909
f 1177/1177/1177 909/909/909 908/908/908
f 1179/1179/1179 1177/1177/1177 908/908/908
f 1179/1179/1179 908/908/908 912/912/912
f 1096/1096/1096 1095/1095/1095 1180/1180/1180
f 1096/1096/1096 1180/1180/1180 1181/1181/1181
f 1098/1098/1098 1096/1096/1096 1181/1181/1181
f 1098/1098/1098 1181/1181/1181 1182/1182/1182
f 1088/1088/1088 1183/1183/1183 1184/1184/1184
f 1088/1088/1088 1184/1184/1184 1089/1089/1089
f 1092/1092/1092 1185/1185/1185 1183/1183/1183
f 1092/1092/1092 1183/1183/1183 1088/1088/1088
f 1153/1153/1153 1152/1152/1152 1070/1070/1070
f 1153/1153/1153 1070/1070/1070 1069/1069/1069
f 1155/1155/1155 1153/1153/1153 1069/1069/1069
f 1155/1155/1155 1069/1069/1069 1073/1073/1073
f 1186/1186/1186 1187/1187/1187 1166/1166/1166
f 1186/1186/1186 1166/1166/1166 1165/1165/1165
f 1188/1188/1188 1186/1186/1186 1165/1165/1165
f 1188/1188/1188 1165/1165/1165 1169/1169/1169
f 903/903/903 1144/1144/1144 1145/1145/1145
f 903/903/903 1145/1145/1145 904/904/904
f 907/907/907 1146/1146/1146 1144/1144/1144
f 907/907/907 1144/1144/1144 903/903/903
f 1189/1189/1189 1190/1190/1190 1115/1115/1115
f 1189/1189/1189 1115/1115/1115 1114/1114/1114
f 1191/1191/1191 1189/1189/1189 1114/1114/1114
f 1191/1191/1191 1114/1114/1114 1118/1118/1118
f 911/911/911 910/910/910 1121/1121/1121
f 911/911/911 1121/1121/1121 1120/1120/1120
f 913/913/913 911/911/911 1120/1120/1120
f 913/913/913 1120/1120/1120 1124/1124/1124
f 1192/1192/1192 1193/1193/1193 1190/1190/1190
f 1192/1192/1192 1190/1190/1190 1189/1189/1189
f 1194/1194/1194 1192/1192/1192 1189/1189/1189
f 1194/1194/1194 1189/1189/1189 1191/1191/1191
f 1078/1078/1078 1077/1077/1077 1137/1137/1137
f 1078/1078/1078 1137/1137/1137 1136/1136/1136
f 1080/1080/1080 1078/1078/1078 1136/1136/1136
f 1080/1080/1080 1136/1136/1136 1140/1140/1140
f 1195/1195/1195 1129/1129/1129 1132/1132/1132
f 1195/1195/1195 1132/1132/1132 1196/1196/1196
f 1197/1197/1197 1133/1133/1133 1129/1129/1129
f 1197/1197/1197 1129/1129/1129 1195/1195/1195
f 1198/1198/1198 1199/1199/1199 1200/1200/1200
f 1198/1198/1198 1200/1200/1200 1201/1201/1201
f 1202/1202/1202 1203/1203/1203 1199/1199/1199
f 1202/1202/1202 1199/1199/1199 1198/1198/1198
f 1204/1204/1204 1205/1205/1205 1203/1203/1203
f 1204/1204/1204 1203/1203/1203 1202/1202/1202
f 1206/1206/1206 1207/1207/1207 1205/1205/1205
f 1206/1206/1206 1205/1205/1205 1204/1204/1204
f 1208/1208/1208 1198/1198/1198 1201/1201/1201
f 1208/1208/1208 1201/1201/1201 1209/1209/1209
f 1210/1210/1210 1202/1202/1202 1198/1198/1198
f 1210/1210/1210 1198/1198/1198 1208/1208/1208
f 1211/1211/1211 1204/1204/1204 1202/1202/1202
f 1211/1211/1211 1202/1202/1202 1210/1210/1210
f 1212/1212/1212 1206/1206/1206 1204/1204/1204
f 1212/1212/1212 1204/1204/1204 1211/1211/1211
f 1213/1213/1213 1214/1214/1214 1215/1215/1215
f 1213/1213/1213 1215/1215/1215 1216/1216/1216
f 1213/1213/1213 1207/1207/1207 1206/1206/1206
f 1213/1213/1213 1206/1206/1206 1214/1214/1214
f 1217/1217/1217 1218/1218/1218 1219/1219/1219
f 1217/1217/1217 1219/1219/1219 920/920/920
f 1218/1218/1218 1220/1220/1220 1221/1221/1221
f 1218/1218/1218 1221/1221/1221 1219/1219/1219
f 915/915/915 1217/1217/1217 920/920/920
f 915/915/915 920/920/920 916/916/916
f 1222/1222/1222 1214/1214/1214 1206/1206/1206
f 1222/1222/1222 1206/1206/1206 1212/1212/1212
f 1222/1222/1222 1223/1223/1223 1224/1224/1224
f 1222/1222/1222 1224/1224/1224 1225/1225/1225
f 1226/1226/1226 1227/1227/1227 1215/1215/1215
f 1226/1226/1226 1215/1215/1215 1225/1225/1225
f 1227/1227/1227 1228/1228/1228 1219/1219/1219
f 1227/1227/1227 1219/1219/1219 1221/1221/1221
f 1229/1229/1229 1228/1228/1228 1227/1227/1227
f 1229/1229/1229 1227/1227/1227 1226/1226/1226
f 981/981/981 973/973/973 1230/1230/1230
f 981/981/981 1230/1230/1230 1231/1231/1231
f 919/919/919 1232/1232/1232 917/917/917
f 919/919/919 917/917/917 916/916/916
f 922/922/922 1233/1233/1233 1232/1232/1232
f 922/922/922 1232/1232/1232 919/919/919
f 1228/1228/1228 918/918/918 920/920/920
f 1228/1228/1228 920/920/920 1219/1219/1219
f 1229/1229/1229 921/921/921 918/918/918
f 1229/1229/1229 918/918/918 1228/1228/1228
f 993/993/993 977/977/977 1234/1234/1234
f 993/993/993 1234/1234/1234 1235/1235/1235
f 1067/1067/1067 1058/1058/1058 1236/1236/1236
f 1067/1067/1067 1236/1236/1236 1237/1237/1237
f 968/968/968 991/991/991 1238/1238/1238
f 968/968/968 1238/1238/1238 1239/1239/1239
f 976/976/976 969/969/969 1240/1240/1240
f 976/976/976 1240/1240/1240 1241/1241/1241
f 1064/1064/1064 995/995/995 994/994/994
f 1064/1064/1064 994/994/994 1242/1242/1242
f 1061/1061/1061 1243/1243/1243 998/998/998
f 1061/1061/1061 998/998/998 1001/1001/1001
f 1244/1244/1244 1245/1245/1245 1246/1246/1246
f 1244/1244/1244 1246/1246/1246 1247/1247/1247
f 1248/1248/1248 1244/1244/1244 1247/1247/1247
f 1248/1248/1248 1247/1247/1247 1249/1249/1249
f 1250/1250/1250 1248/1248/1248 1249/1249/1249
f 1250/1250/1250 1249/1249/1249 1251/1251/1251
f 1252/1252/1252 1250/1250/1250 1251/1251/1251
f 1252/1252/1252 1251/1251/1251 1253/1253/1253
f 1254/1254/1254 1255/1255/1255 1245/1245/1245
f 1254/1254/1254 1245/1245/1245 1244/1244/1244
f 1256/1256/1256 1254/1254/1254 1244/1244/1244
f 1256/1256/1256 1244/1244/1244 1248/1248/1248
f 1257/1257/1257 1256/1256/1256 1248/1248/1248
f 1257/1257/1257 1248/1248/1248 1250/1250/1250
f 1258/1258/1258 1257/1257/1257 1250/1250/1250
f 1258/1258/1258 1250/1250/1250 1252/1252/1252
f 1259/1259/1259 1260/1260/1260 1261/1261/1261
f 1259/1259/1259 1261/1261/1261 1262/1262/1262
f 1259/1259/1259 1262/1262/1262 1252/1252/1252
f 1259/1259/1259 1252/1252/1252 1253/1253/1253
f 1263/1263/1263 1264/1264/1264 928/928/928
f 1263/1263/1263 928/928/928 1265/1265/1265
f 1266/1266/1266 1263/1263/1263 1265/1265/1265
f 1266/1266/1266 1265/1265/1265 1267/1267/1267
f 1268/1268/1268 1269/1269/1269 974/974/974
f 1268/1268/1268 974/974/974 992/992/992
f 926/926/926 925/925/925 928/928/928
f 926/926/926 928/928/928 1264/1264/1264
f 1270/1270/1270 1258/1258/1258 1252/1252/1252
f 1270/1270/1270 1252/1252/1252 1262/1262/1262
f 1270/1270/1270 1271/1271/1271 1272/1272/1272
f 1270/1270/1270 1272/1272/1272 1273/1273/1273
f 1274/1274/1274 1271/1271/1271 1261/1261/1261
f 1274/1274/1274 1261/1261/1261 1275/1275/1275
f 1275/1275/1275 1267/1267/1267 1265/1265/1265
f 1275/1275/1275 1265/1265/1265 1276/1276/1276
f 1277/1277/1277 1274/1274/1274 1275/1275/1275
f 1277/1277/1277 1275/1275/1275 1276/1276/1276
f 1196/1196/1196 1132/1132/1132 1278/1278/1278
f 1196/1196/1196 1278/1278/1278 1279/1279/1279
f 1280/1280/1280 1281/1281/1281 1282/1282/1282
f 1280/1280/1280 1282/1282/1282 1283/1283/1283
f 929/929/929 925/925/925 924/924/924
f 929/929/929 924/924/924 1284/1284/1284
f 931/931/931 929/929/929 1284/1284/1284
f 931/931/931 1284/1284/1284 1285/1285/1285
f 1276/1276/1276 1265/1265/1265 928/928/928
f 1276/1276/1276 928/928/928 927/927/927
f 1277/1277/1277 1276/1276/1276 927/927/927
f 1277/1277/1277 927/927/927 930/930/930
f 1283/1283/1283 1282/1282/1282 1286/1286/1286
f 1283/1283/1283 1286/1286/1286 1287/1287/1287
f 933/933/933 926/926/926 1264/1264/1264
f 933/933/933 1264/1264/1264 1288/1288/1288
f 1077/1077/1077 1289/1289/1289 1290/1290/1290
f 1077/1077/1077 1290/1290/1290 1137/1137/1137
f 1291/1291/1291 1287/1287/1287 1286/1286/1286
f 1291/1291/1291 1286/1286/1286 1292/1292/1292
f 1293/1293/1293 1291/1291/1291 1292/1292/1292
f 1293/1293/1293 1292/1292/1292 1294/1294/1294
f 1295/1295/1295 1296/1296/1296 1263/1263/1263
f 1295/1295/1295 1263/1263/1263 1266/1266/1266
f 1193/1193/1193 1297/1297/1297 1298/1298/1298
f 1193/1193/1193 1298/1298/1298 1190/1190/1190
f 910/910/910 935/935/935 1299/1299/1299
f 910/910/910 1299/1299/1299 1121/1121/1121
f 1190/1190/1190 1298/1298/1298 1300/1300/1300
f 1190/1190/1190 1300/1300/1300 1115/1115/1115
f 904/904/904 1145/1145/1145 1301/1301/1301
f 904/904/904 1301/1301/1301 939/939/939
f 1187/1187/1187 1302/1302/1302 1303/1303/1303
f 1187/1187/1187 1303/1303/1303 1166/1166/1166
f 1152/1152/1152 1304/1304/1304 1305/1305/1305
f 1152/1152/1152 1305/1305/1305 1070/1070/1070
f 1089/1089/1089 1184/1184/1184 1306/1306/1306
f 1089/1089/1089 1306/1306/1306 1307/1307/1307
f 1095/1095/1095 1308/1308/1308 1309/1309/1309
f 1095/1095/1095 1309/1309/1309 1180/1180/1180
f 1178/1178/1178 1310/1310/1310 934/934/934
f 1178/1178/1178 934/934/934 909/909/909
f 1148/1148/1148 1171/1171/1171 1311/1311/1311
f 1148/1148/1148 1311/1311/1311 1312/1312/1312
f 1175/1175/1175 1138/1138/1138 1313/1313/1313
f 1175/1175/1175 1313/1313/1313 1314/1314/1314
f 1167/1167/1167 1315/1315/1315 1311/1311/1311
f 1167/1167/1167 1311/1311/1311 1171/1171/1171
f 1166/1166/1166 1303/1303/1303 1315/1315/1315
f 1166/1166/1166 1315/1315/1315 1167/1167/1167
f 1083/1083/1083 1316/1316/1316 1317/1317/1317
f 1083/1083/1083 1317/1317/1317 1162/1162/1162
f 1157/1157/1157 1318/1318/1318 1319/1319/1319
f 1157/1157/1157 1319/1319/1319 1158/1158/1158
f 1151/1151/1151 1320/1320/1320 1304/1304/1304
f 1151/1151/1151 1304/1304/1304 1152/1152/1152
f 1131/1131/1131 1090/1090/1090 1321/1321/1321
f 1131/1131/1131 1321/1321/1321 1322/1322/1322
f 1110/1110/1110 1148/1148/1148 1312/1312/1312
f 1110/1110/1110 1312/1312/1312 1323/1323/1323
f 1145/1145/1145 1111/1111/1111 1324/1324/1324
f 1145/1145/1145 1324/1324/1324 1301/1301/1301
f 1142/1142/1142 1325/1325/1325 1326/1326/1326
f 1142/1142/1142 1326/1326/1326 1103/1103/1103
f 1138/1138/1138 1137/1137/1137 1290/1290/1290
f 1138/1138/1138 1290/1290/1290 1313/1313/1313
f 1132/1132/1132 1131/1131/1131 1322/1322/1322
f 1132/1132/1132 1322/1322/1322 1278/1278/1278
f 1127/1127/1127 1327/1327/1327 1328/1328/1328
f 1127/1127/1127 1328/1328/1328 1076/1076/1076
f 1121/1121/1121 1299/1299/1299 1329/1329/1329
f 1121/1121/1121 1329/1329/1329 1122/1122/1122
f 1115/1115/1115 1300/1300/1300 1330/1330/1330
f 1115/1115/1115 1330/1330/1330 1116/1116/1116
f 1269/1269/1269 1331/1331/1331 975/975/975
f 1269/1269/1269 975/975/975 974/974/974
f 1111/1111/1111 1110/1110/1110 1323/1323/1323
f 1111/1111/1111 1323/1323/1323 1324/1324/1324
f 1103/1103/1103 1326/1326/1326 1332/1332/1332
f 1103/1103/1103 1332/1332/1332 1104/1104/1104
f 1296/1296/1296 1288/1288/1288 1264/1264/1264
f 1296/1296/1296 1264/1264/1264 1263/1263/1263
f 1071/1071/1071 1333/1333/1333 1334/1334/1334
f 1071/1071/1071 1334/1334/1334 1082/1082/1082
f 1100/1100/1100 905/905/905 940/940/940
f 1100/1100/1100 940/940/940 1335/1335/1335
f 1094/1094/1094 1336/1336/1336 1308/1308/1308
f 1094/1094/1094 1308/1308/1308 1095/1095/1095
f 1058/1058/1058 1054/1054/1054 1337/1337/1337
f 1058/1058/1058 1337/1337/1337 1236/1236/1236
f 1338/1338/1338 966/966/966 975/975/975
f 1338/1338/1338 975/975/975 1331/1331/1331
f 1339/1339/1339 967/967/967 966/966/966
f 1339/1339/1339 966/966/966 1338/1338/1338
f 989/989/989 988/988/988 1034/1034/1034
f 989/989/989 1034/1034/1034 1032/1032/1032
f 1054/1054/1054 1046/1046/1046 1340/1340/1340
f 1054/1054/1054 1340/1340/1340 1337/1337/1337
f 1045/1045/1045 1051/1051/1051 1341/1341/1341
f 1045/1045/1045 1341/1341/1341 1342/1342/1342
f 942/942/942 1343/1343/1343 1217/1217/1217
f 942/942/942 1217/1217/1217 915/915/915
f 1241/1241/1241 1240/1240/1240 1344/1344/1344
f 1241/1241/1241 1344/1344/1344 1345/1345/1345
f 983/983/983 1036/1036/1036 1040/1040/1040
f 983/983/983 1040/1040/1040 984/984/984
f 979/979/979 981/981/981 1231/1231/1231
f 979/979/979 1231/1231/1231 1346/1346/1346
f 964/964/964 979/979/979 1346/1346/1346
f 964/964/964 1346/1346/1346 1347/1347/1347
f 977/977/977 976/976/976 1241/1241/1241
f 977/977/977 1241/1241/1241 1234/1234/1234
f 1343/1343/1343 1348/1348/1348 1218/1218/1218
f 1343/1343/1343 1218/1218/1218 1217/1217/1217
f 1348/1348/1348 1349/1349/1349 1220/1220/1220
f 1348/1348/1348 1220/1220/1220 1218/1218/1218
f 973/973/973 972/972/972 1350/1350/1350
f 973/973/973 1350/1350/1350 1230/1230/1230
f 1351/1351/1351 1352/1352/1352 1209/1209/1209
f 1351/1351/1351 1209/1209/1209 1353/1353/1353
f 1354/1354/1354 1208/1208/1208 1209/1209/1209
f 1354/1354/1354 1209/1209/1209 1352/1352/1352
f 1355/1355/1355 1210/1210/1210 1208/1208/1208
f 1355/1355/1355 1208/1208/1208 1354/1354/1354
f 1356/1356/1356 1211/1211/1211 1210/1210/1210
f 1356/1356/1356 1210/1210/1210 1355/1355/1355
f 1357/1357/1357 1212/1212/1212 1211/1211/1211
f 1357/1357/1357 1211/1211/1211 1356/1356/1356
f 1223/1223/1223 1222/1222/1222 1212/1212/1212
f 1223/1223/1223 1212/1212/1212 1357/1357/1357
f 1214/1214/1214 1222/1222/1222 1225/1225/1225
f 1214/1214/1214 1225/1225/1225 1215/1215/1215
f 1358/1358/1358 1226/1226/1226 1225/1225/1225
f 1358/1358/1358 1225/1225/1225 1224/1224/1224
f 1359/1359/1359 1229/1229/1229 1226/1226/1226
f 1359/1359/1359 1226/1226/1226 1358/1358/1358
f 953/953/953 1360/1360/1360 1233/1233/1233
f 953/953/953 1233/1233/1233 922/922/922
f 1359/1359/1359 952/952/952 921/921/921
f 1359/1359/1359 921/921/921 1229/1229/1229
f 969/969/969 968/968/968 1239/1239/1239
f 969/969/969 1239/1239/1239 1240/1240/1240
f 1361/1361/1361 1362/1362/1362 1255/1255/1255
f 1361/1361/1361 1255/1255/1255 1363/1363/1363
f 1364/1364/1364 1363/1363/1363 1255/1255/1255
f 1364/1364/1364 1255/1255/1255 1254/1254/1254
f 1365/1365/1365 1364/1364/1364 1254/1254/1254
f 1365/1365/1365 1254/1254/1254 1256/1256/1256
f 1366/1366/1366 1365/1365/1365 1256/1256/1256
f 1366/1366/1366 1256/1256/1256 1257/1257/1257
f 1367/1367/1367 1366/1366/1366 1257/1257/1257
f 1367/1367/1367 1257/1257/1257 1258/1258/1258
f 1273/1273/1273 1367/1367/1367 1258/1258/1258
f 1273/1273/1273 1258/1258/1258 1270/1270/1270
f 1262/1262/1262 1261/1261/1261 1271/1271/1271
f 1262/1262/1262 1271/1271/1271 1270/1270/1270
f 1368/1368/1368 1272/1272/1272 1271/1271/1271
f 1368/1368/1368 1271/1271/1271 1274/1274/1274
f 1369/1369/1369 1368/1368/1368 1274/1274/1274
f 1369/1369/1369 1274/1274/1274 1277/1277/1277
f 955/955/955 931/931/931 1285/1285/1285
f 955/955/955 1285/1285/1285 1370/1370/1370
f 1369/1369/1369 1277/1277/1277 930/930/930
f 1369/1369/1369 930/930/930 954/954/954
f 1371/1371/1371 1293/1293/1293 1294/1294/1294
f 1371/1371/1371 1294/1294/1294 1372/1372/1372
f 1090/1090/1090 1089/1089/1089 1307/1307/1307
f 1090/1090/1090 1307/1307/1307 1321/1321/1321
f 1082/1082/1082 1334/1334/1334 1316/1316/1316
f 1082/1082/1082 1316/1316/1316 1083/1083/1083
f 1373/1373/1373 1351/1351/1351 1353/1353/1353
f 1373/1373/1373 1353/1353/1353 1374/1374/1374
f 1375/1375/1375 1376/1376/1376 1362/1362/1362
f 1375/1375/1375 1362/1362/1362 1361/1361/1361
f 1377/1377/1377 990/990/990 967/967/967
f 1377/1377/1377 967/967/967 1339/1339/1339
f 1046/1046/1046 1045/1045/1045 1342/1342/1342
f 1046/1046/1046 1342/1342/1342 1340/1340/1340
f 965/965/965 964/964/964 1347/1347/1347
f 965/965/965 1347/1347/1347 1378/1378/1378
f 1379/1379/1379 1380/1380/1380 1381/1381/1381
f 1379/1379/1379 1381/1381/1381 1382/1382/1382
f 1026/1026/1026 1383/1383/1383 1041/1041/1041
f 1026/1026/1026 1041/1041/1041 1039/1039/1039
f 1037/1037/1037 1049/1049/1049 1042/1042/1042
f 1037/1037/1037 1042/1042/1042 1038/1038/1038
f 1350/1350/1350 1384/1384/1384 1385/1385/1385
f 1350/1350/1350 1385/1385/1385 1230/1230/1230
f 1382/1382/1382 1386/1386/1386 1387/1387/1387
f 1382/1382/1382 1387/1387/1387 1379/1379/1379
f 1388/1388/1388 1389/1389/1389 1390/1390/1390
f 1388/1388/1388 1390/1390/1390 1391/1391/1391
f 1392/1392/1392 1393/1393/1393 1394/1394/1394
f 1392/1392/1392 1394/1394/1394 1395/1395/1395
f 1396/1396/1396 1397/1397/1397 1395/1395/1395
f 1396/1396/1396 1395/1395/1395 1394/1394/1394
f 1389/1389/1389 1388/1388/1388 1397/1397/1397
f 1389/1389/1389 1397/1397/1397 1396/1396/1396
f 1393/1393/1393 1392/1392/1392 1398/1398/1398
f 1393/1393/1393 1398/1398/1398 1399/1399/1399
f 1400/1400/1400 1401/1401/1401 1391/1391/1391
f 1400/1400/1400 1391/1391/1391 1390/1390/1390
f 1402/1402/1402 1403/1403/1403 1401/1401/1401
f 1402/1402/1402 1401/1401/1401 1400/1400/1400
f 1385/1385/1385 1384/1384/1384 1399/1399/1399
f 1385/1385/1385 1399/1399/1399 1398/1398/1398
f 1404/1404/1404 1405/1405/1405 1406/1406/1406
f 1404/1404/1404 1406/1406/1406 1407/1407/1407
f 1407/1407/1407 1406/1406/1406 1401/1401/1401
f 1407/1407/1407 1401/1401/1401 1403/1403/1403
f 1391/1391/1391 1401/1401/1401 1406/1406/1406
f 1391/1391/1391 1406/1406/1406 1388/1388/1388
f 1397/1397/1397 1388/1388/1388 1406/1406/1406
f 1404/1404/1404 1385/1385/1385 1398/1398/1398
f 1404/1404/1404 1398/1398/1398 1405/1405/1405
f 1398/1398/1398 1392/1392/1392 1405/1405/1405
f 1392/1392/1392 1395/1395/1395 1405/1405/1405
f 1395/1395/1395 1397/1397/1397 1405/1405/1405
f 1406/1406/1406 1405/1405/1405 1397/1397/1397
f 1408/1408/1408 1387/1387/1387 1386/1386/1386
f 1408/1408/1408 1386/1386/1386 1409/1409/1409
f 1231/1231/1231 1230/1230/1230 1385/1385/1385
f 1231/1231/1231 1385/1385/1385 1404/1404/1404
f 1231/1231/1231 1404/1404/1404 1407/1407/1407
f 1231/1231/1231 1407/1407/1407 1346/1346/1346
f 1346/1346/1346 1407/1407/1407 1403/1403/1403
f 1346/1346/1346 1403/1403/1403 1347/1347/1347
f 1378/1378/1378 1347/1347/1347 1403/1403/1403
f 1378/1378/1378 1403/1403/1403 1402/1402/1402
f 1386/1386/1386 1410/1410/1410 1409/1409/1409
f 1386/1386/1386 1382/1382/1382 1410/1410/1410
f 1381/1381/1381 1410/1410/1410 1382/1382/1382
f 1033/1033/1033 1029/1029/1029 1031/1031/1031
f 1033/1033/1033 1031/1031/1031 1056/1056/1056
f 1411/1411/1411 1412/1412/1412 1413/1413/1413
f 1413/1413/1413 1412/1412/1412 1414/1414/1414
f 1414/1414/1414 1412/1412/1412 1381/1381/1381
f 1410/1410/1410 1381/1381/1381 1412/1412/1412
f 1415/1415/1415 1201/1201/1201 1200/1200/1200
f 1415/1415/1415 1200/1200/1200 1416/1416/1416
f 1353/1353/1353 1209/1209/1209 1201/1201/1201
f 1353/1353/1353 1201/1201/1201 1415/1415/1415
f 1215/1215/1215 1227/1227/1227 1221/1221/1221
f 1215/1215/1215 1221/1221/1221 1417/1417/1417
f 1418/1418/1418 1216/1216/1216 1215/1215/1215
f 1418/1418/1418 1215/1215/1215 1417/1417/1417
f 1419/1419/1419 1420/1420/1420 1261/1261/1261
f 1419/1419/1419 1261/1261/1261 1260/1260/1260
f 1421/1421/1421 1235/1235/1235 1234/1234/1234
f 1421/1421/1421 1234/1234/1234 1422/1422/1422
f 1423/1423/1423 1424/1424/1424 1425/1425/1425
f 1423/1423/1423 1425/1425/1425 1426/1426/1426
f 1427/1427/1427 1428/1428/1428 1246/1246/1246
f 1427/1427/1427 1246/1246/1246 1245/1245/1245
f 1362/1362/1362 1427/1427/1427 1245/1245/1245
f 1362/1362/1362 1245/1245/1245 1255/1255/1255
f 1429/1429/1429 1430/1430/1430 1431/1431/1431
f 1429/1429/1429 1431/1431/1431 1432/1432/1432
f 1158/1158/1158 1319/1319/1319 1327/1327/1327
f 1158/1158/1158 1327/1327/1327 1127/1127/1127
f 1161/1161/1161 1159/1159/1159 1126/1126/1126
f 1161/1161/1161 1126/1126/1126 1128/1128/1128
f 1076/1076/1076 1328/1328/1328 1289/1289/1289
f 1076/1076/1076 1289/1289/1289 1077/1077/1077
f 1159/1159/1159 1158/1158/1158 1127/1127/1127
f 1159/1159/1159 1127/1127/1127 1126/1126/1126
f 1374/1374/1374 1353/1353/1353 1415/1415/1415
f 1376/1376/1376 1427/1427/1427 1362/1362/1362
f 1070/1070/1070 1305/1305/1305 1333/1333/1333
f 1070/1070/1070 1333/1333/1333 1071/1071/1071
f 1433/1433/1433 1434/1434/1434 1411/1411/1411
f 1433/1433/1433 1411/1411/1411 1413/1413/1413
f 1422/1422/1422 1234/1234/1234 1241/1241/1241
f 1422/1422/1422 1241/1241/1241 1345/1345/1345
f 1239/1239/1239 1238/1238/1238 1435/1435/1435
f 1239/1239/1239 1435/1435/1435 1436/1436/1436
f 1430/1430/1430 1418/1418/1418 1417/1417/1417
f 1430/1430/1430 1417/1417/1417 1431/1431/1431
f 1419/1419/1419 1425/1425/1425 1424/1424/1424
f 1419/1419/1419 1424/1424/1424 1420/1420/1420
f 1240/1240/1240 1239/1239/1239 1436/1436/1436
f 1240/1240/1240 1436/1436/1436 1344/1344/1344
f 1380/1380/1380 1437/1437/1437 1414/1414/1414
f 1380/1380/1380 1414/1414/1414 1381/1381/1381
f 1030/1030/1030 1035/1035/1035 1438/1438/1438
f 1030/1030/1030 1438/1438/1438 1003/1003/1003
f 1022/1022/1022 1439/1439/1439 1383/1383/1383
f 1022/1022/1022 1383/1383/1383 1026/1026/1026
f 1021/1021/1021 1440/1440/1440 1439/1439/1439
f 1021/1021/1021 1439/1439/1439 1022/1022/1022
f 1014/1014/1014 1441/1441/1441 1442/1442/1442
f 1014/1014/1014 1442/1442/1442 1017/1017/1017
f 1010/1010/1010 1443/1443/1443 1441/1441/1441
f 1010/1010/1010 1441/1441/1441 1014/1014/1014
f 1009/1009/1009 1444/1444/1444 1443/1443/1443
f 1009/1009/1009 1443/1443/1443 1010/1010/1010
f 1003/1003/1003 1438/1438/1438 1445/1445/1445
f 1003/1003/1003 1445/1445/1445 1004/1004/1004
f 1413/1413/1413 1414/1414/1414 1437/1437/1437
f 1413/1413/1413 1437/1437/1437 1433/1433/1433
f 1435/1435/1435 1408/1408/1408 1409/1409/1409
f 1435/1435/1435 1409/1409/1409 1436/1436/1436
f 1422/1422/1422 1411/1411/1411 1434/1434/1434
f 1422/1422/1422 1434/1434/1434 1421/1421/1421
f 1345/1345/1345 1344/1344/1344 1410/1410/1410
f 1345/1345/1345 1410/1410/1410 1412/1412/1412
f 1344/1344/1344 1436/1436/1436 1409/1409/1409
f 1344/1344/1344 1409/1409/1409 1410/1410/1410
f 1345/1345/1345 1412/1412/1412 1411/1411/1411
f 1345/1345/1345 1411/1411/1411 1422/1422/1422
f 1446/1446/1446 1447/1447/1447 1448/1448/1448
f 1446/1446/1446 1448/1448/1448 1449/1449/1449
f 1449/1449/1449 1448/1448/1448 1061/1061/1061
f 1449/1449/1449 1061/1061/1061 1060/1060/1060
f 912/912/912 1446/1446/1446 1449/1449/1449
f 912/912/912 1449/1449/1449 1179/1179/1179
f 1179/1179/1179 1449/1449/1449 1060/1060/1060
f 1179/1179/1179 1060/1060/1060 1062/1062/1062
f 1450/1450/1450 1451/1451/1451 1452/1452/1452
f 1450/1450/1450 1452/1452/1452 1453/1453/1453
f 1451/1451/1451 1063/1063/1063 1064/1064/1064
f 1451/1451/1451 1064/1064/1064 1452/1452/1452
f 906/906/906 1101/1101/1101 1451/1451/1451
f 906/906/906 1451/1451/1451 1450/1450/1450
f 1101/1101/1101 1065/1065/1065 1063/1063/1063
f 1101/1101/1101 1063/1063/1063 1451/1451/1451
f 1454/1454/1454 1455/1455/1455 1456/1456/1456
f 1454/1454/1454 1456/1456/1456 1457/1457/1457
f 1455/1455/1455 1099/1099/1099 1100/1100/1100
f 1455/1455/1455 1100/1100/1100 1456/1456/1456
f 987/987/987 1065/1065/1065 1455/1455/1455
f 987/987/987 1455/1455/1455 1454/1454/1454
f 1065/1065/1065 1101/1101/1101 1099/1099/1099
f 1065/1065/1065 1099/1099/1099 1455/1455/1455
f 1458/1458/1458 1459/1459/1459 1460/1460/1460
f 1458/1458/1458 1460/1460/1460 1461/1461/1461
f 1461/1461/1461 1460/1460/1460 1178/1178/1178
f 1461/1461/1461 1178/1178/1178 1177/1177/1177
f 985/985/985 1458/1458/1458 1461/1461/1461
f 985/985/985 1461/1461/1461 1062/1062/1062
f 1062/1062/1062 1461/1461/1461 1177/1177/1177
f 1062/1062/1062 1177/1177/1177 1179/1179/1179
f 1453/1453/1453 1452/1452/1452 1462/1462/1462
f 1453/1453/1453 1462/1462/1462 1463/1463/1463
f 1452/1452/1452 1064/1064/1064 1242/1242/1242
f 1452/1452/1452 1242/1242/1242 1462/1462/1462
f 1447/1447/1447 1464/1464/1464 1465/1465/1465
f 1447/1447/1447 1465/1465/1465 1448/1448/1448
f 1448/1448/1448 1465/1465/1465 1243/1243/1243
f 1448/1448/1448 1243/1243/1243 1061/1061/1061
f 1466/1466/1466 1467/1467/1467 1468/1468/1468
f 1466/1466/1466 1468/1468/1468 1469/1469/1469
f 1469/1469/1469 1468/1468/1468 1269/1269/1269
f 1469/1469/1469 1269/1269/1269 1268/1268/1268
f 932/932/932 1470/1470/1470 1471/1471/1471
f 932/932/932 1471/1471/1471 923/923/923
f 1470/1470/1470 1280/1280/1280 1283/1283/1283
f 1470/1470/1470 1283/1283/1283 1471/1471/1471
f 923/923/923 1471/1471/1471 1472/1472/1472
f 923/923/923 1472/1472/1472 924/924/924
f 1471/1471/1471 1283/1283/1283 1287/1287/1287
f 1471/1471/1471 1287/1287/1287 1472/1472/1472
f 1284/1284/1284 924/924/924 1472/1472/1472
f 1284/1284/1284 1472/1472/1472 1473/1473/1473
f 1473/1473/1473 1472/1472/1472 1287/1287/1287
f 1473/1473/1473 1287/1287/1287 1291/1291/1291
f 1285/1285/1285 1284/1284/1284 1473/1473/1473
f 1285/1285/1285 1473/1473/1473 1474/1474/1474
f 1474/1474/1474 1473/1473/1473 1291/1291/1291
f 1474/1474/1474 1291/1291/1291 1293/1293/1293
f 1459/1459/1459 1475/1475/1475 1476/1476/1476
f 1459/1459/1459 1476/1476/1476 1460/1460/1460
f 1460/1460/1460 1476/1476/1476 1310/1310/1310
f 1460/1460/1460 1310/1310/1310 1178/1178/1178
f 1467/1467/1467 1477/1477/1477 1478/1478/1478
f 1467/1467/1467 1478/1478/1478 1468/1468/1468
f 1468/1468/1468 1478/1478/1478 1331/1331/1331
f 1468/1468/1468 1331/1331/1331 1269/1269/1269
f 1457/1457/1457 1456/1456/1456 1479/1479/1479
f 1457/1457/1457 1479/1479/1479 1480/1480/1480
f 1456/1456/1456 1100/1100/1100 1335/1335/1335
f 1456/1456/1456 1335/1335/1335 1479/1479/1479
f 1481/1481/1481 1482/1482/1482 1478/1478/1478
f 1481/1481/1481 1478/1478/1478 1477/1477/1477
f 1482/1482/1482 1338/1338/1338 1331/1331/1331
f 1482/1482/1482 1331/1331/1331 1478/1478/1478
f 1483/1483/1483 1484/1484/1484 1482/1482/1482
f 1483/1483/1483 1482/1482/1482 1481/1481/1481
f 1484/1484/1484 1339/1339/1339 1338/1338/1338
f 1484/1484/1484 1338/1338/1338 1482/1482/1482
f 1370/1370/1370 1285/1285/1285 1474/1474/1474
f 1370/1370/1370 1474/1474/1474 1485/1485/1485
f 1485/1485/1485 1474/1474/1474 1293/1293/1293
f 1485/1485/1485 1293/1293/1293 1371/1371/1371
f 1486/1486/1486 1487/1487/1487 1484/1484/1484
f 1486/1486/1486 1484/1484/1484 1483/1483/1483
f 1487/1487/1487 1377/1377/1377 1339/1339/1339
f 1487/1487/1487 1339/1339/1339 1484/1484/1484
f 1261/1261/1261 1420/1420/1420 1267/1267/1267
f 1261/1261/1261 1267/1267/1267 1275/1275/1275
f 1267/1267/1267 1420/1420/1420 1424/1424/1424
f 1267/1267/1267 1424/1424/1424 1266/1266/1266
f 1266/1266/1266 1424/1424/1424 1423/1423/1423
f 1266/1266/1266 1423/1423/1423 1295/1295/1295
f 1221/1221/1221 1220/1220/1220 1431/1431/1431
f 1221/1221/1221 1431/1431/1431 1417/1417/1417
f 1220/1220/1220 1349/1349/1349 1432/1432/1432
f 1220/1220/1220 1432/1432/1432 1431/1431/1431
f 130/130/130 21/21/21 118/118/118
f 130/130/130 118/118/118 117/117/117
f 127/127/127 1488/1488/1488 61/61/61
f 127/127/127 61/61/61 60/60/60
f 1489/1489/1489 1490/1490/1490 1491/1491/1491
f 1489/1489/1489 1491/1491/1491 1492/1492/1492
f 1493/1493/1493 1494/1494/1494 1495/1495/1495
f 1493/1493/1493 1495/1495/1495 1496/1496/1496
f 1497/1497/1497 1489/1489/1489 1492/1492/1492
f 1497/1497/1497 1492/1492/1492 1498/1498/1498
f 1499/1499/1499 1500/1500/1500 1501/1501/1501
f 1499/1499/1499 1501/1501/1501 1502/1502/1502
f 1503/1503/1503 1502/1502/1502 1501/1501/1501
f 1503/1503/1503 1501/1501/1501 1504/1504/1504
f 1505/1505/1505 49/49/49 1506/1506/1506
f 1505/1505/1505 1506/1506/1506 1507/1507/1507
f 1508/1508/1508 1509/1509/1509 1500/1500/1500
f 1508/1508/1508 1500/1500/1500 1499/1499/1499
f 1510/1510/1510 1511/1511/1511 1512/1512/1512
f 1510/1510/1510 1512/1512/1512 1513/1513/1513
f 1514/1514/1514 1515/1515/1515 1516/1516/1516
f 1514/1514/1514 1516/1516/1516 1517/1517/1517
f 1518/1518/1518 1517/1517/1517 1516/1516/1516
f 1518/1518/1518 1516/1516/1516 1519/1519/1519
f 1520/1520/1520 1521/1521/1521 1522/1522/1522
f 1520/1520/1520 1522/1522/1522 1523/1523/1523
f 1524/1524/1524 1525/1525/1525 1496/1496/1496
f 1524/1524/1524 1496/1496/1496 1495/1495/1495
f 1526/1526/1526 1527/1527/1527 1528/1528/1528
f 1526/1526/1526 1528/1528/1528 1529/1529/1529
f 1530/1530/1530 1531/1531/1531 1532/1532/1532
f 1530/1530/1530 1532/1532/1532 1533/1533/1533
f 1534/1534/1534 1535/1535/1535 1496/1496/1496
f 1534/1534/1534 1496/1496/1496 1525/1525/1525
f 1506/1506/1506 49/49/49 48/48/48
f 1506/1506/1506 48/48/48 1536/1536/1536
f 1537/1537/1537 1538/1538/1538 1524/1524/1524
f 1537/1537/1537 1524/1524/1524 1495/1495/1495
f 1539/1539/1539 1514/1514/1514 1517/1517/1517
f 1539/1539/1539 1517/1517/1517 1540/1540/1540
f 1541/1541/1541 1527/1527/1527 1526/1526/1526
f 1541/1541/1541 1526/1526/1526 1542/1542/1542
f 1543/1543/1543 1508/1508/1508 1499/1499/1499
f 1543/1543/1543 1499/1499/1499 1544/1544/1544
f 1545/1545/1545 1543/1543/1543 1544/1544/1544
f 1545/1545/1545 1544/1544/1544 1546/1546/1546
f 1547/1547/1547 1545/1545/1545 1546/1546/1546
f 1547/1547/1547 1546/1546/1546 1548/1548/1548
f 1549/1549/1549 1525/1525/1525 1524/1524/1524
f 1549/1549/1549 1524/1524/1524 1550/1550/1550
f 1551/1551/1551 46/46/46 49/49/49
f 1551/1551/1551 49/49/49 1505/1505/1505
f 1552/1552/1552 1553/1553/1553 1554/1554/1554
f 1552/1552/1552 1554/1554/1554 1510/1510/1510
f 1555/1555/1555 1530/1530/1530 1533/1533/1533
f 1555/1555/1555 1533/1533/1533 1556/1556/1556
f 1557/1557/1557 1531/1531/1531 1530/1530/1530
f 1557/1557/1557 1530/1530/1530 1540/1540/1540
f 1539/1539/1539 1540/1540/1540 1530/1530/1530
f 1539/1539/1539 1530/1530/1530 1555/1555/1555
f 1558/1558/1558 1501/1501/1501 1500/1500/1500
f 1540/1540/1540 1517/1517/1517 1518/1518/1518
f 1540/1540/1540 1518/1518/1518 1557/1557/1557
f 1559/1559/1559 1526/1526/1526 1529/1529/1529
f 1559/1559/1559 1529/1529/1529 1560/1560/1560
f 1561/1561/1561 1542/1542/1542 1526/1526/1526
f 1561/1561/1561 1526/1526/1526 1559/1559/1559
f 1529/1529/1529 1528/1528/1528 1562/1562/1562
f 1529/1529/1529 1562/1562/1562 1563/1563/1563
f 1509/1509/1509 1564/1564/1564 1558/1558/1558
f 1509/1509/1509 1558/1558/1558 1500/1500/1500
f 1565/1565/1565 1534/1534/1534 1525/1525/1525
f 1565/1565/1565 1525/1525/1525 1549/1549/1549
f 1566/1566/1566 1567/1567/1567 1568/1568/1568
f 1566/1566/1566 1568/1568/1568 1569/1569/1569
f 1564/1564/1564 1570/1570/1570 1571/1571/1571
f 1564/1564/1564 1571/1571/1571 1558/1558/1558
f 1567/1567/1567 1572/1572/1572 1513/1513/1513
f 1567/1567/1567 1513/1513/1513 1568/1568/1568
f 1572/1572/1572 1552/1552/1552 1510/1510/1510
f 1572/1572/1572 1510/1510/1510 1513/1513/1513
f 1573/1573/1573 1574/1574/1574 1575/1575/1575
f 1573/1573/1573 1575/1575/1575 1576/1576/1576
f 1553/1553/1553 1573/1573/1573 1576/1576/1576
f 1553/1553/1553 1576/1576/1576 1554/1554/1554
f 1550/1550/1550 1524/1524/1524 1538/1538/1538
f 1550/1550/1550 1538/1538/1538 1577/1577/1577
f 1578/1578/1578 1562/1562/1562 1528/1528/1528
f 1578/1578/1578 1528/1528/1528 1579/1579/1579
f 1580/1580/1580 1581/1581/1581 1575/1575/1575
f 1580/1580/1580 1575/1575/1575 1574/1574/1574
f 1582/1582/1582 1583/1583/1583 1581/1581/1581
f 1582/1582/1582 1581/1581/1581 1580/1580/1580
f 1584/1584/1584 1585/1585/1585 1527/1527/1527
f 1584/1584/1584 1527/1527/1527 1541/1541/1541
f 1585/1585/1585 1579/1579/1579 1528/1528/1528
f 1585/1585/1585 1528/1528/1528 1527/1527/1527
f 1513/1513/1513 1512/1512/1512 1568/1568/1568
f 1568/1568/1568 1512/1512/1512 1586/1586/1586
f 1568/1568/1568 1586/1586/1586 1569/1569/1569
f 1581/1581/1581 1583/1583/1583 1587/1587/1587
f 1588/1588/1588 1589/1589/1589 1531/1531/1531
f 1588/1588/1588 1531/1531/1531 1557/1557/1557
f 1589/1589/1589 1590/1590/1590 1532/1532/1532
f 1589/1589/1589 1532/1532/1532 1531/1531/1531
f 1591/1591/1591 1592/1592/1592 48/48/48
f 1591/1591/1591 48/48/48 47/47/47
f 1566/1566/1566 1569/1569/1569 1593/1593/1593
f 1566/1566/1566 1593/1593/1593 1594/1594/1594
f 1594/1594/1594 1593/1593/1593 1595/1595/1595
f 1594/1594/1594 1595/1595/1595 1596/1596/1596
f 1596/1596/1596 1595/1595/1595 1597/1597/1597
f 1596/1596/1596 1597/1597/1597 1598/1598/1598
f 1599/1599/1599 1492/1492/1492 1491/1491/1491
f 1600/1600/1600 1560/1560/1560 1529/1529/1529
f 1600/1600/1600 1529/1529/1529 1563/1563/1563
f 1494/1494/1494 1601/1601/1601 1537/1537/1537
f 1494/1494/1494 1537/1537/1537 1495/1495/1495
f 1498/1498/1498 1492/1492/1492 1599/1599/1599
f 1498/1498/1498 1599/1599/1599 1602/1602/1602
f 1602/1602/1602 1599/1599/1599 1571/1571/1571
f 1602/1602/1602 1571/1571/1571 1570/1570/1570
f 1603/1603/1603 1512/1512/1512 1511/1511/1511
f 1603/1603/1603 1511/1511/1511 1604/1604/1604
f 1605/1605/1605 1606/1606/1606 1489/1489/1489
f 1605/1605/1605 1489/1489/1489 1497/1497/1497
f 1588/1588/1588 1557/1557/1557 1518/1518/1518
f 1588/1588/1588 1518/1518/1518 1607/1607/1607
f 1608/1608/1608 1609/1609/1609 1606/1606/1606
f 1608/1608/1608 1606/1606/1606 1605/1605/1605
f 1547/1547/1547 1548/1548/1548 1609/1609/1609
f 1547/1547/1547 1609/1609/1609 1608/1608/1608
f 1597/1597/1597 1610/1610/1610 1587/1587/1587
f 1597/1597/1597 1587/1587/1587 1583/1583/1583
f 1611/1611/1611 1493/1493/1493 1496/1496/1496
f 1611/1611/1611 1496/1496/1496 1535/1535/1535
f 1607/1607/1607 1518/1518/1518 1519/1519/1519
f 1607/1607/1607 1519/1519/1519 1612/1612/1612
f 1598/1598/1598 1597/1597/1597 1583/1583/1583
f 1598/1598/1598 1583/1583/1583 1582/1582/1582
f 1592/1592/1592 1613/1613/1613 1536/1536/1536
f 1592/1592/1592 1536/1536/1536 48/48/48
f 1614/1614/1614 1615/1615/1615 1616/1616/1616
f 1614/1614/1614 1616/1616/1616 1617/1617/1617
f 1618/1618/1618 1619/1619/1619 1620/1620/1620
f 1618/1618/1618 1620/1620/1620 1621/1621/1621
f 1622/1622/1622 1614/1614/1614 1617/1617/1617
f 1622/1622/1622 1617/1617/1617 1623/1623/1623
f 1624/1624/1624 1625/1625/1625 1626/1626/1626
f 1624/1624/1624 1626/1626/1626 1627/1627/1627
f 1628/1628/1628 1523/1523/1523 1629/1629/1629
f 1628/1628/1628 1629/1629/1629 1630/1630/1630
f 1631/1631/1631 1632/1632/1632 1625/1625/1625
f 1631/1631/1631 1625/1625/1625 1624/1624/1624
f 1633/1633/1633 1634/1634/1634 1635/1635/1635
f 1633/1633/1633 1635/1635/1635 1636/1636/1636
f 1637/1637/1637 1638/1638/1638 1639/1639/1639
f 1637/1637/1637 1639/1639/1639 1640/1640/1640
f 1641/1641/1641 1640/1640/1640 1639/1639/1639
f 1641/1641/1641 1639/1639/1639 1642/1642/1642
f 1643/1643/1643 1644/1644/1644 1645/1645/1645
f 1643/1643/1643 1645/1645/1645 1646/1646/1646
f 1647/1647/1647 1648/1648/1648 1621/1621/1621
f 1647/1647/1647 1621/1621/1621 1620/1620/1620
f 1649/1649/1649 1650/1650/1650 1651/1651/1651
f 1649/1649/1649 1651/1651/1651 1652/1652/1652
f 1653/1653/1653 1654/1654/1654 1655/1655/1655
f 1653/1653/1653 1655/1655/1655 1656/1656/1656
f 1642/1642/1642 1639/1639/1639 1621/1621/1621
f 1642/1642/1642 1621/1621/1621 1648/1648/1648
f 1629/1629/1629 1523/1523/1523 1522/1522/1522
f 1629/1629/1629 1522/1522/1522 1657/1657/1657
f 1658/1658/1658 1659/1659/1659 1660/1660/1660
f 1658/1658/1658 1660/1660/1660 1661/1661/1661
f 1662/1662/1662 1663/1663/1663 1664/1664/1664
f 1662/1662/1662 1664/1664/1664 1665/1665/1665
f 1666/1666/1666 1650/1650/1650 1649/1649/1649
f 1666/1666/1666 1649/1649/1649 1667/1667/1667
f 1668/1668/1668 1631/1631/1631 1624/1624/1624
f 1668/1668/1668 1624/1624/1624 1669/1669/1669
f 1670/1670/1670 1668/1668/1668 1669/1669/1669
f 1670/1670/1670 1669/1669/1669 1671/1671/1671
f 1672/1672/1672 1670/1670/1670 1671/1671/1671
f 1672/1672/1672 1671/1671/1671 1673/1673/1673
f 1674/1674/1674 1648/1648/1648 1647/1647/1647
f 1674/1674/1674 1647/1647/1647 1675/1675/1675
f 1676/1676/1676 1520/1520/1520 1523/1523/1523
f 1676/1676/1676 1523/1523/1523 1628/1628/1628
f 1677/1677/1677 1678/1678/1678 1679/1679/1679
f 1677/1677/1677 1679/1679/1679 1633/1633/1633
f 1680/1680/1680 1653/1653/1653 1656/1656/1656
f 1680/1680/1680 1656/1656/1656 1681/1681/1681
f 1682/1682/1682 1654/1654/1654 1653/1653/1653
f 1682/1682/1682 1653/1653/1653 1665/1665/1665
f 1662/1662/1662 1665/1665/1665 1653/1653/1653
f 1662/1662/1662 1653/1653/1653 1680/1680/1680
f 1683/1683/1683 1626/1626/1626 1625/1625/1625
f 1665/1665/1665 1664/1664/1664 1684/1684/1684
f 1665/1665/1665 1684/1684/1684 1682/1682/1682
f 1685/1685/1685 1649/1649/1649 1652/1652/1652
f 1685/1685/1685 1652/1652/1652 1686/1686/1686
f 1687/1687/1687 1667/1667/1667 1649/1649/1649
f 1687/1687/1687 1649/1649/1649 1685/1685/1685
f 1652/1652/1652 1651/1651/1651 1659/1659/1659
f 1652/1652/1652 1659/1659/1659 1658/1658/1658
f 1632/1632/1632 1688/1688/1688 1683/1683/1683
f 1632/1632/1632 1683/1683/1683 1625/1625/1625
f 1689/1689/1689 1642/1642/1642 1648/1648/1648
f 1689/1689/1689 1648/1648/1648 1674/1674/1674
f 1690/1690/1690 1691/1691/1691 1692/1692/1692
f 1690/1690/1690 1692/1692/1692 1693/1693/1693
f 1688/1688/1688 1694/1694/1694 1695/1695/1695
f 1688/1688/1688 1695/1695/1695 1683/1683/1683
f 1691/1691/1691 1696/1696/1696 1636/1636/1636
f 1691/1691/1691 1636/1636/1636 1692/1692/1692
f 1696/1696/1696 1677/1677/1677 1633/1633/1633
f 1696/1696/1696 1633/1633/1633 1636/1636/1636
f 1697/1697/1697 1698/1698/1698 1699/1699/1699
f 1697/1697/1697 1699/1699/1699 1700/1700/1700
f 1678/1678/1678 1697/1697/1697 1700/1700/1700
f 1678/1678/1678 1700/1700/1700 1679/1679/1679
f 1701/1701/1701 1660/1660/1660 1659/1659/1659
f 1701/1701/1701 1659/1659/1659 1702/1702/1702
f 1702/1702/1702 1659/1659/1659 1651/1651/1651
f 1702/1702/1702 1651/1651/1651 1703/1703/1703
f 1700/1700/1700 1704/1704/1704 1679/1679/1679
f 1705/1705/1705 1706/1706/1706 1699/1699/1699
f 1705/1705/1705 1699/1699/1699 1698/1698/1698
f 1707/1707/1707 1708/1708/1708 1706/1706/1706
f 1707/1707/1707 1706/1706/1706 1705/1705/1705
f 1709/1709/1709 1710/1710/1710 1650/1650/1650
f 1709/1709/1709 1650/1650/1650 1666/1666/1666
f 1710/1710/1710 1703/1703/1703 1651/1651/1651
f 1710/1710/1710 1651/1651/1651 1650/1650/1650
f 1636/1636/1636 1635/1635/1635 1692/1692/1692
f 1692/1692/1692 1635/1635/1635 1711/1711/1711
f 1692/1692/1692 1711/1711/1711 1693/1693/1693
f 1706/1706/1706 1708/1708/1708 1712/1712/1712
f 1713/1713/1713 1714/1714/1714 1654/1654/1654
f 1713/1713/1713 1654/1654/1654 1682/1682/1682
f 1714/1714/1714 1715/1715/1715 1655/1655/1655
f 1714/1714/1714 1655/1655/1655 1654/1654/1654
f 1716/1716/1716 1717/1717/1717 1522/1522/1522
f 1716/1716/1716 1522/1522/1522 1521/1521/1521
f 1690/1690/1690 1693/1693/1693 1718/1718/1718
f 1690/1690/1690 1718/1718/1718 1719/1719/1719
f 1719/1719/1719 1718/1718/1718 1720/1720/1720
f 1719/1719/1719 1720/1720/1720 1721/1721/1721
f 1721/1721/1721 1720/1720/1720 1722/1722/1722
f 1721/1721/1721 1722/1722/1722 1723/1723/1723
f 1724/1724/1724 1617/1617/1617 1616/1616/1616
f 1725/1725/1725 1726/1726/1726 1616/1616/1616
f 1725/1725/1725 1616/1616/1616 1615/1615/1615
f 1727/1727/1727 1686/1686/1686 1652/1652/1652
f 1727/1727/1727 1652/1652/1652 1658/1658/1658
f 1728/1728/1728 1727/1727/1727 1658/1658/1658
f 1728/1728/1728 1658/1658/1658 1661/1661/1661
f 1623/1623/1623 1617/1617/1617 1724/1724/1724
f 1623/1623/1623 1724/1724/1724 1729/1729/1729
f 1729/1729/1729 1724/1724/1724 1695/1695/1695
f 1729/1729/1729 1695/1695/1695 1694/1694/1694
f 1633/1633/1633 1679/1679/1679 1704/1704/1704
f 1633/1633/1633 1704/1704/1704 1634/1634/1634
f 1730/1730/1730 1635/1635/1635 1634/1634/1634
f 1730/1730/1730 1634/1634/1634 1731/1731/1731
f 1732/1732/1732 1733/1733/1733 1614/1614/1614
f 1732/1732/1732 1614/1614/1614 1622/1622/1622
f 1713/1713/1713 1682/1682/1682 1684/1684/1684
f 1713/1713/1713 1684/1684/1684 1734/1734/1734
f 1735/1735/1735 1736/1736/1736 1733/1733/1733
f 1735/1735/1735 1733/1733/1733 1732/1732/1732
f 1672/1672/1672 1673/1673/1673 1736/1736/1736
f 1672/1672/1672 1736/1736/1736 1735/1735/1735
f 1722/1722/1722 1737/1737/1737 1712/1712/1712
f 1722/1722/1722 1712/1712/1712 1708/1708/1708
f 1638/1638/1638 1618/1618/1618 1621/1621/1621
f 1638/1638/1638 1621/1621/1621 1639/1639/1639
f 1738/1738/1738 1739/1739/1739 1712/1712/1712
f 1738/1738/1738 1712/1712/1712 1737/1737/1737
f 1740/1740/1740 1641/1641/1641 1642/1642/1642
f 1740/1740/1740 1642/1642/1642 1689/1689/1689
f 1723/1723/1723 1722/1722/1722 1708/1708/1708
f 1723/1723/1723 1708/1708/1708 1707/1707/1707
f 1717/1717/1717 1741/1741/1741 1657/1657/1657
f 1717/1717/1717 1657/1657/1657 1522/1522/1522
f 1742/1742/1742 1743/1743/1743 1744/1744/1744
f 1742/1742/1742 1744/1744/1744 1745/1745/1745
f 1746/1746/1746 1747/1747/1747 1748/1748/1748
f 1746/1746/1746 1748/1748/1748 1749/1749/1749
f 1750/1750/1750 1751/1751/1751 1752/1752/1752
f 1750/1750/1750 1752/1752/1752 1753/1753/1753
f 1754/1754/1754 1753/1753/1753 1752/1752/1752
f 1754/1754/1754 1752/1752/1752 1755/1755/1755
f 1756/1756/1756 1646/1646/1646 1757/1757/1757
f 1756/1756/1756 1757/1757/1757 1758/1758/1758
f 1759/1759/1759 1760/1760/1760 1751/1751/1751
f 1759/1759/1759 1751/1751/1751 1750/1750/1750
f 1761/1761/1761 1762/1762/1762 1763/1763/1763
f 1761/1761/1761 1763/1763/1763 1764/1764/1764
f 1765/1765/1765 1764/1764/1764 1763/1763/1763
f 1765/1765/1765 1763/1763/1763 1766/1766/1766
f 1767/1767/1767 1768/1768/1768 1769/1769/1769
f 1767/1767/1767 1769/1769/1769 1770/1770/1770
f 1771/1771/1771 1772/1772/1772 1745/1745/1745
f 1771/1771/1771 1745/1745/1745 1744/1744/1744
f 1773/1773/1773 1774/1774/1774 1775/1775/1775
f 1773/1773/1773 1775/1775/1775 1776/1776/1776
f 1777/1777/1777 1778/1778/1778 1779/1779/1779
f 1777/1777/1777 1779/1779/1779 1780/1780/1780
f 1781/1781/1781 1782/1782/1782 1745/1745/1745
f 1781/1781/1781 1745/1745/1745 1772/1772/1772
f 1757/1757/1757 1646/1646/1646 1645/1645/1645
f 1757/1757/1757 1645/1645/1645 1783/1783/1783
f 1784/1784/1784 1785/1785/1785 1771/1771/1771
f 1784/1784/1784 1771/1771/1771 1744/1744/1744
f 1786/1786/1786 1761/1761/1761 1764/1764/1764
f 1786/1786/1786 1764/1764/1764 1787/1787/1787
f 1788/1788/1788 1774/1774/1774 1773/1773/1773
f 1788/1788/1788 1773/1773/1773 1789/1789/1789
f 1790/1790/1790 1759/1759/1759 1750/1750/1750
f 1790/1790/1790 1750/1750/1750 1791/1791/1791
f 1792/1792/1792 1790/1790/1790 1791/1791/1791
f 1792/1792/1792 1791/1791/1791 1793/1793/1793
f 1794/1794/1794 1792/1792/1792 1793/1793/1793
f 1794/1794/1794 1793/1793/1793 1795/1795/1795
f 1796/1796/1796 1772/1772/1772 1771/1771/1771
f 1796/1796/1796 1771/1771/1771 1797/1797/1797
f 1798/1798/1798 1643/1643/1643 1646/1646/1646
f 1798/1798/1798 1646/1646/1646 1756/1756/1756
f 1799/1799/1799 1800/1800/1800 1801/1801/1801
f 1799/1799/1799 1801/1801/1801 1802/1802/1802
f 1803/1803/1803 1777/1777/1777 1780/1780/1780
f 1803/1803/1803 1780/1780/1780 1804/1804/1804
f 1805/1805/1805 1778/1778/1778 1777/1777/1777
f 1805/1805/1805 1777/1777/1777 1787/1787/1787
f 1786/1786/1786 1787/1787/1787 1777/1777/1777
f 1786/1786/1786 1777/1777/1777 1803/1803/1803
f 1806/1806/1806 1752/1752/1752 1751/1751/1751
f 1787/1787/1787 1764/1764/1764 1765/1765/1765
f 1787/1787/1787 1765/1765/1765 1805/1805/1805
f 1807/1807/1807 1773/1773/1773 1776/1776/1776
f 1807/1807/1807 1776/1776/1776 1808/1808/1808
f 1809/1809/1809 1789/1789/1789 1773/1773/1773
f 1809/1809/1809 1773/1773/1773 1807/1807/1807
f 1776/1776/1776 1775/1775/1775 1810/1810/1810
f 1776/1776/1776 1810/1810/1810 1811/1811/1811
f 1760/1760/1760 1812/1812/1812 1806/1806/1806
f 1760/1760/1760 1806/1806/1806 1751/1751/1751
f 1813/1813/1813 1781/1781/1781 1772/1772/1772
f 1813/1813/1813 1772/1772/1772 1796/1796/1796
f 1814/1814/1814 1815/1815/1815 1816/1816/1816
f 1814/1814/1814 1816/1816/1816 1817/1817/1817
f 1812/1812/1812 1818/1818/1818 1819/1819/1819
f 1812/1812/1812 1819/1819/1819 1806/1806/1806
f 1815/1815/1815 1820/1820/1820 1821/1821/1821
f 1815/1815/1815 1821/1821/1821 1816/1816/1816
f 1820/1820/1820 1799/1799/1799 1802/1802/1802
f 1820/1820/1820 1802/1802/1802 1821/1821/1821
f 1822/1822/1822 1823/1823/1823 1824/1824/1824
f 1822/1822/1822 1824/1824/1824 1825/1825/1825
f 1800/1800/1800 1822/1822/1822 1825/1825/1825
f 1800/1800/1800 1825/1825/1825 1801/1801/1801
f 1797/1797/1797 1771/1771/1771 1785/1785/1785
f 1797/1797/1797 1785/1785/1785 1826/1826/1826
f 1827/1827/1827 1810/1810/1810 1775/1775/1775
f 1827/1827/1827 1775/1775/1775 1828/1828/1828
f 1829/1829/1829 1830/1830/1830 1831/1831/1831
f 1829/1829/1829 1831/1831/1831 1832/1832/1832
f 1825/1825/1825 1831/1831/1831 1801/1801/1801
f 1833/1833/1833 1834/1834/1834 1824/1824/1824
f 1833/1833/1833 1824/1824/1824 1823/1823/1823
f 1835/1835/1835 1836/1836/1836 1834/1834/1834
f 1835/1835/1835 1834/1834/1834 1833/1833/1833
f 1837/1837/1837 1838/1838/1838 1774/1774/1774
f 1837/1837/1837 1774/1774/1774 1788/1788/1788
f 1838/1838/1838 1828/1828/1828 1775/1775/1775
f 1838/1838/1838 1775/1775/1775 1774/1774/1774
f 1839/1839/1839 1840/1840/1840 1778/1778/1778
f 1839/1839/1839 1778/1778/1778 1805/1805/1805
f 1840/1840/1840 1841/1841/1841 1779/1779/1779
f 1840/1840/1840 1779/1779/1779 1778/1778/1778
f 1842/1842/1842 1843/1843/1843 1645/1645/1645
f 1842/1842/1842 1645/1645/1645 1644/1644/1644
f 1814/1814/1814 1817/1817/1817 1844/1844/1844
f 1814/1814/1814 1844/1844/1844 1845/1845/1845
f 1845/1845/1845 1844/1844/1844 1846/1846/1846
f 1845/1845/1845 1846/1846/1846 1847/1847/1847
f 1847/1847/1847 1846/1846/1846 1848/1848/1848
f 1847/1847/1847 1848/1848/1848 1849/1849/1849
f 1850/1850/1850 1808/1808/1808 1776/1776/1776
f 1850/1850/1850 1776/1776/1776 1811/1811/1811
f 1743/1743/1743 1851/1851/1851 1784/1784/1784
f 1743/1743/1743 1784/1784/1784 1744/1744/1744
f 1749/1749/1749 1748/1748/1748 1852/1852/1852
f 1749/1749/1749 1852/1852/1852 1853/1853/1853
f 1853/1853/1853 1852/1852/1852 1819/1819/1819
f 1853/1853/1853 1819/1819/1819 1818/1818/1818
f 1802/1802/1802 1801/1801/1801 1831/1831/1831
f 1802/1802/1802 1831/1831/1831 1830/1830/1830
f 1854/1854/1854 1855/1855/1855 1747/1747/1747
f 1854/1854/1854 1747/1747/1747 1746/1746/1746
f 1839/1839/1839 1805/1805/1805 1765/1765/1765
f 1839/1839/1839 1765/1765/1765 1856/1856/1856
f 1857/1857/1857 1858/1858/1858 1855/1855/1855
f 1857/1857/1857 1855/1855/1855 1854/1854/1854
f 1794/1794/1794 1795/1795/1795 1858/1858/1858
f 1794/1794/1794 1858/1858/1858 1857/1857/1857
f 1859/1859/1859 1742/1742/1742 1745/1745/1745
f 1859/1859/1859 1745/1745/1745 1782/1782/1782
f 1856/1856/1856 1765/1765/1765 1766/1766/1766
f 1856/1856/1856 1766/1766/1766 1860/1860/1860
f 1849/1849/1849 1848/1848/1848 1836/1836/1836
f 1849/1849/1849 1836/1836/1836 1835/1835/1835
f 1843/1843/1843 1861/1861/1861 1783/1783/1783
f 1843/1843/1843 1783/1783/1783 1645/1645/1645
f 1862/1862/1862 1863/1863/1863 1864/1864/1864
f 1862/1862/1862 1864/1864/1864 1865/1865/1865
f 1866/1866/1866 1867/1867/1867 1868/1868/1868
f 1866/1866/1866 1868/1868/1868 1869/1869/1869
f 1870/1870/1870 1862/1862/1862 1865/1865/1865
f 1870/1870/1870 1865/1865/1865 1871/1871/1871
f 1872/1872/1872 1873/1873/1873 1874/1874/1874
f 1872/1872/1872 1874/1874/1874 1875/1875/1875
f 1876/1876/1876 1877/1877/1877 1878/1878/1878
f 1876/1876/1876 1878/1878/1878 1879/1879/1879
f 1880/1880/1880 1879/1879/1879 1878/1878/1878
f 1880/1880/1880 1878/1878/1878 1881/1881/1881
f 1882/1882/1882 1883/1883/1883 1863/1863/1863
f 1882/1882/1882 1863/1863/1863 1884/1884/1884
f 1862/1862/1862 1885/1885/1885 1884/1884/1884
f 1862/1862/1862 1884/1884/1884 1863/1863/1863
f 1886/1886/1886 1770/1770/1770 1887/1887/1887
f 1886/1886/1886 1887/1887/1887 1888/1888/1888
f 1889/1889/1889 1890/1890/1890 1877/1877/1877
f 1889/1889/1889 1877/1877/1877 1876/1876/1876
f 1891/1891/1891 1892/1892/1892 1893/1893/1893
f 1891/1891/1891 1893/1893/1893 1894/1894/1894
f 1895/1895/1895 1894/1894/1894 1893/1893/1893
f 1895/1895/1895 1893/1893/1893 1896/1896/1896
f 1897/1897/1897 1898/1898/1898 1869/1869/1869
f 1897/1897/1897 1869/1869/1869 1868/1868/1868
f 1899/1899/1899 1900/1900/1900 1901/1901/1901
f 1899/1899/1899 1901/1901/1901 1902/1902/1902
f 1903/1903/1903 1904/1904/1904 1905/1905/1905
f 1903/1903/1903 1905/1905/1905 1906/1906/1906
f 1907/1907/1907 1908/1908/1908 1869/1869/1869
f 1907/1907/1907 1869/1869/1869 1898/1898/1898
f 1887/1887/1887 1770/1770/1770 1769/1769/1769
f 1887/1887/1887 1769/1769/1769 1909/1909/1909
f 1910/1910/1910 1911/1911/1911 1912/1912/1912
f 1910/1910/1910 1912/1912/1912 1913/1913/1913
f 1914/1914/1914 1891/1891/1891 1894/1894/1894
f 1914/1914/1914 1894/1894/1894 1915/1915/1915
f 1916/1916/1916 1900/1900/1900 1899/1899/1899
f 1916/1916/1916 1899/1899/1899 1917/1917/1917
f 1918/1918/1918 1889/1889/1889 1876/1876/1876
f 1918/1918/1918 1876/1876/1876 1919/1919/1919
f 1920/1920/1920 1918/1918/1918 1919/1919/1919
f 1920/1920/1920 1919/1919/1919 1921/1921/1921
f 1922/1922/1922 1920/1920/1920 1921/1921/1921
f 1922/1922/1922 1921/1921/1921 1923/1923/1923
f 1924/1924/1924 1898/1898/1898 1897/1897/1897
f 1924/1924/1924 1897/1897/1897 1925/1925/1925
f 1926/1926/1926 1767/1767/1767 1770/1770/1770
f 1926/1926/1926 1770/1770/1770 1886/1886/1886
f 1927/1927/1927 1928/1928/1928 1929/1929/1929
f 1927/1927/1927 1929/1929/1929 1930/1930/1930
f 1931/1931/1931 1903/1903/1903 1906/1906/1906
f 1931/1931/1931 1906/1906/1906 1932/1932/1932
f 1933/1933/1933 1904/1904/1904 1903/1903/1903
f 1933/1933/1933 1903/1903/1903 1915/1915/1915
f 1914/1914/1914 1915/1915/1915 1903/1903/1903
f 1914/1914/1914 1903/1903/1903 1931/1931/1931
f 1934/1934/1934 1878/1878/1878 1877/1877/1877
f 1934/1934/1934 1935/1935/1935 1936/1936/1936
f 1934/1934/1934 1936/1936/1936 1878/1878/1878
f 1915/1915/1915 1894/1894/1894 1895/1895/1895
f 1915/1915/1915 1895/1895/1895 1933/1933/1933
f 1937/1937/1937 1923/1923/1923 1938/1938/1938
f 1937/1937/1937 1938/1938/1938 1884/1884/1884
f 1885/1885/1885 1937/1937/1937 1884/1884/1884
f 1939/1939/1939 1899/1899/1899 1902/1902/1902
f 1939/1939/1939 1902/1902/1902 1940/1940/1940
f 1941/1941/1941 1917/1917/1917 1899/1899/1899
f 1941/1941/1941 1899/1899/1899 1939/1939/1939
f 1902/1902/1902 1901/1901/1901 1911/1911/1911
f 1902/1902/1902 1911/1911/1911 1910/1910/1910
f 1890/1890/1890 1942/1942/1942 1934/1934/1934
f 1890/1890/1890 1934/1934/1934 1877/1877/1877
f 1943/1943/1943 1907/1907/1907 1898/1898/1898
f 1943/1943/1943 1898/1898/1898 1924/1924/1924
f 1944/1944/1944 1945/1945/1945 1946/1946/1946
f 1944/1944/1944 1946/1946/1946 1947/1947/1947
f 1942/1942/1942 1948/1948/1948 1935/1935/1935
f 1942/1942/1942 1935/1935/1935 1934/1934/1934
f 1945/1945/1945 1949/1949/1949 1950/1950/1950
f 1945/1945/1945 1950/1950/1950 1946/1946/1946
f 1949/1949/1949 1927/1927/1927 1930/1930/1930
f 1949/1949/1949 1930/1930/1930 1950/1950/1950
f 1951/1951/1951 1952/1952/1952 1953/1953/1953
f 1951/1951/1951 1953/1953/1953 1954/1954/1954
f 1928/1928/1928 1951/1951/1951 1954/1954/1954
f 1928/1928/1928 1954/1954/1954 1929/1929/1929
f 1955/1955/1955 1912/1912/1912 1911/1911/1911
f 1955/1955/1955 1911/1911/1911 1956/1956/1956
f 1956/1956/1956 1911/1911/1911 1901/1901/1901
f 1956/1956/1956 1901/1901/1901 1957/1957/1957
f 1958/1958/1958 1959/1959/1959 1960/1960/1960
f 1958/1958/1958 1960/1960/1960 1961/1961/1961
f 1954/1954/1954 1953/1953/1953 1962/1962/1962
f 1954/1954/1954 1962/1962/1962 1960/1960/1960
f 1954/1954/1954 1960/1960/1960 1929/1929/1929
f 1873/1873/1873 1963/1963/1963 1874/1874/1874
f 1963/1963/1963 1947/1947/1947 1964/1964/1964
f 1963/1963/1963 1964/1964/1964 1874/1874/1874
f 1965/1965/1965 1966/1966/1966 1953/1953/1953
f 1965/1965/1965 1953/1953/1953 1952/1952/1952
f 1967/1967/1967 1968/1968/1968 1966/1966/1966
f 1967/1967/1967 1966/1966/1966 1965/1965/1965
f 1969/1969/1969 1970/1970/1970 1900/1900/1900
f 1969/1969/1969 1900/1900/1900 1916/1916/1916
f 1970/1970/1970 1957/1957/1957 1901/1901/1901
f 1970/1970/1970 1901/1901/1901 1900/1900/1900
f 1966/1966/1966 1971/1971/1971 1962/1962/1962
f 1966/1966/1966 1962/1962/1962 1953/1953/1953
f 1966/1966/1966 1968/1968/1968 1971/1971/1971
f 1972/1972/1972 1973/1973/1973 1904/1904/1904
f 1972/1972/1972 1904/1904/1904 1933/1933/1933
f 1973/1973/1973 1974/1974/1974 1905/1905/1905
f 1973/1973/1973 1905/1905/1905 1904/1904/1904
f 1975/1975/1975 1976/1976/1976 1769/1769/1769
f 1975/1975/1975 1769/1769/1769 1768/1768/1768
f 1944/1944/1944 1947/1947/1947 1963/1963/1963
f 1944/1944/1944 1963/1963/1963 1977/1977/1977
f 1977/1977/1977 1963/1963/1963 1873/1873/1873
f 1977/1977/1977 1873/1873/1873 1978/1978/1978
f 1978/1978/1978 1873/1873/1873 1872/1872/1872
f 1978/1978/1978 1872/1872/1872 1979/1979/1979
f 1980/1980/1980 1865/1865/1865 1864/1864/1864
f 1980/1980/1980 1864/1864/1864 1936/1936/1936
f 1980/1980/1980 1936/1936/1936 1935/1935/1935
f 1883/1883/1883 1981/1981/1981 1864/1864/1864
f 1883/1883/1883 1864/1864/1864 1863/1863/1863
f 1982/1982/1982 1940/1940/1940 1902/1902/1902
f 1982/1982/1982 1902/1902/1902 1910/1910/1910
f 1983/1983/1983 1982/1982/1982 1910/1910/1910
f 1983/1983/1983 1910/1910/1910 1913/1913/1913
f 1871/1871/1871 1865/1865/1865 1980/1980/1980
f 1871/1871/1871 1980/1980/1980 1984/1984/1984
f 1984/1984/1984 1980/1980/1980 1935/1935/1935
f 1984/1984/1984 1935/1935/1935 1948/1948/1948
f 1930/1930/1930 1929/1929/1929 1960/1960/1960
f 1930/1930/1930 1960/1960/1960 1959/1959/1959
f 59/59/59 58/58/58 60/60/60
f 59/59/59 60/60/60 31/31/31
f 1985/1985/1985 1885/1885/1885 1862/1862/1862
f 1985/1985/1985 1862/1862/1862 1870/1870/1870
f 1972/1972/1972 1933/1933/1933 1895/1895/1895
f 1972/1972/1972 1895/1895/1895 1986/1986/1986
f 1987/1987/1987 1937/1937/1937 1885/1885/1885
f 1987/1987/1987 1885/1885/1885 1985/1985/1985
f 1922/1922/1922 1923/1923/1923 1937/1937/1937
f 1922/1922/1922 1937/1937/1937 1987/1987/1987
f 1872/1872/1872 1875/1875/1875 1971/1971/1971
f 1872/1872/1872 1971/1971/1971 1968/1968/1968
f 1988/1988/1988 1866/1866/1866 1869/1869/1869
f 1988/1988/1988 1869/1869/1869 1908/1908/1908
f 1989/1989/1989 1990/1990/1990 1971/1971/1971
f 1989/1989/1989 1971/1971/1971 1875/1875/1875
f 1986/1986/1986 1895/1895/1895 1896/1896/1896
f 1986/1986/1986 1896/1896/1896 1991/1991/1991
f 1979/1979/1979 1872/1872/1872 1968/1968/1968
f 1979/1979/1979 1968/1968/1968 1967/1967/1967
f 1976/1976/1976 1992/1992/1992 1909/1909/1909
f 1976/1976/1976 1909/1909/1909 1769/1769/1769
f 87/87/87 103/103/103 1993/1993/1993
f 87/87/87 1993/1993/1993 24/24/24
f 136/136/136 37/37/37 1512/1512/1512
f 136/136/136 1512/1512/1512 1603/1603/1603
f 108/108/108 107/107/107 1586/1586/1586
f 108/108/108 1586/1586/1586 1512/1512/1512
f 108/108/108 1512/1512/1512 80/80/80
f 116/116/116 121/121/121 1586/1586/1586
f 116/116/116 1586/1586/1586 107/107/107
f 131/131/131 9/9/9 1993/1993/1993
f 131/131/131 1993/1993/1993 103/103/103
f 27/27/27 1994/1994/1994 9/9/9
f 27/27/27 9/9/9 8/8/8
f 36/36/36 80/80/80 1512/1512/1512
f 36/36/36 1512/1512/1512 37/37/37
f 25/25/25 24/24/24 1502/1502/1502
f 25/25/25 1502/1502/1502 1503/1503/1503
f 1499/1499/1499 1502/1502/1502 24/24/24
f 1499/1499/1499 24/24/24 1544/1544/1544
f 140/140/140 1995/1995/1995 1610/1610/1610
f 140/140/140 1610/1610/1610 121/121/121
f 1597/1597/1597 1595/1595/1595 121/121/121
f 1597/1597/1597 121/121/121 1610/1610/1610
f 1994/1994/1994 1996/1996/1996 1490/1490/1490
f 1994/1994/1994 1490/1490/1490 9/9/9
f 1489/1489/1489 1606/1606/1606 9/9/9
f 1489/1489/1489 9/9/9 1490/1490/1490
f 1558/1558/1558 1571/1571/1571 1997/1997/1997
f 1558/1558/1558 1997/1997/1997 1501/1501/1501
f 1609/1609/1609 1548/1548/1548 1993/1993/1993
f 1609/1609/1609 1993/1993/1993 9/9/9
f 1606/1606/1606 1609/1609/1609 9/9/9
f 1604/1604/1604 1511/1511/1511 1635/1635/1635
f 1604/1604/1604 1635/1635/1635 1730/1730/1730
f 1576/1576/1576 1575/1575/1575 1711/1711/1711
f 1576/1576/1576 1711/1711/1711 1635/1635/1635
f 1576/1576/1576 1635/1635/1635 1554/1554/1554
f 1595/1595/1595 1593/1593/1593 121/121/121
f 1593/1593/1593 1569/1569/1569 1586/1586/1586
f 1593/1593/1593 1586/1586/1586 121/121/121
f 1546/1546/1546 24/24/24 1993/1993/1993
f 1546/1546/1546 1993/1993/1993 1548/1548/1548
f 1544/1544/1544 24/24/24 1546/1546/1546
f 1581/1581/1581 1587/1587/1587 1711/1711/1711
f 1581/1581/1581 1711/1711/1711 1575/1575/1575
f 1599/1599/1599 1491/1491/1491 1997/1997/1997
f 1599/1599/1599 1997/1997/1997 1571/1571/1571
f 1996/1996/1996 1998/1998/1998 1491/1491/1491
f 1996/1996/1996 1491/1491/1491 1490/1490/1490
f 1510/1510/1510 1554/1554/1554 1635/1635/1635
f 1510/1510/1510 1635/1635/1635 1511/1511/1511
f 1995/1995/1995 1999/1999/1999 1587/1587/1587
f 1995/1995/1995 1587/1587/1587 1610/1610/1610
f 1504/1504/1504 1501/1501/1501 1627/1627/1627
f 1504/1504/1504 1627/1627/1627 2000/2000/2000
f 1624/1624/1624 1627/1627/1627 1501/1501/1501
f 1624/1624/1624 1501/1501/1501 1669/1669/1669
f 1999/1999/1999 1738/1738/1738 1737/1737/1737
f 1999/1999/1999 1737/1737/1737 1587/1587/1587
f 1722/1722/1722 1720/1720/1720 1587/1587/1587
f 1722/1722/1722 1587/1587/1587 1737/1737/1737
f 2000/2000/2000 1627/1627/1627 1626/1626/1626
f 2000/2000/2000 1626/1626/1626 2001/2001/2001
f 1998/1998/1998 1725/1725/1725 1615/1615/1615
f 1998/1998/1998 1615/1615/1615 1491/1491/1491
f 1614/1614/1614 1733/1733/1733 1491/1491/1491
f 1614/1614/1614 1491/1491/1491 1615/1615/1615
f 1683/1683/1683 1695/1695/1695 2002/2002/2002
f 1683/1683/1683 2002/2002/2002 1626/1626/1626
f 1736/1736/1736 1673/1673/1673 1997/1997/1997
f 1736/1736/1736 1997/1997/1997 1491/1491/1491
f 1733/1733/1733 1736/1736/1736 1491/1491/1491
f 1731/1731/1731 1634/1634/1634 1704/1704/1704
f 1731/1731/1731 1704/1704/1704 2003/2003/2003
f 1700/1700/1700 1699/1699/1699 2004/2004/2004
f 1700/1700/1700 2004/2004/2004 1704/1704/1704
f 1720/1720/1720 1718/1718/1718 1587/1587/1587
f 1718/1718/1718 1693/1693/1693 1711/1711/1711
f 1718/1718/1718 1711/1711/1711 1587/1587/1587
f 1671/1671/1671 1501/1501/1501 1997/1997/1997
f 1671/1671/1671 1997/1997/1997 1673/1673/1673
f 1669/1669/1669 1501/1501/1501 1671/1671/1671
f 1706/1706/1706 1712/1712/1712 2004/2004/2004
f 1706/1706/1706 2004/2004/2004 1699/1699/1699
f 1724/1724/1724 1616/1616/1616 2002/2002/2002
f 1724/1724/1724 2002/2002/2002 1695/1695/1695
f 2001/2001/2001 1626/1626/1626 1753/1753/1753
f 2001/2001/2001 1753/1753/1753 1754/1754/1754
f 1750/1750/1750 1753/1753/1753 1626/1626/1626
f 1750/1750/1750 1626/1626/1626 1791/1791/1791
f 1747/1747/1747 2005/2005/2005 1884/1884/1884
f 1747/1747/1747 1884/1884/1884 1748/1748/1748
f 1739/1739/1739 2006/2006/2006 2007/2007/2007
f 1739/1739/1739 2007/2007/2007 1712/1712/1712
f 1848/1848/1848 1846/1846/1846 1712/1712/1712
f 1848/1848/1848 1712/1712/1712 2007/2007/2007
f 1726/1726/1726 2008/2008/2008 2005/2005/2005
f 1726/1726/1726 2005/2005/2005 1616/1616/1616
f 1747/1747/1747 1855/1855/1855 1616/1616/1616
f 1747/1747/1747 1616/1616/1616 2005/2005/2005
f 1802/1802/1802 1830/1830/1830 1704/1704/1704
f 1802/1802/1802 1704/1704/1704 1821/1821/1821
f 1806/1806/1806 1819/1819/1819 1938/1938/1938
f 1806/1806/1806 1938/1938/1938 1752/1752/1752
f 1858/1858/1858 1795/1795/1795 2002/2002/2002
f 1858/1858/1858 2002/2002/2002 1616/1616/1616
f 1855/1855/1855 1858/1858/1858 1616/1616/1616
f 1825/1825/1825 1824/1824/1824 1964/1964/1964
f 1825/1825/1825 1964/1964/1964 1831/1831/1831
f 1846/1846/1846 1844/1844/1844 1712/1712/1712
f 1844/1844/1844 1817/1817/1817 2004/2004/2004
f 1844/1844/1844 2004/2004/2004 1712/1712/1712
f 1821/1821/1821 1704/1704/1704 1816/1816/1816
f 1793/1793/1793 1626/1626/1626 2002/2002/2002
f 1793/1793/1793 2002/2002/2002 1795/1795/1795
f 1791/1791/1791 1626/1626/1626 1793/1793/1793
f 1816/1816/1816 1704/1704/1704 2004/2004/2004
f 1816/1816/1816 2004/2004/2004 1817/1817/1817
f 1834/1834/1834 1874/1874/1874 1964/1964/1964
f 1834/1834/1834 1964/1964/1964 1824/1824/1824
f 1834/1834/1834 1836/1836/1836 1874/1874/1874
f 1852/1852/1852 1748/1748/1748 1884/1884/1884
f 1852/1852/1852 1884/1884/1884 1938/1938/1938
f 1852/1852/1852 1938/1938/1938 1819/1819/1819
f 2008/2008/2008 1882/1882/1882 1884/1884/1884
f 2008/2008/2008 1884/1884/1884 2005/2005/2005
f 2003/2003/2003 1704/1704/1704 1830/1830/1830
f 2003/2003/2003 1830/1830/1830 1829/1829/1829
f 1848/1848/1848 2007/2007/2007 1874/1874/1874
f 1848/1848/1848 1874/1874/1874 1836/1836/1836
f 2006/2006/2006 2009/2009/2009 1874/1874/1874
f 2006/2006/2006 1874/1874/1874 2007/2007/2007
f 1755/1755/1755 1752/1752/1752 1879/1879/1879
f 1755/1755/1755 1879/1879/1879 1880/1880/1880
f 1876/1876/1876 1879/1879/1879 1752/1752/1752
f 1876/1876/1876 1752/1752/1752 1919/1919/1919
f 2009/2009/2009 1989/1989/1989 1875/1875/1875
f 2009/2009/2009 1875/1875/1875 1874/1874/1874
f 1930/1930/1930 1959/1959/1959 1831/1831/1831
f 1930/1930/1930 1831/1831/1831 1950/1950/1950
f 1950/1950/1950 1831/1831/1831 1946/1946/1946
f 1921/1921/1921 1752/1752/1752 1938/1938/1938
f 1921/1921/1921 1938/1938/1938 1923/1923/1923
f 1919/1919/1919 1752/1752/1752 1921/1921/1921
f 1946/1946/1946 1831/1831/1831 1964/1964/1964
f 1946/1946/1946 1964/1964/1964 1947/1947/1947
f 1832/1832/1832 1831/1831/1831 1959/1959/1959
f 1832/1832/1832 1959/1959/1959 1958/1958/1958
f 1990/1990/1990 2010/2010/2010 2011/2011/2011
f 1990/1990/1990 2011/2011/2011 2012/2012/2012
f 136/136/136 2013/2013/2013 2014/2014/2014
f 136/136/136 2014/2014/2014 135/135/135
f 1731/1731/1731 2015/2015/2015 2016/2016/2016
f 1731/1731/1731 2016/2016/2016 1730/1730/1730
f 2017/2017/2017 2018/2018/2018 2019/2019/2019
f 2017/2017/2017 2019/2019/2019 2020/2020/2020
f 2021/2021/2021 2022/2022/2022 2023/2023/2023
f 2021/2021/2021 2023/2023/2023 2024/2024/2024
f 2025/2025/2025 2026/2026/2026 2027/2027/2027
f 2025/2025/2025 2027/2027/2027 2028/2028/2028
f 16/16/16 2029/2029/2029 2030/2030/2030
f 16/16/16 2030/2030/2030 140/140/140
f 15/15/15 2031/2031/2031 2029/2029/2029
f 15/15/15 2029/2029/2029 16/16/16
f 1832/1832/1832 2032/2032/2032 2033/2033/2033
f 1832/1832/1832 2033/2033/2033 1829/1829/1829
f 1603/1603/1603 2034/2034/2034 2013/2013/2013
f 1603/1603/1603 2013/2013/2013 136/136/136
f 2035/2035/2035 2036/2036/2036 2037/2037/2037
f 2035/2035/2035 2037/2037/2037 2038/2038/2038
f 2039/2039/2039 2040/2040/2040 2041/2041/2041
f 2039/2039/2039 2041/2041/2041 2042/2042/2042
f 2043/2043/2043 2044/2044/2044 2045/2045/2045
f 2043/2043/2043 2045/2045/2045 2046/2046/2046
f 2009/2009/2009 2047/2047/2047 2048/2048/2048
f 2009/2009/2009 2048/2048/2048 1989/1989/1989
f 2049/2049/2049 2050/2050/2050 2051/2051/2051
f 2049/2049/2049 2051/2051/2051 2052/2052/2052
f 1738/1738/1738 2053/2053/2053 2054/2054/2054
f 1738/1738/1738 2054/2054/2054 1739/1739/1739
f 135/135/135 2014/2014/2014 2055/2055/2055
f 135/135/135 2055/2055/2055 2056/2056/2056
f 2057/2057/2057 2058/2058/2058 2059/2059/2059
f 2057/2057/2057 2059/2059/2059 2060/2060/2060
f 1989/1989/1989 2048/2048/2048 2010/2010/2010
f 1989/1989/1989 2010/2010/2010 1990/1990/1990
f 2061/2061/2061 2062/2062/2062 2063/2063/2063
f 2061/2061/2061 2063/2063/2063 2064/2064/2064
f 1971/1971/1971 2065/2065/2065 2066/2066/2066
f 1971/1971/1971 2066/2066/2066 1962/1962/1962
f 1864/1864/1864 2067/2067/2067 2068/2068/2068
f 1864/1864/1864 2068/2068/2068 1936/1936/1936
f 1962/1962/1962 2066/2066/2066 2069/2069/2069
f 1962/1962/1962 2069/2069/2069 1960/1960/1960
f 1936/1936/1936 2068/2068/2068 2070/2070/2070
f 1936/1936/1936 2070/2070/2070 1878/1878/1878
f 38/38/38 2071/2071/2071 2072/2072/2072
f 38/38/38 2072/2072/2072 114/114/114
f 114/114/114 2072/2072/2072 2073/2073/2073
f 114/114/114 2073/2073/2073 18/18/18
f 2/2/2 2074/2074/2074 2075/2075/2075
f 2/2/2 2075/2075/2075 90/90/90
f 90/90/90 2075/2075/2075 2076/2076/2076
f 90/90/90 2076/2076/2076 28/28/28
f 2077/2077/2077 2078/2078/2078 2079/2079/2079
f 2077/2077/2077 2079/2079/2079 2080/2080/2080
f 2077/2077/2077 2081/2081/2081 2082/2082/2082
f 2077/2077/2077 2082/2082/2082 2078/2078/2078
f 2083/2083/2083 2084/2084/2084 2085/2085/2085
f 2083/2083/2083 2085/2085/2085 2086/2086/2086
f 2084/2084/2084 2083/2083/2083 2087/2087/2087
f 2084/2084/2084 2087/2087/2087 2088/2088/2088
f 2087/2087/2087 2089/2089/2089 2090/2090/2090
f 2087/2087/2087 2090/2090/2090 2088/2088/2088
f 2085/2085/2085 2091/2091/2091 2092/2092/2092
f 2085/2085/2085 2092/2092/2092 2086/2086/2086
f 2081/2081/2081 2017/2017/2017 2020/2020/2020
f 2081/2081/2081 2020/2020/2020 2082/2082/2082
f 2079/2079/2079 2039/2039/2039 2042/2042/2042
f 2079/2079/2079 2042/2042/2042 2080/2080/2080
f 15/15/15 18/18/18 2073/2073/2073
f 15/15/15 2073/2073/2073 2093/2093/2093
f 2046/2046/2046 2045/2045/2045 2050/2050/2050
f 2046/2046/2046 2050/2050/2050 2049/2049/2049
f 2/2/2 1/1/1 2094/2094/2094
f 2/2/2 2094/2094/2094 2074/2074/2074
f 38/38/38 135/135/135 2056/2056/2056
f 38/38/38 2056/2056/2056 2071/2071/2071
f 1999/1999/1999 2095/2095/2095 2053/2053/2053
f 1999/1999/1999 2053/2053/2053 1738/1738/1738
f 26/26/26 28/28/28 2076/2076/2076
f 26/26/26 2076/2076/2076 2096/2096/2096
f 1971/1971/1971 1990/1990/1990 2012/2012/2012
f 1971/1971/1971 2012/2012/2012 2065/2065/2065
f 1725/1725/1725 2097/2097/2097 2098/2098/2098
f 1725/1725/1725 2098/2098/2098 1726/1726/1726
f 1881/1881/1881 1878/1878/1878 2070/2070/2070
f 1881/1881/1881 2070/2070/2070 2099/2099/2099
f 1961/1961/1961 1960/1960/1960 2069/2069/2069
f 1961/1961/1961 2069/2069/2069 2100/2100/2100
f 2101/2101/2101 2102/2102/2102 2103/2103/2103
f 2101/2101/2101 2103/2103/2103 2104/2104/2104
f 1864/1864/1864 1981/1981/1981 2105/2105/2105
f 1864/1864/1864 2105/2105/2105 2067/2067/2067
f 2106/2106/2106 2046/2046/2046 2049/2049/2049
f 2106/2106/2106 2049/2049/2049 2107/2107/2107
f 2046/2046/2046 2106/2106/2106 2108/2108/2108
f 2046/2046/2046 2108/2108/2108 2043/2043/2043
f 2109/2109/2109 2110/2110/2110 2043/2043/2043
f 2109/2109/2109 2043/2043/2043 2108/2108/2108
f 2110/2110/2110 2109/2109/2109 2111/2111/2111
f 2110/2110/2110 2111/2111/2111 2112/2112/2112
f 2113/2113/2113 2114/2114/2114 2112/2112/2112
f 2113/2113/2113 2112/2112/2112 2111/2111/2111
f 2113/2113/2113 2115/2115/2115 2116/2116/2116
f 2113/2113/2113 2116/2116/2116 2114/2114/2114
f 2117/2117/2117 2116/2116/2116 2115/2115/2115
f 2117/2117/2117 2115/2115/2115 2118/2118/2118
f 2117/2117/2117 2118/2118/2118 2119/2119/2119
f 2117/2117/2117 2119/2119/2119 2120/2120/2120
f 2121/2121/2121 2122/2122/2122 2120/2120/2120
f 2121/2121/2121 2120/2120/2120 2119/2119/2119
f 2122/2122/2122 2121/2121/2121 2123/2123/2123
f 2122/2122/2122 2123/2123/2123 2124/2124/2124
f 2125/2125/2125 2126/2126/2126 2127/2127/2127
f 2125/2125/2125 2127/2127/2127 2128/2128/2128
f 2125/2125/2125 2129/2129/2129 2130/2130/2130
f 2125/2125/2125 2130/2130/2130 2126/2126/2126
f 2131/2131/2131 2130/2130/2130 2129/2129/2129
f 2131/2131/2131 2129/2129/2129 2025/2025/2025
f 2131/2131/2131 2025/2025/2025 2028/2028/2028
f 2131/2131/2131 2028/2028/2028 2132/2132/2132
f 2133/2133/2133 2134/2134/2134 2132/2132/2132
f 2133/2133/2133 2132/2132/2132 2028/2028/2028
f 2133/2133/2133 2135/2135/2135 2136/2136/2136
f 2133/2133/2133 2136/2136/2136 2134/2134/2134
f 2061/2061/2061 2137/2137/2137 2136/2136/2136
f 2061/2061/2061 2136/2136/2136 2135/2135/2135
f 2061/2061/2061 2064/2064/2064 2138/2138/2138
f 2061/2061/2061 2138/2138/2138 2137/2137/2137
f 2021/2021/2021 2139/2139/2139 2138/2138/2138
f 2021/2021/2021 2138/2138/2138 2064/2064/2064
f 2021/2021/2021 2024/2024/2024 2140/2140/2140
f 2021/2021/2021 2140/2140/2140 2139/2139/2139
f 2123/2123/2123 2141/2141/2141 2142/2142/2142
f 2123/2123/2123 2142/2142/2142 2124/2124/2124
f 2140/2140/2140 2024/2024/2024 2143/2143/2143
f 2140/2140/2140 2143/2143/2143 2144/2144/2144
f 2107/2107/2107 2049/2049/2049 2052/2052/2052
f 2107/2107/2107 2052/2052/2052 2145/2145/2145
f 2128/2128/2128 2127/2127/2127 2146/2146/2146
f 2128/2128/2128 2146/2146/2146 2147/2147/2147
f 2148/2148/2148 2149/2149/2149 2150/2150/2150
f 2148/2148/2148 2150/2150/2150 2151/2151/2151
f 2006/2006/2006 2152/2152/2152 2047/2047/2047
f 2006/2006/2006 2047/2047/2047 2009/2009/2009
f 1604/1604/1604 2153/2153/2153 2034/2034/2034
f 1604/1604/1604 2034/2034/2034 1603/1603/1603
f 2091/2091/2091 2154/2154/2154 2155/2155/2155
f 2091/2091/2091 2155/2155/2155 2092/2092/2092
f 2156/2156/2156 2157/2157/2157 2158/2158/2158
f 2156/2156/2156 2158/2158/2158 2159/2159/2159
f 2160/2160/2160 2161/2161/2161 2157/2157/2157
f 2160/2160/2160 2157/2157/2157 2156/2156/2156
f 2162/2162/2162 2163/2163/2163 2164/2164/2164
f 2162/2162/2162 2164/2164/2164 2165/2165/2165
f 1961/1961/1961 2166/2166/2166 2167/2167/2167
f 1961/1961/1961 2167/2167/2167 1958/1958/1958
f 2168/2168/2168 2169/2169/2169 2170/2170/2170
f 2168/2168/2168 2170/2170/2170 2171/2171/2171
f 2000/2000/2000 2172/2172/2172 2173/2173/2173
f 2000/2000/2000 2173/2173/2173 1504/1504/1504
f 2001/2001/2001 2174/2174/2174 2172/2172/2172
f 2001/2001/2001 2172/2172/2172 2000/2000/2000
f 2142/2142/2142 2175/2175/2175 2176/2176/2176
f 2142/2142/2142 2176/2176/2176 2124/2124/2124
f 2177/2177/2177 2178/2178/2178 2179/2179/2179
f 2177/2177/2177 2179/2179/2179 2180/2180/2180
f 2089/2089/2089 2181/2181/2181 2182/2182/2182
f 2089/2089/2089 2182/2182/2182 2090/2090/2090
f 2100/2100/2100 2183/2183/2183 2166/2166/2166
f 2100/2100/2100 2166/2166/2166 1961/1961/1961
f 1958/1958/1958 2167/2167/2167 2032/2032/2032
f 1958/1958/1958 2032/2032/2032 1832/1832/1832
f 1739/1739/1739 2054/2054/2054 2152/2152/2152
f 1739/1739/1739 2152/2152/2152 2006/2006/2006
f 1995/1995/1995 2184/2184/2184 2095/2095/2095
f 1995/1995/1995 2095/2095/2095 1999/1999/1999
f 140/140/140 2030/2030/2030 2184/2184/2184
f 140/140/140 2184/2184/2184 1995/1995/1995
f 1829/1829/1829 2033/2033/2033 2185/2185/2185
f 1829/1829/1829 2185/2185/2185 2003/2003/2003
f 2003/2003/2003 2185/2185/2185 2015/2015/2015
f 2003/2003/2003 2015/2015/2015 1731/1731/1731
f 2159/2159/2159 2158/2158/2158 2186/2186/2186
f 2159/2159/2159 2186/2186/2186 2187/2187/2187
f 2120/2120/2120 2188/2188/2188 2189/2189/2189
f 2120/2120/2120 2189/2189/2189 2117/2117/2117
f 2125/2125/2125 2190/2190/2190 2191/2191/2191
f 2125/2125/2125 2191/2191/2191 2129/2129/2129
f 1998/1998/1998 2192/2192/2192 2097/2097/2097
f 1998/1998/1998 2097/2097/2097 1725/1725/1725
f 1730/1730/1730 2016/2016/2016 2153/2153/2153
f 1730/1730/1730 2153/2153/2153 1604/1604/1604
f 2041/2041/2041 2193/2193/2193 2194/2194/2194
f 2041/2041/2041 2194/2194/2194 2042/2042/2042
f 2093/2093/2093 2195/2195/2195 2031/2031/2031
f 2093/2093/2093 2031/2031/2031 15/15/15
f 2196/2196/2196 2197/2197/2197 2198/2198/2198
f 2196/2196/2196 2198/2198/2198 2199/2199/2199
f 2200/2200/2200 2201/2201/2201 2202/2202/2202
f 2200/2200/2200 2202/2202/2202 2203/2203/2203
f 2204/2204/2204 2205/2205/2205 2206/2206/2206
f 2204/2204/2204 2206/2206/2206 2207/2207/2207
f 2203/2203/2203 2202/2202/2202 2208/2208/2208
f 2203/2203/2203 2208/2208/2208 2209/2209/2209
f 2209/2209/2209 2208/2208/2208 2210/2210/2210
f 2209/2209/2209 2210/2210/2210 2211/2211/2211
f 2212/2212/2212 2213/2213/2213 2214/2214/2214
f 2212/2212/2212 2214/2214/2214 2215/2215/2215
f 2216/2216/2216 2217/2217/2217 2201/2201/2201
f 2216/2216/2216 2201/2201/2201 2200/2200/2200
f 2215/2215/2215 2214/2214/2214 2218/2218/2218
f 2215/2215/2215 2218/2218/2218 2219/2219/2219
f 2220/2220/2220 2221/2221/2221 2222/2222/2222
f 2220/2220/2220 2222/2222/2222 2223/2223/2223
f 2223/2223/2223 2222/2222/2222 2224/2224/2224
f 2223/2223/2223 2224/2224/2224 2225/2225/2225
f 2226/2226/2226 2227/2227/2227 2228/2228/2228
f 2226/2226/2226 2228/2228/2228 2229/2229/2229
f 2230/2230/2230 2231/2231/2231 2232/2232/2232
f 2230/2230/2230 2232/2232/2232 2233/2233/2233
f 2234/2234/2234 2235/2235/2235 2236/2236/2236
f 2234/2234/2234 2236/2236/2236 2237/2237/2237
f 2237/2237/2237 2236/2236/2236 2231/2231/2231
f 2237/2237/2237 2231/2231/2231 2230/2230/2230
f 2233/2233/2233 2232/2232/2232 2227/2227/2227
f 2233/2233/2233 2227/2227/2227 2226/2226/2226
f 2199/2199/2199 2198/2198/2198 2213/2213/2213
f 2199/2199/2199 2213/2213/2213 2212/2212/2212
f 2211/2211/2211 2210/2210/2210 2238/2238/2238
f 2211/2211/2211 2238/2238/2238 2239/2239/2239
f 2207/2207/2207 2206/2206/2206 2240/2240/2240
f 2207/2207/2207 2240/2240/2240 2241/2241/2241
f 2242/2242/2242 2243/2243/2243 2197/2197/2197
f 2242/2242/2242 2197/2197/2197 2196/2196/2196
f 2241/2241/2241 2240/2240/2240 2221/2221/2221
f 2241/2241/2241 2221/2221/2221 2220/2220/2220
f 2244/2244/2244 2245/2245/2245 2246/2246/2246
f 2244/2244/2244 2246/2246/2246 2247/2247/2247
f 2064/2064/2064 2063/2063/2063 2022/2022/2022
f 2064/2064/2064 2022/2022/2022 2021/2021/2021
f 2089/2089/2089 2248/2248/2248 2249/2249/2249
f 2089/2089/2089 2249/2249/2249 2181/2181/2181
f 2017/2017/2017 2250/2250/2250 2251/2251/2251
f 2017/2017/2017 2251/2251/2251 2018/2018/2018
f 2112/2112/2112 2252/2252/2252 2253/2253/2253
f 2112/2112/2112 2253/2253/2253 2110/2110/2110
f 2254/2254/2254 2255/2255/2255 2256/2256/2256
f 2254/2254/2254 2256/2256/2256 2257/2257/2257
f 2258/2258/2258 2259/2259/2259 2169/2169/2169
f 2258/2258/2258 2169/2169/2169 2168/2168/2168
f 2155/2155/2155 2260/2260/2260 2261/2261/2261
f 2155/2155/2155 2261/2261/2261 2092/2092/2092
f 2128/2128/2128 2262/2262/2262 2190/2190/2190
f 2128/2128/2128 2190/2190/2190 2125/2125/2125
f 2135/2135/2135 2263/2263/2263 2062/2062/2062
f 2135/2135/2135 2062/2062/2062 2061/2061/2061
f 2264/2264/2264 2265/2265/2265 2266/2266/2266
f 2264/2264/2264 2266/2266/2266 2267/2267/2267
f 2024/2024/2024 2023/2023/2023 2268/2268/2268
f 2024/2024/2024 2268/2268/2268 2143/2143/2143
f 2129/2129/2129 2191/2191/2191 2026/2026/2026
f 2129/2129/2129 2026/2026/2026 2025/2025/2025
f 2124/2124/2124 2176/2176/2176 2269/2269/2269
f 2124/2124/2124 2269/2269/2269 2122/2122/2122
f 2270/2270/2270 2271/2271/2271 2272/2272/2272
f 2270/2270/2270 2272/2272/2272 2273/2273/2273
f 2110/2110/2110 2253/2253/2253 2044/2044/2044
f 2110/2110/2110 2044/2044/2044 2043/2043/2043
f 2274/2274/2274 2275/2275/2275 2245/2245/2245
f 2274/2274/2274 2245/2245/2245 2244/2244/2244
f 2171/2171/2171 2170/2170/2170 2178/2178/2178
f 2171/2171/2171 2178/2178/2178 2177/2177/2177
f 2276/2276/2276 2277/2277/2277 2275/2275/2275
f 2276/2276/2276 2275/2275/2275 2274/2274/2274
f 2117/2117/2117 2189/2189/2189 2278/2278/2278
f 2117/2117/2117 2278/2278/2278 2116/2116/2116
f 2279/2279/2279 2280/2280/2280 2255/2255/2255
f 2279/2279/2279 2255/2255/2255 2254/2254/2254
f 2147/2147/2147 2281/2281/2281 2262/2262/2262
f 2147/2147/2147 2262/2262/2262 2128/2128/2128
f 2187/2187/2187 2186/2186/2186 2163/2163/2163
f 2187/2187/2187 2163/2163/2163 2162/2162/2162
f 2122/2122/2122 2269/2269/2269 2188/2188/2188
f 2122/2122/2122 2188/2188/2188 2120/2120/2120
f 2257/2257/2257 2256/2256/2256 2149/2149/2149
f 2257/2257/2257 2149/2149/2149 2148/2148/2148
f 2247/2247/2247 2246/2246/2246 2036/2036/2036
f 2247/2247/2247 2036/2036/2036 2035/2035/2035
f 2180/2180/2180 2179/2179/2179 2282/2282/2282
f 2180/2180/2180 2282/2282/2282 2283/2283/2283
f 2284/2284/2284 2285/2285/2285 2280/2280/2280
f 2284/2284/2284 2280/2280/2280 2279/2279/2279
