v 0.3509719669818878 0.2929781973361969 0.5076634883880615
v 0.35243070125579834 0.2930770516395569 0.5075538158416748
v 0.35243070125579834 0.29244694113731384 0.5069184303283691
v 0.35096287727355957 0.2923469841480255 0.5070293545722961
v 0.35106781125068665 0.2900494337081909 0.505711555480957
v 0.35243070125579834 0.2901362180709839 0.5056152939796448
v 0.35243070125579834 0.289972186088562 0.5057544112205505
v 0.3511064052581787 0.2898902893066406 0.505845308303833
v 0.35175687074661255 0.28780248761177063 0.508161723613739
v 0.34997981786727905 0.2892681658267975 0.506535530090332
v 0.3509719669818878 0.2916509211063385 0.5064671635627747
v 0.3496125042438507 0.29090020060539246 0.5073000192642212
v 0.34958770871162415 0.29158759117126465 0.5078718662261963
v 0.3498743176460266 0.2893904149532318 0.5064427852630615
v 0.35106781125068665 0.2900494337081909 0.505711555480957
v 0.3498743176460266 0.2893904149532318 0.5064427852630615
v 0.34979483485221863 0.289627343416214 0.5065034627914429
v 0.35103869438171387 0.2903141975402832 0.5057414174079895
v 0.35175687074661255 0.29169124364852905 0.5116666555404663
v 0.3511064052581787 0.29377904534339905 0.5093502402305603
v 0.34997981786727905 0.2931569218635559 0.5100404620170593
v 0.3510091304779053 0.29083943367004395 0.5060026049613953
v 0.349714070558548 0.2901242971420288 0.5067960619926453
v 0.35106781125068665 0.29389551281929016 0.509178102016449
v 0.3498743176460266 0.29323649406433105 0.5099093317985535
v 0.35103869438171387 0.2938384711742401 0.5089178085327148
v 0.34979483485221863 0.2931516170501709 0.5096798539161682
v 0.3498743176460266 0.29323649406433105 0.5099093317985535
v 0.35106781125068665 0.29389551281929016 0.509178102016449
v 0.3496125042438507 0.29222750663757324 0.5084963440895081
v 0.349714070558548 0.2928091585636139 0.5092159509658813
v 0.3510091304779053 0.29352429509162903 0.5084224939346313
v 0.34958770871162415 0.29158759117126465 0.5078718662261963
v 0.3496125042438507 0.29090020060539246 0.5073000192642212
v 0.3490912616252899 0.2900695204734802 0.5082216858863831
v 0.34907689690589905 0.2907473146915436 0.5088041424751282
v 0.3495199382305145 0.2885797917842865 0.5072993040084839
v 0.34938719868659973 0.2886587083339691 0.507252037525177
v 0.34979483485221863 0.289627343416214 0.5065034627914429
v 0.3498743176460266 0.2893904149532318 0.5064427852630615
v 0.34938719868659973 0.2886587083339691 0.507252037525177
v 0.34928804636001587 0.2888672649860382 0.5073468089103699
v 0.349714070558548 0.2901242971420288 0.5067960619926453
v 0.349193274974823 0.28933295607566833 0.5076740384101868
v 0.34938719868659973 0.2925073504447937 0.5107208490371704
v 0.3495199382305145 0.2924685478210449 0.5108042359352112
v 0.3498743176460266 0.29323649406433105 0.5099093317985535
v 0.34979483485221863 0.2931516170501709 0.5096798539161682
v 0.34928804636001587 0.2923915684223175 0.5105232000350952
v 0.34938719868659973 0.2925073504447937 0.5107208490371704
v 0.349714070558548 0.2928091585636139 0.5092159509658813
v 0.3496125042438507 0.29222750663757324 0.5084963440895081
v 0.3490912616252899 0.291396826505661 0.5094180107116699
v 0.349193274974823 0.2920178174972534 0.5100939273834229
v 0.3489055335521698 0.28914955258369446 0.5092424154281616
v 0.3489236831665039 0.2898167073726654 0.5098366737365723
v 0.34927794337272644 0.2878173887729645 0.5081451535224915
v 0.3491310775279999 0.2878413498401642 0.5081485509872437
v 0.3491310775279999 0.2878413498401642 0.5081485509872437
v 0.3490247130393982 0.28802555799484253 0.5082806944847107
v 0.34894654154777527 0.2884565591812134 0.5086463689804077
v 0.3491310775279999 0.29170024394989014 0.5116266012191772
v 0.34927794337272644 0.2917061746120453 0.5116500854492188
v 0.3490247130393982 0.29154983162879944 0.511457085609436
v 0.3491310775279999 0.29170024394989014 0.5116266012191772
v 0.3489055335521698 0.29047685861587524 0.5104387402534485
v 0.34894654154777527 0.29114142060279846 0.5110662579536438
v 0.3489019572734833 0.2888492941856384 0.5095755457878113
v 0.3489348590373993 0.28951296210289 0.5101736783981323
v 0.3492436408996582 0.2875685691833496 0.5084212422370911
v 0.3490949869155884 0.2875696122646332 0.5084415078163147
v 0.3490949869155884 0.2875696122646332 0.5084415078163147
v 0.3489896059036255 0.28775081038475037 0.508585512638092
v 0.3489181101322174 0.2881705164909363 0.5089637637138367
v 0.3489896059036255 0.2912750840187073 0.5117619037628174
v 0.3490949869155884 0.291437029838562 0.5119272470474243
v 0.3489019572734833 0.2901766002178192 0.5107718706130981
v 0.3489181101322174 0.29085537791252136 0.5113836526870728
v 0.3510091304779053 0.29145607352256775 0.5178819298744202
v 0.349714070558548 0.29066261649131775 0.517166793346405
v 0.34979483485221863 0.2901986539363861 0.5175092220306396
v 0.35103869438171387 0.29096072912216187 0.5181961059570312
v 0.35103869438171387 0.2941371500492096 0.5146718621253967
v 0.35243070125579834 0.29423749446868896 0.514762282371521
v 0.35243070125579834 0.29426324367523193 0.5144938230514526
v 0.35106781125068665 0.2941669821739197 0.5144070386886597
v 0.3510091304779053 0.29145607352256775 0.5178819298744202
v 0.35243070125579834 0.291560560464859 0.5179761052131653
v 0.35243070125579834 0.2923247516155243 0.5174346566200256
v 0.3509719669818878 0.29221510887145996 0.517335832118988
v 0.3510091304779053 0.28199663758277893 0.5158137083053589
v 0.349714070558548 0.28271177411079407 0.5150202512741089
v 0.34979483485221863 0.28236931562423706 0.5145562887191772
v 0.35103869438171387 0.28168243169784546 0.5153183937072754
v 0.3509719669818878 0.29341140389442444 0.5160085558891296
v 0.3496125042438507 0.2925785183906555 0.5152578353881836
v 0.34958770871162415 0.2920066714286804 0.5159451961517334
v 0.35096287727355957 0.29284918308258057 0.5167045593261719
v 0.3511064052581787 0.2940332889556885 0.5142478942871094
v 0.34997981786727905 0.29334306716918945 0.5136258006095886
v 0.3498743176460266 0.2934357821941376 0.513748049736023
v 0.34979483485221863 0.29337507486343384 0.5139849781990051
v 0.3510091304779053 0.29387596249580383 0.5151970386505127
v 0.349714070558548 0.29308250546455383 0.5144819021224976
v 0.35103869438171387 0.2941371500492096 0.5146718621253967
v 0.34979483485221863 0.29337507486343384 0.5139849781990051
v 0.35106781125068665 0.2907004654407501 0.5182531476020813
v 0.3498743176460266 0.289969265460968 0.5175941586494446
v 0.34997981786727905 0.28983810544013977 0.5175145864486694
v 0.3511064052581787 0.2905283272266388 0.5181366801261902
v 0.35103869438171387 0.29096072912216187 0.5181961059570312
v 0.34979483485221863 0.2901986539363861 0.5175092220306396
v 0.3509719669818878 0.29221510887145996 0.517335832118988
v 0.3496125042438507 0.29138222336769104 0.516585111618042
v 0.3490912616252899 0.29165685176849365 0.514427125453949
v 0.34907689690589905 0.29107433557510376 0.5151048898696899
v 0.3495199382305145 0.2925792932510376 0.5129374265670776
v 0.34938719868659973 0.2926265001296997 0.5130162835121155
v 0.3498743176460266 0.2934357821941376 0.513748049736023
v 0.34938719868659973 0.2926265001296997 0.5130162835121155
v 0.34928804636001587 0.2925317883491516 0.5132249593734741
v 0.349193274974823 0.29220449924468994 0.5136905908584595
v 0.34938719868659973 0.2891576886177063 0.5168649554252625
v 0.3495199382305145 0.2890743315219879 0.5168262124061584
v 0.3498743176460266 0.289969265460968 0.5175941586494446
v 0.34928804636001587 0.2893553674221039 0.5167492032051086
v 0.34938719868659973 0.2891576886177063 0.5168649554252625
v 0.3490912616252899 0.2904605567455292 0.5157544016838074
v 0.349193274974823 0.28978461027145386 0.5163754820823669
v 0.3489055335521698 0.2906361520290375 0.5135071873664856
v 0.3489236831665039 0.29004183411598206 0.5141742825508118
v 0.34927794337272644 0.29173341393470764 0.5121750235557556
v 0.3491310775279999 0.2917299270629883 0.5121989846229553
v 0.3491310775279999 0.2917299270629883 0.5121989846229553
v 0.3490247130393982 0.2915979027748108 0.512383222579956
v 0.34894654154777527 0.291232168674469 0.5128141641616821
v 0.3491310775279999 0.2882519066333771 0.5160578489303589
v 0.34927794337272644 0.28822845220565796 0.5160638093948364
v 0.3490247130393982 0.28842148184776306 0.5159074664115906
v 0.3491310775279999 0.2882519066333771 0.5160578489303589
v 0.3489055335521698 0.289439857006073 0.514834463596344
v 0.34894654154777527 0.2888122797012329 0.5154990553855896
v 0.3489019572734833 0.29030299186706543 0.5132068991661072
v 0.3489348590373993 0.289704829454422 0.5138705372810364
v 0.3491310775279999 0.2876795828342438 0.516087532043457
v 0.34927794337272644 0.2877035140991211 0.5160910487174988
v 0.3492436408996582 0.28795236349105835 0.5158149600028992
v 0.3490949869155884 0.2879512906074524 0.5157946944236755
v 0.3490247130393982 0.28749537467956543 0.5159555077552795
v 0.3491310775279999 0.2876795828342438 0.516087532043457
v 0.3490949869155884 0.2879512906074524 0.5157946944236755
v 0.3489896059036255 0.2877701222896576 0.5156506896018982
v 0.3489181101322174 0.29091477394104004 0.512528121471405
v 0.3489896059036255 0.29129305481910706 0.5121084451675415
v 0.3490949869155884 0.2879512906074524 0.5157946944236755
v 0.3492436408996582 0.28795236349105835 0.5158149600028992
v 0.3489896059036255 0.2881166338920593 0.515632688999176
v 0.3489019572734833 0.28910669684410095 0.5145341753959656
v 0.3489181101322174 0.28849488496780396 0.5152130126953125
v 0.3509719669818878 0.2821095287799835 0.5082276463508606
v 0.35243070125579834 0.2819998860359192 0.508128821849823
v 0.35243070125579834 0.28154048323631287 0.5089449882507324
v 0.3510091304779053 0.28164494037628174 0.5090391635894775
v 0.3509719669818878 0.28387001156806946 0.5177690386772156
v 0.3496125042438507 0.2846207022666931 0.5169361233711243
v 0.34958770871162415 0.2839333415031433 0.5163642764091492
v 0.35096287727355957 0.28317397832870483 0.5172067880630493
v 0.3511064052581787 0.28563064336776733 0.5183908939361572
v 0.34997981786727905 0.2862527370452881 0.5177006721496582
v 0.3498743176460266 0.28613054752349854 0.5177934169769287
v 0.35106781125068665 0.28547149896621704 0.5185246467590332
v 0.35106781125068665 0.28547149896621704 0.5185246467590332
v 0.3498743176460266 0.28613054752349854 0.5177934169769287
v 0.34979483485221863 0.28589358925819397 0.5177326798439026
v 0.35103869438171387 0.28520670533180237 0.5184947848320007
v 0.3510091304779053 0.284681499004364 0.518233597278595
v 0.349714070558548 0.28539663553237915 0.517440140247345
v 0.35106781125068665 0.2816253900527954 0.5150581002235413
v 0.3498743176460266 0.2822844386100769 0.5143268704414368
v 0.34997981786727905 0.28236398100852966 0.5141957402229309
v 0.3511064052581787 0.2817418873310089 0.5148859620094299
v 0.3498743176460266 0.2822844386100769 0.5143268704414368
v 0.35106781125068665 0.2816253900527954 0.5150581002235413
v 0.3509719669818878 0.28254273533821106 0.5165727138519287
v 0.3496125042438507 0.2832934260368347 0.5157397985458374
v 0.34958770871162415 0.2839333415031433 0.5163642764091492
v 0.3496125042438507 0.2846207022666931 0.5169361233711243
v 0.3490912616252899 0.28545138239860535 0.5160145163536072
v 0.34907689690589905 0.28477364778518677 0.5154319405555725
v 0.3495199382305145 0.28694114089012146 0.5169368982315063
v 0.34938719868659973 0.28686219453811646 0.5169841647148132
v 0.34979483485221863 0.28589358925819397 0.5177326798439026
v 0.3498743176460266 0.28613054752349854 0.5177934169769287
v 0.34938719868659973 0.28686219453811646 0.5169841647148132
v 0.34928804636001587 0.28665363788604736 0.5168893933296204
v 0.349714070558548 0.28539663553237915 0.517440140247345
v 0.349193274974823 0.2861879765987396 0.5165621638298035
v 0.34938719868659973 0.28301355242729187 0.5135153532028198
v 0.3495199382305145 0.28305238485336304 0.513431966304779
v 0.3498743176460266 0.2822844386100769 0.5143268704414368
v 0.34979483485221863 0.28236931562423706 0.5145562887191772
v 0.34928804636001587 0.28312936425209045 0.513713002204895
v 0.34938719868659973 0.28301355242729187 0.5135153532028198
v 0.349714070558548 0.28271177411079407 0.5150202512741089
v 0.3496125042438507 0.2832934260368347 0.5157397985458374
v 0.3490912616252899 0.28412407636642456 0.5148181915283203
v 0.349193274974823 0.28350311517715454 0.5141422748565674
v 0.3489055335521698 0.2863713502883911 0.5149937868118286
v 0.3489236831665039 0.28570425510406494 0.5143994688987732
v 0.34894654154777527 0.2870643436908722 0.5155897736549377
v 0.3491310775279999 0.2838206887245178 0.5126094818115234
v 0.34927794337272644 0.28381475806236267 0.5125861167907715
v 0.3490247130393982 0.2839711010456085 0.5127791166305542
v 0.3491310775279999 0.2838206887245178 0.5126094818115234
v 0.3489055335521698 0.2850440442562103 0.5137974619865417
v 0.34894654154777527 0.2843794822692871 0.5131698846817017
v 0.3489019572734833 0.28667163848876953 0.514660656452179
v 0.3489348590373993 0.28600800037384033 0.5140624642372131
v 0.3491310775279999 0.2837909758090973 0.5120372176170349
v 0.34927794337272644 0.2837875187397003 0.5120611786842346
v 0.3492436408996582 0.2840636074542999 0.5123100280761719
v 0.3490949869155884 0.28408387303352356 0.5123089551925659
v 0.3489181101322174 0.2873504161834717 0.5152724385261536
v 0.3490949869155884 0.28408387303352356 0.5123089551925659
v 0.3492436408996582 0.2840636074542999 0.5123100280761719
v 0.3489896059036255 0.2842458486557007 0.5124742984771729
v 0.3490949869155884 0.28408387303352356 0.5123089551925659
v 0.3489019572734833 0.28534433245658875 0.5134643316268921
v 0.3489181101322174 0.2846655547618866 0.5128525495529175
v 0.3511064052581787 0.28499260544776917 0.5060995221138
v 0.34997981786727905 0.2856828272342682 0.5067216157913208
v 0.35175687074661255 0.28730902075767517 0.5081872940063477
v 0.3509719669818878 0.2821095287799835 0.5082276463508606
v 0.3496125042438507 0.28294241428375244 0.5089783668518066
v 0.34958770871162415 0.28351423144340515 0.5082909464836121
v 0.35096287727355957 0.282671719789505 0.5075315833091736
v 0.3511064052581787 0.2814876437187195 0.5099883079528809
v 0.34997981786727905 0.2821778655052185 0.5106104016304016
v 0.3498743176460266 0.2820851504802704 0.5104881525039673
v 0.35106781125068665 0.2813539505004883 0.5098291039466858
v 0.34979483485221863 0.2821458578109741 0.5102512240409851
v 0.35103869438171387 0.28138378262519836 0.5095643401145935
v 0.3495199382305145 0.28644663095474243 0.5074099898338318
v 0.3510091304779053 0.28164494037628174 0.5090391635894775
v 0.349714070558548 0.28243839740753174 0.5097543001174927
v 0.35103869438171387 0.28138378262519836 0.5095643401145935
v 0.34979483485221863 0.2821458578109741 0.5102512240409851
v 0.35106781125068665 0.28482046723365784 0.5059829950332642
v 0.3498743176460266 0.28555166721343994 0.5066420435905457
v 0.35103869438171387 0.2845602035522461 0.506040096282959
v 0.34979483485221863 0.28532227873802185 0.5067269802093506
v 0.35243070125579834 0.28396037220954895 0.506260097026825
v 0.35243070125579834 0.28319618105888367 0.5068014860153198
v 0.3509719669818878 0.283305823802948 0.5069003105163574
v 0.3510091304779053 0.2840648293495178 0.5063542723655701
v 0.3509719669818878 0.283305823802948 0.5069003105163574
v 0.3496125042438507 0.2841387093067169 0.5076510310173035
v 0.349714070558548 0.2848582863807678 0.5070694088935852
v 0.3510091304779053 0.2840648293495178 0.5063542723655701
v 0.3490912616252899 0.2838640809059143 0.5098090767860413
v 0.34907689690589905 0.2844465672969818 0.5091312527656555
v 0.3495199382305145 0.28294166922569275 0.5112987756729126
v 0.34938719868659973 0.28289440274238586 0.51121985912323
v 0.3498743176460266 0.2820851504802704 0.5104881525039673
v 0.34938719868659973 0.28289440274238586 0.51121985912323
v 0.34928804636001587 0.28298914432525635 0.5110112428665161
v 0.349193274974823 0.28331640362739563 0.5105456113815308
v 0.35103869438171387 0.29096072912216187 0.5181961059570312
v 0.35243070125579834 0.29106107354164124 0.5182865262031555
v 0.34938719868659973 0.2863632142543793 0.5073712468147278
v 0.3498743176460266 0.28555166721343994 0.5066420435905457
v 0.34979483485221863 0.28532227873802185 0.5067269802093506
v 0.34928804636001587 0.2861655652523041 0.5074869990348816
v 0.34938719868659973 0.2863632142543793 0.5073712468147278
v 0.3490912616252899 0.2850603759288788 0.5084817409515381
v 0.349193274974823 0.2857362926006317 0.5078607201576233
v 0.34927794337272644 0.28729248046875 0.5081723928451538
v 0.3492436408996582 0.2875685691833496 0.5084212422370911
v 0.35175684094429016 0.2875685691833496 0.5084212422370911
v 0.3489055335521698 0.2848847806453705 0.5107290148735046
v 0.3489236831665039 0.2854790687561035 0.5100618600845337
v 0.3491310775279999 0.2837909758090973 0.5120372176170349
v 0.3490247130393982 0.28392305970191956 0.5118529796600342
v 0.34894654154777527 0.28428876399993896 0.5114219784736633
v 0.3491310775279999 0.2872690260410309 0.5081783533096313
v 0.3490247130393982 0.2870994806289673 0.5083287358283997
v 0.3491310775279999 0.2872690260410309 0.5081783533096313
v 0.3489055335521698 0.28608107566833496 0.5094016790390015
v 0.34894654154777527 0.28670862317085266 0.5087370872497559
v 0.3489019572734833 0.28521794080734253 0.5110293030738831
v 0.3489348590373993 0.2858160734176636 0.5103656053543091
v 0.3490949869155884 0.2875696122646332 0.5084415078163147
v 0.3489181101322174 0.28460612893104553 0.5117080807685852
v 0.3489896059036255 0.2842278778553009 0.5121277570724487
v 0.3489019572734833 0.286414235830307 0.5097019672393799
v 0.3489181101322174 0.2870260179042816 0.5090231895446777
v 0.3489896059036255 0.28740429878234863 0.5086035132408142
v 0.35175687074661255 0.2838296592235565 0.5125695466995239
v 0.35243070125579834 0.2917497456073761 0.5063574910163879
v 0.35243070125579834 0.28730902075767517 0.5081872940063477
v 0.35243070125579834 0.2849017381668091 0.5060176253318787
v 0.35243070125579834 0.2909335792064667 0.505898118019104
v 0.35243070125579834 0.29040461778640747 0.5056411027908325
v 0.35243070125579834 0.28780248761177063 0.508161723613739
v 0.35243070125579834 0.29386094212532043 0.5092593431472778
v 0.35243070125579834 0.29398229718208313 0.5090818405151367
v 0.35243070125579834 0.29361844062805176 0.5083180069923401
v 0.35243070125579834 0.29398229718208313 0.5090818405151367
v 0.35243070125579834 0.2939288914203644 0.5088174939155579
v 0.3509719669818878 0.29341140389442444 0.5160085558891296
v 0.35243070125579834 0.29352104663848877 0.5161073803901672
v 0.35243070125579834 0.2939804196357727 0.5152912139892578
v 0.3510091304779053 0.29387596249580383 0.5151970386505127
v 0.35175687074661255 0.29171687364578247 0.5121601223945618
v 0.35175687074661255 0.29145732522010803 0.5119261741638184
v 0.3492436408996582 0.29145732522010803 0.5119261741638184
v 0.3490949869155884 0.291437029838562 0.5119272470474243
v 0.3492436408996582 0.29145732522010803 0.5119261741638184
v 0.35243070125579834 0.2901362180709839 0.5056152939796448
v 0.35243070125579834 0.281283438205719 0.5094739198684692
v 0.35103869438171387 0.28138378262519836 0.5095643401145935
v 0.35243070125579834 0.29296010732650757 0.5168045163154602
v 0.35096287727355957 0.29284918308258057 0.5167045593261719
v 0.35243070125579834 0.29412415623664856 0.5143297910690308
v 0.35243070125579834 0.2906191945075989 0.5182185769081116
v 0.35243070125579834 0.2907967269420624 0.5183399319648743
v 0.35243070125579834 0.2838296592235565 0.5125695466995239
v 0.35243070125579834 0.2816599905490875 0.5149768590927124
v 0.35175687074661255 0.2838040590286255 0.5120760798454285
v 0.35243070125579834 0.2819024622440338 0.5159181952476501
v 0.35243070125579834 0.2824438810348511 0.5166823863983154
v 0.35243070125579834 0.2813967764377594 0.5099064111709595
v 0.35243070125579834 0.2838040590286255 0.5120760798454285
v 0.35175687074661255 0.2882119119167328 0.5160489082336426
v 0.35243070125579834 0.2882119119167328 0.5160489082336426
v 0.35243070125579834 0.2853847146034241 0.5186209082603455
v 0.35243070125579834 0.28554874658584595 0.5184817910194397
v 0.35243070125579834 0.2851162850856781 0.5185950994491577
v 0.35243070125579834 0.2853847146034241 0.5186209082603455
v 0.35243070125579834 0.2830739915370941 0.5173177123069763
v 0.35243070125579834 0.28377118706703186 0.5178787112236023
v 0.35243070125579834 0.2845873236656189 0.5183380842208862
v 0.35243070125579834 0.28153863549232483 0.5151543617248535
v 0.35243070125579834 0.28153863549232483 0.5151543617248535
v 0.35243070125579834 0.2815920114517212 0.5154187083244324
v 0.35243070125579834 0.29171687364578247 0.5121601223945618
v 0.35243070125579834 0.28771841526031494 0.5160744786262512
v 0.35175687074661255 0.28771841526031494 0.5160744786262512
v 0.35243070125579834 0.29106107354164124 0.5182865262031555
v 0.35243070125579834 0.281283438205719 0.5094739198684692
v 0.35243070125579834 0.281257688999176 0.5097423791885376
v 0.35175684094429016 0.28795236349105835 0.5158149600028992
v 0.35175687074661255 0.2840636074542999 0.5123100280761719
v 0.35175687074661255 0.2840636074542999 0.5123100280761719
v 0.35243070125579834 0.282560795545578 0.5074315667152405
v 0.35096287727355957 0.282671719789505 0.5075315833091736
v 0.35103869438171387 0.2845602035522461 0.506040096282959
v 0.35243070125579834 0.2847242057323456 0.505896270275116
v 0.35243070125579834 0.29423749446868896 0.514762282371521
v 0.35103869438171387 0.2941371500492096 0.5146718621253967
v 0.35175684094429016 0.2875685691833496 0.5084212422370911
v 0.35243070125579834 0.2844598591327667 0.5059496760368347
v 0.3490949869155884 0.291437029838562 0.5119272470474243
v 0.3489423096179962 0.2875922918319702 0.5089467763900757
v 0.3489331603050232 0.28722456097602844 0.5093916058540344
v 0.3489707112312317 0.28669244050979614 0.5099865198135376
v 0.3490007519721985 0.2861112058162689 0.5106316208839417
v 0.3489707112312317 0.285529762506485 0.5112765431404114
v 0.3489331603050232 0.28499308228492737 0.5118674039840698
v 0.3489423096179962 0.2845888137817383 0.5122791528701782
v 0.348933607339859 0.28799960017204285 0.5093520879745483
v 0.3489868938922882 0.2876305878162384 0.5098004341125488
v 0.34907421469688416 0.2871140241622925 0.510378360748291
v 0.34912073612213135 0.286538690328598 0.5110169053077698
v 0.34907421469688416 0.28596314787864685 0.5116552710533142
v 0.3489868938922882 0.2854418456554413 0.5122288465499878
v 0.348933607339859 0.2850341200828552 0.5126423239707947
v 0.3489725887775421 0.28859055042266846 0.5098917484283447
v 0.34907689690589905 0.2882046103477478 0.510326623916626
v 0.3492131531238556 0.28768840432167053 0.5108998417854309
v 0.3492826223373413 0.28711482882499695 0.511536180973053
v 0.3492131531238556 0.28654128313064575 0.5121725797653198
v 0.34907689690589905 0.28602465987205505 0.5127453207969666
v 0.3489725887775421 0.28563204407691956 0.5131742358207703
v 0.3490035831928253 0.28923916816711426 0.5104774236679077
v 0.34912538528442383 0.2888496518135071 0.5109096169471741
v 0.34928518533706665 0.288333535194397 0.5114822387695312
v 0.3493708372116089 0.287760466337204 0.5121180415153503
v 0.34928518533706665 0.287187397480011 0.5127539038658142
v 0.34912538528442383 0.28667131066322327 0.5133265256881714
v 0.3490035831928253 0.2862817645072937 0.5137587189674377
v 0.3489725887775421 0.2898889183998108 0.51106196641922
v 0.34907689690589905 0.2894962728023529 0.5114908218383789
v 0.3492131531238556 0.2889796495437622 0.5120636224746704
v 0.3492826223373413 0.2884060740470886 0.5126999616622925
v 0.3492131531238556 0.2878325283527374 0.5133363604545593
v 0.34907689690589905 0.28731632232666016 0.5139095187187195
v 0.3489725887775421 0.2869304120540619 0.5143444538116455
v 0.348933607339859 0.29048681259155273 0.5115938782691956
v 0.3489868938922882 0.2900790870189667 0.5120072960853577
v 0.34907421469688416 0.2895578145980835 0.512580931186676
v 0.34912073612213135 0.28898221254348755 0.5132192373275757
v 0.34907421469688416 0.28840693831443787 0.5138578414916992
v 0.3489868938922882 0.28789034485816956 0.5144357085227966
v 0.348933607339859 0.2875213325023651 0.5148841142654419
v 0.3489423096179962 0.2909320890903473 0.5119569897651672
v 0.3489331603050232 0.2905278205871582 0.5123687982559204
v 0.3489707112312317 0.289991170167923 0.5129596590995789
v 0.3490007519721985 0.28940969705581665 0.5136045217514038
v 0.3489707112312317 0.2888284921646118 0.5142496824264526
v 0.3489331603050232 0.28829634189605713 0.5148445963859558
v 0.3489423096179962 0.28792861104011536 0.5152893662452698
v 0.35175687074661255 0.29145732522010803 0.5119261741638184
v 0.35175684094429016 0.28795236349105835 0.5158149600028992
v 0.35243070125579834 0.2840636074542999 0.5123100280761719
v 0.35243070125579834 0.2840636074542999 0.5123100280761719
v 0.35243070125579834 0.28795236349105835 0.5158149600028992
v 0.35243070125579834 0.29145732522010803 0.5119261741638184
v 0.35243070125579834 0.29169124364852905 0.5116666555404663
v 0.35243070125579834 0.28795236349105835 0.5158149600028992
v 0.35243070125579834 0.29145732522010803 0.5119261741638184
v 0.35243070125579834 0.2875685691833496 0.5084212422370911
v 0.35243070125579834 0.2875685691833496 0.5084212422370911
v 0.35103869438171387 0.2845602035522461 0.506040096282959
v 0.35243070125579834 0.2844598591327667 0.5059496760368347
v 0.3964282274246216 0.28733497858047485 0.5039219260215759
v 0.3948426842689514 0.28734299540519714 0.504076361656189
v 0.3948426842689514 0.28943750262260437 0.5042471289634705
v 0.3964282274246216 0.28946971893310547 0.5040958523750305
v 0.3948426842689514 0.28527742624282837 0.5044630765914917
v 0.3964282274246216 0.2852296829223633 0.5043160319328308
v 0.3948426842689514 0.29580193758010864 0.5117005109786987
v 0.3948426842689514 0.2956312596797943 0.513795018196106
v 0.3964282274246216 0.2957824468612671 0.5138272643089294
v 0.3964282274246216 0.29595643281936646 0.511692464351654
v 0.3948426842689514 0.2954152822494507 0.5096349120140076
v 0.3964282274246216 0.29556235671043396 0.5095871686935425
v 0.3955073654651642 0.2904033958911896 0.5070075988769531
v 0.3955073654651642 0.2903555929660797 0.5071000456809998
v 0.39617347717285156 0.2903555929660797 0.5071000456809998
v 0.39620912075042725 0.29046180844306946 0.5068947076797485
v 0.3948426842689514 0.2949332892894745 0.5157772302627563
v 0.3964282274246216 0.2950710952281952 0.5158475041389465
v 0.39751359820365906 0.2873396873474121 0.5040128827095032
v 0.39751359820365906 0.2852577865123749 0.5044025778770447
v 0.3964282274246216 0.2832939624786377 0.5052327513694763
v 0.39751359820365906 0.28334352374076843 0.5053091049194336
v 0.3964282274246216 0.29128792881965637 0.5047361254692078
v 0.39751359820365906 0.29124879837036133 0.5048180222511292
v 0.39751359820365906 0.2894507646560669 0.504184901714325
v 0.3897871971130371 0.29447174072265625 0.5099409818649292
v 0.38691234588623047 0.29447174072265625 0.5099409818649292
v 0.38691234588623047 0.2948107421398163 0.5117519497871399
v 0.3897871971130371 0.2948107421398163 0.5117519497871399
v 0.3897871971130371 0.29376205801963806 0.5084423422813416
v 0.3897871971130371 0.2936832010746002 0.5082758069038391
v 0.3872041404247284 0.2936832010746002 0.5082758069038391
v 0.386935830116272 0.2938461899757385 0.5084227323532104
v 0.39452627301216125 0.29447174072265625 0.5099409818649292
v 0.39452627301216125 0.2948107421398163 0.5117519497871399
v 0.39452627301216125 0.29466110467910767 0.5135883092880249
v 0.3897871971130371 0.29466110467910767 0.5135883092880249
v 0.38691234588623047 0.29466110467910767 0.5135883092880249
v 0.38691234588623047 0.2940491735935211 0.5153261423110962
v 0.3897871971130371 0.2940491735935211 0.5153261423110962
v 0.39452627301216125 0.2940491735935211 0.5153261423110962
v 0.39468565583229065 0.2855834662914276 0.5054066181182861
v 0.3947739005088806 0.28546151518821716 0.505030632019043
v 0.3947739005088806 0.283703088760376 0.5058634281158447
v 0.39468565583229065 0.2839182913303375 0.5061951875686646
v 0.39468565583229065 0.2873944342136383 0.5050675868988037
v 0.3947739005088806 0.28737393021583557 0.5046727061271667
v 0.39452627301216125 0.2892307937145233 0.5052173137664795
v 0.39468565583229065 0.2892307937145233 0.5052173137664795
v 0.39468565583229065 0.2873944342136383 0.5050675868988037
v 0.39452627301216125 0.2873944342136383 0.5050675868988037
v 0.39452627301216125 0.2855834662914276 0.5054066181182861
v 0.39468565583229065 0.2855834662914276 0.5054066181182861
v 0.39468565583229065 0.2892307937145233 0.5052173137664795
v 0.3947739005088806 0.2893131375312805 0.5048307180404663
v 0.39468565583229065 0.29079484939575195 0.5057680010795593
v 0.39468565583229065 0.2909686267375946 0.5058291554450989
v 0.3947739005088806 0.2911483645439148 0.5054768919944763
v 0.3947739005088806 0.29096484184265137 0.5054122805595398
v 0.39452627301216125 0.29376205801963806 0.5084423422813416
v 0.39452627301216125 0.2936832010746002 0.5082758069038391
v 0.39452627301216125 0.29079484939575195 0.5057680010795593
v 0.39452627301216125 0.2909686267375946 0.5058291554450989
v 0.39468565583229065 0.2909686267375946 0.5058291554450989
v 0.39468565583229065 0.29079484939575195 0.5057680010795593
v 0.39468565583229065 0.29376205801963806 0.5084423422813416
v 0.3947739005088806 0.29409822821617126 0.5082364678382874
v 0.3947739005088806 0.29401493072509766 0.5080605745315552
v 0.39468565583229065 0.2936832010746002 0.5082758069038391
v 0.39468565583229065 0.29447174072265625 0.5099409818649292
v 0.39468565583229065 0.2948107421398163 0.5117519497871399
v 0.3947739005088806 0.29520562291145325 0.5117314457893372
v 0.3947739005088806 0.29484766721725464 0.5098190307617188
v 0.39468565583229065 0.29466110467910767 0.5135883092880249
v 0.3947739005088806 0.2950476109981537 0.5136706233024597
v 0.39468565583229065 0.2940491735935211 0.5153261423110962
v 0.3947739005088806 0.2944014072418213 0.515505850315094
v 0.3897871971130371 0.2855834662914276 0.5054066181182861
v 0.38691234588623047 0.2855834662914276 0.5054066181182861
v 0.38691234588623047 0.2873944342136383 0.5050675868988037
v 0.3897871971130371 0.2873944342136383 0.5050675868988037
v 0.3897871971130371 0.2839182913303375 0.5061951875686646
v 0.38691234588623047 0.2839182913303375 0.5061951875686646
v 0.3897871971130371 0.29079484939575195 0.5057680010795593
v 0.38691234588623047 0.29079484939575195 0.5057680010795593
v 0.3872041404247284 0.2909686267375946 0.5058291554450989
v 0.3897871971130371 0.2909686267375946 0.5058291554450989
v 0.3897871971130371 0.2892307937145233 0.5052173137664795
v 0.38691234588623047 0.2892307937145233 0.5052173137664795
v 0.39751359820365906 0.29499000310897827 0.5158060789108276
v 0.39751359820365906 0.29569345712661743 0.5138083100318909
v 0.39751359820365906 0.2958655059337616 0.5116972327232361
v 0.39751359820365906 0.2954758107662201 0.5096153020858765
v 0.3964282274246216 0.294737309217453 0.5078451037406921
v 0.39751359820365906 0.29465991258621216 0.5078924298286438
v 0.3955073654651642 0.2902185916900635 0.507053017616272
v 0.39617347717285156 0.2902185916900635 0.507053017616272
v 0.39617347717285156 0.2903555929660797 0.5071000456809998
v 0.3955073654651642 0.2903555929660797 0.5071000456809998
v 0.3948426842689514 0.2956312596797943 0.513795018196106
v 0.3948426842689514 0.2949332892894745 0.5157772302627563
v 0.3948426842689514 0.29580193758010864 0.5117005109786987
v 0.3948426842689514 0.2954152822494507 0.5096349120140076
v 0.3948426842689514 0.2946057915687561 0.5079256296157837
v 0.3948426842689514 0.2945158779621124 0.5077356696128845
v 0.3964282274246216 0.29148998856544495 0.5048072934150696
v 0.3948426842689514 0.2912214398384094 0.5048753023147583
v 0.3948426842689514 0.2914196848869324 0.5049450993537903
v 0.3948426842689514 0.2912214398384094 0.5048753023147583
v 0.3948426842689514 0.2914196848869324 0.5049450993537903
v 0.3948426842689514 0.28943750262260437 0.5042471289634705
v 0.3948426842689514 0.28734299540519714 0.504076361656189
v 0.3948426842689514 0.2946057915687561 0.5079256296157837
v 0.3948426842689514 0.28527742624282837 0.5044630765914917
v 0.3948426842689514 0.28337815403938293 0.5053625106811523
v 0.3815535604953766 0.2860966622829437 0.5068124532699585
v 0.38691234588623047 0.2860966622829437 0.5068124532699585
v 0.38691234588623047 0.287533164024353 0.5065274238586426
v 0.3815535604953766 0.287533164024353 0.5065274238586426
v 0.3815535604953766 0.284771591424942 0.5074528455734253
v 0.38691234588623047 0.284771591424942 0.5074528455734253
v 0.37543636560440063 0.2860966622829437 0.5068124532699585
v 0.3745785057544708 0.2860966622829437 0.5068124532699585
v 0.3745785057544708 0.284771591424942 0.5074528455734253
v 0.37543636560440063 0.284771591424942 0.5074528455734253
v 0.37543636560440063 0.287533164024353 0.5065274238586426
v 0.3745785057544708 0.287533164024353 0.5065274238586426
v 0.3815535604953766 0.2902185916900635 0.507053017616272
v 0.3872041404247284 0.2902185916900635 0.507053017616272
v 0.3872041404247284 0.2903555929660797 0.5071000456809998
v 0.3815535604953766 0.2903555929660797 0.5071000456809998
v 0.3815535604953766 0.28898540139198303 0.5066298842430115
v 0.38691234588623047 0.28898540139198303 0.5066298842430115
v 0.37543636560440063 0.28898540139198303 0.5066298842430115
v 0.3745785057544708 0.28898540139198303 0.5066298842430115
v 0.37543636560440063 0.2902185916900635 0.507053017616272
v 0.37543636560440063 0.2903555929660797 0.5071000456809998
v 0.3745785057544708 0.2903555929660797 0.5071000456809998
v 0.3745785057544708 0.2902185916900635 0.507053017616272
v 0.3815535604953766 0.29154592752456665 0.5079178810119629
v 0.3867601752281189 0.29154592752456665 0.5079178810119629
v 0.3872041404247284 0.2924826443195343 0.5090171694755554
v 0.3815535604953766 0.2924826443195343 0.5090171694755554
v 0.37543636560440063 0.29154592752456665 0.5079178810119629
v 0.3745785057544708 0.29154592752456665 0.5079178810119629
v 0.37543636560440063 0.2924826443195343 0.5090171694755554
v 0.3745785057544708 0.2924826443195343 0.5090171694755554
v 0.3815535604953766 0.29309210181236267 0.5103312730789185
v 0.38691234588623047 0.29309210181236267 0.5103312730789185
v 0.38691234588623047 0.2933444082736969 0.5117651224136353
v 0.3815535604953766 0.2933444082736969 0.5117651224136353
v 0.3815535604953766 0.2925436198711395 0.5091485977172852
v 0.3872041404247284 0.2925436198711395 0.5091485977172852
v 0.37543636560440063 0.2925436198711395 0.5091485977172852
v 0.3745785057544708 0.2925436198711395 0.5091485977172852
v 0.37543636560440063 0.29309210181236267 0.5103312730789185
v 0.37543636560440063 0.2933444082736969 0.5117651224136353
v 0.3745785057544708 0.2933444082736969 0.5117651224136353
v 0.3745785057544708 0.29309210181236267 0.5103312730789185
v 0.3815535604953766 0.29320967197418213 0.51322340965271
v 0.38691234588623047 0.29320967197418213 0.51322340965271
v 0.38691234588623047 0.29270991683006287 0.5146076679229736
v 0.3815535604953766 0.29270991683006287 0.5146076679229736
v 0.37543636560440063 0.29320967197418213 0.51322340965271
v 0.3745785057544708 0.29320967197418213 0.51322340965271
v 0.37543636560440063 0.29270991683006287 0.5146076679229736
v 0.3745785057544708 0.29270991683006287 0.5146076679229736
v 0.39756837487220764 0.2860966622829437 0.5068124532699585
v 0.39617347717285156 0.2860966622829437 0.5068124532699585
v 0.39617347717285156 0.284771591424942 0.5074528455734253
v 0.39756837487220764 0.284771591424942 0.5074528455734253
v 0.39756837487220764 0.287533164024353 0.5065274238586426
v 0.39617347717285156 0.287533164024353 0.5065274238586426
v 0.3955073654651642 0.2860966622829437 0.5068124532699585
v 0.3955073654651642 0.284771591424942 0.5074528455734253
v 0.3955073654651642 0.28898540139198303 0.5066298842430115
v 0.39617347717285156 0.28898540139198303 0.5066298842430115
v 0.3897871971130371 0.2860966622829437 0.5068124532699585
v 0.3897871971130371 0.284771591424942 0.5074528455734253
v 0.3897871971130371 0.287533164024353 0.5065274238586426
v 0.39756837487220764 0.28898540139198303 0.5066298842430115
v 0.39756837487220764 0.2902185916900635 0.507053017616272
v 0.39756837487220764 0.2903555929660797 0.5071000456809998
v 0.3948426842689514 0.2914196848869324 0.5049450993537903
v 0.3955073654651642 0.2910330891609192 0.5057028532028198
v 0.39629068970680237 0.2910343408584595 0.505700409412384
v 0.3964282274246216 0.29148998856544495 0.5048072934150696
v 0.3955073654651642 0.29309210181236267 0.5103312730789185
v 0.39617347717285156 0.29309210181236267 0.5103312730789185
v 0.39617347717285156 0.2933444082736969 0.5117651224136353
v 0.3955073654651642 0.2933444082736969 0.5117651224136353
v 0.3897871971130371 0.28898540139198303 0.5066298842430115
v 0.3897871971130371 0.2902185916900635 0.507053017616272
v 0.3897871971130371 0.2903555929660797 0.5071000456809998
v 0.39756837487220764 0.2925436198711395 0.5091485977172852
v 0.39617347717285156 0.2925436198711395 0.5091485977172852
v 0.39617347717285156 0.2924826443195343 0.5090171694755554
v 0.39756837487220764 0.2924826443195343 0.5090171694755554
v 0.39756837487220764 0.29309210181236267 0.5103312730789185
v 0.39756837487220764 0.2933444082736969 0.5117651224136353
v 0.3955073654651642 0.2925436198711395 0.5091485977172852
v 0.3955073654651642 0.2924826443195343 0.5090171694755554
v 0.3955073654651642 0.29320967197418213 0.51322340965271
v 0.39617347717285156 0.29320967197418213 0.51322340965271
v 0.39617347717285156 0.29270991683006287 0.5146076679229736
v 0.3955073654651642 0.29270991683006287 0.5146076679229736
v 0.3897871971130371 0.2925436198711395 0.5091485977172852
v 0.3897871971130371 0.2924826443195343 0.5090171694755554
v 0.3897871971130371 0.29309210181236267 0.5103312730789185
v 0.3897871971130371 0.2933444082736969 0.5117651224136353
v 0.39756837487220764 0.29320967197418213 0.51322340965271
v 0.39756837487220764 0.29270991683006287 0.5146076679229736
v 0.39620912075042725 0.2926759123802185 0.5088902711868286
v 0.39617347717285156 0.2924826443195343 0.5090171694755554
v 0.3955073654651642 0.2924826443195343 0.5090171694755554
v 0.3955073654651642 0.292569637298584 0.5089600086212158
v 0.3897871971130371 0.29320967197418213 0.51322340965271
v 0.3897871971130371 0.29270991683006287 0.5146076679229736
v 0.3955073654651642 0.287533164024353 0.5065274238586426
v 0.397560715675354 0.2904565632343292 0.5069047808647156
v 0.39756837487220764 0.2903555929660797 0.5071000456809998
v 0.39494776725769043 0.2903980016708374 0.5070180296897888
v 0.3949543237686157 0.2903555929660797 0.5071000456809998
v 0.39754316210746765 0.283862441778183 0.5061090588569641
v 0.39751359820365906 0.28334352374076843 0.5053091049194336
v 0.39751359820365906 0.2852577865123749 0.5044025778770447
v 0.39754316210746765 0.2855517864227295 0.5053090453147888
v 0.39468565583229065 0.29039621353149414 0.5070214867591858
v 0.39468565583229065 0.2903555929660797 0.5071000456809998
v 0.39751359820365906 0.2873396873474121 0.5040128827095032
v 0.39754316210746765 0.2873891294002533 0.50496506690979
v 0.39754316210746765 0.29083898663520813 0.5056756734848022
v 0.39751359820365906 0.29124879837036133 0.5048180222511292
v 0.39751359820365906 0.29144859313964844 0.5048884153366089
v 0.39754316210746765 0.29101529717445374 0.5057377815246582
v 0.397560715675354 0.2875243127346039 0.5063098669052124
v 0.397560715675354 0.28903308510780334 0.5064163208007812
v 0.39756837487220764 0.28898540139198303 0.5066298842430115
v 0.39756837487220764 0.287533164024353 0.5065274238586426
v 0.39754316210746765 0.29456937313079834 0.5099093317985535
v 0.39751359820365906 0.2954758107662201 0.5096153020858765
v 0.39751359820365906 0.2958655059337616 0.5116972327232361
v 0.39754316210746765 0.29491329193115234 0.5117466449737549
v 0.397560715675354 0.2927297353744507 0.5090330243110657
v 0.397560715675354 0.2932995855808258 0.5102617740631104
v 0.39756837487220764 0.29309210181236267 0.5103312730789185
v 0.39756837487220764 0.2925436198711395 0.5091485977172852
v 0.39754316210746765 0.29476141929626465 0.5136097073554993
v 0.39751359820365906 0.29569345712661743 0.5138083100318909
v 0.39751359820365906 0.29499000310897827 0.5158060789108276
v 0.39754316210746765 0.29414063692092896 0.5153728127479553
v 0.397560715675354 0.2935616672039032 0.5117514133453369
v 0.397560715675354 0.2934217154979706 0.5132664442062378
v 0.39756837487220764 0.29320967197418213 0.51322340965271
v 0.39756837487220764 0.2933444082736969 0.5117651224136353
v 0.397560715675354 0.29266640543937683 0.50889652967453
v 0.39756837487220764 0.2924826443195343 0.5090171694755554
v 0.38657400012016296 0.2924841344356537 0.5068769454956055
v 0.3867601752281189 0.2924841344356537 0.5068769454956055
v 0.38393014669418335 0.2948107421398163 0.5117519497871399
v 0.38393014669418335 0.29447174072265625 0.5099409818649292
v 0.37466612458229065 0.29447174072265625 0.5099409818649292
v 0.37466612458229065 0.2948107421398163 0.5117519497871399
v 0.37445104122161865 0.2948107421398163 0.5117519497871399
v 0.37445104122161865 0.29466110467910767 0.5135883092880249
v 0.37466612458229065 0.29466110467910767 0.5135883092880249
v 0.38393014669418335 0.29466110467910767 0.5135883092880249
v 0.38393014669418335 0.2839182913303375 0.5061951875686646
v 0.37466612458229065 0.2839182913303375 0.5061951875686646
v 0.37466612458229065 0.2855834662914276 0.5054066181182861
v 0.38393014669418335 0.2855834662914276 0.5054066181182861
v 0.38393014669418335 0.2940491735935211 0.5153261423110962
v 0.37466612458229065 0.2940491735935211 0.5153261423110962
v 0.37445104122161865 0.2839182913303375 0.5061951875686646
v 0.37445104122161865 0.2855834662914276 0.5054066181182861
v 0.38393014669418335 0.2873944342136383 0.5050675868988037
v 0.37466612458229065 0.2873944342136383 0.5050675868988037
v 0.37466612458229065 0.2892307937145233 0.5052173137664795
v 0.38393014669418335 0.2892307937145233 0.5052173137664795
v 0.37445104122161865 0.2873944342136383 0.5050675868988037
v 0.37445104122161865 0.2892307937145233 0.5052173137664795
v 0.37466612458229065 0.2909669280052185 0.5058276057243347
v 0.37445104122161865 0.290968656539917 0.5058291554450989
v 0.37445104122161865 0.2924841344356537 0.5068769454956055
v 0.37466612458229065 0.2924841344356537 0.5068769454956055
v 0.38393014669418335 0.293805867433548 0.5083863735198975
v 0.37466612458229065 0.2936849296092987 0.5082773566246033
v 0.39468565583229065 0.2839182913303375 0.5061951875686646
v 0.39452627301216125 0.2839182913303375 0.5061951875686646
v 0.39452627301216125 0.2860966622829437 0.5068124532699585
v 0.39468565583229065 0.2860966622829437 0.5068124532699585
v 0.39468565583229065 0.287533164024353 0.5065274238586426
v 0.39452627301216125 0.287533164024353 0.5065274238586426
v 0.39452627301216125 0.284771591424942 0.5074528455734253
v 0.39468565583229065 0.284771591424942 0.5074528455734253
v 0.39452627301216125 0.2902185916900635 0.507053017616272
v 0.39468565583229065 0.2902185916900635 0.507053017616272
v 0.39468565583229065 0.2903555929660797 0.5071000456809998
v 0.39452627301216125 0.2903555929660797 0.5071000456809998
v 0.39452627301216125 0.28898540139198303 0.5066298842430115
v 0.39468565583229065 0.28898540139198303 0.5066298842430115
v 0.39452627301216125 0.29309210181236267 0.5103312730789185
v 0.39468565583229065 0.29309210181236267 0.5103312730789185
v 0.39468565583229065 0.2933444082736969 0.5117651224136353
v 0.39452627301216125 0.2933444082736969 0.5117651224136353
v 0.39452627301216125 0.2925436198711395 0.5091485977172852
v 0.39452627301216125 0.2924826443195343 0.5090171694755554
v 0.39468565583229065 0.2924826443195343 0.5090171694755554
v 0.39468565583229065 0.2925436198711395 0.5091485977172852
v 0.39452627301216125 0.29320967197418213 0.51322340965271
v 0.39468565583229065 0.29320967197418213 0.51322340965271
v 0.39468565583229065 0.29270991683006287 0.5146076679229736
v 0.39452627301216125 0.29270991683006287 0.5146076679229736
v 0.39452627301216125 0.29039621353149414 0.5070214867591858
v 0.39452627301216125 0.2903555929660797 0.5071000456809998
v 0.3872041404247284 0.29039621353149414 0.5070214867591858
v 0.3872041404247284 0.2903555929660797 0.5071000456809998
v 0.3897871971130371 0.2903555929660797 0.5071000456809998
v 0.3897871971130371 0.29039621353149414 0.5070214867591858
v 0.3867601752281189 0.29245588183403015 0.5069082975387573
v 0.3872041404247284 0.2909494638442993 0.5058668255805969
v 0.3872041404247284 0.2909686267375946 0.5058291554450989
v 0.3867601752281189 0.2924841344356537 0.5068769454956055
v 0.3872041404247284 0.29364779591560364 0.5082988142967224
v 0.3872041404247284 0.2936832010746002 0.5082758069038391
v 0.3872041404247284 0.2925565540790558 0.5089686512947083
v 0.3897871971130371 0.2925565540790558 0.5089686512947083
v 0.3897871971130371 0.2924826443195343 0.5090171694755554
v 0.3872041404247284 0.2924826443195343 0.5090171694755554
v 0.39452627301216125 0.2925565540790558 0.5089686512947083
v 0.39468565583229065 0.2925565540790558 0.5089686512947083
v 0.39468565583229065 0.2924826443195343 0.5090171694755554
v 0.39452627301216125 0.2924826443195343 0.5090171694755554
v 0.3949543237686157 0.2860966622829437 0.5068124532699585
v 0.3949543237686157 0.287533164024353 0.5065274238586426
v 0.3949543237686157 0.284771591424942 0.5074528455734253
v 0.3949543237686157 0.2902185916900635 0.507053017616272
v 0.3949543237686157 0.2903555929660797 0.5071000456809998
v 0.3949543237686157 0.28898540139198303 0.5066298842430115
v 0.3949543237686157 0.29309210181236267 0.5103312730789185
v 0.3949543237686157 0.2933444082736969 0.5117651224136353
v 0.3949543237686157 0.2924826443195343 0.5090171694755554
v 0.3949543237686157 0.2925436198711395 0.5091485977172852
v 0.3949543237686157 0.29320967197418213 0.51322340965271
v 0.3949543237686157 0.29270991683006287 0.5146076679229736
v 0.39494776725769043 0.29255980253219604 0.5089665055274963
v 0.3949543237686157 0.2924826443195343 0.5090171694755554
v 0.3948426842689514 0.2945158779621124 0.5077356696128845
v 0.3964282274246216 0.29464566707611084 0.5076515078544617
v 0.39751359820365906 0.2945692539215088 0.50770103931427
v 0.397560715675354 0.29266640543937683 0.50889652967453
v 0.39756837487220764 0.2924826443195343 0.5090171694755554
v 0.38393014669418335 0.28303664922714233 0.5173589587211609
v 0.37466612458229065 0.28303664922714233 0.5173589587211609
v 0.37466612458229065 0.2818358838558197 0.5159585475921631
v 0.38393014669418335 0.2817780077457428 0.5158348679542542
v 0.39751359820365906 0.29144859313964844 0.5048884153366089
v 0.39754316210746765 0.2892521917819977 0.505116879940033
v 0.39751359820365906 0.2894507646560669 0.504184901714325
v 0.37445104122161865 0.2936832010746002 0.5082758069038391
v 0.37445104122161865 0.29447174072265625 0.5099409818649292
v 0.38393014669418335 0.2924841344356537 0.5068769454956055
v 0.38393014669418335 0.2908378541469574 0.5057829022407532
v 0.3964282274246216 0.29464566707611084 0.5076515078544617
v 0.39629068970680237 0.29380449652671814 0.5081971287727356
v 0.3955073654651642 0.2938022017478943 0.508198618888855
v 0.3948426842689514 0.2945158779621124 0.5077356696128845
v 0.39751359820365906 0.29144859313964844 0.5048884153366089
v 0.39754316210746765 0.29101529717445374 0.5057377815246582
v 0.3947739005088806 0.2911483645439148 0.5054768919944763
v 0.3949103355407715 0.29096290469169617 0.5058404207229614
v 0.397560715675354 0.28465530276298523 0.5072712898254395
v 0.397560715675354 0.28603193163871765 0.5066059827804565
v 0.39468565583229065 0.2909686267375946 0.5058291554450989
v 0.39468565583229065 0.2909494638442993 0.5058668255805969
v 0.397560715675354 0.2903142273426056 0.5068559050559998
v 0.397560715675354 0.2904565632343292 0.5069047808647156
v 0.39751359820365906 0.29465991258621216 0.5078924298286438
v 0.39754316210746765 0.2938493490219116 0.508388876914978
v 0.397560715675354 0.29290249943733215 0.5147045254707336
v 0.39751359820365906 0.2945692539215088 0.50770103931427
v 0.39754316210746765 0.29376932978630066 0.5082199573516846
v 0.39452627301216125 0.2909686267375946 0.5058291554450989
v 0.39452627301216125 0.2909494638442993 0.5058668255805969
v 0.3872041404247284 0.2909686267375946 0.5058291554450989
v 0.3872041404247284 0.2909494638442993 0.5058668255805969
v 0.3897871971130371 0.2909494638442993 0.5058668255805969
v 0.3897871971130371 0.2909686267375946 0.5058291554450989
v 0.3867601752281189 0.291605144739151 0.5078521966934204
v 0.3872041404247284 0.29039621353149414 0.5070214867591858
v 0.3872041404247284 0.2925565540790558 0.5089686512947083
v 0.3872041404247284 0.2936832010746002 0.5082758069038391
v 0.3897871971130371 0.2936832010746002 0.5082758069038391
v 0.3897871971130371 0.29364779591560364 0.5082988142967224
v 0.3872041404247284 0.29364779591560364 0.5082988142967224
v 0.39452627301216125 0.2936832010746002 0.5082758069038391
v 0.39468565583229065 0.2936832010746002 0.5082758069038391
v 0.39468565583229065 0.29364779591560364 0.5082988142967224
v 0.39452627301216125 0.29364779591560364 0.5082988142967224
v 0.3947739005088806 0.29401493072509766 0.5080605745315552
v 0.3949103355407715 0.2936726212501526 0.5082826614379883
v 0.39751359820365906 0.2945692539215088 0.50770103931427
v 0.39754316210746765 0.29376932978630066 0.5082199573516846
v 0.3948426842689514 0.28058749437332153 0.5084587335586548
v 0.3964282274246216 0.28044968843460083 0.5083884596824646
v 0.3964282274246216 0.27973833680152893 0.5104086995124817
v 0.3948426842689514 0.2798895537853241 0.5104409456253052
v 0.39756837487220764 0.284771591424942 0.5074528455734253
v 0.39756837487220764 0.2860966622829437 0.5068124532699585
v 0.39756837487220764 0.2902185916900635 0.507053017616272
v 0.39756837487220764 0.2903555929660797 0.5071000456809998
v 0.39756837487220764 0.29270991683006287 0.5146076679229736
v 0.3867601752281189 0.29154592752456665 0.5079178810119629
v 0.3872041404247284 0.2903555929660797 0.5071000456809998
v 0.3872041404247284 0.2924826443195343 0.5090171694755554
v 0.3964282274246216 0.27956435084342957 0.5125434398651123
v 0.3964282274246216 0.27995842695236206 0.5146486759185791
v 0.3948426842689514 0.28010550141334534 0.5146010518074036
v 0.3948426842689514 0.27971887588500977 0.5125353932380676
v 0.3948426842689514 0.28817781805992126 0.5201594829559326
v 0.3964282274246216 0.28818580508232117 0.5203139781951904
v 0.3964282274246216 0.29029110074043274 0.5199199318885803
v 0.3948426842689514 0.29024338722229004 0.5197728872299194
v 0.3948426842689514 0.28608328104019165 0.5199888348579407
v 0.3964282274246216 0.28605106472969055 0.5201399922370911
v 0.3948426842689514 0.2921426296234131 0.5188734531402588
v 0.3964282274246216 0.2922268211841583 0.5190032124519348
v 0.3964282274246216 0.2938530147075653 0.5176092982292175
v 0.3948426842689514 0.29373812675476074 0.5175057649612427
v 0.3964282274246216 0.2922268211841583 0.5190032124519348
v 0.3948426842689514 0.2921426296234131 0.5188734531402588
v 0.3948426842689514 0.28058749437332153 0.5084587335586548
v 0.3948426842689514 0.2817825973033905 0.5067301988601685
v 0.3964282274246216 0.2816677391529083 0.5066266655921936
v 0.3964282274246216 0.28044968843460083 0.5083884596824646
v 0.3955073654651642 0.28295114636421204 0.5152758955955505
v 0.39620912075042725 0.2828449010848999 0.5153456926345825
v 0.39617347717285156 0.28303810954093933 0.5152187943458557
v 0.3955073654651642 0.28303810954093933 0.5152187943458557
v 0.39751359820365906 0.279827356338501 0.5104276537895203
v 0.39751359820365906 0.2796553075313568 0.512538731098175
v 0.39751359820365906 0.28053081035614014 0.5084298253059387
v 0.3964282274246216 0.28078344464302063 0.516390860080719
v 0.39751359820365906 0.2800450026988983 0.5146206021308899
v 0.39751359820365906 0.28086087107658386 0.5163434743881226
v 0.3897871971130371 0.2862899899482727 0.5190186500549316
v 0.3897871971130371 0.2881263494491577 0.5191683173179626
v 0.38691234588623047 0.2881263494491577 0.5191683173179626
v 0.38691234588623047 0.2862899899482727 0.5190186500549316
v 0.3897871971130371 0.28472593426704407 0.5184679627418518
v 0.386935830116272 0.2847151458263397 0.5185536742210388
v 0.3872041404247284 0.2845521569252014 0.5184067487716675
v 0.3897871971130371 0.2845521569252014 0.5184067487716675
v 0.39452627301216125 0.2862899899482727 0.5190186500549316
v 0.39452627301216125 0.2881263494491577 0.5191683173179626
v 0.39452627301216125 0.2899373471736908 0.518829345703125
v 0.3897871971130371 0.2899373471736908 0.518829345703125
v 0.3897871971130371 0.2916024923324585 0.5180407762527466
v 0.38691234588623047 0.2916024923324585 0.5180407762527466
v 0.38691234588623047 0.2899373471736908 0.518829345703125
v 0.39452627301216125 0.2916024923324585 0.5180407762527466
v 0.39452627301216125 0.29300135374069214 0.5168417096138
v 0.3897871971130371 0.29300135374069214 0.5168417096138
v 0.3897871971130371 0.2916024923324585 0.5180407762527466
v 0.39452627301216125 0.2916024923324585 0.5180407762527466
v 0.38691234588623047 0.29300135374069214 0.5168417096138
v 0.38691234588623047 0.2916024923324585 0.5180407762527466
v 0.39468565583229065 0.28085970878601074 0.5106476545333862
v 0.39468565583229065 0.2814716100692749 0.5089098215103149
v 0.3947739005088806 0.28111934661865234 0.5087300539016724
v 0.3947739005088806 0.28047317266464233 0.5105652213096619
v 0.3947739005088806 0.2803151309490204 0.5125044584274292
v 0.39468565583229065 0.28071004152297974 0.5124839544296265
v 0.39452627301216125 0.2810490131378174 0.5142949819564819
v 0.39452627301216125 0.28071004152297974 0.5124839544296265
v 0.39468565583229065 0.28071004152297974 0.5124839544296265
v 0.39468565583229065 0.2810490131378174 0.5142949819564819
v 0.39452627301216125 0.28085970878601074 0.5106476545333862
v 0.39468565583229065 0.28085970878601074 0.5106476545333862
v 0.39468565583229065 0.2810490131378174 0.5142949819564819
v 0.3947739005088806 0.2806731164455414 0.5144168734550476
v 0.39468565583229065 0.28175872564315796 0.5157936215400696
v 0.3947739005088806 0.28142258524894714 0.515999436378479
v 0.3947739005088806 0.28150585293769836 0.5161752700805664
v 0.39468565583229065 0.2818375825881958 0.5159600973129272
v 0.39452627301216125 0.28472593426704407 0.5184679627418518
v 0.39452627301216125 0.2845521569252014 0.5184067487716675
v 0.39452627301216125 0.28175872564315796 0.5157936215400696
v 0.39468565583229065 0.28175872564315796 0.5157936215400696
v 0.39468565583229065 0.2818375825881958 0.5159600973129272
v 0.39452627301216125 0.2818375825881958 0.5159600973129272
v 0.39468565583229065 0.28472593426704407 0.5184679627418518
v 0.39468565583229065 0.2845521569252014 0.5184067487716675
v 0.3947739005088806 0.2843724489212036 0.5187589526176453
v 0.3947739005088806 0.28455597162246704 0.5188236236572266
v 0.39468565583229065 0.2862899899482727 0.5190186500549316
v 0.3947739005088806 0.2862076461315155 0.5194051861763
v 0.3947739005088806 0.28814682364463806 0.5195631980895996
v 0.39468565583229065 0.2881263494491577 0.5191683173179626
v 0.39468565583229065 0.2899373471736908 0.518829345703125
v 0.3947739005088806 0.29005926847457886 0.5192052125930786
v 0.3947739005088806 0.29181766510009766 0.5183725357055664
v 0.39468565583229065 0.2916024923324585 0.5180407762527466
v 0.39468565583229065 0.29300135374069214 0.5168417096138
v 0.3947739005088806 0.29329487681388855 0.517106294631958
v 0.39468565583229065 0.2825194001197815 0.5073942542076111
v 0.3947739005088806 0.2822258472442627 0.5071296691894531
v 0.39452627301216125 0.2825194001197815 0.5073942542076111
v 0.39468565583229065 0.2825194001197815 0.5073942542076111
v 0.39468565583229065 0.2814716100692749 0.5089098215103149
v 0.39452627301216125 0.2814716100692749 0.5089098215103149
v 0.3897871971130371 0.28085970878601074 0.5106476545333862
v 0.3897871971130371 0.28071004152297974 0.5124839544296265
v 0.38691234588623047 0.28071004152297974 0.5124839544296265
v 0.38691234588623047 0.28085970878601074 0.5106476545333862
v 0.38691234588623047 0.2814716100692749 0.5089098215103149
v 0.3897871971130371 0.2814716100692749 0.5089098215103149
v 0.3897871971130371 0.28175872564315796 0.5157936215400696
v 0.3897871971130371 0.2818375825881958 0.5159600973129272
v 0.3872041404247284 0.2818375825881958 0.5159600973129272
v 0.38691234588623047 0.28175872564315796 0.5157936215400696
v 0.3897871971130371 0.2810490131378174 0.5142949819564819
v 0.38691234588623047 0.2810490131378174 0.5142949819564819
v 0.39751359820365906 0.281735360622406 0.506687581539154
v 0.39751359820365906 0.28053081035614014 0.5084298253059387
v 0.39751359820365906 0.29217728972435 0.5189267992973328
v 0.39751359820365906 0.29378542304039 0.5175483822822571
v 0.39751359820365906 0.29026302695274353 0.5198333859443665
v 0.39751359820365906 0.29217728972435 0.5189267992973328
v 0.39751359820365906 0.2881811261177063 0.520223081111908
v 0.39751359820365906 0.2860700488090515 0.5200510025024414
v 0.3964282274246216 0.28423282504081726 0.5194998383522034
v 0.39751359820365906 0.2842719852924347 0.5194178819656372
v 0.3955073654651642 0.2829771935939789 0.515087366104126
v 0.3955073654651642 0.28303810954093933 0.5152187943458557
v 0.39617347717285156 0.28303810954093933 0.5152187943458557
v 0.39617347717285156 0.2829771935939789 0.515087366104126
v 0.3948426842689514 0.29373812675476074 0.5175057649612427
v 0.3948426842689514 0.2921426296234131 0.5188734531402588
v 0.3948426842689514 0.29024338722229004 0.5197728872299194
v 0.3948426842689514 0.28817781805992126 0.5201594829559326
v 0.3948426842689514 0.28608328104019165 0.5199888348579407
v 0.3948426842689514 0.2842993140220642 0.5193606615066528
v 0.3948426842689514 0.28410112857818604 0.5192908644676208
v 0.3964282274246216 0.28087514638900757 0.5165844559669495
v 0.3948426842689514 0.281004935503006 0.5165002942085266
v 0.3948426842689514 0.28091496229171753 0.5163103342056274
v 0.3948426842689514 0.28091496229171753 0.5163103342056274
v 0.3948426842689514 0.281004935503006 0.5165002942085266
v 0.3948426842689514 0.28010550141334534 0.5146010518074036
v 0.3948426842689514 0.27971887588500977 0.5125353932380676
v 0.3948426842689514 0.2842993140220642 0.5193606615066528
v 0.3948426842689514 0.2798895537853241 0.5104409456253052
v 0.3948426842689514 0.28058749437332153 0.5084587335586548
v 0.3948426842689514 0.2817825973033905 0.5067301988601685
v 0.3815535604953766 0.2823111116886139 0.5110125541687012
v 0.3815535604953766 0.2821763753890991 0.5124707818031311
v 0.38691234588623047 0.2821763753890991 0.5124707818031311
v 0.38691234588623047 0.2823111116886139 0.5110125541687012
v 0.38691234588623047 0.28281083703041077 0.5096282958984375
v 0.3815535604953766 0.28281083703041077 0.5096282958984375
v 0.37543636560440063 0.2823111116886139 0.5110125541687012
v 0.37543636560440063 0.28281083703041077 0.5096282958984375
v 0.3745785057544708 0.28281083703041077 0.5096282958984375
v 0.3745785057544708 0.2823111116886139 0.5110125541687012
v 0.3745785057544708 0.2821763753890991 0.5124707818031311
v 0.37543636560440063 0.2821763753890991 0.5124707818031311
v 0.3815535604953766 0.2829771935939789 0.515087366104126
v 0.3815535604953766 0.28303810954093933 0.5152187943458557
v 0.3872041404247284 0.28303810954093933 0.5152187943458557
v 0.3872041404247284 0.2829771935939789 0.515087366104126
v 0.3815535604953766 0.28242865204811096 0.5139046311378479
v 0.38691234588623047 0.28242865204811096 0.5139046311378479
v 0.37543636560440063 0.28242865204811096 0.5139046311378479
v 0.3745785057544708 0.28242865204811096 0.5139046311378479
v 0.37543636560440063 0.2829771935939789 0.515087366104126
v 0.3745785057544708 0.2829771935939789 0.515087366104126
v 0.3745785057544708 0.28303810954093933 0.5152187943458557
v 0.37543636560440063 0.28303810954093933 0.5152187943458557
v 0.3815535604953766 0.28397485613822937 0.5163180232048035
v 0.3815535604953766 0.2851651608943939 0.5171359181404114
v 0.3872041404247284 0.2851651608943939 0.5171359181404114
v 0.3867601752281189 0.28397485613822937 0.5163180232048035
v 0.37543636560440063 0.28397485613822937 0.5163180232048035
v 0.3745785057544708 0.28397485613822937 0.5163180232048035
v 0.3745785057544708 0.2851651608943939 0.5171359181404114
v 0.37543636560440063 0.2851651608943939 0.5171359181404114
v 0.3815535604953766 0.2865353524684906 0.5176060199737549
v 0.3815535604953766 0.287987619638443 0.5177084803581238
v 0.38691234588623047 0.287987619638443 0.5177084803581238
v 0.38691234588623047 0.2865353524684906 0.5176060199737549
v 0.3815535604953766 0.28530222177505493 0.5171829462051392
v 0.3872041404247284 0.28530222177505493 0.5171829462051392
v 0.37543636560440063 0.28530222177505493 0.5171829462051392
v 0.3745785057544708 0.28530222177505493 0.5171829462051392
v 0.37543636560440063 0.2865353524684906 0.5176060199737549
v 0.3745785057544708 0.2865353524684906 0.5176060199737549
v 0.3745785057544708 0.287987619638443 0.5177084803581238
v 0.37543636560440063 0.287987619638443 0.5177084803581238
v 0.3815535604953766 0.2894241213798523 0.5174235105514526
v 0.3815535604953766 0.2907491624355316 0.5167831182479858
v 0.38691234588623047 0.2907491624355316 0.5167831182479858
v 0.38691234588623047 0.2894241213798523 0.5174235105514526
v 0.37543636560440063 0.2894241213798523 0.5174235105514526
v 0.3745785057544708 0.2894241213798523 0.5174235105514526
v 0.3745785057544708 0.2907491624355316 0.5167831182479858
v 0.37543636560440063 0.2907491624355316 0.5167831182479858
v 0.3815535604953766 0.29186707735061646 0.5158193707466125
v 0.38691234588623047 0.29186707735061646 0.5158193707466125
v 0.38691234588623047 0.2907491624355316 0.5167831182479858
v 0.3815535604953766 0.2907491624355316 0.5167831182479858
v 0.37543636560440063 0.29186707735061646 0.5158193707466125
v 0.37543636560440063 0.2907491624355316 0.5167831182479858
v 0.3745785057544708 0.2907491624355316 0.5167831182479858
v 0.3745785057544708 0.29186707735061646 0.5158193707466125
v 0.3815535604953766 0.2836536765098572 0.5084165930747986
v 0.3815535604953766 0.28281083703041077 0.5096282958984375
v 0.38691234588623047 0.28281083703041077 0.5096282958984375
v 0.38691234588623047 0.2836536765098572 0.5084165930747986
v 0.37543636560440063 0.2836536765098572 0.5084165930747986
v 0.3745785057544708 0.2836536765098572 0.5084165930747986
v 0.3745785057544708 0.28281083703041077 0.5096282958984375
v 0.37543636560440063 0.28281083703041077 0.5096282958984375
v 0.39756837487220764 0.2823111116886139 0.5110125541687012
v 0.39756837487220764 0.28281083703041077 0.5096282958984375
v 0.39617347717285156 0.28281083703041077 0.5096282958984375
v 0.39617347717285156 0.2823111116886139 0.5110125541687012
v 0.39617347717285156 0.2821763753890991 0.5124707818031311
v 0.39756837487220764 0.2821763753890991 0.5124707818031311
v 0.3955073654651642 0.2823111116886139 0.5110125541687012
v 0.3955073654651642 0.28281083703041077 0.5096282958984375
v 0.3955073654651642 0.28242865204811096 0.5139046311378479
v 0.39617347717285156 0.28242865204811096 0.5139046311378479
v 0.3897871971130371 0.2823111116886139 0.5110125541687012
v 0.3897871971130371 0.28281083703041077 0.5096282958984375
v 0.3897871971130371 0.2821763753890991 0.5124707818031311
v 0.39756837487220764 0.28242865204811096 0.5139046311378479
v 0.39756837487220764 0.2829771935939789 0.515087366104126
v 0.39756837487220764 0.28303810954093933 0.5152187943458557
v 0.3948426842689514 0.281004935503006 0.5165002942085266
v 0.3964282274246216 0.28087514638900757 0.5165844559669495
v 0.39629068970680237 0.28171631693840027 0.5160387754440308
v 0.3955073654651642 0.28171855211257935 0.5160373449325562
v 0.3955073654651642 0.2865353524684906 0.5176060199737549
v 0.3955073654651642 0.287987619638443 0.5177084803581238
v 0.39617347717285156 0.287987619638443 0.5177084803581238
v 0.39617347717285156 0.2865353524684906 0.5176060199737549
v 0.3897871971130371 0.28242865204811096 0.5139046311378479
v 0.3897871971130371 0.2829771935939789 0.515087366104126
v 0.3897871971130371 0.28303810954093933 0.5152187943458557
v 0.39756837487220764 0.28530222177505493 0.5171829462051392
v 0.39756837487220764 0.2851651608943939 0.5171359181404114
v 0.39617347717285156 0.2851651608943939 0.5171359181404114
v 0.39617347717285156 0.28530222177505493 0.5171829462051392
v 0.39756837487220764 0.2865353524684906 0.5176060199737549
v 0.39756837487220764 0.287987619638443 0.5177084803581238
v 0.3955073654651642 0.28530222177505493 0.5171829462051392
v 0.3955073654651642 0.2851651608943939 0.5171359181404114
v 0.3955073654651642 0.2894241213798523 0.5174235105514526
v 0.3955073654651642 0.2907491624355316 0.5167831182479858
v 0.39617347717285156 0.2907491624355316 0.5167831182479858
v 0.39617347717285156 0.2894241213798523 0.5174235105514526
v 0.3897871971130371 0.28530222177505493 0.5171829462051392
v 0.3897871971130371 0.2851651608943939 0.5171359181404114
v 0.3897871971130371 0.2865353524684906 0.5176060199737549
v 0.3897871971130371 0.287987619638443 0.5177084803581238
v 0.39756837487220764 0.2894241213798523 0.5174235105514526
v 0.39756837487220764 0.2907491624355316 0.5167831182479858
v 0.3955073654651642 0.29186707735061646 0.5158193707466125
v 0.39617347717285156 0.29186707735061646 0.5158193707466125
v 0.39617347717285156 0.2907491624355316 0.5167831182479858
v 0.3955073654651642 0.2907491624355316 0.5167831182479858
v 0.3897871971130371 0.2894241213798523 0.5174235105514526
v 0.3897871971130371 0.2907491624355316 0.5167831182479858
v 0.39756837487220764 0.29186707735061646 0.5158193707466125
v 0.39756837487220764 0.2907491624355316 0.5167831182479858
v 0.3955073654651642 0.2836536765098572 0.5084165930747986
v 0.3955073654651642 0.28281083703041077 0.5096282958984375
v 0.39617347717285156 0.28281083703041077 0.5096282958984375
v 0.39617347717285156 0.2836536765098572 0.5084165930747986
v 0.3897871971130371 0.29186707735061646 0.5158193707466125
v 0.3897871971130371 0.2907491624355316 0.5167831182479858
v 0.3955073654651642 0.2821763753890991 0.5124707818031311
v 0.397560715675354 0.2828543484210968 0.5153394341468811
v 0.39756837487220764 0.28303810954093933 0.5152187943458557
v 0.39494776725769043 0.2829609811306 0.5152694582939148
v 0.3949543237686157 0.28303810954093933 0.5152187943458557
v 0.39754316210746765 0.28138017654418945 0.5088631510734558
v 0.39754316210746765 0.280759334564209 0.5106262564659119
v 0.39751359820365906 0.279827356338501 0.5104276537895203
v 0.39751359820365906 0.28053081035614014 0.5084298253059387
v 0.39756837487220764 0.2836536765098572 0.5084165930747986
v 0.39756837487220764 0.28281083703041077 0.5096282958984375
v 0.39620912075042725 0.28505900502204895 0.5173412561416626
v 0.3955073654651642 0.28511738777160645 0.5172283053398132
v 0.3955073654651642 0.2851651608943939 0.5171359181404114
v 0.39617347717285156 0.2851651608943939 0.5171359181404114
v 0.3897871971130371 0.2836536765098572 0.5084165930747986
v 0.3897871971130371 0.28281083703041077 0.5096282958984375
v 0.39468565583229065 0.2829642593860626 0.5152672529220581
v 0.39468565583229065 0.28303810954093933 0.5152187943458557
v 0.39754316210746765 0.28060752153396606 0.5124893188476562
v 0.39751359820365906 0.2796553075313568 0.512538731098175
v 0.39754316210746765 0.2816714644432068 0.5158470869064331
v 0.39754316210746765 0.28175145387649536 0.5160160064697266
v 0.39751359820365906 0.28095152974128723 0.5165349245071411
v 0.39751359820365906 0.28086087107658386 0.5163434743881226
v 0.397560715675354 0.28195908665657043 0.5124844908714294
v 0.39756837487220764 0.2821763753890991 0.5124707818031311
v 0.39756837487220764 0.28242865204811096 0.5139046311378479
v 0.397560715675354 0.2822211980819702 0.513974130153656
v 0.39754316210746765 0.2862686216831207 0.5191190242767334
v 0.39754316210746765 0.2881316840648651 0.5192708969116211
v 0.39751359820365906 0.2881811261177063 0.520223081111908
v 0.39751359820365906 0.2860700488090515 0.5200510025024414
v 0.397560715675354 0.28520655632019043 0.5173799991607666
v 0.39756837487220764 0.28530222177505493 0.5171829462051392
v 0.39756837487220764 0.2865353524684906 0.5176060199737549
v 0.397560715675354 0.2864876985549927 0.5178195834159851
v 0.39754316210746765 0.28996896743774414 0.5189269185066223
v 0.39754316210746765 0.2916583716869354 0.518126904964447
v 0.39751359820365906 0.29217728972435 0.5189267992973328
v 0.39751359820365906 0.29026302695274353 0.5198333859443665
v 0.397560715675354 0.28799644112586975 0.517926037311554
v 0.39756837487220764 0.287987619638443 0.5177084803581238
v 0.39756837487220764 0.2894241213798523 0.5174235105514526
v 0.397560715675354 0.28948885202407837 0.5176299810409546
v 0.397560715675354 0.2908654510974884 0.5169646143913269
v 0.39756837487220764 0.2907491624355316 0.5167831182479858
v 0.39756837487220764 0.29186707735061646 0.5158193707466125
v 0.397560715675354 0.2920268774032593 0.5159633755683899
v 0.39754316210746765 0.28244319558143616 0.5073255896568298
v 0.39751359820365906 0.281735360622406 0.506687581539154
v 0.397560715675354 0.2850641906261444 0.5173311829566956
v 0.39756837487220764 0.2851651608943939 0.5171359181404114
v 0.38657400012016296 0.28303664922714233 0.5173589587211609
v 0.3867601752281189 0.28303664922714233 0.5173589587211609
v 0.38393014669418335 0.2862899899482727 0.5190186500549316
v 0.38393014669418335 0.2881263494491577 0.5191683173179626
v 0.37466612458229065 0.2881263494491577 0.5191683173179626
v 0.37466612458229065 0.2862899899482727 0.5190186500549316
v 0.37466612458229065 0.2899373471736908 0.518829345703125
v 0.37445104122161865 0.2899373471736908 0.518829345703125
v 0.37445104122161865 0.2881263494491577 0.5191683173179626
v 0.38393014669418335 0.2899373471736908 0.518829345703125
v 0.37466612458229065 0.2916024923324585 0.5180407762527466
v 0.37466612458229065 0.29300135374069214 0.5168417096138
v 0.37445104122161865 0.29300135374069214 0.5168417096138
v 0.37445104122161865 0.2916024923324585 0.5180407762527466
v 0.38393014669418335 0.29300135374069214 0.5168417096138
v 0.38393014669418335 0.2916024923324585 0.5180407762527466
v 0.38393014669418335 0.2916024923324585 0.5180407762527466
v 0.37466612458229065 0.2916024923324585 0.5180407762527466
v 0.37466612458229065 0.2814716100692749 0.5089098215103149
v 0.37466612458229065 0.28085970878601074 0.5106476545333862
v 0.37445104122161865 0.28085970878601074 0.5106476545333862
v 0.37445104122161865 0.2814716100692749 0.5089098215103149
v 0.38393014669418335 0.28085970878601074 0.5106476545333862
v 0.38393014669418335 0.2814716100692749 0.5089098215103149
v 0.38393014669418335 0.2810490131378174 0.5142949819564819
v 0.37466612458229065 0.2810490131378174 0.5142949819564819
v 0.37466612458229065 0.28071004152297974 0.5124839544296265
v 0.38393014669418335 0.28071004152297974 0.5124839544296265
v 0.37445104122161865 0.2810490131378174 0.5142949819564819
v 0.37445104122161865 0.28071004152297974 0.5124839544296265
v 0.37445104122161865 0.28303664922714233 0.5173589587211609
v 0.37445104122161865 0.2818376123905182 0.5159600973129272
v 0.38393014669418335 0.2814716100692749 0.5089098215103149
v 0.37466612458229065 0.2814716100692749 0.5089098215103149
v 0.37466612458229065 0.2825194001197815 0.5073942542076111
v 0.38393014669418335 0.2825194001197815 0.5073942542076111
v 0.37445104122161865 0.2814716100692749 0.5089098215103149
v 0.37445104122161865 0.2825194001197815 0.5073942542076111
v 0.3897871971130371 0.2825194001197815 0.5073942542076111
v 0.3897871971130371 0.2814716100692749 0.5089098215103149
v 0.38691234588623047 0.2814716100692749 0.5089098215103149
v 0.38691234588623047 0.2825194001197815 0.5073942542076111
v 0.37466612458229065 0.2845538854598999 0.5184082984924316
v 0.38393014669418335 0.28467482328414917 0.5185173153877258
v 0.39452627301216125 0.2814716100692749 0.5089098215103149
v 0.39468565583229065 0.2814716100692749 0.5089098215103149
v 0.39452627301216125 0.2823111116886139 0.5110125541687012
v 0.39452627301216125 0.2821763753890991 0.5124707818031311
v 0.39468565583229065 0.2821763753890991 0.5124707818031311
v 0.39468565583229065 0.2823111116886139 0.5110125541687012
v 0.39468565583229065 0.28281083703041077 0.5096282958984375
v 0.39452627301216125 0.28281083703041077 0.5096282958984375
v 0.39452627301216125 0.2829771935939789 0.515087366104126
v 0.39452627301216125 0.28303810954093933 0.5152187943458557
v 0.39468565583229065 0.28303810954093933 0.5152187943458557
v 0.39468565583229065 0.2829771935939789 0.515087366104126
v 0.39452627301216125 0.28242865204811096 0.5139046311378479
v 0.39468565583229065 0.28242865204811096 0.5139046311378479
v 0.39452627301216125 0.2865353524684906 0.5176060199737549
v 0.39452627301216125 0.287987619638443 0.5177084803581238
v 0.39468565583229065 0.287987619638443 0.5177084803581238
v 0.39468565583229065 0.2865353524684906 0.5176060199737549
v 0.39452627301216125 0.28530222177505493 0.5171829462051392
v 0.39468565583229065 0.28530222177505493 0.5171829462051392
v 0.39468565583229065 0.2851651608943939 0.5171359181404114
v 0.39452627301216125 0.2851651608943939 0.5171359181404114
v 0.39452627301216125 0.2894241213798523 0.5174235105514526
v 0.39452627301216125 0.2907491624355316 0.5167831182479858
v 0.39468565583229065 0.2907491624355316 0.5167831182479858
v 0.39468565583229065 0.2894241213798523 0.5174235105514526
v 0.39452627301216125 0.29186707735061646 0.5158193707466125
v 0.39468565583229065 0.29186707735061646 0.5158193707466125
v 0.39468565583229065 0.2907491624355316 0.5167831182479858
v 0.39452627301216125 0.2907491624355316 0.5167831182479858
v 0.39452627301216125 0.2836536765098572 0.5084165930747986
v 0.39452627301216125 0.28281083703041077 0.5096282958984375
v 0.39468565583229065 0.28281083703041077 0.5096282958984375
v 0.39468565583229065 0.2836536765098572 0.5084165930747986
v 0.39452627301216125 0.2829642593860626 0.5152672529220581
v 0.39452627301216125 0.28303810954093933 0.5152187943458557
v 0.3872041404247284 0.2829642593860626 0.5152672529220581
v 0.3897871971130371 0.2829642593860626 0.5152672529220581
v 0.3897871971130371 0.28303810954093933 0.5152187943458557
v 0.3872041404247284 0.28303810954093933 0.5152187943458557
v 0.3867601752281189 0.28306490182876587 0.517327606678009
v 0.3867601752281189 0.28303664922714233 0.5173589587211609
v 0.3872041404247284 0.2818375825881958 0.5159600973129272
v 0.3872041404247284 0.28187301754951477 0.5159371495246887
v 0.3872041404247284 0.2845713496208191 0.5183691382408142
v 0.3872041404247284 0.2845521569252014 0.5184067487716675
v 0.3872041404247284 0.28512459993362427 0.5172144174575806
v 0.3872041404247284 0.2851651608943939 0.5171359181404114
v 0.3897871971130371 0.2851651608943939 0.5171359181404114
v 0.3897871971130371 0.28512459993362427 0.5172144174575806
v 0.39452627301216125 0.28512459993362427 0.5172144174575806
v 0.39452627301216125 0.2851651608943939 0.5171359181404114
v 0.39468565583229065 0.2851651608943939 0.5171359181404114
v 0.39468565583229065 0.28512459993362427 0.5172144174575806
v 0.3949543237686157 0.2821763753890991 0.5124707818031311
v 0.3949543237686157 0.2823111116886139 0.5110125541687012
v 0.3949543237686157 0.28281083703041077 0.5096282958984375
v 0.3949543237686157 0.28303810954093933 0.5152187943458557
v 0.3949543237686157 0.2829771935939789 0.515087366104126
v 0.3949543237686157 0.28242865204811096 0.5139046311378479
v 0.3949543237686157 0.287987619638443 0.5177084803581238
v 0.3949543237686157 0.2865353524684906 0.5176060199737549
v 0.3949543237686157 0.28530222177505493 0.5171829462051392
v 0.3949543237686157 0.2851651608943939 0.5171359181404114
v 0.3949543237686157 0.2907491624355316 0.5167831182479858
v 0.3949543237686157 0.2894241213798523 0.5174235105514526
v 0.3949543237686157 0.29186707735061646 0.5158193707466125
v 0.3949543237686157 0.2907491624355316 0.5167831182479858
v 0.3949543237686157 0.28281083703041077 0.5096282958984375
v 0.3949543237686157 0.2836536765098572 0.5084165930747986
v 0.3949543237686157 0.2851651608943939 0.5171359181404114
v 0.39494776725769043 0.2851227819919586 0.5172179341316223
v 0.3948426842689514 0.28410112857818604 0.5192908644676208
v 0.3964282274246216 0.28403082489967346 0.5194286704063416
v 0.39751359820365906 0.2840721905231476 0.5193475484848022
v 0.397560715675354 0.2850641906261444 0.5173311829566956
v 0.39756837487220764 0.2851651608943939 0.5171359181404114
v 0.38393014669418335 0.2940491735935211 0.5153261423110962
v 0.37466612458229065 0.2940491735935211 0.5153261423110962
v 0.39751359820365906 0.28095152974128723 0.5165349245071411
v 0.39754316210746765 0.28095144033432007 0.5143265724182129
v 0.39751359820365906 0.2800450026988983 0.5146206021308899
v 0.37445104122161865 0.2862899899482727 0.5190186500549316
v 0.37445104122161865 0.2845521569252014 0.5184067487716675
v 0.3964282274246216 0.28403082489967346 0.5194286704063416
v 0.3948426842689514 0.28410112857818604 0.5192908644676208
v 0.3955073654651642 0.28448766469955444 0.5185331106185913
v 0.39629068970680237 0.28448647260665894 0.5185354948043823
v 0.39751359820365906 0.28095152974128723 0.5165349245071411
v 0.39754316210746765 0.28175145387649536 0.5160160064697266
v 0.3947739005088806 0.28150585293769836 0.5161752700805664
v 0.3949103355407715 0.28184816241264343 0.5159532427787781
v 0.397560715675354 0.28261828422546387 0.5095313787460327
v 0.397560715675354 0.28209906816482544 0.5109695196151733
v 0.39468565583229065 0.2818375825881958 0.5159600973129272
v 0.39468565583229065 0.28187301754951477 0.5159371495246887
v 0.397560715675354 0.28279104828834534 0.5152028799057007
v 0.397560715675354 0.2828543484210968 0.5153394341468811
v 0.39751359820365906 0.2842719852924347 0.5194178819656372
v 0.39754316210746765 0.2846818268299103 0.5185602903366089
v 0.39754316210746765 0.2930775582790375 0.5169103741645813
v 0.39751359820365906 0.29378542304039 0.5175483822822571
v 0.397560715675354 0.28349387645721436 0.5082725882530212
v 0.39751359820365906 0.2840721905231476 0.5193475484848022
v 0.39754316210746765 0.2845054864883423 0.5184981822967529
v 0.39452627301216125 0.2818375825881958 0.5159600973129272
v 0.39452627301216125 0.28187301754951477 0.5159371495246887
v 0.3872041404247284 0.2818375825881958 0.5159600973129272
v 0.3897871971130371 0.2818375825881958 0.5159600973129272
v 0.3897871971130371 0.28187301754951477 0.5159371495246887
v 0.3872041404247284 0.28187301754951477 0.5159371495246887
v 0.3867601752281189 0.283915638923645 0.516383707523346
v 0.3872041404247284 0.2829642593860626 0.5152672529220581
v 0.3872041404247284 0.28512459993362427 0.5172144174575806
v 0.3872041404247284 0.2845521569252014 0.5184067487716675
v 0.3872041404247284 0.2845713496208191 0.5183691382408142
v 0.3897871971130371 0.2845713496208191 0.5183691382408142
v 0.3897871971130371 0.2845521569252014 0.5184067487716675
v 0.39452627301216125 0.2845521569252014 0.5184067487716675
v 0.39452627301216125 0.2845713496208191 0.5183691382408142
v 0.39468565583229065 0.2845713496208191 0.5183691382408142
v 0.39468565583229065 0.2845521569252014 0.5184067487716675
v 0.3949103355407715 0.28455787897109985 0.5183954834938049
v 0.3947739005088806 0.2843724489212036 0.5187589526176453
v 0.39751359820365906 0.2840721905231476 0.5193475484848022
v 0.39754316210746765 0.2845054864883423 0.5184981822967529
v 0.3948426842689514 0.2949332892894745 0.5157772302627563
v 0.3964282274246216 0.2950710952281952 0.5158475041389465
v 0.39756837487220764 0.28281083703041077 0.5096282958984375
v 0.39756837487220764 0.2823111116886139 0.5110125541687012
v 0.39756837487220764 0.2829771935939789 0.515087366104126
v 0.39756837487220764 0.28303810954093933 0.5152187943458557
v 0.39756837487220764 0.2836536765098572 0.5084165930747986
v 0.3867601752281189 0.28397485613822937 0.5163180232048035
v 0.3872041404247284 0.28303810954093933 0.5152187943458557
v 0.3872041404247284 0.2851651608943939 0.5171359181404114
v 0.3948426842689514 0.28337815403938293 0.5053625106811523
v 0.3964282274246216 0.2832939624786377 0.5052327513694763
v 0.3955073654651642 0.29270991683006287 0.5146076679229736
v 0.39617347717285156 0.29270991683006287 0.5146076679229736
v 0.39452627301216125 0.2940491735935211 0.5153261423110962
v 0.3897871971130371 0.2940491735935211 0.5153261423110962
v 0.38691234588623047 0.2940491735935211 0.5153261423110962
v 0.39452627301216125 0.2839182913303375 0.5061951875686646
v 0.39468565583229065 0.2839182913303375 0.5061951875686646
v 0.39751359820365906 0.28334352374076843 0.5053091049194336
v 0.39751359820365906 0.29499000310897827 0.5158060789108276
v 0.3815535604953766 0.29270991683006287 0.5146076679229736
v 0.38691234588623047 0.29270991683006287 0.5146076679229736
v 0.3745785057544708 0.29270991683006287 0.5146076679229736
v 0.37543636560440063 0.29270991683006287 0.5146076679229736
v 0.38691234588623047 0.284771591424942 0.5074528455734253
v 0.3815535604953766 0.284771591424942 0.5074528455734253
v 0.37543636560440063 0.284771591424942 0.5074528455734253
v 0.3745785057544708 0.284771591424942 0.5074528455734253
v 0.39756837487220764 0.29270991683006287 0.5146076679229736
v 0.39617347717285156 0.284771591424942 0.5074528455734253
v 0.3955073654651642 0.284771591424942 0.5074528455734253
v 0.3897871971130371 0.29270991683006287 0.5146076679229736
v 0.39756837487220764 0.284771591424942 0.5074528455734253
v 0.3897871971130371 0.284771591424942 0.5074528455734253
v 0.37445104122161865 0.2940491735935211 0.5153261423110962
v 0.37466612458229065 0.2839182913303375 0.5061951875686646
v 0.38393014669418335 0.2839182913303375 0.5061951875686646
v 0.37445104122161865 0.2839182913303375 0.5061951875686646
v 0.38691234588623047 0.2839182913303375 0.5061951875686646
v 0.3897871971130371 0.2839182913303375 0.5061951875686646
v 0.39452627301216125 0.29270991683006287 0.5146076679229736
v 0.39468565583229065 0.29270991683006287 0.5146076679229736
v 0.39468565583229065 0.284771591424942 0.5074528455734253
v 0.39452627301216125 0.284771591424942 0.5074528455734253
v 0.3949543237686157 0.29270991683006287 0.5146076679229736
v 0.3949543237686157 0.284771591424942 0.5074528455734253
v 0.3948426842689514 0.28337815403938293 0.5053625106811523
v 0.3718549907207489 0.28554874658584595 0.5184817910194397
v 0.3718549907207489 0.28771841526031494 0.5160744786262512
v 0.3718549907207489 0.2815920114517212 0.5154187083244324
v 0.3718549907207489 0.2819024920463562 0.5159181952476501
v 0.3718549907207489 0.2853847146034241 0.5186209082603455
v 0.3718549907207489 0.2906191945075989 0.5182185769081116
v 0.3718549907207489 0.2907967269420624 0.5183399319648743
v 0.3718549907207489 0.29106107354164124 0.5182865262031555
v 0.3718549907207489 0.291560560464859 0.5179761052131653
v 0.3718549907207489 0.2923247516155243 0.5174346566200256
v 0.3718549907207489 0.29296010732650757 0.5168045163154602
v 0.3718549907207489 0.29106107354164124 0.5182865262031555
v 0.3718549907207489 0.29145732522010803 0.5119261741638184
v 0.3718549907207489 0.29169124364852905 0.5116666555404663
v 0.3718549907207489 0.2824438810348511 0.5166823863983154
v 0.3718549907207489 0.2830739915370941 0.5173177123069763
v 0.3718549907207489 0.29392892122268677 0.5088174939155579
v 0.3718549907207489 0.29361844062805176 0.5083180069923401
v 0.3718549907207489 0.28153863549232483 0.5151543617248535
v 0.3718549907207489 0.2845873534679413 0.5183380842208862
v 0.3718549907207489 0.2851162850856781 0.5185950994491577
v 0.3718549907207489 0.2816599905490875 0.5149768590927124
v 0.3718549907207489 0.28153863549232483 0.5151543617248535
v 0.3718549907207489 0.2813967764377594 0.5099064111709595
v 0.3718549907207489 0.2838040590286255 0.5120760798454285
v 0.3718549907207489 0.2847242057323456 0.505896270275116
v 0.3718549907207489 0.2844598591327667 0.5059496760368347
v 0.3718549907207489 0.28377118706703186 0.5178787112236023
v 0.3718549907207489 0.2840636074542999 0.5123100280761719
v 0.3718549907207489 0.2849017381668091 0.5060176253318787
v 0.3718549907207489 0.281283438205719 0.5094739198684692
v 0.3718549907207489 0.281257688999176 0.5097423791885376
v 0.3718549907207489 0.29398229718208313 0.5090818405151367
v 0.3718549907207489 0.2840636074542999 0.5123100280761719
v 0.3718549907207489 0.2838296592235565 0.5125695466995239
v 0.3718549907207489 0.2853847146034241 0.5186209082603455
v 0.3718549907207489 0.2844598591327667 0.5059496760368347
v 0.3718549907207489 0.28396037220954895 0.506260097026825
v 0.3718549907207489 0.29423749446868896 0.514762282371521
v 0.3718549907207489 0.29426324367523193 0.5144938230514526
v 0.3718549907207489 0.28154051303863525 0.5089449882507324
v 0.3718549907207489 0.281283438205719 0.5094739198684692
v 0.3718549907207489 0.28730902075767517 0.5081872940063477
v 0.3718549907207489 0.29412415623664856 0.5143297910690308
v 0.3718549907207489 0.289972186088562 0.5057544112205505
v 0.3718549907207489 0.28780248761177063 0.508161723613739
v 0.3718549907207489 0.282560795545578 0.5074315667152405
v 0.3718549907207489 0.2819998860359192 0.5081287622451782
v 0.3718549907207489 0.29352104663848877 0.5161073803901672
v 0.3718549907207489 0.28319618105888367 0.5068014860153198
v 0.3718549907207489 0.2930770516395569 0.5075538158416748
v 0.3718549907207489 0.29244694113731384 0.5069184303283691
v 0.3718549907207489 0.2917497456073761 0.5063574910163879
v 0.3718549907207489 0.2909335792064667 0.505898118019104
v 0.3718549907207489 0.29386094212532043 0.5092593431472778
v 0.3718549907207489 0.29040464758872986 0.5056411027908325
v 0.3718549907207489 0.2901362180709839 0.5056152939796448
v 0.3718549907207489 0.2939804196357727 0.5152912139892578
v 0.3718549907207489 0.29423749446868896 0.514762282371521
v 0.3718549907207489 0.2901362180709839 0.5056152939796448
v 0.3718549907207489 0.2882119119167328 0.5160489082336426
v 0.3718549907207489 0.29171687364578247 0.5121601223945618
v 0.3718549907207489 0.29398229718208313 0.5090818405151367
v 0.3718549907207489 0.28795236349105835 0.5158149600028992
v 0.3718549907207489 0.28795236349105835 0.5158149600028992
v 0.3718549907207489 0.29145732522010803 0.5119261741638184
v 0.3718549907207489 0.2875685691833496 0.5084212422370911
v 0.3718549907207489 0.2875685691833496 0.5084212422370911
v 0.37445104122161865 0.29639098048210144 0.511669933795929
v 0.37445104122161865 0.29597601294517517 0.5094530582427979
v 0.37445104122161865 0.2962234318256378 0.5093728303909302
v 0.37445104122161865 0.29665088653564453 0.5116564035415649
v 0.37445104122161865 0.28820836544036865 0.5207485556602478
v 0.37445104122161865 0.29042527079582214 0.5203335881233215
v 0.37445104122161865 0.2905054986476898 0.5205810070037842
v 0.37445104122161865 0.2882218658924103 0.5210084319114685
v 0.37445104122161865 0.2962077856063843 0.513917863368988
v 0.37445104122161865 0.29646217823028564 0.5139720439910889
v 0.37445104122161865 0.2916877269744873 0.5044196248054504
v 0.37445104122161865 0.28956034779548645 0.5036705732345581
v 0.37445104122161865 0.28961455821990967 0.5034161806106567
v 0.37445104122161865 0.2918059825897217 0.5041877627372742
v 0.37445104122161865 0.2813446819782257 0.5063354969024658
v 0.37445104122161865 0.28006207942962646 0.5081907510757446
v 0.37445104122161865 0.2798302471637726 0.5080724358558655
v 0.37445104122161865 0.2811514735221863 0.5061613917350769
v 0.37445104122161865 0.28509554266929626 0.5039023756980896
v 0.37445104122161865 0.28305715322494507 0.504867672920227
v 0.37445104122161865 0.28291553258895874 0.5046493411064148
v 0.37445104122161865 0.2850152850151062 0.5036548972129822
v 0.37445104122161865 0.27931302785873413 0.5103181004524231
v 0.37445104122161865 0.2790586054325104 0.5102638602256775
v 0.37445104122161865 0.2805100977420807 0.5168212652206421
v 0.37445104122161865 0.28197789192199707 0.5185336470603943
v 0.37445104122161865 0.28180375695228577 0.5187268853187561
v 0.37445104122161865 0.28029173612594604 0.5169628858566284
v 0.37445104122161865 0.2838330864906311 0.5198162794113159
v 0.37445104122161865 0.28596043586730957 0.520565390586853
v 0.37445104122161865 0.28590625524520874 0.5208197832107544
v 0.37445104122161865 0.28371480107307434 0.5200481414794922
v 0.37445104122161865 0.29246363043785095 0.5193682909011841
v 0.37445104122161865 0.29260528087615967 0.5195866227149963
v 0.37445104122161865 0.29354289174079895 0.5057022571563721
v 0.37445104122161865 0.29371702671051025 0.505509078502655
v 0.37445104122161865 0.29545873403549194 0.5160452127456665
v 0.37445104122161865 0.2956905663013458 0.5161635279655457
v 0.37445104122161865 0.29417601227760315 0.5179004669189453
v 0.37445104122161865 0.2943692207336426 0.5180745720863342
v 0.37445104122161865 0.28731241822242737 0.5034874081611633
v 0.37445104122161865 0.28729891777038574 0.5032274723052979
v 0.37445104122161865 0.2950107157230377 0.5074146389961243
v 0.37445104122161865 0.29522904753685 0.5072730779647827
v 0.37445104122161865 0.2791298031806946 0.5125660300254822
v 0.37445104122161865 0.2788698971271515 0.5125795006752014
v 0.37445104122161865 0.27954477071762085 0.5147829055786133
v 0.37445104122161865 0.2792973518371582 0.514863133430481
v 0.37206438183784485 0.28729891777038574 0.5032274723052979
v 0.37206438183784485 0.2850152850151062 0.5036548972129822
v 0.3718448579311371 0.2850152850151062 0.5036548972129822
v 0.3718448579311371 0.28729891777038574 0.5032274723052979
v 0.37206438183784485 0.2811514735221863 0.5061613917350769
v 0.37206438183784485 0.2798302471637726 0.5080724358558655
v 0.3718448579311371 0.2798302471637726 0.5080724358558655
v 0.3718448579311371 0.2811514735221863 0.5061613917350769
v 0.37206438183784485 0.28291553258895874 0.5046493411064148
v 0.3718448579311371 0.28291553258895874 0.5046493411064148
v 0.37206438183784485 0.28961455821990967 0.5034161806106567
v 0.3718448579311371 0.28961455821990967 0.5034161806106567
v 0.37206438183784485 0.2798302471637726 0.5080724358558655
v 0.37206438183784485 0.2790586054325104 0.5102638602256775
v 0.3718448579311371 0.2790586054325104 0.5102638602256775
v 0.3718448579311371 0.2798302471637726 0.5080724358558655
v 0.37206438183784485 0.2792973518371582 0.514863133430481
v 0.37206438183784485 0.28029173612594604 0.5169628858566284
v 0.3718448579311371 0.28029173612594604 0.5169628858566284
v 0.3718448579311371 0.2792973518371582 0.514863133430481
v 0.37206438183784485 0.2962234318256378 0.5093728303909302
v 0.37206438183784485 0.29522904753685 0.5072730779647827
v 0.3718448579311371 0.29522904753685 0.5072730779647827
v 0.3718448579311371 0.2962234318256378 0.5093728303909302
v 0.37206438183784485 0.28180375695228577 0.5187268853187561
v 0.3718448579311371 0.28180375695228577 0.5187268853187561
v 0.37206438183784485 0.29371702671051025 0.505509078502655
v 0.3718448579311371 0.29371702671051025 0.505509078502655
v 0.37206438183784485 0.2905054986476898 0.5205810070037842
v 0.37206438183784485 0.29260528087615967 0.5195866227149963
v 0.3718448579311371 0.29260528087615967 0.5195866227149963
v 0.3718448579311371 0.2905054986476898 0.5205810070037842
v 0.37206438183784485 0.29665088653564453 0.5116564035415649
v 0.3718448579311371 0.29665088653564453 0.5116564035415649
v 0.37206438183784485 0.29646217823028564 0.5139720439910889
v 0.3718448579311371 0.29646217823028564 0.5139720439910889
v 0.37206438183784485 0.29260528087615967 0.5195866227149963
v 0.37206438183784485 0.2943692207336426 0.5180745720863342
v 0.3718448579311371 0.2943692207336426 0.5180745720863342
v 0.3718448579311371 0.29260528087615967 0.5195866227149963
v 0.37206438183784485 0.2956905663013458 0.5161635279655457
v 0.3718448579311371 0.2956905663013458 0.5161635279655457
v 0.37206438183784485 0.28291553258895874 0.5046493411064148
v 0.3718448579311371 0.28291553258895874 0.5046493411064148
v 0.37206438183784485 0.2788698971271515 0.5125795006752014
v 0.3718448579311371 0.2788698971271515 0.5125795006752014
v 0.37206438183784485 0.28371480107307434 0.5200481414794922
v 0.37206438183784485 0.28590625524520874 0.5208197832107544
v 0.3718448579311371 0.28590625524520874 0.5208197832107544
v 0.3718448579311371 0.28371480107307434 0.5200481414794922
v 0.37206438183784485 0.2918059825897217 0.5041877627372742
v 0.3718448579311371 0.2918059825897217 0.5041877627372742
v 0.37206438183784485 0.2882218658924103 0.5210084319114685
v 0.3718448579311371 0.2882218658924103 0.5210084319114685
v 0.37206438183784485 0.2956905663013458 0.5161635279655457
v 0.3718448579311371 0.2956905663013458 0.5161635279655457
v 0.3718448579311371 0.27952834963798523 0.5147882103919983
v 0.3718448579311371 0.2804955840110779 0.5168306827545166
v 0.3718448579311371 0.28612229228019714 0.5131936073303223
v 0.3718448579311371 0.28591087460517883 0.5127377510070801
v 0.3718448579311371 0.2959924340248108 0.5094476938247681
v 0.3718448579311371 0.29502519965171814 0.5074052214622498
v 0.3718448579311371 0.2893984913825989 0.5110423564910889
v 0.3718448579311371 0.2896099090576172 0.511498212814331
v 0.3718448579311371 0.28196632862091064 0.5185465216636658
v 0.3718448579311371 0.2864472270011902 0.5135749578475952
v 0.3718448579311371 0.2935544550418854 0.5056894421577454
v 0.3718448579311371 0.28907355666160583 0.5106610059738159
v 0.3718448579311371 0.29043060541152954 0.5203499794006348
v 0.3718448579311371 0.29247304797172546 0.5193827748298645
v 0.3718448579311371 0.28879716992378235 0.5137362480163574
v 0.3718448579311371 0.2883375287055969 0.5139583945274353
v 0.3718448579311371 0.2964082360267639 0.5116689801216125
v 0.3718448579311371 0.28969743847846985 0.5119955539703369
v 0.3718448579311371 0.2962246835231781 0.5139214396476746
v 0.3718448579311371 0.28965070843696594 0.5125014185905457
v 0.3718448579311371 0.29418885707855225 0.5179120302200317
v 0.3718448579311371 0.28918495774269104 0.5134019255638123
v 0.3718448579311371 0.295474112033844 0.5160530805587769
v 0.3718448579311371 0.2894773483276367 0.5129815936088562
v 0.3718448579311371 0.28509020805358887 0.5038859248161316
v 0.3718448579311371 0.28304773569107056 0.5048531293869019
v 0.3718448579311371 0.28672361373901367 0.5104996562004089
v 0.3718448579311371 0.2871832847595215 0.510277509689331
v 0.3718448579311371 0.2792961299419403 0.5103144645690918
v 0.3718448579311371 0.2791125178337097 0.512566864490509
v 0.3718448579311371 0.28582337498664856 0.5122404098510742
v 0.3718448579311371 0.28587010502815247 0.5117344856262207
v 0.3718448579311371 0.28382521867752075 0.519831657409668
v 0.3718448579311371 0.28595682978630066 0.5205822587013245
v 0.3718448579311371 0.28733545541763306 0.5140217542648315
v 0.3718448579311371 0.2868601381778717 0.5138586759567261
v 0.3718448579311371 0.29169556498527527 0.5044042468070984
v 0.3718448579311371 0.28956395387649536 0.5036536455154419
v 0.3718448579311371 0.28818532824516296 0.5102142095565796
v 0.3718448579311371 0.2886606454849243 0.5103772878646851
v 0.3718448579311371 0.2882092595100403 0.5207657814025879
v 0.3718448579311371 0.28783923387527466 0.5140572786331177
v 0.3718448579311371 0.28731149435043335 0.5034700632095337
v 0.3718448579311371 0.28768157958984375 0.5101786851882935
v 0.3718448579311371 0.281331866979599 0.5063239336013794
v 0.3718448579311371 0.280046671628952 0.5081828236579895
v 0.3718448579311371 0.2860434651374817 0.5112543106079102
v 0.3718448579311371 0.286335825920105 0.5108339786529541
v 0.37445104122161865 0.2940491735935211 0.5153261423110962
v 0.37445104122161865 0.2916024923324585 0.5180407762527466
v 0.37445104122161865 0.2948107421398163 0.5117519497871399
v 0.37445104122161865 0.29447174072265625 0.5099409818649292
v 0.37445104122161865 0.29466065764427185 0.5098797082901001
v 0.37445104122161865 0.29500916600227356 0.5117416977882385
v 0.37445104122161865 0.2881263494491577 0.5191683173179626
v 0.37445104122161865 0.2899373471736908 0.518829345703125
v 0.37445104122161865 0.2899985909461975 0.5190182328224182
v 0.37445104122161865 0.28813663125038147 0.5193668007850647
v 0.37445104122161865 0.29466110467910767 0.5135883092880249
v 0.37445104122161865 0.2948552966117859 0.513629674911499
v 0.37445104122161865 0.290968656539917 0.5058291554450989
v 0.37445104122161865 0.2892307937145233 0.5052173137664795
v 0.37445104122161865 0.28927215933799744 0.5050230026245117
v 0.37445104122161865 0.2910589575767517 0.505652129650116
v 0.37445104122161865 0.2825194001197815 0.5073942542076111
v 0.37445104122161865 0.2814716100692749 0.5089098215103149
v 0.37445104122161865 0.2812946140766144 0.5088195204734802
v 0.37445104122161865 0.2823719084262848 0.507261335849762
v 0.37445104122161865 0.2855834662914276 0.5054066181182861
v 0.37445104122161865 0.2839182913303375 0.5061951875686646
v 0.37445104122161865 0.28381016850471497 0.5060284733772278
v 0.37445104122161865 0.2855221927165985 0.5052176713943481
v 0.37445104122161865 0.28085970878601074 0.5106476545333862
v 0.37445104122161865 0.28066545724868774 0.5106062293052673
v 0.37445104122161865 0.2818376123905182 0.5159600973129272
v 0.37445104122161865 0.28303664922714233 0.5173589587211609
v 0.37445104122161865 0.2829037010669708 0.51750648021698
v 0.37445104122161865 0.2816708981990814 0.5160682201385498
v 0.37445104122161865 0.2845521569252014 0.5184067487716675
v 0.37445104122161865 0.2862899899482727 0.5190186500549316
v 0.37445104122161865 0.2862486243247986 0.5192129015922546
v 0.37445104122161865 0.2844618558883667 0.5185837745666504
v 0.37445104122161865 0.2916024923324585 0.5180407762527466
v 0.37445104122161865 0.29171061515808105 0.5182074904441833
v 0.37445104122161865 0.2924841344356537 0.5068769454956055
v 0.37445104122161865 0.2926170825958252 0.5067294836044312
v 0.37445104122161865 0.2940491735935211 0.5153261423110962
v 0.37445104122161865 0.29422616958618164 0.5154164433479309
v 0.37445104122161865 0.29300135374069214 0.5168417096138
v 0.37445104122161865 0.29314887523651123 0.5169746279716492
v 0.37445104122161865 0.2873944342136383 0.5050675868988037
v 0.37445104122161865 0.28738412261009216 0.5048691630363464
v 0.37445104122161865 0.2936832010746002 0.5082758069038391
v 0.37445104122161865 0.293849915266037 0.5081676840782166
v 0.37445104122161865 0.28071004152297974 0.5124839544296265
v 0.37445104122161865 0.2805115878582001 0.5124942660331726
v 0.37445104122161865 0.2810490131378174 0.5142949819564819
v 0.37445104122161865 0.28086012601852417 0.5143561959266663
v 0.37445104122161865 0.28729891777038574 0.5032274723052979
v 0.37445104122161865 0.2850152850151062 0.5036548972129822
v 0.3742315173149109 0.2850152850151062 0.5036548972129822
v 0.3742315173149109 0.28729891777038574 0.5032274723052979
v 0.37445104122161865 0.2811514735221863 0.5061613917350769
v 0.37445104122161865 0.2798302471637726 0.5080724358558655
v 0.3742315173149109 0.2798302471637726 0.5080724358558655
v 0.3742315173149109 0.2811514735221863 0.5061613917350769
v 0.37445104122161865 0.28291553258895874 0.5046493411064148
v 0.3742315173149109 0.28291553258895874 0.5046493411064148
v 0.37445104122161865 0.28961455821990967 0.5034161806106567
v 0.3742315173149109 0.28961455821990967 0.5034161806106567
v 0.37445104122161865 0.2798302471637726 0.5080724358558655
v 0.37445104122161865 0.2790586054325104 0.5102638602256775
v 0.3742315173149109 0.2790586054325104 0.5102638602256775
v 0.3742315173149109 0.2798302471637726 0.5080724358558655
v 0.37445104122161865 0.2792973518371582 0.514863133430481
v 0.37445104122161865 0.28029173612594604 0.5169628858566284
v 0.3742315173149109 0.28029173612594604 0.5169628858566284
v 0.3742315173149109 0.2792973518371582 0.514863133430481
v 0.37445104122161865 0.2962234318256378 0.5093728303909302
v 0.37445104122161865 0.29522904753685 0.5072730779647827
v 0.3742315173149109 0.29522904753685 0.5072730779647827
v 0.3742315173149109 0.2962234318256378 0.5093728303909302
v 0.37445104122161865 0.28180375695228577 0.5187268853187561
v 0.3742315173149109 0.28180375695228577 0.5187268853187561
v 0.37445104122161865 0.29371702671051025 0.505509078502655
v 0.3742315173149109 0.29371702671051025 0.505509078502655
v 0.37445104122161865 0.2905054986476898 0.5205810070037842
v 0.37445104122161865 0.29260528087615967 0.5195866227149963
v 0.3742315173149109 0.29260528087615967 0.5195866227149963
v 0.3742315173149109 0.2905054986476898 0.5205810070037842
v 0.37445104122161865 0.29665088653564453 0.5116564035415649
v 0.3742315173149109 0.29665088653564453 0.5116564035415649
v 0.37445104122161865 0.29646217823028564 0.5139720439910889
v 0.3742315173149109 0.29646217823028564 0.5139720439910889
v 0.37445104122161865 0.29260528087615967 0.5195866227149963
v 0.37445104122161865 0.2943692207336426 0.5180745720863342
v 0.3742315173149109 0.2943692207336426 0.5180745720863342
v 0.3742315173149109 0.29260528087615967 0.5195866227149963
v 0.37445104122161865 0.2956905663013458 0.5161635279655457
v 0.3742315173149109 0.2956905663013458 0.5161635279655457
v 0.37445104122161865 0.28291553258895874 0.5046493411064148
v 0.3742315173149109 0.28291553258895874 0.5046493411064148
v 0.37445104122161865 0.2788698971271515 0.5125795006752014
v 0.3742315173149109 0.2788698971271515 0.5125795006752014
v 0.37445104122161865 0.28371480107307434 0.5200481414794922
v 0.37445104122161865 0.28590625524520874 0.5208197832107544
v 0.3742315173149109 0.28590625524520874 0.5208197832107544
v 0.3742315173149109 0.28371480107307434 0.5200481414794922
v 0.37445104122161865 0.2918059825897217 0.5041877627372742
v 0.3742315173149109 0.2918059825897217 0.5041877627372742
v 0.37445104122161865 0.2882218658924103 0.5210084319114685
v 0.3742315173149109 0.2882218658924103 0.5210084319114685
v 0.37445104122161865 0.2956905663013458 0.5161635279655457
v 0.3742315173149109 0.2956905663013458 0.5161635279655457
v 0.3718448579311371 0.2792973518371582 0.514863133430481
v 0.3718448579311371 0.28029173612594604 0.5169628858566284
v 0.3718448579311371 0.2962234318256378 0.5093728303909302
v 0.3718448579311371 0.29522904753685 0.5072730779647827
v 0.3718448579311371 0.28180375695228577 0.5187268853187561
v 0.3718448579311371 0.29371702671051025 0.505509078502655
v 0.3718448579311371 0.2905054986476898 0.5205810070037842
v 0.3718448579311371 0.29260528087615967 0.5195866227149963
v 0.3718448579311371 0.29665088653564453 0.5116564035415649
v 0.3718448579311371 0.29646217823028564 0.5139720439910889
v 0.3718448579311371 0.2943692207336426 0.5180745720863342
v 0.3718448579311371 0.2956905663013458 0.5161635279655457
v 0.3718448579311371 0.2850152850151062 0.5036548972129822
v 0.3718448579311371 0.28291553258895874 0.5046493411064148
v 0.3718448579311371 0.2790586054325104 0.5102638602256775
v 0.3718448579311371 0.2788698971271515 0.5125795006752014
v 0.3718448579311371 0.28371480107307434 0.5200481414794922
v 0.3718448579311371 0.28590625524520874 0.5208197832107544
v 0.3718448579311371 0.2918059825897217 0.5041877627372742
v 0.3718448579311371 0.28961455821990967 0.5034161806106567
v 0.3718448579311371 0.2882218658924103 0.5210084319114685
v 0.3718448579311371 0.28729891777038574 0.5032274723052979
v 0.3718448579311371 0.2811514735221863 0.5061613917350769
v 0.3718448579311371 0.2798302471637726 0.5080724358558655
v 0.39468565583229065 0.29447174072265625 0.5099409818649292
v 0.39468565583229065 0.2948107421398163 0.5117519497871399
v 0.39468565583229065 0.29466110467910767 0.5135883092880249
v 0.39468565583229065 0.2940491735935211 0.5153261423110962
v 0.39468565583229065 0.29376205801963806 0.5084423422813416
v 0.39468565583229065 0.2936832010746002 0.5082758069038391
v 0.39468565583229065 0.2862899899482727 0.5190186500549316
v 0.39468565583229065 0.2881263494491577 0.5191683173179626
v 0.39468565583229065 0.2899373471736908 0.518829345703125
v 0.39468565583229065 0.2916024923324585 0.5180407762527466
v 0.39468565583229065 0.29300135374069214 0.5168417096138
v 0.39468565583229065 0.2916024923324585 0.5180407762527466
v 0.39468565583229065 0.28472593426704407 0.5184679627418518
v 0.39468565583229065 0.2845521569252014 0.5184067487716675
v 0.39468565583229065 0.2940491735935211 0.5153261423110962
v 0.3745785057544708 0.2865353524684906 0.5176060199737549
v 0.3745785057544708 0.28530222177505493 0.5171829462051392
v 0.3745785057544708 0.28536900877952576 0.5170453190803528
v 0.3745785057544708 0.28656867146492004 0.5174568891525269
v 0.3745785057544708 0.2924826443195343 0.5090171694755554
v 0.3745785057544708 0.2925436198711395 0.5091485977172852
v 0.3745785057544708 0.2924136519432068 0.5092292428016663
v 0.3745785057544708 0.2923543453216553 0.509101390838623
v 0.3745785057544708 0.28898540139198303 0.5066298842430115
v 0.3745785057544708 0.2902185916900635 0.507053017616272
v 0.3745785057544708 0.29015180468559265 0.5071906447410583
v 0.3745785057544708 0.288952112197876 0.5067790150642395
v 0.3745785057544708 0.2836536765098572 0.5084165930747986
v 0.3745785057544708 0.284771591424942 0.5074528455734253
v 0.3745785057544708 0.2848528325557709 0.5075796246528625
v 0.3745785057544708 0.2837652862071991 0.5085171461105347
v 0.3745785057544708 0.2860966622829437 0.5068124532699585
v 0.3745785057544708 0.28614187240600586 0.5069565773010254
v 0.3745785057544708 0.2894241213798523 0.5174235105514526
v 0.3745785057544708 0.287987619638443 0.5177084803581238
v 0.3745785057544708 0.28798145055770874 0.5175566077232361
v 0.3745785057544708 0.28937891125679016 0.517279326915741
v 0.3745785057544708 0.2821763753890991 0.5124707818031311
v 0.3745785057544708 0.2823111116886139 0.5110125541687012
v 0.3745785057544708 0.28245916962623596 0.5110425353050232
v 0.3745785057544708 0.28232812881469727 0.512461245059967
v 0.3745785057544708 0.287533164024353 0.5065274238586426
v 0.3745785057544708 0.2875393331050873 0.506679356098175
v 0.3745785057544708 0.28281083703041077 0.5096282958984375
v 0.3745785057544708 0.2829453647136688 0.5096959471702576
v 0.3745785057544708 0.28303810954093933 0.5152187943458557
v 0.3745785057544708 0.2829771935939789 0.515087366104126
v 0.3745785057544708 0.2831071615219116 0.5150067210197449
v 0.3745785057544708 0.28316643834114075 0.5151345133781433
v 0.3745785057544708 0.2903555929660797 0.5071000456809998
v 0.3745785057544708 0.29154592752456665 0.5079178810119629
v 0.3745785057544708 0.2914430499076843 0.5080320239067078
v 0.3745785057544708 0.2902850806713104 0.5072363615036011
v 0.3745785057544708 0.2851651608943939 0.5171359181404114
v 0.3745785057544708 0.28397485613822937 0.5163180232048035
v 0.3745785057544708 0.2840777337551117 0.5162038803100586
v 0.3745785057544708 0.2852357029914856 0.5169995427131653
v 0.3745785057544708 0.29309210181236267 0.5103312730789185
v 0.3745785057544708 0.2929472327232361 0.5103798508644104
v 0.3745785057544708 0.2933444082736969 0.5117651224136353
v 0.3745785057544708 0.29320967197418213 0.51322340965271
v 0.3745785057544708 0.29306161403656006 0.5131933689117432
v 0.3745785057544708 0.29319265484809875 0.5117747187614441
v 0.3745785057544708 0.29270991683006287 0.5146076679229736
v 0.3745785057544708 0.29186707735061646 0.5158193707466125
v 0.3745785057544708 0.2917554974555969 0.5157187581062317
v 0.3745785057544708 0.2925754189491272 0.5145400166511536
v 0.3745785057544708 0.2907491624355316 0.5167831182479858
v 0.3745785057544708 0.29066795110702515 0.5166563391685486
v 0.3745785057544708 0.28242865204811096 0.5139046311378479
v 0.3745785057544708 0.28257355093955994 0.513856053352356
v 0.3745785057544708 0.2841009795665741 0.5102772116661072
v 0.3745785057544708 0.28373149037361145 0.5113006234169006
v 0.3745785057544708 0.29178929328918457 0.512935221195221
v 0.3745785057544708 0.29188892245292664 0.5118570923805237
v 0.3745785057544708 0.289577841758728 0.5083732008934021
v 0.3745785057544708 0.28866609930992126 0.5080603957176208
v 0.3745785057544708 0.2836318612098694 0.5123788118362427
v 0.3745785057544708 0.28381839394569397 0.5134389400482178
v 0.3745785057544708 0.2875923812389374 0.5079845786094666
v 0.3745785057544708 0.2865303158760071 0.5081952810287476
v 0.3745785057544708 0.2842690050601959 0.5144105553627014
v 0.3745785057544708 0.2849615514278412 0.5152232646942139
v 0.3745785057544708 0.2896791696548462 0.5084079504013062
v 0.3745785057544708 0.2907966673374176 0.5148546099662781
v 0.3745785057544708 0.2914198338985443 0.5139586925506592
v 0.3745785057544708 0.2859429121017456 0.515862762928009
v 0.3745785057544708 0.28685468435287476 0.5161755084991455
v 0.3745785057544708 0.2912518084049225 0.5098253488540649
v 0.3745785057544708 0.29055920243263245 0.5090126395225525
v 0.3745785057544708 0.28422391414642334 0.5143133997917175
v 0.3745785057544708 0.29170238971710205 0.5107969641685486
v 0.3745785057544708 0.28792840242385864 0.5162513256072998
v 0.3745785057544708 0.28899046778678894 0.516040563583374
v 0.3745785057544708 0.2847241163253784 0.5093813538551331
v 0.3745785057544708 0.2912968397140503 0.5099225640296936
v 0.3745785057544708 0.2858416438102722 0.5158279538154602
v 0.3745785057544708 0.28555065393447876 0.5086687803268433
v 0.3745785057544708 0.28997015953063965 0.5155671238899231
v 0.3745785057544708 0.2877603769302368 0.5121179819107056
vt 0.2100914567708969 0.32470130920410156
vt 0.2100912183523178 0.3381776809692383
vt 0.23434284329414368 0.33818209171295166
vt 0.23434308171272278 0.3246217966079712
vt 0.9036091566085815 0.14239323139190674
vt 0.9024210572242737 0.15495634078979492
vt 0.9043880701065063 0.1549946665763855
vt 0.9055094122886658 0.1427873969078064
vt 0.9342939853668213 0.14876466989517212
vt 0.9140787124633789 0.13239771127700806
vt 0.25859495997428894 0.32470059394836426
vt 0.258598268032074 0.3120476007461548
vt 0.2343464195728302 0.31182241439819336
vt 0.9126871824264526 0.1313866376876831
vt 0.30461975932121277 0.32553577423095703
vt 0.3046226501464844 0.3144276738166809
vt 0.2987416088581085 0.3137049078941345
vt 0.29873859882354736 0.32528209686279297
vt 0.9325339198112488 0.5443081259727478
vt 0.9037493467330933 0.5502853393554688
vt 0.9123186469078064 0.5606750249862671
vt 0.28340083360671997 0.32502448558807373
vt 0.28340399265289307 0.31297075748443604
vt 0.901849091053009 0.5506795644760132
vt 0.9109271168708801 0.5616860389709473
vt 0.16995005309581757 0.32528388500213623
vt 0.16995307803153992 0.31370675563812256
vt 0.16407281160354614 0.3144296407699585
vt 0.16406990587711334 0.32553768157958984
vt 0.21009474992752075 0.3120482563972473
vt 0.18528997898101807 0.31297212839126587
vt 0.18528683483600616 0.32502585649490356
vt 0.8334784507751465 0.8133455514907837
vt 0.8328245282173157 0.7891004085540771
vt 0.821374237537384 0.7892547845840454
vt 0.8218957185745239 0.8135017156600952
vt 0.9235658645629883 0.1281527876853943
vt 0.9227534532546997 0.12689268589019775
vt 0.8298795223236084 0.748993992805481
vt 0.8287522792816162 0.7431279420852661
vt 0.8186835050582886 0.7432169914245605
vt 0.819402813911438 0.7491352558135986
vt 0.8311511278152466 0.7643154859542847
vt 0.8202431201934814 0.7644625902175903
vt 0.9209933280944824 0.5661801099777222
vt 0.921805739402771 0.5649199485778809
vt 0.8306471705436707 0.8836650848388672
vt 0.8316158652305603 0.8777707815170288
vt 0.8211391568183899 0.8779121041297913
vt 0.8205796480178833 0.8838475942611694
vt 0.832473874092102 0.8624205589294434
vt 0.8334784507751465 0.837599515914917
vt 0.8220281004905701 0.8377538919448853
vt 0.8215658664703369 0.862567663192749
vt 0.8086934685707092 0.7894257307052612
vt 0.8090682625770569 0.8136746883392334
vt 0.9340740442276001 0.12591552734375
vt 0.9339490532875061 0.12453442811965942
vt 0.8074849247932434 0.7431808710098267
vt 0.80780029296875 0.7492916584014893
vt 0.8081629872322083 0.7646254301071167
vt 0.9321889281272888 0.5685383081436157
vt 0.9323139190673828 0.5671572685241699
vt 0.8095365762710571 0.8780685067176819
vt 0.8093860745429993 0.8841856122016907
vt 0.8093473315238953 0.8379248976707458
vt 0.8094857335090637 0.8627305030822754
vt 0.8045544028282166 0.7894815802574158
vt 0.8048813343048096 0.8137311339378357
vt 0.9375041723251343 0.1255972981452942
vt 0.9376358389854431 0.12420713901519775
vt 0.8037961721420288 0.7430746555328369
vt 0.804013192653656 0.749342679977417
vt 0.8042200207710266 0.7646785974502563
vt 0.8057494759559631 0.8781195878982544
vt 0.805701494216919 0.884391188621521
vt 0.8052083253860474 0.8379806876182556
vt 0.8055427074432373 0.862783670425415
vt 0.7664639949798584 0.9935314655303955
vt 0.7660730481147766 0.9645389318466187
vt 0.7608166933059692 0.9614774584770203
vt 0.7611921429634094 0.9893237352371216
vt 0.5062246918678284 0.1431538462638855
vt 0.519071102142334 0.14682018756866455
vt 0.519091784954071 0.1424615979194641
vt 0.5065138339996338 0.13894373178482056
vt 0.8954463601112366 0.5687785148620605
vt 0.8954463005065918 0.555482029914856
vt 0.8870125412940979 0.5551997423171997
vt 0.8870125412940979 0.5688486099243164
vt 0.6600865721702576 0.6165803670883179
vt 0.6600897312164307 0.6286340951919556
vt 0.6754273772239685 0.6278999447822571
vt 0.675424337387085 0.6163227558135986
vt 0.7914592623710632 0.9985752701759338
vt 0.7910488843917847 0.9681411385536194
vt 0.782817006111145 0.9692139029502869
vt 0.7832320928573608 1.0
vt 0.5068729519844055 0.13335561752319336
vt 0.49647581577301025 0.10813248157501221
vt 0.49549946188926697 0.11222320795059204
vt 0.49474525451660156 0.11530500650405884
vt 0.7998197078704834 0.99308180809021
vt 0.7994288206100464 0.9640891551971436
vt 0.804976224899292 0.9887334704399109
vt 0.8046007752418518 0.9608871340751648
vt 0.11277949810028076 0.06700485944747925
vt 0.10176514089107513 0.09372538328170776
vt 0.10274144262075424 0.09781616926193237
vt 0.1131385788321495 0.07259297370910645
vt 0.11249037086963654 0.06279480457305908
vt 0.10101090371608734 0.09064358472824097
vt 0.7749695181846619 0.998797595500946
vt 0.7745591998100281 0.9683634638786316
vt 0.7905948162078857 0.9344637393951416
vt 0.7823576927185059 0.9351469874382019
vt 0.49223166704177856 0.08022129535675049
vt 0.4910041391849518 0.08260834217071533
vt 0.8065584897994995 0.9577779769897461
vt 0.8061751127243042 0.9281654953956604
vt 0.8041853308677673 0.9300732612609863
vt 0.7989962697029114 0.9320068955421448
vt 0.09726979583501816 0.12334030866622925
vt 0.09849728643894196 0.1257273554801941
vt 0.7587758302688599 0.9584221839904785
vt 0.76040118932724 0.9306635856628418
vt 0.7583606839179993 0.928810179233551
vt 0.7741051316261292 0.934686005115509
vt 0.7656404972076416 0.9324566125869751
vt 0.7900919914245605 0.8971673250198364
vt 0.7818490266799927 0.8974192142486572
vt 0.4899982810020447 0.04931074380874634
vt 0.4886411726474762 0.04967576265335083
vt 0.8057947158813477 0.895235002040863
vt 0.8037252426147461 0.8959481120109558
vt 0.7985172271728516 0.8964769840240479
vt 0.09490679204463959 0.15627288818359375
vt 0.09626390784978867 0.15663790702819824
vt 0.759941041469574 0.896538496017456
vt 0.757853090763092 0.8958814144134521
vt 0.7736022472381592 0.8973896503448486
vt 0.7651614546775818 0.8969267010688782
vt 0.7899278402328491 0.8849936723709106
vt 0.7816829681396484 0.885104775428772
vt 0.9729964733123779 0.5802294611930847
vt 0.9731214642524719 0.5816105604171753
vt 0.9765515923500061 0.5812922716140747
vt 0.9766833186149597 0.579902172088623
vt 0.7536497712135315 0.8788220286369324
vt 0.7539651393890381 0.884932816028595
vt 0.7576538920402527 0.8850390315055847
vt 0.7574368715286255 0.8787709474563599
vt 0.7983608245849609 0.8848799467086792
vt 0.8035750389099121 0.8848096132278442
vt 0.09457406401634216 0.16711699962615967
vt 0.09594745188951492 0.1667271852493286
vt 0.7597908973693848 0.8853999972343445
vt 0.7734381556510925 0.8852159976959229
vt 0.7650051116943359 0.8853296637535095
vt 0.14716419577598572 0.32468515634536743
vt 0.14716419577598572 0.33833396434783936
vt 0.1555979698896408 0.3380516767501831
vt 0.1555979698896408 0.32475513219833374
vt 0.5867772102355957 0.6169036030769348
vt 0.5867804884910583 0.6295566558837891
vt 0.6110321283340454 0.6297824382781982
vt 0.611028790473938 0.6169831156730652
vt 0.9445568919181824 0.5984824895858765
vt 0.9531261920928955 0.5880926847457886
vt 0.9517346620559692 0.5870816707611084
vt 0.9426566362380981 0.598088264465332
vt 0.5407556295394897 0.6160671710968018
vt 0.5407585501670837 0.6271753311157227
vt 0.5466388463973999 0.6278981566429138
vt 0.5466358065605164 0.6163210272789001
vt 0.5619725584983826 0.6165790557861328
vt 0.5619757175445557 0.6286327838897705
vt 0.8683943748474121 0.31585025787353516
vt 0.8774724006652832 0.326856791973114
vt 0.8788639307022095 0.32584571838378906
vt 0.8702946305274963 0.31545597314834595
vt 0.6813084483146667 0.6271772384643555
vt 0.681305468082428 0.6160691976547241
vt 0.6352806687355042 0.6169042587280273
vt 0.6352840065956116 0.6295573115348816
vt 0.727971613407135 0.8147681355476379
vt 0.7286255359649658 0.8390132784843445
vt 0.7400758862495422 0.8388589024543762
vt 0.7395544052124023 0.8146119713783264
vt 0.9626132845878601 0.5838477611541748
vt 0.9618008732795715 0.582587718963623
vt 0.7315705418586731 0.8791197538375854
vt 0.7326977849006653 0.8849856853485107
vt 0.7427665591239929 0.8848967552185059
vt 0.7420472502708435 0.8789784908294678
vt 0.7302989363670349 0.863798201084137
vt 0.7412069439888 0.8636511564254761
vt 0.8875386714935303 0.3313506841659546
vt 0.8883510828018188 0.33009064197540283
vt 0.7308028936386108 0.7444486021995544
vt 0.729834258556366 0.750342845916748
vt 0.7403109669685364 0.7502015829086304
vt 0.7408704161643982 0.744266152381897
vt 0.7289761900901794 0.7656931281089783
vt 0.727971613407135 0.7905141711235046
vt 0.7394219636917114 0.7903597354888916
vt 0.7398841977119446 0.7655460238456726
vt 0.7527565956115723 0.8386878967285156
vt 0.7523818016052246 0.8144389986991882
vt 0.7532870769500732 0.8634882569313049
vt 0.8987342715263367 0.3337090015411377
vt 0.8988592624664307 0.3323279023170471
vt 0.7519134879112244 0.7500451803207397
vt 0.7520639896392822 0.743928074836731
vt 0.7521027326583862 0.7901887893676758
vt 0.7519643306732178 0.7653831243515015
vt 0.7568956613540649 0.8386321067810059
vt 0.7565687298774719 0.8143825531005859
vt 0.8443225622177124 0.999667227268219
vt 0.8439576029777527 0.9983100891113281
vt 0.8338683843612671 0.9986265897750854
vt 0.8334784507751465 1.0
vt 0.7572301030158997 0.8634350895881653
vt 0.9024210572242737 0.33403635025024414
vt 0.9022893905639648 0.33264613151550293
vt 0.7557005882263184 0.749994158744812
vt 0.7557485699653625 0.7437225580215454
vt 0.7562417387962341 0.790132999420166
vt 0.7559073567390442 0.7653299570083618
vt 0.9280023574829102 0.5984669923782349
vt 0.902779221534729 0.5880697965621948
vt 0.8433529138565063 0.6044694781303406
vt 0.7699908018112183 0.6295384168624878
vt 0.7704011797904968 0.6599725484848022
vt 0.7786330580711365 0.6588997840881348
vt 0.7782179713249207 0.6281137466430664
vt 0.9280024170875549 0.9814351797103882
vt 0.902779221534729 0.991832435131073
vt 0.9068701267242432 0.9928086996078491
vt 0.9335907101631165 0.9817942380905151
vt 0.9099532961845398 0.9935628771781921
vt 0.9378021955490112 0.9820833206176758
vt 0.8748680353164673 0.5838254690170288
vt 0.7616303563117981 0.6350319385528564
vt 0.7620212435722351 0.6640244722366333
vt 0.7564738392829895 0.6393802762031555
vt 0.7568492889404297 0.6672265529632568
vt 0.9335906505584717 0.5981079339981079
vt 0.9068701267242432 0.5870934724807739
vt 0.9378021359443665 0.5978187918663025
vt 0.9099532961845398 0.5863392353057861
vt 0.12223919481039047 0.3380516767501831
vt 0.13067300617694855 0.33833396434783936
vt 0.13067299127578735 0.32468515634536743
vt 0.12223919481039047 0.32475513219833374
vt 0.7864805459976196 0.6293160915374756
vt 0.7868908643722534 0.65975022315979
vt 0.7953769564628601 0.6635748147964478
vt 0.7949860692024231 0.6345821619033813
vt 0.7708552479743958 0.6936498880386353
vt 0.7790923714637756 0.6929666996002197
vt 0.8748680353164673 0.9960766434669495
vt 0.8772552609443665 0.9973041415214539
vt 0.7548916339874268 0.6703357696533203
vt 0.7552749514579773 0.6999481916427612
vt 0.7572647333145142 0.6980404257774353
vt 0.7624538540840149 0.6961067914962769
vt 0.9006609916687012 0.5687228441238403
vt 0.9006609916687012 0.5557065010070801
vt 0.8772552013397217 0.5825979709625244
vt 0.8026742339134216 0.6696914434432983
vt 0.8006333708763123 0.6666362285614014
vt 0.8010488748550415 0.6974500417709351
vt 0.8030893802642822 0.6993035078048706
vt 0.7873449325561523 0.6934276223182678
vt 0.7958095669746399 0.6956570744514465
vt 0.8439576029777527 0.5815920233726501
vt 0.8338683843612671 0.5812755227088928
vt 0.8338683247566223 0.6044694185256958
vt 0.771358072757721 0.7309463024139404
vt 0.7796010971069336 0.7306944131851196
vt 0.7556553483009338 0.7328786849975586
vt 0.7577248215675354 0.7321655750274658
vt 0.7629328966140747 0.731636643409729
vt 0.8443226218223572 0.5802348852157593
vt 0.8015089631080627 0.7315751314163208
vt 0.8035969734191895 0.7322322130203247
vt 0.7878478169441223 0.7307239770889282
vt 0.7962886095046997 0.7311869263648987
vt 0.7715222239494324 0.7431199550628662
vt 0.7797670960426331 0.7430088520050049
vt 0.8334784507751465 0.5799021124839783
vt 0.7630892395973206 0.7432336807250977
vt 0.7578750252723694 0.7433040738105774
vt 0.788011908531189 0.742897629737854
vt 0.7964449524879456 0.7427839636802673
vt 0.8016591668128967 0.7427136898040771
vt 0.8990792036056519 0.309478759765625
vt 0.25859472155570984 0.33817702531814575
vt 0.8433529138565063 0.6106882095336914
vt 0.9313230514526367 0.6106885671615601
vt 0.28340062499046326 0.33815711736679077
vt 0.29873839020729065 0.33814138174057007
vt 0.9342979192733765 0.15497571229934692
vt 0.9026280045509338 0.5380780696868896
vt 0.9006609916687012 0.5381163358688354
vt 0.18528662621974945 0.3381584882736206
vt 0.16406972706317902 0.3381279706954956
vt 0.16994985938072205 0.33814311027526855
vt 0.8705213665962219 0.5688486099243164
vt 0.8705213665962219 0.5551997423171997
vt 0.862087607383728 0.555482029914856
vt 0.862087607383728 0.5687785148620605
vt 0.5128757357597351 0.04870617389678955
vt 0.5128757357597351 0.03922140598297119
vt 0.48968183994293213 0.03922146558761597
vt 0.9358757734298706 0.5688656568527222
vt 0.935744047164917 0.567475438117981
vt 0.30461955070495605 0.338126003742218
vt 0.1608126163482666 0.33782726526260376
vt 0.160812646150589 0.32481086254119873
vt 0.8787669539451599 0.5551308393478394
vt 0.8787669539451599 0.5688656568527222
vt 0.5190945267677307 0.13667631149291992
vt 0.1253601312637329 0.06927239894866943
vt 0.12535738945007324 0.06348705291748047
vt 0.899083137512207 0.3032676577568054
vt 0.8691732287406921 0.3032487630844116
vt 0.8433529734611511 0.9754326343536377
vt 0.6600863933563232 0.6034477949142456
vt 0.6352805495262146 0.6034278869628906
vt 0.9313231110572815 0.9692135453224182
vt 0.8433529734611511 0.9692139029502869
vt 0.1191413626074791 0.15724247694015503
vt 0.1253601461648941 0.1572425365447998
vt 0.9414684772491455 0.6106513738632202
vt 0.943435549736023 0.6106896996498108
vt 0.546635627746582 0.603461742401123
vt 0.5407555103302002 0.6034769415855408
vt 0.6110286116600037 0.6034227609634399
vt 0.5867770314216614 0.6034271717071533
vt 0.5619723796844482 0.603446364402771
vt 0.8672062158584595 0.3032870292663574
vt 0.6813053488731384 0.6034789085388184
vt 0.6754242181777954 0.6034635305404663
vt 0.5190945267677307 0.048706114292144775
vt 0.9733453989028931 0.610670804977417
vt 0.9733414649963379 0.6044596433639526
vt 0.12533678114414215 0.05912846326828003
vt 0.9414685368537903 0.9692369103431702
vt 0.93710857629776 0.9692162871360779
vt 0.1191413402557373 0.1667272448539734
vt 0.8338683843612671 0.9754326939582825
vt 0.9023039937019348 0.30948084592819214
vt 0.13891857862472534 0.3384028673171997
vt 0.13891860842704773 0.3246680498123169
vt 0.8002579212188721 0.6387898921966553
vt 0.9371085166931152 0.6106858253479004
vt 0.8568729162216187 0.5557064414024353
vt 0.8568729162216187 0.5687228441238403
vt 0.937518835067749 0.14876258373260498
vt 0.9414684772491455 0.6106652021408081
vt 0.4883084297180176 0.03883165121078491
vt 0.8006024360656738 0.752759575843811
vt 0.7952907681465149 0.753498911857605
vt 0.787925660610199 0.753680408000946
vt 0.779912531375885 0.7537933588027954
vt 0.7718991637229919 0.7538964748382568
vt 0.7645319104194641 0.7539136409759521
vt 0.759202241897583 0.7533177733421326
vt 0.8005504608154297 0.7683395147323608
vt 0.7952067255973816 0.7691192626953125
vt 0.7880549430847168 0.7693016529083252
vt 0.7801231145858765 0.7694137692451477
vt 0.7721911668777466 0.7695155143737793
vt 0.7650370597839355 0.7695260047912598
vt 0.7596742510795593 0.7688907384872437
vt 0.800795316696167 0.7900606989860535
vt 0.7954311370849609 0.7902553081512451
vt 0.7883129119873047 0.7903594374656677
vt 0.7804069519042969 0.7904652953147888
vt 0.7725009918212891 0.7905726432800293
vt 0.7653825283050537 0.7906605005264282
vt 0.7600151300430298 0.7906105518341064
vt 0.8011075854301453 0.8137819766998291
vt 0.7957382798194885 0.8138543963432312
vt 0.7886243462562561 0.8139503598213196
vt 0.7807250618934631 0.8140568137168884
vt 0.7728257179260254 0.814163327217102
vt 0.7657117247581482 0.8142592906951904
vt 0.7603424787521362 0.8143316507339478
vt 0.8014349341392517 0.8375030755996704
vt 0.7960675358772278 0.8374531865119934
vt 0.7889490723609924 0.8375410437583923
vt 0.7810431122779846 0.8376483917236328
vt 0.7731371521949768 0.8377542495727539
vt 0.7660189270973206 0.8378583192825317
vt 0.7606547474861145 0.8380529284477234
vt 0.8017758131027222 0.8592230081558228
vt 0.796413004398346 0.8585876226425171
vt 0.7892588973045349 0.8585981726646423
vt 0.781326949596405 0.8586998581886292
vt 0.7733951807022095 0.8588120341300964
vt 0.7662433981895447 0.8589944243431091
vt 0.7608996033668518 0.859774112701416
vt 0.8022478222846985 0.8747959136962891
vt 0.7969181537628174 0.8741999864578247
vt 0.7895509004592896 0.8742172122001648
vt 0.7815375924110413 0.8743202686309814
vt 0.7735243439674377 0.8744332790374756
vt 0.7661592960357666 0.8746147155761719
vt 0.7608476877212524 0.8753541111946106
vt 0.935758650302887 0.5443101525306702
vt 0.9765662550926208 0.6044576168060303
vt 0.8338683843612671 0.9692139029502869
vt 0.90230792760849 0.3032696843147278
vt 0.12536008656024933 0.16672730445861816
vt 0.9357625842094421 0.5380990505218506
vt 0.932537853717804 0.5380970239639282
vt 0.976570188999176 0.6106686592102051
vt 0.5190944671630859 0.039221346378326416
vt 0.8338683247566223 0.6106881499290466
vt 0.9375227093696594 0.15497368574142456
vt 0.11702454835176468 0.32481080293655396
vt 0.11702454835176468 0.337827205657959
vt 0.010004469193518162 0.11558479070663452
vt 0.024657735601067543 0.1126670241355896
vt 0.02469525672495365 0.06732779741287231
vt 0.010042760521173477 0.0693744421005249
vt 0.024695273488759995 0.14729535579681396
vt 0.010042760521173477 0.1508784294128418
vt 0.07426363974809647 0.07527655363082886
vt 0.07430121302604675 0.040658652782440186
vt 0.05964868515729904 0.037075161933898926
vt 0.05961039289832115 0.0723581314086914
vt 0.07430121302604675 0.12060773372650146
vt 0.059648651629686356 0.11856025457382202
vt 0.3270968198776245 0.15334630012512207
vt 0.32813939452171326 0.15330469608306885
vt 0.32813939452171326 0.14716488122940063
vt 0.32582321763038635 0.14692890644073486
vt 0.07440893352031708 0.018714308738708496
vt 0.059758447110652924 0.014709174633026123
vt 0.0 0.11380213499069214
vt 3.787199966609478e-05 0.1487041711807251
vt 0.01015250850468874 0.17325687408447266
vt 0.00014639821893069893 0.17083430290222168
vt 0.010141508653759956 0.02107524871826172
vt 0.00013554893666878343 0.020341157913208008
vt 3.7855257687624544e-05 0.0681045651435852
vt 0.5860298275947571 0.7191163301467896
vt 0.6125612854957581 0.7191162109375
vt 0.6126677393913269 0.6793726086616516
vt 0.5861363410949707 0.6793726682662964
vt 0.585969090461731 0.7606600522994995
vt 0.5859623551368713 0.7652760744094849
vt 0.6098009347915649 0.7652759552001953
vt 0.612277090549469 0.759319543838501
vt 0.542293906211853 0.7191164493560791
vt 0.5424004197120667 0.6793727874755859
vt 0.5425398349761963 0.6490222215652466
vt 0.5862757563591003 0.6490220427513123
vt 0.6128071546554565 0.6490219831466675
vt 0.6129691004753113 0.6297829151153564
vt 0.5864376425743103 0.6297829151153564
vt 0.5427017211914062 0.6297830939292908
vt 0.7509418725967407 0.22969168424606323
vt 0.7416515350341797 0.2278679609298706
vt 0.7213292121887207 0.2444421648979187
vt 0.7316973805427551 0.2453867793083191
vt 0.7812970876693726 0.21617764234542847
vt 0.7737069725990295 0.21359699964523315
vt 0.5422939658164978 0.910639762878418
vt 0.5408229827880859 0.910639762878418
vt 0.5409294962882996 0.9503904581069946
vt 0.5424004197120667 0.9503904581069946
vt 0.5425398349761963 0.9807502031326294
vt 0.5410688519477844 0.9807502031326294
vt 0.8210442662239075 0.20585685968399048
vt 0.8156804442405701 0.20269811153411865
vt 0.8625900149345398 0.19996803998947144
vt 0.8672062158584595 0.19931375980377197
vt 0.8644281029701233 0.19578850269317627
vt 0.859553337097168 0.19647949934005737
vt 0.5422331690788269 0.7606602311134338
vt 0.5422264337539673 0.7652761936187744
vt 0.5422332286834717 0.8690919876098633
vt 0.5422264337539673 0.8644755482673645
vt 0.5407555103302002 0.8644755482673645
vt 0.5407622456550598 0.8690919876098633
vt 0.862589955329895 0.18096321821212769
vt 0.8595532774925232 0.18445175886154175
vt 0.8644280433654785 0.18514269590377808
vt 0.8672061562538147 0.18161749839782715
vt 0.8210442066192627 0.17507439851760864
vt 0.7812970876693726 0.16475361585617065
vt 0.7737070322036743 0.16733425855636597
vt 0.8156804442405701 0.17823314666748047
vt 0.7509418725967407 0.1512395739555359
vt 0.7416515946388245 0.15306329727172852
vt 0.7316973805427551 0.1355445384979248
vt 0.7213292121887207 0.13648909330368042
vt 0.5862757563591003 0.9807500839233398
vt 0.6128071546554565 0.9807499647140503
vt 0.6126677393913269 0.9503901600837708
vt 0.5861363410949707 0.9503902792930603
vt 0.5864376425743103 0.9999998211860657
vt 0.6129691004753113 0.9999997615814209
vt 0.5859691500663757 0.869091808795929
vt 0.6125005483627319 0.8690916895866394
vt 0.6098009347915649 0.8644752502441406
vt 0.5859623551368713 0.8644753694534302
vt 0.5860298871994019 0.9106395840644836
vt 0.6125612854957581 0.9106394648551941
vt 0.0497523732483387 0.0171319842338562
vt 0.049643829464912415 0.03924977779388428
vt 0.049605924636125565 0.07414126396179199
vt 0.049643777310848236 0.11983078718185425
vt 0.059747450053691864 0.1668548583984375
vt 0.04974145442247391 0.16758954524993896
vt 0.5213136672973633 0.8822861909866333
vt 0.5274609923362732 0.8822861909866333
vt 0.5274549126625061 0.8781344890594482
vt 0.5213075876235962 0.8781344890594482
vt 0.7276235818862915 0.1558169722557068
vt 0.7056736350059509 0.13791537284851074
vt 0.7622463703155518 0.17123091220855713
vt 0.8075814247131348 0.18300265073776245
vt 0.8549679517745972 0.1897193193435669
vt 0.8602331280708313 0.19046562910079956
vt 0.01015245821326971 0.015708625316619873
vt 0.024792179465293884 0.019939005374908447
vt 0.02480294555425644 0.01467353105545044
vt 0.8549680113792419 0.19121193885803223
vt 0.8602331876754761 0.19046562910079956
vt 0.8075814247131348 0.19792860746383667
vt 0.7622463703155518 0.209700345993042
vt 0.07439813762903214 0.16799193620681763
vt 0.7276235818862915 0.22511428594589233
vt 0.7056736350059509 0.24301588535308838
vt 0.3928126394748688 0.9826954007148743
vt 0.4422677159309387 0.9826956391334534
vt 0.4421423375606537 0.9553976058959961
vt 0.39268726110458374 0.9553974270820618
vt 0.39295828342437744 0.999999463558197
vt 0.442413330078125 0.9999996423721313
vt 0.33635854721069336 0.9826952219009399
vt 0.3284415006637573 0.9826952219009399
vt 0.3285871148109436 0.9999992847442627
vt 0.336504191160202 0.9999992847442627
vt 0.3362331688404083 0.9553971886634827
vt 0.3283161222934723 0.9553971886634827
vt 0.39253687858581543 0.8822857141494751
vt 0.44468480348587036 0.8822858929634094
vt 0.44467872381210327 0.8781341910362244
vt 0.39253079891204834 0.87813401222229
vt 0.3925915062427521 0.9196510910987854
vt 0.44204655289649963 0.9196512699127197
vt 0.33613741397857666 0.9196509122848511
vt 0.3282203674316406 0.9196508526802063
vt 0.3360827565193176 0.882285475730896
vt 0.3360767066478729 0.8781337738037109
vt 0.3281596302986145 0.8781337738037109
vt 0.3281657099723816 0.882285475730896
vt 0.3925105929374695 0.8335236310958862
vt 0.4405612051486969 0.8335238099098206
vt 0.44467872381210327 0.7889121770858765
vt 0.3925308287143707 0.7889119386672974
vt 0.3360564708709717 0.8335234522819519
vt 0.32813942432403564 0.8335233926773071
vt 0.3360767066478729 0.788911759853363
vt 0.3281596601009369 0.7889117002487183
vt 0.39259153604507446 0.747390866279602
vt 0.442046582698822 0.7473910450935364
vt 0.4421423375606537 0.7116384506225586
vt 0.39268729090690613 0.7116382718086243
vt 0.39253687858581543 0.7847598791122437
vt 0.44468480348587036 0.784760057926178
vt 0.33608278632164 0.7847596406936646
vt 0.3281657099723816 0.7847596406936646
vt 0.33613741397857666 0.7473906874656677
vt 0.3362331688404083 0.7116380929946899
vt 0.3283161222934723 0.7116380333900452
vt 0.3282203674316406 0.747390627861023
vt 0.39281269907951355 0.684332013130188
vt 0.4422677159309387 0.6843321919441223
vt 0.4424133598804474 0.6670185327529907
vt 0.3929583430290222 0.6670183539390564
vt 0.33635857701301575 0.6843317747116089
vt 0.3284415304660797 0.6843317747116089
vt 0.336504191160202 0.6670181751251221
vt 0.328587144613266 0.6670181155204773
vt 0.5406098365783691 0.9826959371566772
vt 0.5277367830276489 0.9826959371566772
vt 0.5278823971748352 0.9999999403953552
vt 0.5407554507255554 1.0
vt 0.5404844284057617 0.9553979635238647
vt 0.5276114344596863 0.95539790391922
vt 0.5215893983840942 0.9826958775520325
vt 0.5217350721359253 0.9999999403953552
vt 0.5213683247566223 0.9196515679359436
vt 0.5275156497955322 0.9196515679359436
vt 0.4687991440296173 0.9826956987380981
vt 0.468944787979126 0.9999997615814209
vt 0.4686737656593323 0.9553976655006409
vt 0.5403887033462524 0.9196516275405884
vt 0.5403340458869934 0.8822862505912781
vt 0.5403279662132263 0.878134548664093
vt 0.3129611909389496 0.16003745794296265
vt 0.320544570684433 0.15360796451568604
vt 0.3205205500125885 0.1463887095451355
vt 0.311582088470459 0.14547806978225708
vt 0.5213683247566223 0.7473913431167603
vt 0.5275156497955322 0.7473913431167603
vt 0.5276114344596863 0.7116387486457825
vt 0.5214640498161316 0.7116387486457825
vt 0.4685780107975006 0.9196513891220093
vt 0.46852338314056396 0.8822859525680542
vt 0.4685173034667969 0.8781342506408691
vt 0.5403340458869934 0.7847603559494019
vt 0.5274609923362732 0.7847603559494019
vt 0.5274549722671509 0.7889124155044556
vt 0.5403279662132263 0.7889124751091003
vt 0.5403887033462524 0.7473914623260498
vt 0.5404844880104065 0.7116388082504272
vt 0.5213136672973633 0.7847602963447571
vt 0.5213075876235962 0.7889124155044556
vt 0.521589457988739 0.6843324899673462
vt 0.5277368426322937 0.6843324899673462
vt 0.52788245677948 0.6670188307762146
vt 0.5217350721359253 0.6670187711715698
vt 0.46852338314056396 0.7847601175308228
vt 0.4685173034667969 0.7889122366905212
vt 0.4685780107975006 0.7473911643028259
vt 0.4686737656593323 0.7116385698318481
vt 0.5406098961830139 0.6843324899673462
vt 0.5407555103302002 0.6670188903808594
vt 0.32582321763038635 0.4090391993522644
vt 0.32813939452171326 0.40880322456359863
vt 0.32813939452171326 0.4026634097099304
vt 0.3270968198776245 0.4026218056678772
vt 0.4687992036342621 0.6843322515487671
vt 0.468944787979126 0.6670186519622803
vt 0.5214640498161316 0.9553978443145752
vt 0.32593676447868347 0.134466290473938
vt 0.32813939452171326 0.13430768251419067
vt 0.32721462845802307 0.15849971771240234
vt 0.32813939452171326 0.15840250253677368
vt 0.16143333911895752 0.2565791606903076
vt 0.13643255829811096 0.2588568329811096
vt 0.1585560292005539 0.27689993381500244
vt 0.1809576153755188 0.27250248193740845
vt 0.32725387811660767 0.1609141230583191
vt 0.32813939452171326 0.1608787178993225
vt 0.19345247745513916 0.2924357056617737
vt 0.21175430715084076 0.2862130403518677
vt 0.2942294180393219 0.3026583790779114
vt 0.28690704703330994 0.3110702633857727
vt 0.2922138273715973 0.31182241439819336
vt 0.29891273379325867 0.3033221960067749
vt 0.22261165082454681 0.2825215458869934
vt 0.25975215435028076 0.29216545820236206
vt 0.26310357451438904 0.2901918292045593
vt 0.22735412418842316 0.28090912103652954
vt 0.8043297529220581 0.43929874897003174
vt 0.7913962006568909 0.4316822290420532
vt 0.7457027435302734 0.44354701042175293
vt 0.7640045881271362 0.44976961612701416
vt 0.8508235812187195 0.4383145570755005
vt 0.812002420425415 0.4438171982765198
vt 0.8153538703918457 0.4457908272743225
vt 0.8527210354804993 0.4404942989349365
vt 0.7332079410552979 0.4634801745414734
vt 0.7108063697814941 0.45908278226852417
vt 0.6886829137802124 0.4771258234977722
vt 0.7136836647987366 0.4794034957885742
vt 0.7748619318008423 0.4534611105918884
vt 0.7464974522590637 0.4660888910293579
vt 0.7523022294044495 0.46722835302352905
vt 0.779604434967041 0.4550735354423523
vt 0.32593676447868347 0.4215018153190613
vt 0.32813939452171326 0.4216604232788086
vt 0.6155938506126404 0.8148748874664307
vt 0.613875687122345 0.8148748874664307
vt 0.6401896476745605 0.6793724894523621
vt 0.6400831937789917 0.7191160917282104
vt 0.725579023361206 0.7191157937049866
vt 0.7256854772567749 0.6793721914291382
vt 0.7276702523231506 0.6793721914291382
vt 0.7278096675872803 0.6490215063095093
vt 0.7258248925209045 0.649021565914154
vt 0.6403290629386902 0.6490218639373779
vt 0.6404910087585449 0.9999997019767761
vt 0.7259868383407593 0.9999993443489075
vt 0.7258248925209045 0.9807495474815369
vt 0.6403290629386902 0.9807499051094055
vt 0.6404910087585449 0.6297827959060669
vt 0.7259868383407593 0.6297824382781982
vt 0.727971613407135 0.9999993443489075
vt 0.7278096675872803 0.9807495474815369
vt 0.6401896476745605 0.9503900408744812
vt 0.7256854772567749 0.9503897428512573
vt 0.725579023361206 0.9106390476226807
vt 0.6400831937789917 0.9106393456459045
vt 0.7276702523231506 0.9503897428512573
vt 0.7275637984275818 0.9106390476226807
vt 0.7255114912986755 0.8645378351211548
vt 0.7274962663650513 0.8644748330116272
vt 0.727473795413971 0.8148744106292725
vt 0.7254890203475952 0.8148744106292725
vt 0.6400156617164612 0.7607928514480591
vt 0.7255114912986755 0.7652125358581543
vt 0.5412307977676392 1.0
vt 0.5427017211914062 1.0
vt 0.5125350952148438 0.9826958179473877
vt 0.5140060186386108 0.9826958179473877
vt 0.5138806104660034 0.9553978443145752
vt 0.5124096870422363 0.9553978443145752
vt 0.51268070936203 0.9999998807907104
vt 0.5141516327857971 0.9999999403953552
vt 0.512259304523468 0.8822861313819885
vt 0.5137302279472351 0.8822861313819885
vt 0.513724148273468 0.8781344294548035
vt 0.5122532248497009 0.8781344294548035
vt 0.512313961982727 0.9196515083312988
vt 0.5137848854064941 0.9196515083312988
vt 0.5123139023780823 0.7473913431167603
vt 0.5137848854064941 0.7473913431167603
vt 0.5138806700706482 0.7116386890411377
vt 0.5124097466468811 0.7116386890411377
vt 0.512259304523468 0.7847602963447571
vt 0.5122532248497009 0.7889124155044556
vt 0.513724148273468 0.7889124155044556
vt 0.5137302279472351 0.7847602963447571
vt 0.5125350952148438 0.6843323707580566
vt 0.5140060782432556 0.6843324303627014
vt 0.5141516327857971 0.6670187711715698
vt 0.51268070936203 0.6670187711715698
vt 0.32725387811660767 0.16238325834274292
vt 0.32813939452171326 0.1623479127883911
vt 0.3272538483142853 0.22987449169158936
vt 0.32813936471939087 0.22983914613723755
vt 0.32813936471939087 0.2060299515724182
vt 0.3272538483142853 0.20606529712677002
vt 0.07479836046695709 0.1236572265625
vt 0.07696635276079178 0.07435411214828491
vt 0.07658997178077698 0.07405751943588257
vt 0.07440893352031708 0.1236572265625
vt 0.07696636766195297 0.17296022176742554
vt 0.07658998668193817 0.17325687408447266
vt 0.32725390791893005 0.3260936141014099
vt 0.32725390791893005 0.34990280866622925
vt 0.32813942432403564 0.34993815422058105
vt 0.32813942432403564 0.3261289596557617
vt 0.32725390791893005 0.39358484745025635
vt 0.32725390791893005 0.3950539827346802
vt 0.32813939452171326 0.39508938789367676
vt 0.32813939452171326 0.39362025260925293
vt 0.516485333442688 0.9826958775520325
vt 0.5163599252700806 0.9553978443145752
vt 0.5166309475898743 0.9999999403953552
vt 0.5162095427513123 0.8822861313819885
vt 0.5162034630775452 0.8781344294548035
vt 0.5162642002105713 0.9196515083312988
vt 0.5162642002105713 0.7473913431167603
vt 0.5163599848747253 0.7116387486457825
vt 0.5162034630775452 0.7889124155044556
vt 0.5162095427513123 0.7847602963447571
vt 0.516485333442688 0.6843324899673462
vt 0.5166309475898743 0.6670187711715698
vt 0.32721462845802307 0.3974683880805969
vt 0.32813939452171326 0.3975656032562256
vt 0.07440890371799469 0.17325687408447266
vt 0.059758417308330536 0.1722208857536316
vt 0.04975233972072601 0.17289602756500244
vt 0.855137050151825 0.4377031922340393
vt 0.8568729162216187 0.4399058222770691
vt 0.5132647156715393 0.2347986102104187
vt 0.5132650136947632 0.14930278062820435
vt 0.46360161900520325 0.14928025007247925
vt 0.4601862132549286 0.23477107286453247
vt 0.00014638146967627108 0.015034139156341553
vt 0.25207945704460144 0.2966839075088501
vt 0.2391459047794342 0.3043004870414734
vt 0.7274962663650513 0.7652755379676819
vt 0.7275637984275818 0.7191157937049866
vt 0.6399931907653809 0.8148747682571411
vt 0.6400207877159119 0.8679532408714294
vt 0.311582088470459 0.4104899764060974
vt 0.3205205500125885 0.40957939624786377
vt 0.32054460048675537 0.40236008167266846
vt 0.312961220741272 0.39593058824539185
vt 0.31239384412765503 0.13544118404388428
vt 0.3208940923213959 0.13482928276062012
vt 0.3182840943336487 0.16045892238616943
vt 0.3219216763973236 0.1590561866760254
vt 0.17626476287841797 0.2552279829978943
vt 0.19424714148044586 0.2698937654495239
vt 0.321809321641922 0.16113150119781494
vt 0.3221856951713562 0.16111648082733154
vt 0.2985733449459076 0.29766809940338135
vt 0.30288681387901306 0.2982795238494873
vt 0.8391572833061218 0.4249124526977539
vt 0.8464796543121338 0.43332433700561523
vt 0.7285150289535522 0.48075467348098755
vt 0.31239384412765503 0.4205268621444702
vt 0.3208940923213959 0.42113882303237915
vt 0.321809321641922 0.16260069608688354
vt 0.3221856951713562 0.16258567571640015
vt 0.3218092918395996 0.23009192943572998
vt 0.3221856653690338 0.23007690906524658
vt 0.3221856653690338 0.20626771450042725
vt 0.3218092918395996 0.20628273487091064
vt 0.08004219084978104 0.1236572265625
vt 0.08203455060720444 0.07834833860397339
vt 0.08203455805778503 0.1689661145210266
vt 0.321809321641922 0.3258761763572693
vt 0.321809321641922 0.3496853709220886
vt 0.3221857249736786 0.349700391292572
vt 0.3221857249736786 0.3258911967277527
vt 0.3218093514442444 0.3933674097061157
vt 0.3218093514442444 0.39483654499053955
vt 0.3221857249736786 0.3948516249656677
vt 0.3221857249736786 0.3933824300765991
vt 0.31828412413597107 0.39550912380218506
vt 0.321921706199646 0.3969119191169739
vt 0.8444640636444092 0.4241602420806885
vt 0.8511630296707153 0.43266046047210693
vt 0.049605924636125565 0.018678486347198486
vt 0.0349554717540741 0.01467353105545044
vt 0.03484572097659111 0.03705191612243652
vt 0.049498267471790314 0.04063504934310913
vt 0.1827431172132492 0.25463777780532837
vt 0.20005197823047638 0.2687543034553528
vt 0.300470769405365 0.2954883575439453
vt 0.30462267994880676 0.2960768938064575
vt 0.7349933981895447 0.48134487867355347
vt 0.08095838874578476 0.1236572265625
vt 0.08292005956172943 0.07904618978500366
vt 0.08292006701231003 0.16826820373535156
vt 0.03480743244290352 0.07234561443328857
vt 0.03484572097659111 0.11855590343475342
vt 0.04949825257062912 0.12060260772705078
vt 0.049460697919130325 0.0752633810043335
vt 0.9998547434806824 0.939432680606842
vt 0.9852014780044556 0.9423510432243347
vt 0.9852398037910461 0.9776340126991272
vt 0.9998923540115356 0.9740505218505859
vt 0.9998922944068909 0.8941015005111694
vt 0.9852397441864014 0.8961489200592041
vt 0.6334414482116699 0.3853205442428589
vt 0.6186214089393616 0.38495105504989624
vt 0.6182435154914856 0.4045553207397461
vt 0.6330706477165222 0.4045552611351013
vt 0.9853495359420776 1.0
vt 1.0 0.9959949254989624
vt 0.6083642840385437 0.42379069328308105
vt 0.607993483543396 0.4045559763908386
vt 0.5931662917137146 0.40455591678619385
vt 0.5935442447662354 0.4241602420806885
vt 0.3270968198776245 0.3068374991416931
vt 0.32582321763038635 0.3132548928260803
vt 0.32813939452171326 0.31301891803741455
vt 0.32813942432403564 0.3068791627883911
vt 0.02484085038304329 0.03922617435455322
vt 0.024802979081869125 0.07412827014923096
vt 0.02494937740266323 0.01709604263305664
vt 0.03494447097182274 0.16685515642166138
vt 0.02484085038304329 0.11982583999633789
vt 0.024938510730862617 0.1675892472267151
vt 0.6090231537818909 0.2887619137763977
vt 0.6487667560577393 0.28865545988082886
vt 0.6487669348716736 0.2621240019798279
vt 0.6090232729911804 0.2622305154800415
vt 0.5674793720245361 0.2888227105140686
vt 0.5688198804855347 0.26251471042633057
vt 0.5628635287284851 0.2649908661842346
vt 0.5628634095191956 0.2888294458389282
vt 0.6090229749679565 0.33249789476394653
vt 0.6487666368484497 0.3323913812637329
vt 0.6791172623634338 0.33225196599960327
vt 0.6791174411773682 0.2885160446166992
vt 0.698356568813324 0.28835415840148926
vt 0.6983566284179688 0.2618227005004883
vt 0.6791175007820129 0.261984646320343
vt 0.6983563303947449 0.3320900797843933
vt 0.542224645614624 0.35090017318725586
vt 0.5859066843986511 0.35090023279190063
vt 0.5862317681312561 0.33403629064559937
vt 0.542549729347229 0.33403629064559937
vt 0.6124054193496704 0.35090023279190063
vt 0.6127305030822754 0.33403629064559937
vt 0.7509418725967407 0.2948102355003357
vt 0.7316973805427551 0.2791152000427246
vt 0.7213292121887207 0.2800597548484802
vt 0.7416515350341797 0.2966339588165283
vt 0.7737069725990295 0.31090492010116577
vt 0.7812970876693726 0.30832427740097046
vt 0.4174996614456177 0.33249789476394653
vt 0.3777489960193634 0.3323913812637329
vt 0.3777489960193634 0.3338623642921448
vt 0.4174996614456177 0.3339688181877136
vt 0.34738919138908386 0.33225196599960327
vt 0.34738919138908386 0.33372294902801514
vt 0.8210442066192627 0.3186451196670532
vt 0.8156804442405701 0.3218038082122803
vt 0.8625900149345398 0.3245338797569275
vt 0.859553337097168 0.32802248001098633
vt 0.8644281029701233 0.32871341705322266
vt 0.8672062158584595 0.32518821954727173
vt 0.5674792528152466 0.33255863189697266
vt 0.562863290309906 0.3325653672218323
vt 0.45904749631881714 0.33255863189697266
vt 0.45904749631881714 0.33402955532073975
vt 0.46366390585899353 0.33403629064559937
vt 0.46366390585899353 0.3325653672218323
vt 0.862589955329895 0.05639737844467163
vt 0.8672061562538147 0.05574303865432739
vt 0.8644280433654785 0.052217841148376465
vt 0.8595532774925232 0.05290883779525757
vt 0.8210442662239075 0.062286198139190674
vt 0.8156804442405701 0.05912744998931885
vt 0.7737069725990295 0.07002627849578857
vt 0.7812970280647278 0.07260698080062866
vt 0.7509418725967407 0.08612096309661865
vt 0.7416515946388245 0.0842972993850708
vt 0.7213292121887207 0.10087144374847412
vt 0.7316973805427551 0.10181605815887451
vt 0.7252825498580933 0.118679940700531
vt 0.714555025100708 0.118679940700531
vt 0.725282609462738 0.26225125789642334
vt 0.7145550847053528 0.26225125789642334
vt 0.9583330750465393 0.9985308647155762
vt 0.9583330750465393 1.0
vt 0.9751970171928406 0.999674916267395
vt 0.9751970171928406 0.9982057809829712
vt 0.3473893404006958 0.2885160446166992
vt 0.37774914503097534 0.28865545988082886
vt 0.3777492642402649 0.2621240019798279
vt 0.34738942980766296 0.261984646320343
vt 0.32813966274261475 0.2618227005004883
vt 0.3281395733356476 0.28835415840148926
vt 0.4590476453304291 0.2888227105140686
vt 0.46366408467292786 0.2888294458389282
vt 0.463664174079895 0.2649908661842346
vt 0.45904776453971863 0.2622912526130676
vt 0.4174998700618744 0.2887619137763977
vt 0.41749995946884155 0.2622305154800415
vt 0.5832870602607727 0.40455591678619385
vt 0.5836607813835144 0.4239427447319031
vt 0.6087379455566406 0.38516855239868164
vt 0.6083642840385437 0.4045553207397461
vt 0.9752349257469177 0.9754593968391418
vt 0.9753434658050537 0.9975772500038147
vt 0.9751970171928406 0.9405679106712341
vt 0.975234866142273 0.8948783874511719
vt 0.9853385090827942 0.8478543758392334
vt 0.9753325581550598 0.8471196889877319
vt 0.5213136076927185 0.45175009965896606
vt 0.5213075280189514 0.4559018015861511
vt 0.5274549126625061 0.4559018015861511
vt 0.5274609923362732 0.45175009965896606
vt 0.6983569860458374 0.11867988109588623
vt 0.7056736350059509 0.0994451642036438
vt 0.7276235818862915 0.08154356479644775
vt 0.7622463703155518 0.06612968444824219
vt 0.8075814247131348 0.054357945919036865
vt 0.8549679517745972 0.047641217708587646
vt 0.8602331280708313 0.04689490795135498
vt 0.034955453127622604 0.17222177982330322
vt 0.04960590600967407 0.17325687408447266
vt 0.04959513992071152 0.16799139976501465
vt 0.8549680113792419 0.3332900404930115
vt 0.8602331876754761 0.33403635025024414
vt 0.8075814247131348 0.32657331228256226
vt 0.7622463703155518 0.31480157375335693
vt 0.9999892115592957 0.8467172384262085
vt 0.7276235818862915 0.2993876338005066
vt 0.7056736350059509 0.28148603439331055
vt 0.6983569860458374 0.2622513175010681
vt 0.3928126394748688 0.3513408303260803
vt 0.39268726110458374 0.3786388635635376
vt 0.4421423077583313 0.37863868474960327
vt 0.44226768612861633 0.351340651512146
vt 0.442413330078125 0.334036648273468
vt 0.39295828342437744 0.33403682708740234
vt 0.33635854721069336 0.3513410687446594
vt 0.336504191160202 0.33403700590133667
vt 0.328587144613266 0.33403700590133667
vt 0.3284415006637573 0.3513410687446594
vt 0.3283161222934723 0.3786391019821167
vt 0.3362331688404083 0.3786390423774719
vt 0.39253687858581543 0.4517505168914795
vt 0.39253079891204834 0.4559022784233093
vt 0.4446786940097809 0.455902099609375
vt 0.444684773683548 0.45175033807754517
vt 0.3925915062427521 0.4143851399421692
vt 0.44204652309417725 0.41438502073287964
vt 0.33613741397857666 0.4143853783607483
vt 0.3282203674316406 0.4143853783607483
vt 0.3360827565193176 0.4517507553100586
vt 0.3281657099723816 0.45175081491470337
vt 0.3281596601009369 0.4559025168418884
vt 0.3360767066478729 0.45590245723724365
vt 0.3925105631351471 0.5005125999450684
vt 0.39253079891204834 0.5451242923736572
vt 0.44467872381210327 0.5451240539550781
vt 0.4405611753463745 0.500512421131134
vt 0.3360564708709717 0.5005128383636475
vt 0.32813942432403564 0.5005128383636475
vt 0.3281596601009369 0.5451245307922363
vt 0.3360767066478729 0.5451245307922363
vt 0.3925915062427521 0.5866453647613525
vt 0.39268726110458374 0.6223978996276855
vt 0.4421423077583313 0.622397780418396
vt 0.44204655289649963 0.5866451859474182
vt 0.39253687858581543 0.5492763519287109
vt 0.44468480348587036 0.5492762327194214
vt 0.33608278632164 0.54927659034729
vt 0.3281657099723816 0.54927659034729
vt 0.33613741397857666 0.5866455435752869
vt 0.3282203674316406 0.5866456031799316
vt 0.3283161222934723 0.6223981380462646
vt 0.3362331688404083 0.6223981380462646
vt 0.39281266927719116 0.6497042179107666
vt 0.39295831322669983 0.667017936706543
vt 0.442413330078125 0.6670176982879639
vt 0.44226768612861633 0.6497040390968323
vt 0.33635857701301575 0.6497044563293457
vt 0.3284415304660797 0.6497044563293457
vt 0.328587144613266 0.6670181155204773
vt 0.3365042209625244 0.6670180559158325
vt 0.9813166856765747 0.43199461698532104
vt 0.9813166856765747 0.48138874769210815
vt 0.9964844584465027 0.48168110847473145
vt 0.9964844584465027 0.4322870373725891
vt 0.9813166856765747 0.3756100535392761
vt 0.9964844584465027 0.3759024739265442
vt 0.9964844584465027 0.36799514293670654
vt 0.9813166856765747 0.36770278215408325
vt 0.9813166856765747 0.3034108877182007
vt 0.9964843988418579 0.3031185269355774
vt 0.9964843988418579 0.2537243962287903
vt 0.9813166260719299 0.2540167570114136
vt 0.9813166856765747 0.3597954511642456
vt 0.9813166856765747 0.36770278215408325
vt 0.9964843988418579 0.3674103617668152
vt 0.9964843988418579 0.3595030903816223
vt 0.5406097769737244 0.3513403534889221
vt 0.5407554507255554 0.33403629064559937
vt 0.5278823971748352 0.33403629064559937
vt 0.5277367234230042 0.3513403534889221
vt 0.5276113748550415 0.3786383867263794
vt 0.5404844284057617 0.3786383271217346
vt 0.5215893983840942 0.3513404130935669
vt 0.5217350125312805 0.33403635025024414
vt 0.5213682651519775 0.41438472270965576
vt 0.5275155901908875 0.414384663105011
vt 0.4687991142272949 0.3513405919075012
vt 0.4689447581768036 0.33403652906417847
vt 0.4686737358570099 0.3786386251449585
vt 0.5403886437416077 0.414384663105011
vt 0.5403340458869934 0.4517500400543213
vt 0.5403279662132263 0.45590174198150635
vt 0.3129611909389496 0.30014634132385254
vt 0.311582088470459 0.3147057294845581
vt 0.3205205500125885 0.3137950897216797
vt 0.320544570684433 0.30657583475112915
vt 0.5213682651519775 0.5866448879241943
vt 0.5214640498161316 0.6223974823951721
vt 0.5276113748550415 0.6223974227905273
vt 0.5275156497955322 0.5866448879241943
vt 0.4685779809951782 0.4143849015235901
vt 0.4685233533382416 0.4517502784729004
vt 0.4685172736644745 0.45590198040008545
vt 0.5403340458869934 0.5492758750915527
vt 0.5403279662132263 0.545123815536499
vt 0.5274549126625061 0.545123815536499
vt 0.5274609923362732 0.5492759346961975
vt 0.5403887033462524 0.5866448283195496
vt 0.5404844284057617 0.6223974227905273
vt 0.5213136076927185 0.5492759346961975
vt 0.5213075876235962 0.545123815536499
vt 0.521589457988739 0.6497037410736084
vt 0.5217350721359253 0.66701740026474
vt 0.5278823971748352 0.66701740026474
vt 0.5277367830276489 0.6497037410736084
vt 0.4685233533382416 0.5492761135101318
vt 0.4685172736644745 0.5451240539550781
vt 0.4685780107975006 0.5866451263427734
vt 0.4686737358570099 0.6223976612091064
vt 0.5406098365783691 0.6497037410736084
vt 0.5407555103302002 0.6670173406600952
vt 0.9813166856765747 0.5606127381324768
vt 0.9813166856765747 0.566752552986145
vt 0.9964844584465027 0.5670449137687683
vt 0.9964844584465027 0.5609050989151001
vt 0.4687991440296173 0.6497039794921875
vt 0.4689447581768036 0.6670175790786743
vt 0.9813166856765747 0.579609751701355
vt 0.9964843988418579 0.5799021124839783
vt 0.9813166260719299 0.1747928261756897
vt 0.9964843988418579 0.17450040578842163
vt 0.9964843988418579 0.1683606505393982
vt 0.9813166260719299 0.16865301132202148
vt 0.9813166856765747 0.5078874826431274
vt 0.9964844584465027 0.5081799030303955
vt 0.5214639902114868 0.3786383867263794
vt 0.32593679428100586 0.325717568397522
vt 0.32813939452171326 0.3258761167526245
vt 0.32721462845802307 0.3016841411590576
vt 0.32813939452171326 0.3017812967300415
vt 0.16143333911895752 0.2223602533340454
vt 0.1809576153755188 0.20643693208694458
vt 0.1585560292005539 0.20203953981399536
vt 0.13643255829811096 0.22008264064788818
vt 0.9813166260719299 0.15579581260681152
vt 0.9964843988418579 0.15550345182418823
vt 0.32582321763038635 0.434281587600708
vt 0.3270968198776245 0.44069904088974
vt 0.32813942432403564 0.440657377243042
vt 0.32813939452171326 0.4345175623893738
vt 0.9813166260719299 0.2275180220603943
vt 0.9964843988418579 0.227225661277771
vt 0.32725390791893005 0.29926973581314087
vt 0.32813939452171326 0.2993050813674927
vt 0.21175430715084076 0.19272637367248535
vt 0.19345247745513916 0.18650376796722412
vt 0.2942294478416443 0.17628109455108643
vt 0.29891276359558105 0.1756172776222229
vt 0.2922138273715973 0.16711699962615967
vt 0.28690704703330994 0.1678692102432251
vt 0.22261165082454681 0.19641786813735962
vt 0.22735412418842316 0.19803035259246826
vt 0.26310357451438904 0.1887475848197937
vt 0.25975215435028076 0.18677395582199097
vt 0.8043297529220581 0.5537271499633789
vt 0.7640045881271362 0.5432562828063965
vt 0.7457027435302734 0.5494788885116577
vt 0.7913962006568909 0.5613436698913574
vt 0.8508235812187195 0.5547113418579102
vt 0.8527210354804993 0.5525315999984741
vt 0.8153538703918457 0.5472350716590881
vt 0.812002420425415 0.5492087006568909
vt 0.7332079410552979 0.5295457243919373
vt 0.7136836051940918 0.5136224031448364
vt 0.6886829137802124 0.5159000158309937
vt 0.7108063697814941 0.5339431166648865
vt 0.7748619318008423 0.5395647883415222
vt 0.779604434967041 0.5379523038864136
vt 0.7523022294044495 0.5257974863052368
vt 0.7464974522590637 0.5269370079040527
vt 0.7285150289535522 0.5122712254524231
vt 0.7349933981895447 0.5116810202598572
vt 0.7292237877845764 0.496513307094574
vt 0.7225209474563599 0.496513307094574
vt 0.15492525696754456 0.23946940898895264
vt 0.1290580779314041 0.23946940898895264
vt 0.32593676447868347 0.42181897163391113
vt 0.32813939452171326 0.4216603636741638
vt 0.5132645964622498 0.2591979503631592
vt 0.5132645964622498 0.2609161138534546
vt 0.6090233325958252 0.23470860719680786
vt 0.6487669944763184 0.23460209369659424
vt 0.648767352104187 0.14910626411437988
vt 0.6090236902236938 0.1492127776145935
vt 0.6791179180145264 0.14896684885025024
vt 0.6791179180145264 0.1469821333885193
vt 0.648767352104187 0.14712154865264893
vt 0.6791176199913025 0.23446273803710938
vt 0.7256090044975281 0.33403635025024414
vt 0.7252839207649231 0.35090017318725586
vt 0.727266252040863 0.35090017318725586
vt 0.727591335773468 0.33403635025024414
vt 0.6398934125900269 0.35090023279190063
vt 0.6402184963226318 0.33403635025024414
vt 0.6983567476272583 0.23430079221725464
vt 0.6983569860458374 0.14880496263504028
vt 0.3281400799751282 0.14880496263504028
vt 0.3473898768424988 0.14896684885025024
vt 0.3473898768424988 0.1469821333885193
vt 0.3281400799751282 0.14682018756866455
vt 0.3473895490169525 0.23446273803710938
vt 0.3281397521495819 0.23430079221725464
vt 0.4175000488758087 0.23470860719680786
vt 0.41750040650367737 0.1492127776145935
vt 0.3777497112751007 0.14910626411437988
vt 0.37774935364723206 0.234602153301239
vt 0.41750040650367737 0.14722800254821777
vt 0.3777497112751007 0.14712154865264893
vt 0.5132650136947632 0.1473180055618286
vt 0.46366462111473083 0.14729547500610352
vt 0.9751970171928406 0.9005369544029236
vt 0.9751970171928406 0.8151464462280273
vt 0.9583331346511841 0.8154715299606323
vt 0.9583331346511841 0.9008620381355286
vt 0.9751970171928406 0.8131641149520874
vt 0.9583331346511841 0.8134891986846924
vt 0.9583330750465393 0.9548488259315491
vt 0.9751970171928406 0.9545237421989441
vt 0.9751970171928406 0.92802494764328
vt 0.9583331346511841 0.9283500909805298
vt 0.5629268884658813 0.14928025007247925
vt 0.5673466324806213 0.2347760796546936
vt 0.32813942432403564 0.3320900797843933
vt 0.32813942432403564 0.3335610032081604
vt 0.512535035610199 0.3513404130935669
vt 0.5124096274375916 0.37863844633102417
vt 0.5138806104660034 0.37863844633102417
vt 0.5140059590339661 0.3513404130935669
vt 0.5141516327857971 0.33403635025024414
vt 0.5126806497573853 0.33403635025024414
vt 0.5122592449188232 0.45175009965896606
vt 0.5122531652450562 0.4559018611907959
vt 0.513724148273468 0.4559018015861511
vt 0.5137302279472351 0.45175009965896606
vt 0.5123139023780823 0.41438472270965576
vt 0.5137848854064941 0.41438472270965576
vt 0.5123139023780823 0.5866448879241943
vt 0.5124096870422363 0.6223975419998169
vt 0.5138806104660034 0.6223975419998169
vt 0.5137848854064941 0.5866448879241943
vt 0.5122592449188232 0.5492759943008423
vt 0.5137302279472351 0.5492759943008423
vt 0.513724148273468 0.545123815536499
vt 0.5122532248497009 0.5451238751411438
vt 0.5125350952148438 0.6497038006782532
vt 0.51268070936203 0.6670174598693848
vt 0.5141516327857971 0.6670174598693848
vt 0.5140060186386108 0.6497038006782532
vt 0.9813166856765747 0.5515695810317993
vt 0.9813166856765747 0.5530387163162231
vt 0.9964844584465027 0.5533310770988464
vt 0.9964844584465027 0.5518618822097778
vt 0.9813166260719299 0.1838359832763672
vt 0.9964843988418579 0.1835436224937439
vt 0.9964843988418579 0.18207448720932007
vt 0.9813166260719299 0.18236684799194336
vt 0.32725390791893005 0.29780060052871704
vt 0.32813942432403564 0.29783594608306885
vt 0.32725387811660767 0.2303093671798706
vt 0.32725387811660767 0.25411856174468994
vt 0.32813939452171326 0.25415390729904175
vt 0.32813939452171326 0.2303447127342224
vt 0.1174139752984047 0.27506834268569946
vt 0.11702454835176468 0.27506834268569946
vt 0.11920558661222458 0.3246680498123169
vt 0.11958196759223938 0.32437145709991455
vt 0.11958196759223938 0.22576534748077393
vt 0.11920558661222458 0.2254686951637268
vt 0.32725390791893005 0.5172271728515625
vt 0.32813942432403564 0.5171918272972107
vt 0.32813942432403564 0.49338263273239136
vt 0.32725393772125244 0.49341797828674316
vt 0.32725390791893005 0.44973593950271606
vt 0.32813942432403564 0.44970059394836426
vt 0.32813942432403564 0.44823145866394043
vt 0.32725390791893005 0.44826680421829224
vt 0.5163599252700806 0.37863844633102417
vt 0.5164852738380432 0.3513404130935669
vt 0.5166309475898743 0.33403635025024414
vt 0.5162034034729004 0.4559018015861511
vt 0.5162094831466675 0.45175009965896606
vt 0.5162641406059265 0.41438472270965576
vt 0.5163599252700806 0.6223975419998169
vt 0.5162641406059265 0.5866448879241943
vt 0.5162095427513123 0.5492759943008423
vt 0.5162034630775452 0.545123815536499
vt 0.5166309475898743 0.6670174598693848
vt 0.516485333442688 0.6497037410736084
vt 0.9813166856765747 0.555514931678772
vt 0.9964844584465027 0.5558072924613953
vt 0.9964843988418579 0.17959827184677124
vt 0.9813166260719299 0.17989063262939453
vt 0.32813942432403564 0.4457551836967468
vt 0.32721462845802307 0.44585245847702026
vt 1.0 0.8414523601531982
vt 0.9853495359420776 0.8424882888793945
vt 0.9753434658050537 0.8418131470680237
vt 0.855137050151825 0.5553227663040161
vt 0.8568729162216187 0.5531201362609863
vt 0.6402184963226318 0.36776477098464966
vt 0.7256090044975281 0.36776477098464966
vt 0.024949360638856888 0.17289626598358154
vt 0.25207945704460144 0.18225550651550293
vt 0.2391459047794342 0.17463898658752441
vt 0.6090236902236938 0.14722800254821777
vt 0.5628639459609985 0.14729547500610352
vt 0.311582088470459 0.4328308701515198
vt 0.312961220741272 0.44739025831222534
vt 0.32054460048675537 0.44096070528030396
vt 0.3205205500125885 0.4337414503097534
vt 0.31239384412765503 0.3247426152229309
vt 0.3208940923213959 0.32535451650619507
vt 0.3182840943336487 0.29972487688064575
vt 0.3219216763973236 0.3011276125907898
vt 0.17626476287841797 0.22371143102645874
vt 0.19424714148044586 0.2090456485748291
vt 0.321809321641922 0.29905229806900024
vt 0.3221856951713562 0.29906731843948364
vt 0.2985733449459076 0.18127137422561646
vt 0.30288681387901306 0.1806599497795105
vt 0.8391572833061218 0.5681134462356567
vt 0.8464796543121338 0.5597015619277954
vt 0.7071755528450012 0.496513307094574
vt 0.6813084483146667 0.4965132474899292
vt 0.1702706515789032 0.23946940898895264
vt 0.31239384412765503 0.422793984413147
vt 0.3208940923213959 0.42218202352523804
vt 0.321809321641922 0.2975831627845764
vt 0.3221856951713562 0.2975981831550598
vt 0.3218092918395996 0.23009192943572998
vt 0.3218092918395996 0.2539011240005493
vt 0.3221856653690338 0.2539161443710327
vt 0.3221856951713562 0.23010694980621338
vt 0.12265779823064804 0.27506834268569946
vt 0.12465016543865204 0.3203772306442261
vt 0.12465015798807144 0.22975945472717285
vt 0.3218093514442444 0.5174446105957031
vt 0.3221857249736786 0.5174295902252197
vt 0.3221857249736786 0.4936203956604004
vt 0.3218093514442444 0.4936354160308838
vt 0.3218093514442444 0.44995343685150146
vt 0.3221857249736786 0.4499383568763733
vt 0.3221857249736786 0.44846922159194946
vt 0.3218093514442444 0.44848424196243286
vt 0.321921706199646 0.4464089274406433
vt 0.31828412413597107 0.44781166315078735
vt 0.8444640636444092 0.5688656568527222
vt 0.8511630296707153 0.5603654384613037
vt 0.6334414482116699 0.42379075288772583
vt 0.6186214089393616 0.4241602420806885
vt 0.1827431172132492 0.22430163621902466
vt 0.20005197823047638 0.21018517017364502
vt 0.300470769405365 0.1834511160850525
vt 0.30462267994880676 0.18286257982254028
vt 0.17697350680828094 0.23946940898895264
vt 0.12357400357723236 0.27506834268569946
vt 0.12553568184375763 0.3196793794631958
vt 0.12553566694259644 0.2304573655128479
vt 0.6083642840385437 0.3853205442428589
vt 0.5935442447662354 0.38495105504989624
vt 0.9661482572555542 0.5609051585197449
vt 0.9661482572555542 0.5670449733734131
vt 0.542549729347229 0.36776477098464966
vt 0.5862317681312561 0.36776477098464966
vt 0.6127305030822754 0.36776477098464966
vt 0.9414685964584351 0.9982057809829712
vt 0.9414685964584351 0.999674916267395
vt 0.5836607813835144 0.38516855239868164
vt 0.6087379455566406 0.4239427447319031
vt 0.9661482572555542 0.4322870373725891
vt 0.9661482572555542 0.48168110847473145
vt 0.9661482572555542 0.36799514293670654
vt 0.9661482572555542 0.3759024739265442
vt 0.9661482572555542 0.2537243962287903
vt 0.9661482572555542 0.3031185269355774
vt 0.9661482572555542 0.3595030903816223
vt 0.9661482572555542 0.36741042137145996
vt 0.9661482572555542 0.579902172088623
vt 0.9661482572555542 0.1683606505393982
vt 0.9661482572555542 0.17450040578842163
vt 0.9661482572555542 0.5081799030303955
vt 0.9661482572555542 0.15550345182418823
vt 0.9661482572555542 0.227225661277771
vt 0.727591335773468 0.36776477098464966
vt 0.9414685964584351 0.8151464462280273
vt 0.9414685964584351 0.9005370140075684
vt 0.9414685964584351 0.8131641149520874
vt 0.9414685964584351 0.9280250072479248
vt 0.9414685964584351 0.9545237421989441
vt 0.9661482572555542 0.5518619418144226
vt 0.9661482572555542 0.5533311367034912
vt 0.9661482572555542 0.18207448720932007
vt 0.9661482572555542 0.1835436224937439
vt 0.9661482572555542 0.55580735206604
vt 0.9661482572555542 0.17959827184677124
vt 0.024802979081869125 0.1692519187927246
vt 0.9435486793518066 0.7897313237190247
vt 0.9734585285186768 0.7897124290466309
vt 0.675427258014679 0.42420101165771484
vt 0.6600894927978516 0.42418527603149414
vt 0.941581666469574 0.7896930575370789
vt 0.30462267994880676 0.06927299499511719
vt 0.3046199381351471 0.063487708568573
vt 0.9006609916687012 0.37666475772857666
vt 0.8954463005065918 0.3764403462409973
vt 0.8870125412940979 0.37615805864334106
vt 0.8787669539451599 0.3760891556739807
vt 0.3045993149280548 0.05912905931472778
vt 0.9358757734298706 0.3590574264526367
vt 0.9326510429382324 0.3590553402900696
vt 0.6352835893630981 0.42416536808013916
vt 0.611031711101532 0.4241602420806885
vt 0.16995295882225037 0.5174056887626648
vt 0.18528972566127777 0.5174210071563721
vt 0.6813084483146667 0.4242163300514221
vt 0.5619754791259766 0.4241839051246643
vt 0.5466387271881104 0.4241992235183716
vt 0.869286298751831 0.12420713901519775
vt 0.8673192858695984 0.12424540519714355
vt 0.9313231110572815 0.7899510860443115
vt 0.8433529734611511 0.7899513840675354
vt 0.9371085166931152 0.7899483442306519
vt 0.9414684772491455 0.7899277210235596
vt 0.5867800712585449 0.42416471242904663
vt 0.8338683843612671 0.7899513840675354
vt 0.9313230514526367 0.7899510860443115
vt 0.9414685964584351 0.7899743914604187
vt 0.93710857629776 0.7899537682533264
vt 0.16407282650470734 0.5173904895782471
vt 0.9024209976196289 0.12422800064086914
vt 0.899196207523346 0.12422597408294678
vt 0.5407586097717285 0.4242144227027893
vt 0.11702455580234528 0.5168689489364624
vt 0.12223920971155167 0.5170934200286865
vt 0.6983336806297302 0.1468195915222168
vt 0.6983543038368225 0.14246094226837158
vt 0.1555979698896408 0.5170933604240417
vt 0.1608126312494278 0.5168689489364624
vt 0.8433529138565063 0.7899507284164429
vt 0.6983569860458374 0.1366756558418274
vt 0.9045011401176453 0.33403635025024414
vt 0.9344109892845154 0.33401745557785034
vt 0.13891859352588654 0.5174446105957031
vt 0.14716416597366333 0.517375648021698
vt 0.8705214262008667 0.37615805864334106
vt 0.13067300617694855 0.517375648021698
vt 0.21009433269500732 0.5174401998519897
vt 0.234345942735672 0.5174446105957031
vt 0.25859785079956055 0.5174394845962524
vt 0.2834037244319916 0.5174196362495422
vt 0.9027411937713623 0.3590364456176758
vt 0.29874151945114136 0.5174039006233215
vt 0.30462267994880676 0.5173885226249695
vt 0.862087607383728 0.3764403462409973
vt 0.8568729758262634 0.37666475772857666
vt 0.9025341272354126 0.33399808406829834
vt 0.30462267994880676 0.15724319219589233
vt 0.6983569860458374 0.04870551824569702
vt 0.9007741212844849 0.3590747117996216
vt 0.3046226501464844 0.16672790050506592
vt 0.9766833186149597 0.7897103428840637
vt 0.6983569860458374 0.03922075033187866
vt 0.8338683247566223 0.7899506688117981
vt 0.9376358389854431 0.3340153694152832
vt 0.13109321892261505 0.5905236005783081
vt 0.14585250616073608 0.6385774612426758
vt 0.1477743685245514 0.63495934009552
vt 0.13257059454917908 0.5854582786560059
vt 0.01840212568640709 0.595478892326355
vt 0.03329675644636154 0.5576291084289551
vt 0.03182902932167053 0.5515732765197754
vt 0.016485843807458878 0.5905628800392151
vt 0.11293377727270126 0.5541273355484009
vt 0.11386429518461227 0.5479660034179688
vt 0.1616714894771576 0.8159957528114319
vt 0.15615200996398926 0.8728016018867493
vt 0.1583840250968933 0.8762370944023132
vt 0.16406971216201782 0.8177205324172974
vt 0.09233392775058746 0.9929463863372803
vt 0.07136519253253937 0.9860082864761353
vt 0.07104388624429703 0.9928529262542725
vt 0.09264408051967621 1.0
vt 0.13077297806739807 0.9598153829574585
vt 0.11261351406574249 0.9841944575309753
vt 0.11353438347578049 0.9909844994544983
vt 0.13224071264266968 0.965871274471283
vt 0.05113593488931656 0.9633172750473022
vt 0.050205424427986145 0.9694785475730896
vt 0.007732827682048082 0.8227648735046387
vt 0.0023982333950698376 0.7622240781784058
vt 0.0 0.7623295187950134
vt 0.005495248828083277 0.824693500995636
vt 0.002398258540779352 0.7014486789703369
vt 0.007917750626802444 0.6446428298950195
vt 0.00568573921918869 0.6412073969841003
vt 3.3485410000366755e-08 0.6997238993644714
vt 0.051456205546855927 0.533250093460083
vt 0.05053533986210823 0.5264600515365601
vt 0.1616714894771576 0.7552204132080078
vt 0.16406972706317902 0.7551149129867554
vt 0.09270453453063965 0.5314363241195679
vt 0.09302584826946259 0.5245916843414307
vt 0.07173498719930649 0.5244982242584229
vt 0.07142481207847595 0.5174446105957031
vt 0.14566762745380402 0.9219655990600586
vt 0.14758391678333282 0.9268816113471985
vt 0.15633687376976013 0.6946796178817749
vt 0.15857446193695068 0.6927509307861328
vt 0.03297647833824158 0.9269208908081055
vt 0.03149909898638725 0.9319862127304077
vt 0.01821717619895935 0.878866970539093
vt 0.016295326873660088 0.8824850916862488
vt 0.9637422561645508 0.5173443555831909
vt 0.9639180302619934 0.5556280612945557
vt 0.9659441113471985 0.5556280612945557
vt 0.9657683372497559 0.5173443555831909
vt 0.5620216727256775 0.4021613597869873
vt 0.5832870602607727 0.40175145864486694
vt 0.5832870602607727 0.39972788095474243
vt 0.5620216727256775 0.4001377820968628
vt 0.5407555103302002 0.40175145864486694
vt 0.5407555103302002 0.39972788095474243
vt 0.9636080265045166 0.4672187566757202
vt 0.9656340479850769 0.46721869707107544
vt 0.48830854892730713 0.0161779522895813
vt 0.512582540512085 0.016382157802581787
vt 0.512582540512085 0.014356076717376709
vt 0.48830854892730713 0.014151930809020996
vt 0.6009919047355652 0.01669222116470337
vt 0.6592049598693848 0.016777336597442627
vt 0.6592049598693848 0.014751255512237549
vt 0.6009919047355652 0.014666140079498291
vt 0.9636079668998718 0.22570788860321045
vt 0.9635228514671326 0.28391534090042114
vt 0.9655489325523376 0.28391534090042114
vt 0.9656340479850769 0.22570788860321045
vt 0.7217510342597961 0.016805708408355713
vt 0.7217510938644409 0.014779627323150635
vt 0.9634944796562195 0.3464595675468445
vt 0.9655205607414246 0.3464595675468445
vt 0.9308915734291077 0.016382157802581787
vt 0.9551520347595215 0.0161779522895813
vt 0.9551520347595215 0.014151930809020996
vt 0.9308915734291077 0.014356076717376709
vt 0.9637422561645508 0.17559117078781128
vt 0.9657683372497559 0.17559117078781128
vt 0.9639180302619934 0.13731908798217773
vt 0.9659441113471985 0.13731908798217773
vt 0.5832870602607727 0.3977043032646179
vt 0.5620216727256775 0.39729440212249756
vt 0.5620216727256775 0.39931797981262207
vt 0.5832870602607727 0.39972788095474243
vt 0.5407555103302002 0.3977043032646179
vt 0.5407555103302002 0.39972788095474243
vt 0.9641222357749939 0.5799020528793335
vt 0.966148316860199 0.5799020528793335
vt 0.5508662462234497 0.016557931900024414
vt 0.5508662462234497 0.014531850814819336
vt 0.7842953205108643 0.016777336597442627
vt 0.8425027132034302 0.01669222116470337
vt 0.8425027132034302 0.014666140079498291
vt 0.7842953205108643 0.014751255512237549
vt 0.9635228514671326 0.40900570154190063
vt 0.9655489325523376 0.40900564193725586
vt 0.8926194310188293 0.016557931900024414
vt 0.8926194906234741 0.014531850814819336
vt 0.9641222357749939 0.11305862665176392
vt 0.9661482572555542 0.11305862665176392
vt 0.3203699588775635 0.8730297684669495
vt 0.32590046525001526 0.816110372543335
vt 0.26640188694000244 0.7733198404312134
vt 0.26499512791633606 0.7877981662750244
vt 0.17183922231197357 0.6444147825241089
vt 0.1663087010383606 0.7013341784477234
vt 0.2258073389530182 0.7441247701644897
vt 0.22721411287784576 0.7296464443206787
vt 0.32590046525001526 0.7552134394645691
vt 0.26640188694000244 0.7578297853469849
vt 0.1663086861371994 0.7622311115264893
vt 0.225807324051857 0.7596148252487183
vt 0.2770652770996094 0.5537182092666626
vt 0.25679558515548706 0.5309817790985107
vt 0.24882403016090393 0.7007930874824524
vt 0.2539799213409424 0.706576406955719
vt 0.18234457075595856 0.5951524972915649
vt 0.22988629341125488 0.7171158790588379
vt 0.197269007563591 0.5572270750999451
vt 0.2336825430393219 0.7074689865112305
vt 0.23578493297100067 0.5240298509597778
vt 0.2434796541929245 0.6990247368812561
vt 0.2154647558927536 0.532799243927002
vt 0.23831091821193695 0.7012553811073303
vt 0.21514387428760529 0.9637264609336853
vt 0.23541359603405 0.9864628314971924
vt 0.2433851957321167 0.8166515231132507
vt 0.23822928965091705 0.8108682036399841
vt 0.29494017362594604 0.9602175951004028
vt 0.3098646104335785 0.9222921133041382
vt 0.26232293248176575 0.8003287315368652
vt 0.25852668285369873 0.8099756240844727
vt 0.320555180311203 0.6945515871047974
vt 0.310049831867218 0.638337254524231
vt 0.2623700499534607 0.7281005382537842
vt 0.265042245388031 0.7423995137214661
vt 0.17165395617485046 0.8228930234909058
vt 0.18215927481651306 0.8791072964668274
vt 0.22983916103839874 0.789344072341919
vt 0.22716698050498962 0.7750450968742371
vt 0.295261025428772 0.5901872515678406
vt 0.25860828161239624 0.7158528566360474
vt 0.1969481110572815 0.9272573590278625
vt 0.2336009293794632 0.8015917539596558
vt 0.25642505288124084 0.9934148192405701
vt 0.27674439549446106 0.984645426273346
vt 0.2538983225822449 0.8161892890930176
vt 0.24872978031635284 0.818419873714447
vt 0.727971613407135 0.6297824382781982
vt 0.6983569860458374 0.14682018756866455
vt 0.1221107691526413 0.6213202476501465
vt 0.13416768610477448 0.6605756282806396
vt 0.13563500344753265 0.6578131914138794
vt 0.12323873490095139 0.6174529790878296
vt 0.03005308471620083 0.6253682374954224
vt 0.042220551520586014 0.5944486856460571
vt 0.041099950671195984 0.5898251533508301
vt 0.028590019792318344 0.621614933013916
vt 0.10727627575397491 0.591588020324707
vt 0.10798671096563339 0.5868839025497437
vt 0.14709025621414185 0.8055091500282288
vt 0.14258137345314026 0.8519140481948853
vt 0.14428550004959106 0.8545370101928711
vt 0.14892128109931946 0.8068259954452515
vt 0.09044819325208664 0.9500606656074524
vt 0.07331877201795578 0.9443929195404053
vt 0.07307345420122147 0.9496187567710876
vt 0.09068499505519867 0.9554460644721985
vt 0.1218491718173027 0.9229958057403564
vt 0.10701464861631393 0.9429112076759338
vt 0.10771772265434265 0.9480953216552734
vt 0.12296976894140244 0.927619457244873
vt 0.056793421506881714 0.9258564710617065
vt 0.056082986295223236 0.9305605888366699
vt 0.02133730612695217 0.8110388517379761
vt 0.01697944663465023 0.7615828514099121
vt 0.015148422680795193 0.7616633772850037
vt 0.019628921523690224 0.8125113248825073
vt 0.016979463398456573 0.71193528175354
vt 0.021488362923264503 0.6655304431915283
vt 0.019784240052103996 0.6629074811935425
vt 0.015148439444601536 0.7106184363365173
vt 0.05705505982041359 0.5745333433151245
vt 0.05635198578238487 0.5693492293357849
vt 0.14709025621414185 0.7558615803718567
vt 0.14892129600048065 0.7557810544967651
vt 0.09075094759464264 0.5730516910552979
vt 0.09099626541137695 0.5678257942199707
vt 0.07362085580825806 0.567383885383606
vt 0.07338403910398483 0.5619985461235046
vt 0.13401666283607483 0.8920762538909912
vt 0.13547973334789276 0.8958295583724976
vt 0.1427323967218399 0.7064055800437927
vt 0.14444077014923096 0.7049331068992615
vt 0.041958920657634735 0.8961242437362671
vt 0.04083096235990524 0.899991512298584
vt 0.02990199811756611 0.8568688631057739
vt 0.02843468450009823 0.8596312403678894
vt 0.9417162537574768 0.5173444151878357
vt 0.9418920874595642 0.5556281805038452
vt 0.9439181685447693 0.5556281805038452
vt 0.9437423348426819 0.5173444151878357
vt 0.5620216727256775 0.4241602420806885
vt 0.5832870602607727 0.42375028133392334
vt 0.5832870602607727 0.42172670364379883
vt 0.5620216727256775 0.42213666439056396
vt 0.5407555103302002 0.42375028133392334
vt 0.5407555103302002 0.42172670364379883
vt 0.9415820240974426 0.467218816280365
vt 0.9436081051826477 0.467218816280365
vt 0.48830845952033997 0.03820395469665527
vt 0.5125824213027954 0.03840816020965576
vt 0.5125824213027954 0.03638201951980591
vt 0.4883084297180176 0.036177873611450195
vt 0.6009917855262756 0.038718223571777344
vt 0.65920490026474 0.0388033390045166
vt 0.65920490026474 0.03677719831466675
vt 0.6009917855262756 0.036692142486572266
vt 0.9415820240974426 0.2257080078125
vt 0.9414968490600586 0.2839154005050659
vt 0.9435229897499084 0.2839154005050659
vt 0.9436081051826477 0.2257080078125
vt 0.7217509746551514 0.03883171081542969
vt 0.7217509746551514 0.036805570125579834
vt 0.9414684772491455 0.34645962715148926
vt 0.9434946179389954 0.34645962715148926
vt 0.9308915138244629 0.03840816020965576
vt 0.9551519751548767 0.03820395469665527
vt 0.9551519751548767 0.036177873611450195
vt 0.9308915138244629 0.036382079124450684
vt 0.9417162537574768 0.17559128999710083
vt 0.9437423348426819 0.17559128999710083
vt 0.9418920278549194 0.13731920719146729
vt 0.9439181089401245 0.13731920719146729
vt 0.5832870602607727 0.37570542097091675
vt 0.5620216727256775 0.3752955198287964
vt 0.5620216727256775 0.3773191571235657
vt 0.5832870602607727 0.37772905826568604
vt 0.5407555103302002 0.37570542097091675
vt 0.5407555103302002 0.37772905826568604
vt 0.9420962333679199 0.579902172088623
vt 0.944122314453125 0.579902172088623
vt 0.5508661270141602 0.03858393430709839
vt 0.5508661866188049 0.03655785322189331
vt 0.7842952013015747 0.0388033390045166
vt 0.8425026535987854 0.038718223571777344
vt 0.8425026535987854 0.03669208288192749
vt 0.7842952013015747 0.03677725791931152
vt 0.9414968490600586 0.4090057611465454
vt 0.9435229897499084 0.4090057611465454
vt 0.8926193714141846 0.03858393430709839
vt 0.8926193714141846 0.03655785322189331
vt 0.9420962333679199 0.11305874586105347
vt 0.944122314453125 0.11305868625640869
vt 0.32245373725891113 0.8762370944023132
vt 0.32813942432403564 0.8177205920219421
vt 0.1697554588317871 0.6412074565887451
vt 0.1640697419643402 0.6997239589691162
vt 0.32813942432403564 0.7551149725914001
vt 0.16406972706317902 0.7623295783996582
vt 0.2779339849948883 0.5479660034179688
vt 0.2570955455303192 0.5245917439460754
vt 0.1805555522441864 0.5905629396438599
vt 0.19589872658252716 0.5515733957290649
vt 0.23549537360668182 0.5174446105957031
vt 0.21460504829883575 0.5264601707458496
vt 0.21427515149116516 0.9694785475730896
vt 0.23511362075805664 0.9928529858589172
vt 0.2963104546070099 0.965871274471283
vt 0.31165364384651184 0.9268816709518433
vt 0.3226441442966461 0.6927509903907776
vt 0.3118440806865692 0.6349594593048096
vt 0.16956497728824615 0.8246935606002808
vt 0.18036505579948425 0.8824851512908936
vt 0.2966403067111969 0.5854583978652954
vt 0.19556884467601776 0.9319862127304077
vt 0.2567146420478821 1.0
vt 0.2776041328907013 0.9909844994544983
vt 0.5408229827880859 0.7191164493560791
vt 0.5409294962882996 0.6793728470802307
vt 0.5410689115524292 0.6490222215652466
vt 0.5412307977676392 0.6297831535339355
vt 0.5407622456550598 0.7606602311134338
vt 0.5407555103302002 0.7652761936187744
vt 0.6090229749679565 0.3339688181877136
vt 0.6487666368484497 0.3338623642921448
vt 0.6791172623634338 0.33372294902801514
vt 0.6983563303947449 0.3335610032081604
vt 0.5407555103302002 0.35090017318725586
vt 0.5410805344581604 0.33403629064559937
vt 0.5674791932106018 0.33402955532073975
vt 0.5628632307052612 0.33403635025024414
vt 0.5410805344581604 0.36776477098464966
vt 0.11296913772821426 0.4291694760322571
vt 0.11661899834871292 0.3916056752204895
vt 0.11503998935222626 0.39034873247146606
vt 0.11148931086063385 0.4268917441368103
vt 0.003919538576155901 0.3924054503440857
vt 0.004689870402216911 0.3965274691581726
vt 0.006152450107038021 0.3951367735862732
vt 0.005403063725680113 0.39112675189971924
vt 0.004055413883179426 0.2615320086479187
vt 0.0004055543686263263 0.2990958094596863
vt 0.0019845589995384216 0.3003527522087097
vt 0.0055352430790662766 0.2638096809387207
vt 0.05094517394900322 0.17325681447982788
vt 0.0360448844730854 0.17968714237213135
vt 0.036655426025390625 0.18418896198272705
vt 0.05115080624818802 0.17793333530426025
vt 0.022702401503920555 0.19759947061538696
vt 0.02367551065981388 0.20161449909210205
vt 0.09432214498519897 0.49310189485549927
vt 0.10526584088802338 0.46529215574264526
vt 0.10399535298347473 0.46203285455703735
vt 0.09334903955459595 0.48908692598342896
vt 0.09455747157335281 0.22176837921142578
vt 0.08121500164270401 0.19502651691436768
vt 0.08059807121753693 0.1991114616394043
vt 0.09357797354459763 0.22512662410736084
vt 0.011758695356547832 0.22540926933288574
vt 0.0130291897803545 0.22866857051849365
vt 0.0663517564535141 0.17835450172424316
vt 0.06613872200250626 0.18289250135421753
vt 0.11310499906539917 0.2982960343360901
vt 0.11233466863632202 0.2941739559173584
vt 0.11087208986282349 0.2955646514892578
vt 0.11162147670984268 0.29957467317581177
vt 1.6742705000183378e-08 0.30326950550079346
vt 0.0 0.3479236364364624
vt 0.0015900295693427324 0.34785372018814087
vt 0.0015900505241006613 0.3044130802154541
vt 0.11702454090118408 0.38743191957473755
vt 0.11702454090118408 0.3427777886390686
vt 0.11543451249599457 0.34284770488739014
vt 0.11543451249599457 0.3862884044647217
vt 0.011622815392911434 0.43362587690353394
vt 0.012897002510726452 0.43122708797454834
vt 0.02246706560254097 0.4689330458641052
vt 0.03580954298377037 0.49567484855651855
vt 0.03642647713422775 0.4915899634361267
vt 0.023446565493941307 0.4655747413635254
vt 0.05067278444766998 0.5123468637466431
vt 0.06608002632856369 0.5174446105957031
vt 0.065874382853508 0.5127680897712708
vt 0.050885818898677826 0.5078089237213135
vt 0.08097966760396957 0.5110142230987549
vt 0.08036913722753525 0.5065124034881592
vt 0.10540171712636948 0.25707554817199707
vt 0.10412752628326416 0.25947433710098267
vt 0.06430838257074356 0.22188246250152588
vt 0.07529748976230621 0.234208881855011
vt 0.04172707349061966 0.45649254322052
vt 0.03186234459280968 0.4367210268974304
vt 0.015551215037703514 0.31115221977233887
vt 0.01824973337352276 0.2833794951438904
vt 0.0851622149348259 0.2539803981781006
vt 0.0931798666715622 0.28008466958999634
vt 0.023945139721035957 0.2566722631454468
vt 0.03203633427619934 0.23611116409301758
vt 0.0988752692937851 0.310560941696167
vt 0.10177318751811981 0.3434484004974365
vt 0.015251386910676956 0.3142380714416504
vt 0.06410747766494751 0.4725878834724426
vt 0.052716173231601715 0.46881890296936035
vt 0.10147334635257721 0.37954920530319214
vt 0.09877482801675797 0.40732187032699585
vt 0.018149273470044136 0.380140483379364
vt 0.015251378528773785 0.3472530245780945
vt 0.09830573946237564 0.3075132966041565
vt 0.023844677954912186 0.41061675548553467
vt 0.09307941794395447 0.43402916193008423
vt 0.08498822152614594 0.45459020137786865
vt 0.052917562425136566 0.2181134819984436
vt 0.018718821927905083 0.3831881284713745
vt 0.10177318006753922 0.3764633536338806
vt 0.04190107434988022 0.22286778688430786
vt 0.07512349635362625 0.46783357858657837
vt 0.05851229652762413 0.3453507423400879
vn -0.3804680109024048 0.7118223309516907 -0.5903838872909546
vn -0.04965798184275627 0.7647380232810974 -0.6424250602722168
vn -0.05047807842493057 0.6686462759971619 -0.7418652176856995
vn -0.3845135569572449 0.6180281639099121 -0.6857043504714966
vn -0.15371713042259216 -0.43238565325737 -0.8884896039962769
vn -0.017486711964011192 -0.44456756114959717 -0.8955746293067932
vn -0.0032292637042701244 -0.6963186860084534 -0.717725396156311
vn -0.034258883446455 -0.6917557120323181 -0.7213184833526611
vn 4.982235068951013e-08 -0.7428122758865356 -0.6694996953010559
vn -0.07291803508996964 -0.7060953974723816 -0.7043524980545044
vn -0.3804680109024048 0.5135086178779602 -0.7691248655319214
vn -0.7966302037239075 0.3173767030239105 -0.5144438147544861
vn -0.803632915019989 0.3984362781047821 -0.44206637144088745
vn -0.3360646665096283 -0.5005217790603638 -0.7978336215019226
vn -0.15371713042259216 -0.43238565325737 -0.8884896039962769
vn -0.3360646665096283 -0.5005217790603638 -0.7978336215019226
vn -0.733564019203186 0.08952198922634125 -0.6736985445022583
vn -0.34246841073036194 0.22993586957454681 -0.9109582304954529
vn -4.982235068951013e-08 0.7428122758865356 0.6694996953010559
vn -0.03425898775458336 0.7890661358833313 0.6133521795272827
vn -0.07291813939809799 0.7736760973930359 0.6293714642524719
vn -0.3725898563861847 0.421768456697464 -0.8266124725341797
vn -0.7816848754882812 0.2453322857618332 -0.5733941793441772
vn -0.15371809899806976 0.9284784197807312 0.3380807042121887
vn -0.33605054020881653 0.8453741669654846 0.41522595286369324
vn -0.34246841073036194 0.8822544813156128 -0.32302072644233704
vn -0.733564019203186 0.6608085036277771 -0.15879569947719574
vn -0.33605054020881653 0.8453741669654846 0.41522595286369324
vn -0.15371809899806976 0.9284784197807312 0.3380807042121887
vn -0.7966302037239075 0.4788176119327545 -0.3689364492893219
vn -0.7816848754882812 0.5449106097221375 -0.3033829927444458
vn -0.3725898563861847 0.7784997224807739 -0.5050891041755676
vn -0.803632915019989 0.3984362781047821 -0.44206637144088745
vn -0.7966302037239075 0.3173767030239105 -0.5144438147544861
vn -0.9613968729972839 0.12784332036972046 -0.24366390705108643
vn -0.9670081734657288 0.1705521047115326 -0.18922817707061768
vn -0.07940470427274704 -0.7228839993476868 -0.6863917112350464
vn -0.40497300028800964 -0.5817393064498901 -0.7053908705711365
vn -0.733564019203186 0.08952198922634125 -0.6736985445022583
vn -0.3360646665096283 -0.5005217790603638 -0.7978336215019226
vn -0.40497300028800964 -0.5817393064498901 -0.7053908705711365
vn -0.8973268270492554 -0.054430630058050156 -0.4379975497722626
vn -0.7816848754882812 0.2453322857618332 -0.5733941793441772
vn -0.9457346796989441 0.07936522364616394 -0.3150984048843384
vn -0.40495961904525757 0.7618379592895508 0.5055795907974243
vn -0.0794048085808754 0.7575501203536987 0.6479294896125793
vn -0.33605054020881653 0.8453741669654846 0.41522595286369324
vn -0.733564019203186 0.6608085036277771 -0.15879569947719574
vn -0.8973268270492554 0.44127917289733887 0.008787687867879868
vn -0.40495961904525757 0.7618379592895508 0.5055795907974243
vn -0.7816848754882812 0.5449106097221375 -0.3033829927444458
vn -0.7966302037239075 0.4788176119327545 -0.3689364492893219
vn -0.9613968729972839 0.22911731898784637 -0.15238521993160248
vn -0.9457346796989441 0.3051873445510864 -0.1115640252828598
vn -0.9967465996742249 0.03524743393063545 -0.0724840760231018
vn -0.9983823895454407 0.03806611895561218 -0.042234551161527634
vn -0.06779085099697113 -0.732018232345581 -0.677903950214386
vn -0.39618876576423645 -0.6374659538269043 -0.6608112454414368
vn -0.39618876576423645 -0.6374659538269043 -0.6608112454414368
vn -0.944000244140625 -0.1323569118976593 -0.3022337257862091
vn -0.9878181219100952 0.0007448813994415104 -0.15561135113239288
vn -0.39615964889526367 0.7232613563537598 0.5656417012214661
vn -0.06778044253587723 0.7500473260879517 0.6579018831253052
vn -0.944000244140625 0.31431353092193604 0.10035212337970734
vn -0.39615964889526367 0.7232613563537598 0.5656417012214661
vn -0.9967465996742249 0.06844490766525269 -0.0425630547106266
vn -0.9878181219100952 0.15469780564308167 -0.016852958127856255
vn -0.99817955493927 -0.03165091201663017 0.05133846029639244
vn -0.9961028099060059 -0.059049542993307114 0.06551559269428253
vn -0.07921961694955826 -0.45700758695602417 -0.8859279155731201
vn -0.6651444435119629 -0.2867244482040405 -0.6894722580909729
vn -0.6651444435119629 -0.2867244482040405 -0.6894722580909729
vn -0.9656400084495544 -0.09247567504644394 -0.24287332594394684
vn -0.9976227283477783 -0.03429044410586357 -0.05977519229054451
vn -0.965640127658844 0.25114285945892334 0.06683143228292465
vn -0.6651444435119629 0.7154539823532104 0.2137952595949173
vn -0.99817955493927 -0.04778546839952469 0.03679632022976875
vn -0.9976227283477783 0.06300429254770279 0.027916938066482544
vn -0.2994956374168396 0.5243453979492188 0.7970973253250122
vn -0.7588474154472351 0.32182103395462036 0.566199541091919
vn -0.7118418216705322 0.18099378049373627 0.6786180734634399
vn -0.30306294560432434 0.38366660475730896 0.8723260164260864
vn -0.3030630350112915 0.9073624014854431 0.2912837862968445
vn -0.04467691853642464 0.9470131397247314 0.3180723786354065
vn -0.03085455298423767 0.982697606086731 -0.18262915313243866
vn -0.28217414021492004 0.9450056552886963 -0.1653541475534439
vn -0.2994956374168396 0.5243453979492188 0.7970973253250122
vn -0.04735841974616051 0.5556248426437378 0.8300831913948059
vn -0.048307642340660095 0.6492822170257568 0.7590118646621704
vn -0.2812623083591461 0.6198743581771851 0.7325620651245117
vn -0.3725896179676056 -0.7784998416900635 0.5050891041755676
vn -0.7816846966743469 -0.544910728931427 0.30338308215141296
vn -0.7335638403892517 -0.6608086228370667 0.1587958037853241
vn -0.34246817231178284 -0.8822545409202576 0.32302072644233704
vn -0.2812623083591461 0.7928066849708557 0.5406931042671204
vn -0.7625255584716797 0.5488454699516296 0.34252503514289856
vn -0.7712043523788452 0.47286510467529297 0.426195353269577
vn -0.28015056252479553 0.7130671143531799 0.6426903009414673
vn -0.045037005096673965 0.7266618013381958 -0.6855176091194153
vn -0.07968075573444366 0.6990466713905334 -0.7106226682662964
vn -0.504234790802002 0.7792530655860901 -0.37217211723327637
vn -0.7118418216705322 0.6937106847763062 0.10975687950849533
vn -0.2994956970214844 0.8471039533615112 0.4389956295490265
vn -0.7588474750518799 0.5964776873588562 0.2614670693874359
vn -0.3030630350112915 0.9073624014854431 0.2912837862968445
vn -0.7118418216705322 0.6937106847763062 0.10975687950849533
vn -0.2821740508079529 -0.06661951541900635 0.9570474624633789
vn -0.5042346715927124 -0.2894880175590515 0.8135994672775269
vn -0.07968052476644516 -0.6344240307807922 0.7688674330711365
vn -0.045036762952804565 -0.6065945625305176 0.7937346696853638
vn -0.30306294560432434 0.38366660475730896 0.8723260164260864
vn -0.7118418216705322 0.18099378049373627 0.6786180734634399
vn -0.2812623083591461 0.6198743581771851 0.7325620651245117
vn -0.7625255584716797 0.3975115120410919 0.5104305148124695
vn -0.9583561420440674 0.2530689835548401 0.13232406973838806
vn -0.9645498991012573 0.19602864980697632 0.17668156325817108
vn -0.07948503643274307 0.6834206581115723 -0.7256847620010376
vn -0.5785178542137146 0.6620008945465088 -0.47652044892311096
vn -0.504234790802002 0.7792530655860901 -0.37217211723327637
vn -0.5785178542137146 0.6620008945465088 -0.47652044892311096
vn -0.8956928253173828 0.44237297773361206 -0.04517107084393501
vn -0.9444514513015747 0.31831517815589905 0.08177343755960464
vn -0.5785377621650696 -0.4054088592529297 0.7077695727348328
vn -0.07948480546474457 -0.6510230898857117 0.7548849582672119
vn -0.5042346715927124 -0.2894880175590515 0.8135994672775269
vn -0.895692765712738 0.0008749077678658068 0.44467252492904663
vn -0.5785377621650696 -0.4054088592529297 0.7077695727348328
vn -0.9583560824394226 0.15781553089618683 0.23800812661647797
vn -0.9444513916969299 0.11429218202829361 0.3081376254558563
vn -0.9966486692428589 0.07369975745677948 0.035490937530994415
vn -0.9983327388763428 0.04287619888782501 0.03864465653896332
vn -0.06713739782571793 0.6775339245796204 -0.7324209213256836
vn -0.5890512466430664 0.6029471755027771 -0.538027286529541
vn -0.5890512466430664 0.6029471755027771 -0.538027286529541
vn -0.9452500343322754 0.30085766315460205 -0.12643979489803314
vn -0.9877830147743225 0.1558312028646469 0.0011508030584082007
vn -0.5890510678291321 -0.47270652651786804 0.6554139852523804
vn -0.06713715195655823 -0.6583325266838074 0.7497272491455078
vn -0.9452499747276306 -0.09460954368114471 0.3123323619365692
vn -0.5890510678291321 -0.47270652651786804 0.6554139852523804
vn -0.9966486692428589 0.042930908501148224 0.06962908059358597
vn -0.9877830147743225 0.017279239371418953 0.15487466752529144
vn -0.9981126189231873 -0.052291929721832275 -0.0321999154984951
vn -0.9961186051368713 -0.065383680164814 -0.0589304082095623
vn -0.39615964889526367 0.6374881267547607 0.6608074307441711
vn -0.06776992976665497 0.7320263981819153 0.6778972148895264
vn -0.07919909805059433 0.45704761147499084 0.8859091401100159
vn -0.6651444435119629 0.286724328994751 0.6894723176956177
vn -0.9439964890480042 0.1323365569114685 0.30225440859794617
vn -0.39615964889526367 0.6374881267547607 0.6608074307441711
vn -0.6651444435119629 0.286724328994751 0.6894723176956177
vn -0.965640127658844 0.09247545897960663 0.24287347495555878
vn -0.9983322620391846 0.0446745827794075 -0.03656206279993057
vn -0.9709751605987549 0.218378484249115 -0.09755977988243103
vn -0.6651444435119629 0.286724328994751 0.6894723176956177
vn -0.07919909805059433 0.45704761147499084 0.8859091401100159
vn -0.9709751605987549 -0.07442466169595718 0.2273062765598297
vn -0.9981126189231873 -0.037441328167915344 -0.04867670685052872
vn -0.9983322620391846 -0.031740110367536545 0.04822028428316116
vn -0.28126218914985657 -0.7928067445755005 -0.5406931042671204
vn -0.048307545483112335 -0.8221591711044312 -0.5672042369842529
vn -0.04735831916332245 -0.8831512331962585 -0.4666915535926819
vn -0.29949554800987244 -0.847104012966156 -0.4389955997467041
vn -0.38046780228614807 -0.5135087370872498 0.7691248655319214
vn -0.7966300249099731 -0.31737688183784485 0.5144439339637756
vn -0.8036327362060547 -0.39843642711639404 0.442066490650177
vn -0.38451337814331055 -0.6180283427238464 0.6857044100761414
vn -0.034258972853422165 0.6917557120323181 0.7213186025619507
vn -0.0729181244969368 0.706095278263092 0.7043524980545044
vn -0.3360646665096283 0.500521719455719 0.7978336811065674
vn -0.1537180244922638 0.4323984682559967 0.8884832262992859
vn -0.1537180244922638 0.4323984682559967 0.8884832262992859
vn -0.3360646665096283 0.500521719455719 0.7978336811065674
vn -0.7335638999938965 -0.08952215313911438 0.6736986041069031
vn -0.34246826171875 -0.22993597388267517 0.9109582304954529
vn -0.372589647769928 -0.42176857590675354 0.8266125321388245
vn -0.7816846966743469 -0.24533241987228394 0.573394238948822
vn -0.153733029961586 -0.9284762144088745 -0.33807986974716187
vn -0.336050420999527 -0.8453742861747742 -0.41522592306137085
vn -0.07291802018880844 -0.7736760973930359 -0.6293714642524719
vn -0.03425886854529381 -0.7890661358833313 -0.6133521795272827
vn -0.336050420999527 -0.8453742861747742 -0.41522592306137085
vn -0.153733029961586 -0.9284762144088745 -0.33807986974716187
vn -0.38046780228614807 -0.7118224501609802 0.5903838872909546
vn -0.7966300249099731 -0.47881779074668884 0.36893656849861145
vn -0.8036327362060547 -0.39843642711639404 0.442066490650177
vn -0.7966300249099731 -0.31737688183784485 0.5144439339637756
vn -0.9613968133926392 -0.12784354388713837 0.24366401135921478
vn -0.9670079946517944 -0.1705523133277893 0.18922826647758484
vn -0.0794048011302948 0.722883939743042 0.6863917112350464
vn -0.4049595892429352 0.5817430019378662 0.705395519733429
vn -0.7335638999938965 -0.08952215313911438 0.6736986041069031
vn -0.3360646665096283 0.500521719455719 0.7978336811065674
vn -0.4049595892429352 0.5817430019378662 0.705395519733429
vn -0.8973268270492554 0.054430413991212845 0.4379976689815521
vn -0.7816846966743469 -0.24533241987228394 0.573394238948822
vn -0.9457346200942993 -0.07936544716358185 0.31509852409362793
vn -0.40497297048568726 -0.761833131313324 -0.5055762529373169
vn -0.07940470427274704 -0.7575501203536987 -0.6479294896125793
vn -0.336050420999527 -0.8453742861747742 -0.41522592306137085
vn -0.7335638403892517 -0.6608086228370667 0.1587958037853241
vn -0.8973267674446106 -0.4412793815135956 -0.008787577971816063
vn -0.40497297048568726 -0.761833131313324 -0.5055762529373169
vn -0.7816846966743469 -0.544910728931427 0.30338308215141296
vn -0.7966300249099731 -0.47881779074668884 0.36893656849861145
vn -0.9613966941833496 -0.2291175276041031 0.15238532423973083
vn -0.9457346200942993 -0.30518755316734314 0.11156414449214935
vn -0.9967465996742249 -0.03524766489863396 0.07248419523239136
vn -0.9983823895454407 -0.03806634992361069 0.042234666645526886
vn -0.9878181219100952 -0.0007451124838553369 0.15561147034168243
vn -0.39618876576423645 -0.7232630252838135 -0.5656191110610962
vn -0.06779083609580994 -0.7500537037849426 -0.6578933596611023
vn -0.9439963698387146 -0.3143320679664612 -0.10032986104488373
vn -0.39618876576423645 -0.7232630252838135 -0.5656191110610962
vn -0.9967464804649353 -0.0684451311826706 0.042563166469335556
vn -0.9878180027008057 -0.15469801425933838 0.016853071749210358
vn -0.99817955493927 0.03165068104863167 -0.05133834481239319
vn -0.9961028099060059 0.05904930830001831 -0.06551547348499298
vn -0.5890509486198425 -0.6029472351074219 0.5380273461341858
vn -0.06713715195655823 -0.6775339245796204 0.7324209213256836
vn -0.07921953499317169 -0.9284850358963013 -0.36282214522361755
vn -0.6651443243026733 -0.7154541611671448 -0.21379518508911133
vn -0.9976227283477783 0.03429020941257477 0.05977531149983406
vn -0.6651443243026733 -0.7154541611671448 -0.21379518508911133
vn -0.07921953499317169 -0.9284850358963013 -0.36282214522361755
vn -0.9656400084495544 -0.25114306807518005 -0.0668313130736351
vn -0.6651443243026733 -0.7154541611671448 -0.21379518508911133
vn -0.9981796741485596 0.04778524115681648 -0.0367962084710598
vn -0.9976227283477783 -0.06300453096628189 -0.02791683003306389
vn -0.04503699764609337 0.6065945625305176 -0.7937346696853638
vn -0.07968076318502426 0.6344240307807922 -0.7688674330711365
vn -1.2101946822440368e-07 0.6694998145103455 -0.7428122758865356
vn -0.28126218914985657 -0.7928067445755005 -0.5406931042671204
vn -0.7625254988670349 -0.548845648765564 -0.3425249457359314
vn -0.7712042927742004 -0.4728652834892273 -0.42619526386260986
vn -0.28015047311782837 -0.7130671739578247 -0.6426902413368225
vn -0.04503675550222397 -0.7266618013381958 0.6855176091194153
vn -0.07968052476644516 -0.699046790599823 0.7106227874755859
vn -0.5042345523834229 -0.7792530655860901 0.37217217683792114
vn -0.28217393159866333 -0.9450057744979858 0.1653541475534439
vn -0.7118417620658875 -0.6937109231948853 -0.10975679755210876
vn -0.30306288599967957 -0.9073624610900879 -0.2912836968898773
vn -0.07948504388332367 0.6510230898857117 -0.7548849582672119
vn -0.29949554800987244 -0.847104012966156 -0.4389955997467041
vn -0.7588472962379456 -0.5964778661727905 -0.26146697998046875
vn -0.30306288599967957 -0.9073624610900879 -0.2912836968898773
vn -0.7118417620658875 -0.6937109231948853 -0.10975679755210876
vn -0.28217414021492004 0.06661941856145859 -0.9570473432540894
vn -0.5042348504066467 0.28948792815208435 -0.8135994672775269
vn -0.3030630052089691 -0.3836667239665985 -0.8723260164260864
vn -0.711841881275177 -0.1809939295053482 -0.6786180138587952
vn -0.047358378767967224 -0.5556248426437378 -0.8300831913948059
vn -0.04830757901072502 -0.6492822170257568 -0.7590118646621704
vn -0.28126221895217896 -0.6198744177818298 -0.7325620651245117
vn -0.2994956076145172 -0.5243454575538635 -0.7970972657203674
vn -0.28126221895217896 -0.6198744177818298 -0.7325620651245117
vn -0.7625254988670349 -0.39751166105270386 -0.5104304552078247
vn -0.7588473558425903 -0.3218212425708771 -0.5661994218826294
vn -0.2994956076145172 -0.5243454575538635 -0.7970972657203674
vn -0.9583560824394226 -0.2530692219734192 -0.1323239803314209
vn -0.9645497798919678 -0.19602884352207184 -0.17668142914772034
vn -0.07948479056358337 -0.6834206581115723 0.7256847620010376
vn -0.5785176753997803 -0.6620010137557983 0.4765205681324005
vn -0.5042345523834229 -0.7792530655860901 0.37217217683792114
vn -0.5785176753997803 -0.6620010137557983 0.4765205681324005
vn -0.895692765712738 -0.44237324595451355 0.04517118260264397
vn -0.9444513916969299 -0.31831541657447815 -0.08177333325147629
vn -0.30306294560432434 0.38366660475730896 0.8723260164260864
vn -0.044676829129457474 0.41441676020622253 0.9089899063110352
vn -0.5785380005836487 0.40540874004364014 -0.7077694535255432
vn -0.5042348504066467 0.28948792815208435 -0.8135994672775269
vn -0.711841881275177 -0.1809939295053482 -0.6786180138587952
vn -0.8956928849220276 -0.0008751306449994445 -0.4446724057197571
vn -0.5785380005836487 0.40540874004364014 -0.7077694535255432
vn -0.9583561420440674 -0.15781573951244354 -0.23800800740718842
vn -0.9444514513015747 -0.11429239809513092 -0.3081375062465668
vn -0.06713739782571793 0.6583325266838074 -0.7497272491455078
vn -0.07921961694955826 -0.45700758695602417 -0.8859279155731201
vn 8.213941526946655e-09 -0.48776063323020935 -0.8729773759841919
vn -0.9966486692428589 -0.07369999587535858 -0.03549082577228546
vn -0.9983327388763428 -0.042876437306404114 -0.038644541054964066
vn -0.5890509486198425 -0.6029472351074219 0.5380273461341858
vn -0.9452499747276306 -0.30085787177085876 0.1264399141073227
vn -0.987782895565033 -0.15583142638206482 -0.0011506875744089484
vn -0.5890512466430664 0.4727064371109009 -0.6554138660430908
vn -0.9452500343322754 0.09460931271314621 -0.31233224272727966
vn -0.5890512466430664 0.4727064371109009 -0.6554138660430908
vn -0.9966486692428589 -0.04293114319443703 -0.06962896138429642
vn -0.9877830147743225 -0.01727946847677231 -0.1548745334148407
vn -0.9981126189231873 0.05229169502854347 0.032200027257204056
vn -0.9961186051368713 0.0653834417462349 0.058930519968271255
vn -0.6651444435119629 -0.2867244482040405 -0.6894722580909729
vn -0.9983322620391846 -0.044674813747406006 0.036562178283929825
vn -0.9709751605987549 -0.2183787226676941 0.09755989164113998
vn -0.9981126189231873 0.03744109347462654 0.04867681860923767
vn -0.9983322620391846 0.03173987567424774 -0.04822016879916191
vn -0.9709751605987549 0.07442443072795868 -0.22730615735054016
vn 4.982235068951013e-08 -0.7428122758865356 -0.6694996953010559
vn -0.04965796694159508 0.5597912073135376 -0.8271445035934448
vn -1.2101946822440368e-07 0.6694998145103455 -0.7428122758865356
vn -0.0036841717083007097 0.6133556365966797 -0.7897982001304626
vn -0.04778926819562912 0.46427276730537415 -0.8844020366668701
vn -0.0430174320936203 0.2596142292022705 -0.9647538065910339
vn 4.982235068951013e-08 -0.7428122758865356 -0.6694996953010559
vn -0.0032293624244630337 0.7859647274017334 0.6182627081871033
vn -0.017486801370978355 0.936791718006134 0.34945014119148254
vn -0.04778928682208061 0.8315778374671936 -0.5533484220504761
vn -0.017486801370978355 0.936791718006134 0.34945014119148254
vn -0.04301747679710388 0.9326880574226379 -0.35810959339141846
vn -0.2812623083591461 0.7928066849708557 0.5406931042671204
vn -0.04830767214298248 0.8221591711044312 0.5672042369842529
vn -0.047358471900224686 0.8831512331962585 0.4666915535926819
vn -0.2994956970214844 0.8471039533615112 0.4389956295490265
vn -1.2101946822440368e-07 0.6694998145103455 -0.7428122758865356
vn -8.612564528220901e-08 0.9187830686569214 0.3947628438472748
vn -0.0791991800069809 0.9284704327583313 0.3628638684749603
vn -0.6651444435119629 0.7154539823532104 0.2137952595949173
vn -0.0791991800069809 0.9284704327583313 0.3628638684749603
vn -0.017486711964011192 -0.44456756114959717 -0.8955746293067932
vn -0.04467673599720001 -0.9470131397247314 -0.3180723786354065
vn -0.30306288599967957 -0.9073624610900879 -0.2912836968898773
vn -0.048856012523174286 0.7419252991676331 0.6687002182006836
vn -0.28015056252479553 0.7130671143531799 0.6426903009414673
vn -0.003684178926050663 0.722046434879303 -0.6918347477912903
vn -0.003683937480673194 -0.6133556365966797 0.7897982001304626
vn -0.0308543611317873 -0.07989894598722458 0.9963253140449524
vn 4.982235068951013e-08 -0.7428122758865356 -0.6694996953010559
vn -0.003229247173294425 -0.7859647274017334 -0.6182627081871033
vn 1.2101946822440368e-07 -0.6694998145103455 0.7428122758865356
vn -0.04778903350234032 -0.8315778970718384 0.5533484220504761
vn -0.049657732248306274 -0.7647380232810974 0.6424250602722168
vn -0.0036839302629232407 -0.722046434879303 0.6918347477912903
vn 1.2101946822440368e-07 -0.6694998145103455 0.7428122758865356
vn 1.2101946822440368e-07 -0.6694998145103455 0.7428122758865356
vn 1.2101946822440368e-07 -0.6694998145103455 0.7428122758865356
vn -0.01748671382665634 0.44456756114959717 0.8955746293067932
vn -0.0032293463591486216 0.6963186860084534 0.717725396156311
vn -0.04301726445555687 -0.2596142590045929 0.9647538661956787
vn -0.01748671382665634 0.44456756114959717 0.8955746293067932
vn -0.05047784000635147 -0.6686463952064514 0.741865336894989
vn -0.04965774714946747 -0.5597912073135376 0.8271445035934448
vn -0.04778905585408211 -0.46427276730537415 0.8844020366668701
vn -0.01748662069439888 -0.936791718006134 -0.34945014119148254
vn -0.01748662069439888 -0.936791718006134 -0.34945014119148254
vn -0.04301721975207329 -0.9326881170272827 0.35810962319374084
vn -1.2101946822440368e-07 0.6694998145103455 -0.7428122758865356
vn -4.982360479743875e-08 0.7428192496299744 0.6694920063018799
vn -4.982235068951013e-08 0.7428122758865356 0.6694996953010559
vn -0.044676829129457474 0.41441676020622253 0.9089899063110352
vn -0.04467673599720001 -0.9470131397247314 -0.3180723786354065
vn -0.030854299664497375 -0.982697606086731 0.18262915313243866
vn -8.215660152188775e-09 0.4877721071243286 0.8729709982872009
vn 8.612693846998809e-08 -0.9187883138656616 -0.39475077390670776
vn 8.612693846998809e-08 -0.9187883138656616 -0.39475077390670776
vn -0.04885591194033623 -0.7419252991676331 -0.6687002182006836
vn -0.28015047311782837 -0.7130671739578247 -0.6426902413368225
vn -0.3030630052089691 -0.3836667239665985 -0.8723260164260864
vn -0.030854495242238045 0.07989894598722458 -0.9963253140449524
vn -0.04467691853642464 0.9470131397247314 0.3180723786354065
vn -0.3030630350112915 0.9073624014854431 0.2912837862968445
vn 8.213941526946655e-09 -0.48776063323020935 -0.8729773759841919
vn -0.04467683658003807 -0.41441676020622253 -0.9089899063110352
vn -0.6651444435119629 0.7154539823532104 0.2137952595949173
vn -0.9981202483177185 -0.00612834095954895 -0.06097911670804024
vn -0.9975888729095459 0.03797249495983124 0.0580889917910099
vn -0.9880483746528625 0.08161643147468567 0.13076405227184296
vn -0.9840061664581299 0.1323205530643463 0.11926119774580002
vn -0.9880496263504028 0.13849161565303802 0.06766113638877869
vn -0.9975889921188354 0.06170831248164177 0.031754039227962494
vn -0.9981202483177185 -0.0612860731780529 0.00021856502280570567
vn -0.9967576861381531 -0.03302791342139244 0.07337062060832977
vn -0.9900833964347839 0.0075928266160190105 0.14027529954910278
vn -0.9829766750335693 0.06687059253454208 0.17112921178340912
vn -0.9817403554916382 0.14130175113677979 0.12735600769519806
vn -0.9829766750335693 0.17713308334350586 0.048792608082294464
vn -0.9900833964347839 0.14030736684799194 -0.006971921771764755
vn -0.9967576861381531 0.06955640763044357 -0.040447015315294266
vn -0.9877831935882568 -0.06753823161125183 0.14043913781642914
vn -0.9829994440078735 -0.04688543453812599 0.17752201855182648
vn -0.9848784804344177 0.010489054024219513 0.17292903363704681
vn -0.9899575710296631 0.1050075963139534 0.09464393556118011
vn -0.9848785996437073 0.17308549582958221 -0.007472240831702948
vn -0.9830067753791809 0.1716480255126953 -0.06507429480552673
vn -0.9877831935882568 0.13269124925136566 -0.0817161351442337
vn -0.9838444590568542 -0.11985740065574646 0.13298210501670837
vn -0.9818698763847351 -0.1269078105688095 0.14080454409122467
vn -0.9902390837669373 -0.09331417083740234 0.10353230684995651
vn -1.0 -1.1803118837860893e-07 5.653869905586362e-08
vn -0.990239143371582 0.09331393241882324 -0.10353218764066696
vn -0.9818699955940247 0.1269075870513916 -0.1408044397830963
vn -0.9838445782661438 0.11985716968774796 -0.13298200070858002
vn -0.9877830743789673 -0.13269147276878357 0.08171623945236206
vn -0.9829994440078735 -0.1717134714126587 0.06501401960849762
vn -0.9848784804344177 -0.17308570444583893 0.007472354918718338
vn -0.9899575710296631 -0.1050078347325325 -0.09464382380247116
vn -0.9848784804344177 -0.010489284060895443 -0.17292891442775726
vn -0.9830067753791809 0.0469520166516304 -0.1774633228778839
vn -0.9877831935882568 0.06753800064325333 -0.1404390186071396
vn -0.9967576861381531 -0.06955663859844208 0.040447134524583817
vn -0.9900833964347839 -0.14030760526657104 0.006972037721425295
vn -0.9829765558242798 -0.17713329195976257 -0.04879248887300491
vn -0.9817403554916382 -0.1413019895553589 -0.1273558884859085
vn -0.9829766750335693 -0.06687082350254059 -0.17112909257411957
vn -0.9900833964347839 -0.007593057584017515 -0.14027518033981323
vn -0.9967598915100098 0.033094409853219986 -0.07331058382987976
vn -0.9981202483177185 0.0612858347594738 -0.00021844902948942035
vn -0.9975889921188354 -0.06170854717493057 -0.03175392746925354
vn -0.9880483746528625 -0.13851189613342285 -0.06763848662376404
vn -0.9840060472488403 -0.13232076168060303 -0.11926107108592987
vn -0.9880483746528625 -0.08161666244268417 -0.1307639479637146
vn -0.9975889921188354 -0.03797273710370064 -0.058088887482881546
vn -0.9981202483177185 0.0061281053349375725 0.06097923219203949
vn -8.612564528220901e-08 0.9187830686569214 0.3947628438472748
vn -8.215660152188775e-09 0.4877721071243286 0.8729709982872009
vn 8.612693846998809e-08 -0.9187883138656616 -0.39475077390670776
vn 8.612693846998809e-08 -0.9187883138656616 -0.39475077390670776
vn -8.215660152188775e-09 0.4877721071243286 0.8729709982872009
vn -8.612434498900257e-08 0.9187778234481812 0.3947749137878418
vn -4.9821093028867836e-08 0.7428053617477417 0.6695074439048767
vn -8.215660152188775e-09 0.4877721071243286 0.8729709982872009
vn -8.612434498900257e-08 0.9187778234481812 0.3947749137878418
vn 8.213941526946655e-09 -0.48776063323020935 -0.8729773759841919
vn 8.213941526946655e-09 -0.48776063323020935 -0.8729773759841919
vn -0.3030630052089691 -0.3836667239665985 -0.8723260164260864
vn -0.04467683658003807 -0.41441676020622253 -0.9089899063110352
vn -0.006735942792147398 -0.07861393690109253 -0.9968823790550232
vn -0.5978153944015503 -0.0463985800743103 -0.8002899289131165
vn -0.6536110639572144 0.15433329343795776 -0.7409278154373169
vn -0.006755424663424492 0.1913057118654251 -0.9815073013305664
vn -0.5105403065681458 -0.27161577343940735 -0.8158268332481384
vn -0.006657834630459547 -0.3385605812072754 -0.9409210681915283
vn -0.5978153944015503 0.8007926940917969 -0.036712948232889175
vn -0.5105403661727905 0.839565098285675 0.18568500876426697
vn -0.006657922174781561 0.9709184765815735 0.23931775987148285
vn -0.006736015435308218 0.9996641874313354 -0.025025896728038788
vn -0.6536109447479248 0.7209658026695251 -0.23021955788135529
vn -0.0067554740235209465 0.9564241170883179 -0.2919028103351593
vn -0.0013660902623087168 0.894256055355072 0.4475533962249756
vn -3.283162541833917e-08 0.6444413661956787 0.764653742313385
vn -3.283162541833917e-08 0.6444413661956787 0.764653742313385
vn -0.0005946637829765677 0.8953114151954651 0.4454406201839447
vn -0.396613210439682 0.8130205869674683 0.426257461309433
vn -0.006337880622595549 0.8763227462768555 0.4816827178001404
vn 0.613061249256134 -0.04375029727816582 -0.7888230681419373
vn 0.5178464651107788 -0.269508957862854 -0.8119113445281982
vn -0.006337785627692938 -0.5698285102844238 -0.8217391967773438
vn 0.39520493149757385 -0.5087743997573853 -0.7648278474807739
vn -0.006714615970849991 0.3321356475353241 -0.9432077407836914
vn 0.7034618258476257 0.23612076044082642 -0.6703644394874573
vn 0.6741122603416443 0.15296758711338043 -0.722615659236908
vn 0.003503938904032111 0.9554056525230408 -0.2952757775783539
vn 0.0025547067634761333 0.9582969546318054 -0.285762757062912
vn -1.2008078442704573e-07 0.9992876648902893 -0.03773878514766693
vn -1.2008078442704573e-07 0.9992876648902893 -0.03773878514766693
vn 0.0072778211906552315 0.8839898109436035 -0.46744951605796814
vn 0.0028641459066420794 -0.15979614853858948 -0.9871459603309631
vn 0.17044705152511597 0.21324989199638367 -0.9620146751403809
vn 0.008949882350862026 0.8572749495506287 -0.51478111743927
vn -1.2957050898876332e-07 0.9537060260772705 -0.3007405996322632
vn -1.2008078442704573e-07 0.9992876648902893 -0.03773878514766693
vn -1.0214618839654577e-07 0.9739794731140137 0.2266363948583603
vn -1.0214618839654577e-07 0.9739794731140137 0.2266363948583603
vn -1.0214618839654577e-07 0.9739794731140137 0.2266363948583603
vn -7.722272243881889e-08 0.8809401988983154 0.47322753071784973
vn -7.722272243881889e-08 0.8809401988983154 0.47322753071784973
vn -7.722272243881889e-08 0.8809401988983154 0.47322753071784973
vn -0.4756448566913605 -0.27887365221977234 -0.8342610597610474
vn -0.9867216944694519 -0.053506094962358475 -0.15335382521152496
vn -0.9874252676963806 -0.08806125074625015 -0.13128823041915894
vn -0.40337687730789185 -0.5096811652183533 -0.7599422335624695
vn -0.5480442047119141 -0.04453634098172188 -0.8352628946304321
vn -0.9864726662635803 -0.012515366077423096 -0.163447305560112
vn -7.904281318360518e-08 0.2003774493932724 -0.979718804359436
vn -0.5972676277160645 0.17042380571365356 -0.7837263941764832
vn -0.5480442047119141 -0.04453634098172188 -0.8352628946304321
vn -4.8633840066258927e-08 -0.06593043357133865 -0.9978242516517639
vn -1.4935469749843833e-08 -0.32626429200172424 -0.9452785849571228
vn -0.4756448566913605 -0.27887365221977234 -0.8342610597610474
vn -0.5972676277160645 0.17042380571365356 -0.7837263941764832
vn -0.9863327145576477 0.03084731660783291 -0.16185277700424194
vn -0.6035044193267822 0.26481643319129944 -0.7521001696586609
vn -0.09541919082403183 0.9526877403259277 0.2885849177837372
vn -0.373345285654068 0.855714738368988 0.3582814633846283
vn -0.9858208298683167 0.05579003319144249 -0.15825539827346802
vn -1.3087262118460785e-07 0.9037646055221558 -0.4280298054218292
vn -4.028129652056123e-08 -0.13345347344875336 -0.9910550713539124
vn -9.253319177560115e-08 0.33215346932411194 -0.9432253837585449
vn -1.1627452067841659e-07 0.999546229839325 0.03012220375239849
vn -0.09541919082403183 0.9526877403259277 0.2885849177837372
vn -0.6035044193267822 0.26481643319129944 -0.7521001696586609
vn -0.6035044193267822 0.7206388711929321 -0.34126558899879456
vn -0.9858208298683167 0.1516282558441162 -0.07187601923942566
vn -0.3733452558517456 -0.4449566900730133 -0.814018964767456
vn -0.09541910886764526 -0.3856753408908844 -0.917687177658081
vn -0.5972675681114197 0.761868417263031 -0.2506549060344696
vn -0.5480442643165588 0.8353848457336426 -0.04218630492687225
vn -0.9864726662635803 0.1638646125793457 -0.004475320223718882
vn -0.9863327145576477 0.15778887271881104 -0.04743983596563339
vn -0.47564488649368286 0.8586516976356506 0.1909952163696289
vn -0.9867216944694519 0.15806956589221954 0.03734017536044121
vn -0.4033769369125366 0.8086302876472473 0.42825713753700256
vn -0.9874252676963806 0.13970039784908295 0.07399427145719528
vn -1.4935469749843833e-08 -0.32626429200172424 -0.9452785849571228
vn -1.4935469749843833e-08 -0.32626429200172424 -0.9452785849571228
vn -4.8633840066258927e-08 -0.06593043357133865 -0.9978242516517639
vn -4.8633840066258927e-08 -0.06593043357133865 -0.9978242516517639
vn 1.9552105712250523e-08 -0.561896800994873 -0.8272072672843933
vn 1.9552105712250523e-08 -0.561896800994873 -0.8272072672843933
vn -9.253319177560115e-08 0.33215346932411194 -0.9432253837585449
vn -0.007611296139657497 0.4027859568595886 -0.9152625799179077
vn 0.11560671776533127 0.9133478999137878 -0.39042383432388306
vn -1.1627452067841659e-07 0.999546229839325 0.03012220375239849
vn -7.904281318360518e-08 0.2003774493932724 -0.979718804359436
vn -7.904281318360518e-08 0.2003774493932724 -0.979718804359436
vn 0.3952048122882843 0.8133957982063293 0.4268494248390198
vn 0.5178463459014893 0.8354526162147522 0.18399499356746674
vn 0.6130611300468445 0.7891134023666382 -0.03815962374210358
vn 0.6741122603416443 0.7028936743736267 -0.226965069770813
vn -0.006714653689414263 0.9037489891052246 -0.42801031470298767
vn 0.703461766242981 0.6423134803771973 -0.3042612075805664
vn 9.178908300100375e-08 -0.3245895504951477 0.9458549618721008
vn 9.178908300100375e-08 -0.3245895504951477 0.9458549618721008
vn -3.283162541833917e-08 0.6444413661956787 0.764653742313385
vn -3.283162541833917e-08 0.6444413661956787 0.764653742313385
vn -0.5105403661727905 0.839565098285675 0.18568500876426697
vn -0.396613210439682 0.8130205869674683 0.426257461309433
vn -0.5978153944015503 0.8007926940917969 -0.036712948232889175
vn -0.6536109447479248 0.7209658026695251 -0.23021955788135529
vn -0.6802180409431458 0.6624802350997925 -0.31372499465942383
vn -0.45187830924987793 -0.13030783832073212 -0.8825111389160156
vn -0.0032709240913391113 0.9998959302902222 -0.014045867137610912
vn -0.6802181601524353 0.24344556033611298 -0.6914027333259583
vn -0.4518783390522003 0.8912599086761475 0.03823209926486015
vn -0.6802181601524353 0.24344556033611298 -0.6914027333259583
vn -0.4518783390522003 0.8912599086761475 0.03823209926486015
vn -0.6536110639572144 0.15433329343795776 -0.7409278154373169
vn -0.5978153944015503 -0.0463985800743103 -0.8002899289131165
vn -0.6802180409431458 0.6624802350997925 -0.31372499465942383
vn -0.5105403065681458 -0.27161577343940735 -0.8158268332481384
vn -0.39661312103271484 -0.5081468224525452 -0.7645160555839539
vn 1.374730906888999e-08 0.3348844647407532 0.9422591924667358
vn 1.374730906888999e-08 0.3348844647407532 0.9422591924667358
vn 4.7286832227655395e-08 0.07696405053138733 0.9970337748527527
vn 4.7286832227655395e-08 0.07696405053138733 0.9970337748527527
vn -2.0131276201595938e-08 0.5655947327613831 0.8246833086013794
vn -2.0131276201595938e-08 0.5655947327613831 0.8246833086013794
vn 1.374730906888999e-08 0.3348844647407532 0.9422591924667358
vn 0.4604056775569916 0.29729124903678894 0.836447536945343
vn 0.3301161527633667 0.5338823795318604 0.7784554362297058
vn -2.0131276201595938e-08 0.5655947327613831 0.8246833086013794
vn 4.7286832227655395e-08 0.07696405053138733 0.9970337748527527
vn 0.5707887411117554 0.0632254108786583 0.8186591267585754
vn 9.178908300100375e-08 -0.3245895504951477 0.9458549618721008
vn 9.178908300100375e-08 -0.3245895504951477 0.9458549618721008
vn 0.30266812443733215 0.275340735912323 0.9124579429626465
vn 1.0320770371663457e-07 -0.44557511806488037 0.8952445387840271
vn 7.801839529975041e-08 -0.1907816082239151 0.9816324710845947
vn 7.801839529975041e-08 -0.1907816082239151 0.9816324710845947
vn 7.801839529975041e-08 -0.1907816082239151 0.9816324710845947
vn 0.6449317932128906 -0.14581555128097534 0.7502005100250244
vn 9.178908300100375e-08 -0.3245895504951477 0.9458549618721008
vn 1.0320770371663457e-07 -0.44557511806488037 0.8952445387840271
vn 0.6842556595802307 -0.3249565362930298 0.6528379917144775
vn 0.6808034181594849 -0.23770515620708466 0.6928223967552185
vn 1.2101946822440368e-07 -0.6694998145103455 0.7428122758865356
vn 0.7058543562889099 -0.4742448031902313 0.5261762142181396
vn 0.30266815423965454 -0.9360625147819519 -0.1793847531080246
vn 1.2995106146718172e-07 -0.8442980051040649 0.5358738899230957
vn 1.2101946822440368e-07 -0.6694998145103455 0.7428122758865356
vn 0.6971185207366943 -0.4800017774105072 0.5325636267662048
vn 1.2995106146718172e-07 -0.8442980051040649 0.5358738899230957
vn 0.6842556595802307 -0.6156831383705139 0.3908049464225769
vn 1.2938401994233573e-07 -0.9566029906272888 0.29139450192451477
vn 1.2938401994233573e-07 -0.9566029906272888 0.29139450192451477
vn 1.194977272689357e-07 -0.9996439814567566 0.02668263390660286
vn 1.194977272689357e-07 -0.9996439814567566 0.02668263390660286
vn 1.308637962438297e-07 -0.9071632027626038 0.4207788109779358
vn 1.308637962438297e-07 -0.9071632027626038 0.4207788109779358
vn 1.308637962438297e-07 -0.9071632027626038 0.4207788109779358
vn 0.6808034181594849 -0.6644867062568665 0.30816248059272766
vn 1.2938401994233573e-07 -0.9566029906272888 0.29139450192451477
vn 1.194977272689357e-07 -0.9996439814567566 0.02668263390660286
vn 0.5707888007164001 -0.8208054304122925 0.021878505125641823
vn 0.6449317932128906 -0.7310706973075867 0.22270771861076355
vn 1.0139464734493231e-07 -0.9718688726425171 -0.23552288115024567
vn 1.0139464734493231e-07 -0.9718688726425171 -0.23552288115024567
vn 7.67488756991952e-08 -0.8788127303123474 -0.4771668612957001
vn 7.67488756991952e-08 -0.8788127303123474 -0.4771668612957001
vn 1.0139464734493231e-07 -0.9718688726425171 -0.23552288115024567
vn 0.46040576696395874 -0.8627334833145142 -0.20908740162849426
vn 7.67488756991952e-08 -0.8788127303123474 -0.4771668612957001
vn 0.33011627197265625 -0.8295497894287109 -0.45041143894195557
vn 0.5323588252067566 0.28487834334373474 0.7971439361572266
vn 1.374730906888999e-08 0.3348844647407532 0.9422591924667358
vn -2.0131276201595938e-08 0.5655947327613831 0.8246833086013794
vn 0.44494977593421936 0.5072758197784424 0.738031804561615
vn 0.6222327351570129 0.062111977487802505 0.7803643941879272
vn 4.7286832227655395e-08 0.07696405053138733 0.9970337748527527
vn 1.374730906888999e-08 0.3348844647407532 0.9422591924667358
vn -2.0131276201595938e-08 0.5655947327613831 0.8246833086013794
vn 7.801839529975041e-08 -0.1907816082239151 0.9816324710845947
vn 7.801839529975041e-08 -0.1907816082239151 0.9816324710845947
vn 1.374730906888999e-08 0.3348844647407532 0.9422591924667358
vn -2.0131276201595938e-08 0.5655947327613831 0.8246833086013794
vn 4.7286832227655395e-08 0.07696405053138733 0.9970337748527527
vn 0.6839748620986938 -0.1373991072177887 0.7164495587348938
vn 0.6926926374435425 -0.23406410217285156 0.6821955442428589
vn 0.23990564048290253 0.6266044974327087 0.7414931654930115
vn -0.4518783390522003 0.8912599086761475 0.03823209926486015
vn -0.001280179712921381 0.8954384922981262 0.44518357515335083
vn -0.0004663865838665515 0.8960509896278381 0.44395095109939575
vn -0.0032709240913391113 0.9998959302902222 -0.014045867137610912
vn 1.2938401994233573e-07 -0.9566029906272888 0.29139450192451477
vn 1.2938401994233573e-07 -0.9566029906272888 0.29139450192451477
vn 1.194977272689357e-07 -0.9996439814567566 0.02668263390660286
vn 1.194977272689357e-07 -0.9996439814567566 0.02668263390660286
vn 7.801839529975041e-08 -0.1907816082239151 0.9816324710845947
vn 9.178908300100375e-08 -0.3245895504951477 0.9458549618721008
vn -3.283162541833917e-08 0.6444413661956787 0.764653742313385
vn 0.6926926374435425 -0.654293954372406 0.303440660238266
vn 1.308637962438297e-07 -0.9071632027626038 0.4207788109779358
vn 6.58798455788201e-08 -0.8272695541381836 -0.5618051886558533
vn 0.23990574479103088 -0.8023866415023804 -0.5464622974395752
vn 0.6839748620986938 -0.6983725428581238 0.21084192395210266
vn 0.6222327351570129 -0.7826011776924133 0.019020922482013702
vn 1.308637962438297e-07 -0.9071632027626038 0.4207788109779358
vn 6.58798455788201e-08 -0.8272695541381836 -0.5618051886558533
vn 1.0139464734493231e-07 -0.9718688726425171 -0.23552288115024567
vn 1.0139464734493231e-07 -0.9718688726425171 -0.23552288115024567
vn 7.67488756991952e-08 -0.8788127303123474 -0.4771668612957001
vn 7.67488756991952e-08 -0.8788127303123474 -0.4771668612957001
vn 1.308637962438297e-07 -0.9071632027626038 0.4207788109779358
vn 6.58798455788201e-08 -0.8272695541381836 -0.5618051886558533
vn 1.2938401994233573e-07 -0.9566029906272888 0.29139450192451477
vn 1.194977272689357e-07 -0.9996439814567566 0.02668263390660286
vn 0.5323588848114014 -0.8223558068275452 -0.20081071555614471
vn 0.44494983553886414 -0.7865885496139526 -0.4281333386898041
vn -0.0005945678567513824 -0.535747230052948 -0.8443782329559326
vn 6.58798455788201e-08 -0.8272695541381836 -0.5618051886558533
vn 6.58798455788201e-08 -0.8272695541381836 -0.5618051886558533
vn -0.0013659943360835314 -0.5377394556999207 -0.8431099653244019
vn 1.0139464734493231e-07 -0.9718688726425171 -0.23552288115024567
vn 7.67488756991952e-08 -0.8788127303123474 -0.4771668612957001
vn 4.7286832227655395e-08 0.07696405053138733 0.9970337748527527
vn 0.3822460174560547 0.8316458463668823 0.4028066098690033
vn 0.23990564048290253 0.6266044974327087 0.7414931654930115
vn -0.0012519254814833403 0.8947710394859314 0.4465235769748688
vn -3.283162541833917e-08 0.6444413661956787 0.764653742313385
vn 0.9997297525405884 -0.012308651581406593 -0.019720066338777542
vn 0.39520493149757385 -0.5087743997573853 -0.7648278474807739
vn 0.5178464651107788 -0.269508957862854 -0.8119113445281982
vn 0.999745786190033 -0.006360075436532497 -0.02162986807525158
vn -0.00041326144128106534 0.8949394822120667 0.44618716835975647
vn -3.283162541833917e-08 0.6444413661956787 0.764653742313385
vn 0.613061249256134 -0.04375029727816582 -0.7888230681419373
vn 0.999749481678009 -0.0004905094392597675 -0.022379552945494652
vn 0.999749481678009 0.007431821897625923 -0.021116264164447784
vn 0.7034618258476257 0.23612076044082642 -0.6703644394874573
vn 0.4702617824077606 0.8809107542037964 0.05338631570339203
vn 0.39826634526252747 0.8257054686546326 0.3994927406311035
vn 0.9997236132621765 -0.00222275173291564 -0.023406220600008965
vn 0.9997170567512512 0.004083860665559769 -0.023433644324541092
vn 0.6839748620986938 -0.1373991072177887 0.7164495587348938
vn 0.6222327351570129 0.062111977487802505 0.7803643941879272
vn 0.9997492432594299 0.02111239917576313 -0.0074703749269247055
vn 0.6741122603416443 0.7028936743736267 -0.226965069770813
vn 0.6130611300468445 0.7891134023666382 -0.03815962374210358
vn 0.999749481678009 0.022310132160782814 -0.0018292414024472237
vn 0.9997023940086365 0.022105226293206215 -0.010314572602510452
vn 0.9997170567512512 0.022884929552674294 -0.006488165818154812
vn 0.6839748620986938 -0.6983725428581238 0.21084192395210266
vn 0.6926926374435425 -0.654293954372406 0.303440660238266
vn 0.999745786190033 0.022172214463353157 0.004086398985236883
vn 0.5178463459014893 0.8354526162147522 0.18399499356746674
vn 0.3952048122882843 0.8133957982063293 0.4268494248390198
vn 0.9997297525405884 0.020888591185212135 0.010200743563473225
vn 0.9997236132621765 0.023510640487074852 -0.00021261103393044323
vn 0.9997326135635376 0.022410638630390167 0.005698148161172867
vn 0.5323588848114014 -0.8223558068275452 -0.20081071555614471
vn 0.6222327351570129 -0.7826011776924133 0.019020922482013702
vn 0.38224613666534424 -0.48675042390823364 -0.7854692935943604
vn 0.23990574479103088 -0.8023866415023804 -0.5464622974395752
vn -0.008757547475397587 0.6540665626525879 -0.7563863396644592
vn 0.6602887511253357 0.48932504653930664 -0.5697189569473267
vn -1.2008078442704573e-07 0.9992876648902893 -0.03773878514766693
vn -0.0017314632423222065 0.9578188061714172 -0.2873677611351013
vn -0.001311881234869361 0.9549298882484436 -0.29682859778404236
vn -1.2008078442704573e-07 0.9992876648902893 -0.03773878514766693
vn 0.6149725317955017 0.7879858016967773 -0.029785141348838806
vn 0.5277692675590515 0.8272857666015625 0.1925044059753418
vn -1.0214618839654577e-07 0.9739794731140137 0.2266363948583603
vn -1.0214618839654577e-07 0.9739794731140137 0.2266363948583603
vn 1.9552105712250523e-08 -0.561896800994873 -0.8272072672843933
vn 1.9552105712250523e-08 -0.561896800994873 -0.8272072672843933
vn -1.4935469749843833e-08 -0.32626429200172424 -0.9452785849571228
vn -1.4935469749843833e-08 -0.32626429200172424 -0.9452785849571228
vn -7.722272243881889e-08 0.8809401988983154 0.47322753071784973
vn -7.722272243881889e-08 0.8809401988983154 0.47322753071784973
vn 0.44127193093299866 -0.5042389631271362 -0.7423086166381836
vn 0.5277693867683411 -0.2771270275115967 -0.8029072880744934
vn -4.8633840066258927e-08 -0.06593043357133865 -0.9978242516517639
vn -4.8633840066258927e-08 -0.06593043357133865 -0.9978242516517639
vn -0.0004560922970995307 0.20031078159809113 -0.9797322750091553
vn -7.903570775624758e-08 0.2003108114004135 -0.9797323942184448
vn 0.6149726510047913 -0.05196302756667137 -0.7868344783782959
vn 0.6734918355941772 0.14805376529693604 -0.7242161631584167
vn -0.00020700391905847937 0.4489062428474426 -0.8935787677764893
vn 0.7068148851394653 0.32048583030700684 -0.6306357979774475
vn 0.716895580291748 0.4667622447013855 -0.5178741812705994
vn -0.00012219769996590912 0.6666945815086365 -0.7453309297561646
vn -0.0024470302741974592 0.8479310274124146 -0.5301008820533752
vn -0.0018619829788804054 0.8426151275634766 -0.5385128259658813
vn -0.40337687730789185 -0.5096811652183533 -0.7599422335624695
vn 1.9552105712250523e-08 -0.561896800994873 -0.8272072672843933
vn 1.374730906888999e-08 0.3348844647407532 0.9422591924667358
vn 1.374730906888999e-08 0.3348844647407532 0.9422591924667358
vn 4.7286832227655395e-08 0.07696405053138733 0.9970337748527527
vn 4.7286832227655395e-08 0.07696405053138733 0.9970337748527527
vn -2.0131276201595938e-08 0.5655947327613831 0.8246833086013794
vn -2.0131276201595938e-08 0.5655947327613831 0.8246833086013794
vn 9.178908300100375e-08 -0.3245895504951477 0.9458549618721008
vn 9.178908300100375e-08 -0.3245895504951477 0.9458549618721008
vn -3.283162541833917e-08 0.6444413661956787 0.764653742313385
vn -3.283162541833917e-08 0.6444413661956787 0.764653742313385
vn 7.801839529975041e-08 -0.1907816082239151 0.9816324710845947
vn 7.801839529975041e-08 -0.1907816082239151 0.9816324710845947
vn 1.2938401994233573e-07 -0.9566029906272888 0.29139450192451477
vn 1.2938401994233573e-07 -0.9566029906272888 0.29139450192451477
vn 1.194977272689357e-07 -0.9996439814567566 0.02668263390660286
vn 1.194977272689357e-07 -0.9996439814567566 0.02668263390660286
vn 1.308637962438297e-07 -0.9071632027626038 0.4207788109779358
vn 6.58798455788201e-08 -0.8272695541381836 -0.5618051886558533
vn 6.58798455788201e-08 -0.8272695541381836 -0.5618051886558533
vn 1.308637962438297e-07 -0.9071632027626038 0.4207788109779358
vn 1.0139464734493231e-07 -0.9718688726425171 -0.23552288115024567
vn 1.0139464734493231e-07 -0.9718688726425171 -0.23552288115024567
vn 7.67488756991952e-08 -0.8788127303123474 -0.4771668612957001
vn 7.67488756991952e-08 -0.8788127303123474 -0.4771668612957001
vn -8.041920551704607e-08 0.8950057029724121 0.4460546672344208
vn -3.283162541833917e-08 0.6444413661956787 0.764653742313385
vn 0.35782530903816223 0.8297609090805054 0.4283197820186615
vn 0.30266812443733215 0.275340735912323 0.9124579429626465
vn -3.283162541833917e-08 0.6444413661956787 0.764653742313385
vn -8.041920551704607e-08 0.8950057029724121 0.4460546672344208
vn 0.9993892312049866 0.02339562401175499 -0.025957446545362473
vn 0.3534349501132965 0.8329406380653381 0.42578577995300293
vn 0.11560671776533127 0.9133478999137878 -0.39042383432388306
vn 0.6602887511253357 0.48932504653930664 -0.5697189569473267
vn 0.35343506932258606 -0.5097401738166809 -0.7843778729438782
vn 0.17044705152511597 0.21324989199638367 -0.9620146751403809
vn 0.3578253984451294 -0.511931300163269 -0.7809528112411499
vn 1.5583950130348967e-08 -0.5363263487815857 -0.8440107703208923
vn 6.58798455788201e-08 -0.8272695541381836 -0.5618051886558533
vn 0.30266815423965454 -0.9360625147819519 -0.1793847531080246
vn 1.5583950130348967e-08 -0.5363263487815857 -0.8440107703208923
vn -0.00041316545684821904 -0.5364512801170349 -0.8439311385154724
vn 6.58798455788201e-08 -0.8272695541381836 -0.5618051886558533
vn 6.58798455788201e-08 -0.8272695541381836 -0.5618051886558533
vn 1.374730906888999e-08 0.3348844647407532 0.9422591924667358
vn 4.7286832227655395e-08 0.07696405053138733 0.9970337748527527
vn -2.0131276201595938e-08 0.5655947327613831 0.8246833086013794
vn 9.178908300100375e-08 -0.3245895504951477 0.9458549618721008
vn -3.283162541833917e-08 0.6444413661956787 0.764653742313385
vn 7.801839529975041e-08 -0.1907816082239151 0.9816324710845947
vn 1.2938401994233573e-07 -0.9566029906272888 0.29139450192451477
vn 1.194977272689357e-07 -0.9996439814567566 0.02668263390660286
vn 6.58798455788201e-08 -0.8272695541381836 -0.5618051886558533
vn 1.308637962438297e-07 -0.9071632027626038 0.4207788109779358
vn 1.0139464734493231e-07 -0.9718688726425171 -0.23552288115024567
vn 7.67488756991952e-08 -0.8788127303123474 -0.4771668612957001
vn -0.0012518293224275112 -0.53676837682724 -0.8437286615371704
vn 6.58798455788201e-08 -0.8272695541381836 -0.5618051886558533
vn -0.45187830924987793 -0.13030783832073212 -0.8825111389160156
vn -0.0032708519138395786 -0.08955898880958557 -0.9959761500358582
vn 0.47026193141937256 -0.14430898427963257 -0.8706484436988831
vn 0.38224613666534424 -0.48675042390823364 -0.7854692935943604
vn 0.23990574479103088 -0.8023866415023804 -0.5464622974395752
vn 0.0004273623344488442 -0.6784513592720032 0.7346453070640564
vn -0.00012195567251183093 -0.6722953915596008 0.7402828931808472
vn -0.00020677053544204682 -0.842296302318573 0.5390146970748901
vn 0.0009742571855895221 -0.8451522588729858 0.5345246195793152
vn 0.4702617824077606 0.8809107542037964 0.05338631570339203
vn 0.9997492432594299 0.00524431886151433 -0.021772338077425957
vn 0.6741122603416443 0.15296758711338043 -0.722615659236908
vn 0.7068148851394653 0.5940632224082947 -0.384059339761734
vn 0.6734917163848877 0.7049942016601562 -0.22224335372447968
vn 0.000427120306994766 0.6604499220848083 -0.7508700489997864
vn 0.0009740242967382073 0.4441446363925934 -0.8959545493125916
vn -0.0032708519138395786 -0.08955898880958557 -0.9959761500358582
vn -0.0004663077706936747 -0.5343334674835205 -0.8452736735343933
vn -0.0012800839031115174 -0.5355047583580017 -0.844531238079071
vn -0.45187830924987793 -0.13030783832073212 -0.8825111389160156
vn 0.4702617824077606 0.8809107542037964 0.05338631570339203
vn 0.39826634526252747 0.8257054686546326 0.3994927406311035
vn -0.373345285654068 0.855714738368988 0.3582814633846283
vn -0.0013740749564021826 0.8962947726249695 0.443456768989563
vn 0.9997568130493164 -0.012500349432229996 -0.01816781610250473
vn 0.9997326135635376 -0.007987849414348602 -0.02170013263821602
vn -0.09541919082403183 0.9526877403259277 0.2885849177837372
vn -0.0004670550988521427 0.8965400457382202 0.4429624378681183
vn 0.9997023940086365 0.007970431819558144 -0.023054318502545357
vn 0.3822460174560547 0.8316458463668823 0.4028066098690033
vn 0.703461766242981 0.6423134803771973 -0.3042612075805664
vn 0.999749481678009 0.020233355462551117 -0.009578190743923187
vn 0.9997568130493164 0.019364533945918083 0.01055213063955307
vn 0.47026193141937256 -0.14430898427963257 -0.8706484436988831
vn 0.39826640486717224 -0.4828392565250397 -0.7799038887023926
vn -1.1627452067841659e-07 0.999546229839325 0.03012220375239849
vn -8.071596369063627e-08 0.8962855339050293 0.4434776306152344
vn 0.11560671776533127 0.9133478999137878 -0.39042383432388306
vn 0.3534349501132965 0.8329406380653381 0.42578577995300293
vn -8.071596369063627e-08 0.8962855339050293 0.4434776306152344
vn -1.1627452067841659e-07 0.999546229839325 0.03012220375239849
vn 0.9992498755455017 0.025928836315870285 -0.028768053278326988
vn 0.35782530903816223 0.8297609090805054 0.4283197820186615
vn 0.3578253984451294 -0.511931300163269 -0.7809528112411499
vn 0.17044705152511597 0.21324989199638367 -0.9620146751403809
vn 0.0028641459066420794 -0.15979614853858948 -0.9871459603309631
vn 1.5209998593945784e-08 -0.5338956117630005 -0.8455504179000854
vn 0.35343506932258606 -0.5097401738166809 -0.7843778729438782
vn -4.028129652056123e-08 -0.13345347344875336 -0.9910550713539124
vn -0.09541910886764526 -0.3856753408908844 -0.917687177658081
vn -0.00046695920173078775 -0.533409595489502 -0.8458569645881653
vn 1.5209998593945784e-08 -0.5338956117630005 -0.8455504179000854
vn -0.3733452558517456 -0.4449566900730133 -0.814018964767456
vn -0.001373979146592319 -0.5338758826255798 -0.8455618023872375
vn 0.47026193141937256 -0.14430898427963257 -0.8706484436988831
vn 0.39826640486717224 -0.4828392565250397 -0.7799038887023926
vn -0.39661309123039246 -0.8130207061767578 -0.4262574315071106
vn -0.006337728817015886 -0.8763227462768555 -0.4816827178001404
vn -0.006657720077782869 -0.9709184765815735 -0.23931775987148285
vn -0.5105401873588562 -0.8395652770996094 -0.1856849640607834
vn 0.44494977593421936 0.5072758197784424 0.738031804561615
vn 0.5323588252067566 0.28487834334373474 0.7971439361572266
vn 0.6926926374435425 -0.23406410217285156 0.6821955442428589
vn 0.23990564048290253 0.6266044974327087 0.7414931654930115
vn 0.44494983553886414 -0.7865885496139526 -0.4281333386898041
vn 0.7058543562889099 -0.4742448031902313 0.5261762142181396
vn 0.30266812443733215 0.275340735912323 0.9124579429626465
vn 0.30266815423965454 -0.9360625147819519 -0.1793847531080246
vn -0.006735776085406542 -0.9996641874313354 0.025025896728038788
vn -0.006755216047167778 -0.9564241170883179 0.2919028103351593
vn -0.6536107659339905 -0.7209659814834595 0.23021966218948364
vn -0.597815215587616 -0.8007928133010864 0.036713048815727234
vn -0.5978153347969055 0.046398427337408066 0.8002898693084717
vn -0.0067358496598899364 0.07861393690109253 0.9968823790550232
vn -0.006657809019088745 0.3385605812072754 0.9409210681915283
vn -0.5105403065681458 0.2716156542301178 0.8158268928527832
vn -0.6536107659339905 -0.1543334424495697 0.7409278154373169
vn -0.006755268666893244 -0.1913057118654251 0.9815073013305664
vn -0.3966131806373596 0.5081467032432556 0.7645160555839539
vn -0.006337826140224934 0.5698285102844238 0.8217391967773438
vn -0.006029670126736164 0.7427988052368164 0.669487476348877
vn -0.3374840319156647 0.6992323994636536 0.6302210688591003
vn -0.006337826140224934 0.5698285102844238 0.8217391967773438
vn -0.3966131806373596 0.5081467032432556 0.7645160555839539
vn -0.39661309123039246 -0.8130207061767578 -0.4262574315071106
vn -0.3374839127063751 -0.6992325186729431 -0.6302210688591003
vn -0.00602957047522068 -0.7427988052368164 -0.669487476348877
vn -0.006337728817015886 -0.8763227462768555 -0.4816827178001404
vn -0.0013660260010510683 0.5377394556999207 0.8431099653244019
vn -0.0005945988232269883 0.535747230052948 0.8443782329559326
vn -6.58798455788201e-08 0.8272695541381836 0.5618051886558533
vn -6.58798455788201e-08 0.8272695541381836 0.5618051886558533
vn 0.5178464651107788 -0.8354524374008179 -0.18399502336978912
vn 0.6130613684654236 -0.7891132235527039 0.0381595715880394
vn 0.39520493149757385 -0.813395619392395 -0.42684945464134216
vn -0.006685941945761442 -0.9037491083145142 0.42801037430763245
vn 0.6741124391555786 -0.7028934955596924 0.22696496546268463
vn 0.7034619450569153 -0.6423133611679077 0.30426111817359924
vn 0.0035041470546275377 -0.19476598501205444 0.9808434844017029
vn 4.8633840066258927e-08 0.06593043357133865 0.9978242516517639
vn 4.8633840066258927e-08 0.06593043357133865 0.9978242516517639
vn 0.0025549137499183416 -0.18500472605228424 0.982734203338623
vn 0.0072780498303473 -0.3734087347984314 0.9276384115219116
vn 0.008950114250183105 -0.4232519865036011 0.9059677124023438
vn 0.1704472452402115 -0.9347641468048096 0.31171083450317383
vn 0.0028642972465604544 -0.9983855485916138 -0.056728046387434006
vn 7.904281318360518e-08 -0.2003774493932724 0.979718804359436
vn 4.8633840066258927e-08 0.06593043357133865 0.9978242516517639
vn 1.4935469749843833e-08 0.32626429200172424 0.9452785849571228
vn 1.4935469749843833e-08 0.32626429200172424 0.9452785849571228
vn -1.9552105712250523e-08 0.561896800994873 0.8272072672843933
vn -1.9552105712250523e-08 0.561896800994873 0.8272072672843933
vn 1.4935469749843833e-08 0.32626429200172424 0.9452785849571228
vn -1.9552105712250523e-08 0.561896800994873 0.8272072672843933
vn -4.982235068951013e-08 0.7428122758865356 0.6694996953010559
vn -4.982235068951013e-08 0.7428122758865356 0.6694996953010559
vn -1.9552105712250523e-08 0.561896800994873 0.8272072672843933
vn -1.9552105712250523e-08 0.561896800994873 0.8272072672843933
vn -4.982235068951013e-08 0.7428122758865356 0.6694996953010559
vn -1.9552105712250523e-08 0.561896800994873 0.8272072672843933
vn -0.47564467787742615 -0.8586518168449402 -0.19099515676498413
vn -0.4033767879009247 -0.8086303472518921 -0.4282570779323578
vn -0.9874251484870911 -0.13970060646533966 -0.07399414479732513
vn -0.9867216944694519 -0.15806978940963745 -0.037340059876441956
vn -0.9864726066589355 -0.1638648509979248 0.004475435707718134
vn -0.5480440258979797 -0.8353850841522217 0.04218640178442001
vn 1.2957050898876332e-07 -0.9537060260772705 0.3007405996322632
vn 1.2008078442704573e-07 -0.9992876648902893 0.03773878514766693
vn -0.5480440258979797 -0.8353850841522217 0.04218640178442001
vn -0.5972673892974854 -0.7618685960769653 0.25065502524375916
vn 1.0214618839654577e-07 -0.9739794731140137 -0.2266363948583603
vn -0.47564467787742615 -0.8586518168449402 -0.19099515676498413
vn -0.5972673892974854 -0.7618685960769653 0.25065502524375916
vn -0.9863325953483582 -0.15778908133506775 0.04743994399905205
vn -0.6035042405128479 -0.7206389904022217 0.3412657082080841
vn -0.9858208298683167 -0.1516284942626953 0.07187613099813461
vn -0.3733452558517456 0.44495660066604614 0.814018964767456
vn -0.09541909396648407 0.3856753408908844 0.917687177658081
vn 9.253319177560115e-08 -0.33215346932411194 0.9432253837585449
vn 1.1627452067841659e-07 -0.999546229839325 -0.03012220375239849
vn 1.3087262118460785e-07 -0.9037646055221558 0.4280298054218292
vn -0.6035042405128479 -0.7206389904022217 0.3412657082080841
vn -0.09541909396648407 0.3856753408908844 0.917687177658081
vn 4.028129652056123e-08 0.13345347344875336 0.9910550713539124
vn -0.6035201549530029 -0.26488736271858215 0.7520624995231628
vn -0.09541898965835571 -0.9526877403259277 -0.2885849177837372
vn -0.37334513664245605 -0.8557147979736328 -0.3582814037799835
vn -0.9858208298683167 -0.05579026788473129 0.15825550258159637
vn -0.5972673892974854 -0.17042391002178192 0.7837265133857727
vn -0.9863327145576477 -0.030847549438476562 0.1618528813123703
vn -0.9864726066589355 0.012515136040747166 0.16344743967056274
vn -0.5480441451072693 0.04453619569540024 0.8352630138397217
vn -0.4756447970867157 0.2788735032081604 0.8342610597610474
vn -0.9867216944694519 0.05350586399435997 0.15335392951965332
vn -0.9874252676963806 0.08806101977825165 0.1312883198261261
vn -0.40337690711021423 0.5096810460090637 0.7599422931671143
vn -0.37601104378700256 0.688301146030426 0.6203686594963074
vn -0.9879476428031921 0.11497880518436432 0.10363101959228516
vn -0.376010924577713 -0.6883012652397156 -0.6203685998916626
vn -0.9879475831985474 -0.11497903615236282 -0.1036309003829956
vn 4.982235068951013e-08 -0.7428122758865356 -0.6694996953010559
vn -0.376010924577713 -0.6883012652397156 -0.6203685998916626
vn -0.4033767879009247 -0.8086303472518921 -0.4282570779323578
vn 7.722272243881889e-08 -0.8809401988983154 -0.47322753071784973
vn 1.0214618839654577e-07 -0.9739794731140137 -0.2266363948583603
vn 1.2008078442704573e-07 -0.9992876648902893 0.03773878514766693
vn 1.2008078442704573e-07 -0.9992876648902893 0.03773878514766693
vn 1.0214618839654577e-07 -0.9739794731140137 -0.2266363948583603
vn 7.722272243881889e-08 -0.8809401988983154 -0.47322753071784973
vn 7.722272243881889e-08 -0.8809401988983154 -0.47322753071784973
vn 1.3087262118460785e-07 -0.9037646055221558 0.4280298054218292
vn 4.028129652056123e-08 0.13345347344875336 0.9910550713539124
vn 0.11560694128274918 -0.2937573194503784 0.9488633275032043
vn -0.007611065171658993 -0.8686387538909912 0.4953874349594116
vn 1.2957050898876332e-07 -0.9537060260772705 0.3007405996322632
vn 1.2957050898876332e-07 -0.9537060260772705 0.3007405996322632
vn 0.3328808844089508 -0.7004488706588745 -0.6313174366950989
vn 0.39520493149757385 -0.813395619392395 -0.42684945464134216
vn 0.3952048718929291 0.5087743997573853 0.7648277878761292
vn 0.33288079500198364 0.7004489302635193 0.6313174366950989
vn 0.5178464651107788 0.26950904726982117 0.8119112849235535
vn 0.3952048718929291 0.5087743997573853 0.7648277878761292
vn 0.6130613088607788 0.043750446289777756 0.7888230085372925
vn 0.6741124391555786 -0.1529674232006073 0.7226155400276184
vn -0.006714430637657642 -0.3321356475353241 0.9432077407836914
vn 0.7034619450569153 -0.2361205816268921 0.6703643202781677
vn -1.308637962438297e-07 0.9071632027626038 -0.4207788109779358
vn -6.58798455788201e-08 0.8272695541381836 0.5618051886558533
vn -6.58798455788201e-08 0.8272695541381836 0.5618051886558533
vn -1.308637962438297e-07 0.9071632027626038 -0.4207788109779358
vn -0.3374840319156647 0.6992323994636536 0.6302210688591003
vn -0.3966131806373596 0.5081467032432556 0.7645160555839539
vn -0.5105403065681458 0.2716156542301178 0.8158268928527832
vn -0.5978153347969055 0.046398427337408066 0.8002898693084717
vn -0.6536107659339905 -0.1543334424495697 0.7409278154373169
vn -0.6802178621292114 -0.24344569444656372 0.6914027333259583
vn -0.4518568813800812 -0.8912689089775085 -0.038276053965091705
vn -0.003270760178565979 0.08955898880958557 0.9959761500358582
vn -0.4518781900405884 0.13030773401260376 0.8825110793113708
vn -0.6802178621292114 -0.662480354309082 0.3137251138687134
vn -0.6802178621292114 -0.662480354309082 0.3137251138687134
vn -0.4518781900405884 0.13030773401260376 0.8825110793113708
vn -0.6536107659339905 -0.7209659814834595 0.23021966218948364
vn -0.597815215587616 -0.8007928133010864 0.036713048815727234
vn -0.6802178621292114 -0.24344569444656372 0.6914027333259583
vn -0.5105401873588562 -0.8395652770996094 -0.1856849640607834
vn -0.39661309123039246 -0.8130207061767578 -0.4262574315071106
vn -0.3374839127063751 -0.6992325186729431 -0.6302210688591003
vn -1.0139464734493231e-07 0.9718688726425171 0.23552288115024567
vn -1.194977272689357e-07 0.9996439814567566 -0.02668263390660286
vn -1.194977272689357e-07 0.9996439814567566 -0.02668263390660286
vn -1.0139464734493231e-07 0.9718688726425171 0.23552288115024567
vn -7.67488756991952e-08 0.8788127303123474 0.4771668612957001
vn -7.67488756991952e-08 0.8788127303123474 0.4771668612957001
vn -1.0139464734493231e-07 0.9718688726425171 0.23552288115024567
vn -7.67488756991952e-08 0.8788127303123474 0.4771668612957001
vn 0.3301160931587219 0.8295498490333557 0.4504114091396332
vn 0.4604055881500244 0.8627336025238037 0.20908735692501068
vn 0.570788562297821 0.820805549621582 -0.021878600120544434
vn -1.194977272689357e-07 0.9996439814567566 -0.02668263390660286
vn -1.308637962438297e-07 0.9071632027626038 -0.4207788109779358
vn -1.2995106146718172e-07 0.8442980051040649 -0.5358738899230957
vn 0.3026679754257202 0.9360625743865967 0.1793847531080246
vn -1.308637962438297e-07 0.9071632027626038 -0.4207788109779358
vn -1.2938401994233573e-07 0.9566029906272888 -0.29139450192451477
vn -1.2938401994233573e-07 0.9566029906272888 -0.29139450192451477
vn -1.2938401994233573e-07 0.9566029906272888 -0.29139450192451477
vn 0.6449315547943115 0.7310707569122314 -0.22270779311656952
vn -1.308637962438297e-07 0.9071632027626038 -0.4207788109779358
vn 0.6808032393455505 0.6644868850708008 -0.3081625998020172
vn 0.6842555403709412 0.6156833171844482 -0.39080506563186646
vn -1.2995106146718172e-07 0.8442980051040649 -0.5358738899230957
vn -1.2101946822440368e-07 0.6694998145103455 -0.7428122758865356
vn -1.0320770371663457e-07 0.44557511806488037 -0.8952445387840271
vn 0.30266809463500977 -0.27534064650535583 -0.9124579429626465
vn 0.7058542370796204 0.47424498200416565 -0.5261763334274292
vn -1.2101946822440368e-07 0.6694998145103455 -0.7428122758865356
vn 0.69711834192276 0.48000195622444153 -0.5325637459754944
vn 0.6842555403709412 0.3249567151069641 -0.6528381109237671
vn -1.0320770371663457e-07 0.44557511806488037 -0.8952445387840271
vn -7.801839529975041e-08 0.1907816082239151 -0.9816324710845947
vn -4.7286832227655395e-08 -0.07696405053138733 -0.9970337748527527
vn -4.7286832227655395e-08 -0.07696405053138733 -0.9970337748527527
vn -7.801839529975041e-08 0.1907816082239151 -0.9816324710845947
vn -9.178908300100375e-08 0.3245895504951477 -0.9458549618721008
vn -9.178908300100375e-08 0.3245895504951477 -0.9458549618721008
vn -9.178908300100375e-08 0.3245895504951477 -0.9458549618721008
vn 0.6808032393455505 0.2377053201198578 -0.6928225159645081
vn -7.801839529975041e-08 0.1907816082239151 -0.9816324710845947
vn 0.6449316143989563 0.14581571519374847 -0.750200629234314
vn 0.5707886815071106 -0.06322526931762695 -0.8186591863632202
vn -4.7286832227655395e-08 -0.07696405053138733 -0.9970337748527527
vn -1.374730906888999e-08 -0.3348844647407532 -0.9422591924667358
vn 2.0131276201595938e-08 -0.5655947327613831 -0.8246833086013794
vn 2.0131276201595938e-08 -0.5655947327613831 -0.8246833086013794
vn -1.374730906888999e-08 -0.3348844647407532 -0.9422591924667358
vn -1.374730906888999e-08 -0.3348844647407532 -0.9422591924667358
vn 0.4604056477546692 -0.2972911298274994 -0.8364476561546326
vn 0.33011624217033386 -0.5338823199272156 -0.7784555554389954
vn 2.0131276201595938e-08 -0.5655947327613831 -0.8246833086013794
vn 4.982235068951013e-08 -0.7428122758865356 -0.6694996953010559
vn 4.982235068951013e-08 -0.7428123354911804 -0.6694996953010559
vn 2.0131276201595938e-08 -0.5655947327613831 -0.8246833086013794
vn 2.0131276201595938e-08 -0.5655947327613831 -0.8246833086013794
vn 4.982235068951013e-08 -0.7428123354911804 -0.6694996953010559
vn 2.0131276201595938e-08 -0.5655947327613831 -0.8246833086013794
vn 0.33011624217033386 -0.5338823199272156 -0.7784555554389954
vn 0.2700997292995453 -0.7152036428451538 -0.6446159482002258
vn -4.982235068951013e-08 0.7428122758865356 0.6694996953010559
vn -7.67488756991952e-08 0.8788127303123474 0.4771668612957001
vn -7.67488756991952e-08 0.8788127303123474 0.4771668612957001
vn -4.982235068951013e-08 0.7428122758865356 0.6694996953010559
vn -4.982235068951013e-08 0.7428122758865356 0.6694996953010559
vn 0.2700996398925781 0.7152037024497986 0.6446159482002258
vn 0.3301160931587219 0.8295498490333557 0.4504114091396332
vn -7.67488756991952e-08 0.8788127303123474 0.4771668612957001
vn 0.5323586463928223 0.8223559856414795 0.20081067085266113
vn 0.4449496865272522 0.7865885496139526 0.4281332194805145
vn -7.67488756991952e-08 0.8788127303123474 0.4771668612957001
vn -1.0139464734493231e-07 0.9718688726425171 0.23552288115024567
vn -1.194977272689357e-07 0.9996439814567566 -0.02668263390660286
vn 0.6222326159477234 0.7826014161109924 -0.01902097463607788
vn -1.0139464734493231e-07 0.9718688726425171 0.23552288115024567
vn -7.67488756991952e-08 0.8788127303123474 0.4771668612957001
vn -1.2938401994233573e-07 0.9566029906272888 -0.29139450192451477
vn -1.2938401994233573e-07 0.9566029906272888 -0.29139450192451477
vn -1.0139464734493231e-07 0.9718688726425171 0.23552288115024567
vn -7.67488756991952e-08 0.8788127303123474 0.4771668612957001
vn -1.194977272689357e-07 0.9996439814567566 -0.02668263390660286
vn 0.6839962601661682 0.6983323693275452 -0.21090486645698547
vn 0.6926924586296082 0.6542941331863403 -0.30344077944755554
vn 0.23990562558174133 0.8023866415023804 0.5464622378349304
vn -0.4518781900405884 0.13030773401260376 0.8825110793113708
vn -0.003270760178565979 0.08955898880958557 0.9959761500358582
vn -0.00046632118755951524 0.5343421101570129 0.8452681303024292
vn -0.0012801147531718016 0.5355047583580017 0.844531238079071
vn -7.801839529975041e-08 0.1907816082239151 -0.9816324710845947
vn -4.7286832227655395e-08 -0.07696405053138733 -0.9970337748527527
vn -4.7286832227655395e-08 -0.07696405053138733 -0.9970337748527527
vn -7.801839529975041e-08 0.1907816082239151 -0.9816324710845947
vn -1.2938401994233573e-07 0.9566029906272888 -0.29139450192451477
vn -1.308637962438297e-07 0.9071632027626038 -0.4207788109779358
vn -6.58798455788201e-08 0.8272695541381836 0.5618051886558533
vn 0.6926925182342529 0.23406431078910828 -0.6821957230567932
vn 0.2399057149887085 -0.626604437828064 -0.7414931654930115
vn 3.283162541833917e-08 -0.6444413661956787 -0.764653742313385
vn -9.178908300100375e-08 0.3245895504951477 -0.9458549618721008
vn 0.6839746832847595 0.13739927113056183 -0.7164496183395386
vn 0.6222326755523682 -0.062111832201480865 -0.780364453792572
vn -9.178908300100375e-08 0.3245895504951477 -0.9458549618721008
vn 3.283162541833917e-08 -0.6444413661956787 -0.764653742313385
vn -1.374730906888999e-08 -0.3348844647407532 -0.9422591924667358
vn 2.0131276201595938e-08 -0.5655947327613831 -0.8246833086013794
vn 2.0131276201595938e-08 -0.5655947327613831 -0.8246833086013794
vn -1.374730906888999e-08 -0.3348844647407532 -0.9422591924667358
vn -9.178908300100375e-08 0.3245895504951477 -0.9458549618721008
vn 3.283162541833917e-08 -0.6444413661956787 -0.764653742313385
vn -7.801839529975041e-08 0.1907816082239151 -0.9816324710845947
vn -4.7286832227655395e-08 -0.07696405053138733 -0.9970337748527527
vn 0.5323587656021118 -0.2848782241344452 -0.7971439361572266
vn 0.44494980573654175 -0.5072757005691528 -0.7380318641662598
vn 4.982235068951013e-08 -0.7428122758865356 -0.6694996953010559
vn 4.982235068951013e-08 -0.7428122758865356 -0.6694996953010559
vn 2.0131276201595938e-08 -0.5655947327613831 -0.8246833086013794
vn 2.0131276201595938e-08 -0.5655947327613831 -0.8246833086013794
vn -1.374730906888999e-08 -0.3348844647407532 -0.9422591924667358
vn 2.0131276201595938e-08 -0.5655947327613831 -0.8246833086013794
vn 0.411952406167984 -0.6768545508384705 -0.6100517511367798
vn 0.44494980573654175 -0.5072757005691528 -0.7380318641662598
vn -4.982235068951013e-08 0.7428122758865356 0.6694996953010559
vn -7.67488756991952e-08 0.8788127303123474 0.4771668612957001
vn -7.67488756991952e-08 0.8788127303123474 0.4771668612957001
vn -4.982235068951013e-08 0.7428122758865356 0.6694996953010559
vn 4.982235068951013e-08 -0.7428122758865356 -0.6694996953010559
vn 2.0131276201595938e-08 -0.5655947327613831 -0.8246833086013794
vn -1.194977272689357e-07 0.9996439814567566 -0.02668263390660286
vn 0.38223177194595337 0.4867536425590515 0.7854743003845215
vn 0.23990562558174133 0.8023866415023804 0.5464622378349304
vn -0.0012518607545644045 0.53676837682724 0.8437286615371704
vn -6.58798455788201e-08 0.8272695541381836 0.5618051886558533
vn 0.9997297525405884 -0.020888356491923332 -0.010200857184827328
vn 0.999745786190033 -0.022171977907419205 -0.004086511675268412
vn 0.5178464651107788 -0.8354524374008179 -0.18399502336978912
vn 0.39520493149757385 -0.813395619392395 -0.42684945464134216
vn 0.41195228695869446 0.67685467004776 0.6100517511367798
vn 0.4449496865272522 0.7865885496139526 0.4281332194805145
vn -0.0005945028970018029 -0.8953114151954651 -0.4454406201839447
vn -0.0013659297255799174 -0.894256055355072 -0.4475533962249756
vn 3.283162541833917e-08 -0.6444413661956787 -0.764653742313385
vn 3.283162541833917e-08 -0.6444413661956787 -0.764653742313385
vn -4.982235068951013e-08 0.7428122758865356 0.6694996953010559
vn -7.67488756991952e-08 0.8788127303123474 0.4771668612957001
vn -0.00041319674346596 0.5364512801170349 0.8439311385154724
vn -6.58798455788201e-08 0.8272695541381836 0.5618051886558533
vn 0.999749481678009 -0.02230989746749401 0.0018291289452463388
vn 0.6130613684654236 -0.7891132235527039 0.0381595715880394
vn 0.999749481678009 -0.020233118906617165 0.009578078053891659
vn 0.39826640486717224 0.48283934593200684 0.7799038290977478
vn 0.47026199102401733 0.1443091183900833 0.8706483840942383
vn 0.7034619450569153 -0.6423133611679077 0.30426111817359924
vn 0.9997236132621765 -0.02351040579378605 0.00021249856217764318
vn 0.6222326159477234 0.7826014161109924 -0.01902097463607788
vn 0.6839962601661682 0.6983323693275452 -0.21090486645698547
vn 0.9997170567512512 -0.02288469485938549 0.006488053128123283
vn 0.9997492432594299 -0.005244083236902952 0.021772224456071854
vn 0.999749481678009 0.000490745238494128 0.022379441186785698
vn 0.6130613088607788 0.043750446289777756 0.7888230085372925
vn 0.6741124391555786 -0.1529674232006073 0.7226155400276184
vn 0.9997023940086365 -0.007970196194946766 0.023054204881191254
vn 0.6926925182342529 0.23406431078910828 -0.6821957230567932
vn 0.6839746832847595 0.13739927113056183 -0.7164496183395386
vn 0.9997170567512512 -0.004083625040948391 0.023433532565832138
vn 0.999745786190033 0.006360311061143875 0.021629756316542625
vn 0.9997297525405884 0.012308887206017971 0.01971995085477829
vn 0.3952048718929291 0.5087743997573853 0.7648277878761292
vn 0.5178464651107788 0.26950904726982117 0.8119112849235535
vn 0.9997236132621765 0.0022229875903576612 0.02340610884130001
vn 0.6222326755523682 -0.062111832201480865 -0.780364453792572
vn 0.5323587656021118 -0.2848782241344452 -0.7971439361572266
vn 0.9997326135635376 0.00798808503895998 0.021700019016861916
vn 0.9997568130493164 0.012500585056841373 0.018167704343795776
vn 0.44494980573654175 -0.5072757005691528 -0.7380318641662598
vn 0.411952406167984 -0.6768545508384705 -0.6100517511367798
vn 0.9997718930244446 0.01586565189063549 0.014299612492322922
vn 0.999717116355896 -0.01766485720872879 -0.015921570360660553
vn 0.3328808844089508 -0.7004488706588745 -0.6313174366950989
vn 0.3822461664676666 -0.8316457867622375 -0.4028066396713257
vn 0.2399057149887085 -0.626604437828064 -0.7414931654930115
vn -0.008757305331528187 -0.6845989227294922 0.7288674116134644
vn 0.66028892993927 -0.5159921050071716 0.5456835627555847
vn -0.0017312564887106419 -0.18665063381195068 0.982424795627594
vn 4.8633840066258927e-08 0.06593043357133865 0.9978242516517639
vn 4.8633840066258927e-08 0.06593043357133865 0.9978242516517639
vn -0.001311673317104578 -0.19635972380638123 0.9805310368537903
vn 1.4935469749843833e-08 0.32626429200172424 0.9452785849571228
vn 0.5277694463729858 0.27712714672088623 0.8029072880744934
vn 0.614972710609436 0.05196317657828331 0.7868344187736511
vn 1.4935469749843833e-08 0.32626429200172424 0.9452785849571228
vn -1.9552105712250523e-08 0.561896800994873 0.8272072672843933
vn -4.982235068951013e-08 0.7428122758865356 0.6694996953010559
vn 0.40881240367889404 0.6779041886329651 0.61099773645401
vn 0.44127193093299866 0.5042390823364258 0.7423085570335388
vn -4.982235068951013e-08 0.7428122758865356 0.6694996953010559
vn -1.9552105712250523e-08 0.561896800994873 0.8272072672843933
vn -1.9552105712250523e-08 0.561896800994873 0.8272072672843933
vn -1.9552105712250523e-08 0.561896800994873 0.8272072672843933
vn 7.722272243881889e-08 -0.8809401988983154 -0.47322753071784973
vn 1.0214618839654577e-07 -0.9739794731140137 -0.2266363948583603
vn 0.5277694463729858 -0.8272855877876282 -0.19250445067882538
vn 0.44127196073532104 -0.7905278205871582 -0.42467010021209717
vn 1.0214618839654577e-07 -0.9739794731140137 -0.2266363948583603
vn 7.722272243881889e-08 -0.8809401988983154 -0.47322753071784973
vn 1.2956923001183895e-07 -0.9537263512611389 0.3006756901741028
vn -0.0004558836517389864 -0.9537263512611389 0.3006756901741028
vn 1.2008078442704573e-07 -0.9992876648902893 0.03773878514766693
vn 1.2008078442704573e-07 -0.9992876648902893 0.03773878514766693
vn 0.673491895198822 -0.7049940824508667 0.22224324941635132
vn 0.6149727702140808 -0.787985622882843 0.029785091057419777
vn 0.7168957591056824 -0.46676206588745117 0.5178740620613098
vn 0.7068150639533997 -0.5940630435943604 0.38405925035476685
vn 7.722272243881889e-08 -0.8809401988983154 -0.47322753071784973
vn 7.722272243881889e-08 -0.8809401988983154 -0.47322753071784973
vn 4.982235068951013e-08 -0.7428122758865356 -0.6694996953010559
vn 4.982235068951013e-08 -0.7428122758865356 -0.6694996953010559
vn 0.44127196073532104 -0.7905278205871582 -0.42467010021209717
vn 0.4088125228881836 -0.6779041290283203 -0.6109977960586548
vn 4.982235068951013e-08 -0.7428122758865356 -0.6694996953010559
vn 7.722272243881889e-08 -0.8809401988983154 -0.47322753071784973
vn 7.722272243881889e-08 -0.8809401988983154 -0.47322753071784973
vn 4.982235068951013e-08 -0.7428122758865356 -0.6694996953010559
vn -0.0018617500318214297 -0.4483741819858551 0.8938440680503845
vn -0.0024467981420457363 -0.43945690989494324 0.8982604146003723
vn 7.722272243881889e-08 -0.8809401988983154 -0.47322753071784973
vn -0.4033767879009247 -0.8086303472518921 -0.4282570779323578
vn -1.0139464734493231e-07 0.9718688726425171 0.23552288115024567
vn -1.194977272689357e-07 0.9996439814567566 -0.02668263390660286
vn -1.194977272689357e-07 0.9996439814567566 -0.02668263390660286
vn -1.0139464734493231e-07 0.9718688726425171 0.23552288115024567
vn -7.67488756991952e-08 0.8788127303123474 0.4771668612957001
vn -7.67488756991952e-08 0.8788127303123474 0.4771668612957001
vn -1.308637962438297e-07 0.9071632027626038 -0.4207788109779358
vn -6.58798455788201e-08 0.8272695541381836 0.5618051886558533
vn -6.58798455788201e-08 0.8272695541381836 0.5618051886558533
vn -1.308637962438297e-07 0.9071632027626038 -0.4207788109779358
vn -1.2938401994233573e-07 0.9566029906272888 -0.29139450192451477
vn -1.2938401994233573e-07 0.9566029906272888 -0.29139450192451477
vn -7.801839529975041e-08 0.1907816082239151 -0.9816324710845947
vn -4.7286832227655395e-08 -0.07696405053138733 -0.9970337748527527
vn -4.7286832227655395e-08 -0.07696405053138733 -0.9970337748527527
vn -7.801839529975041e-08 0.1907816082239151 -0.9816324710845947
vn -9.178908300100375e-08 0.3245895504951477 -0.9458549618721008
vn -9.178908300100375e-08 0.3245895504951477 -0.9458549618721008
vn 3.283162541833917e-08 -0.6444413661956787 -0.764653742313385
vn 3.283162541833917e-08 -0.6444413661956787 -0.764653742313385
vn -1.374730906888999e-08 -0.3348844647407532 -0.9422591924667358
vn 2.0131276201595938e-08 -0.5655947327613831 -0.8246833086013794
vn 2.0131276201595938e-08 -0.5655947327613831 -0.8246833086013794
vn -1.374730906888999e-08 -0.3348844647407532 -0.9422591924667358
vn 4.982235068951013e-08 -0.7428122758865356 -0.6694996953010559
vn 4.982235068951013e-08 -0.7428122758865356 -0.6694996953010559
vn 2.0131276201595938e-08 -0.5655947327613831 -0.8246833086013794
vn 2.0131276201595938e-08 -0.5655947327613831 -0.8246833086013794
vn -4.982235068951013e-08 0.7428122758865356 0.6694996953010559
vn -7.67488756991952e-08 0.8788127303123474 0.4771668612957001
vn -7.67488756991952e-08 0.8788127303123474 0.4771668612957001
vn -4.982235068951013e-08 0.7428122758865356 0.6694996953010559
vn -1.5583950130348967e-08 0.5363263487815857 0.8440107703208923
vn -6.58798455788201e-08 0.8272695541381836 0.5618051886558533
vn 0.3578253984451294 0.5119313597679138 0.7809528112411499
vn -1.5583950130348967e-08 0.5363263487815857 0.8440107703208923
vn -6.58798455788201e-08 0.8272695541381836 0.5618051886558533
vn 0.3026679754257202 0.9360625743865967 0.1793847531080246
vn 0.9993892312049866 -0.023395387455821037 0.02595733292400837
vn 0.66028892993927 -0.5159921050071716 0.5456835627555847
vn 0.11560694128274918 -0.2937573194503784 0.9488633275032043
vn 0.35343506932258606 0.5097402334213257 0.7843778133392334
vn 0.35343506932258606 -0.8329405784606934 -0.4257858097553253
vn 0.1704472452402115 -0.9347641468048096 0.31171083450317383
vn 0.35782545804977417 -0.8297609090805054 -0.42831987142562866
vn 0.30266809463500977 -0.27534064650535583 -0.9124579429626465
vn 3.283162541833917e-08 -0.6444413661956787 -0.764653742313385
vn 8.041920551704607e-08 -0.8950057029724121 -0.4460546672344208
vn 8.041920551704607e-08 -0.8950057029724121 -0.4460546672344208
vn 3.283162541833917e-08 -0.6444413661956787 -0.764653742313385
vn 3.283162541833917e-08 -0.6444413661956787 -0.764653742313385
vn -0.0004131006426177919 -0.8949394822120667 -0.44618716835975647
vn -1.194977272689357e-07 0.9996439814567566 -0.02668263390660286
vn -1.0139464734493231e-07 0.9718688726425171 0.23552288115024567
vn -7.67488756991952e-08 0.8788127303123474 0.4771668612957001
vn -6.58798455788201e-08 0.8272695541381836 0.5618051886558533
vn -1.308637962438297e-07 0.9071632027626038 -0.4207788109779358
vn -1.2938401994233573e-07 0.9566029906272888 -0.29139450192451477
vn -4.7286832227655395e-08 -0.07696405053138733 -0.9970337748527527
vn -7.801839529975041e-08 0.1907816082239151 -0.9816324710845947
vn -9.178908300100375e-08 0.3245895504951477 -0.9458549618721008
vn 3.283162541833917e-08 -0.6444413661956787 -0.764653742313385
vn 2.0131276201595938e-08 -0.5655947327613831 -0.8246833086013794
vn -1.374730906888999e-08 -0.3348844647407532 -0.9422591924667358
vn 4.982235068951013e-08 -0.7428122758865356 -0.6694996953010559
vn 2.0131276201595938e-08 -0.5655947327613831 -0.8246833086013794
vn -7.67488756991952e-08 0.8788127303123474 0.4771668612957001
vn -4.982235068951013e-08 0.7428122758865356 0.6694996953010559
vn 3.283162541833917e-08 -0.6444413661956787 -0.764653742313385
vn -0.0012517645955085754 -0.8947710394859314 -0.4465235769748688
vn -0.4518568813800812 -0.8912689089775085 -0.038276053965091705
vn -0.003270686836913228 -0.9998959302902222 0.014045867137610912
vn 0.4702620208263397 -0.8809106349945068 -0.05338640883564949
vn 0.3822461664676666 -0.8316457867622375 -0.4028066396713257
vn 0.2399057149887085 -0.626604437828064 -0.7414931654930115
vn -7.722272243881889e-08 0.8809401988983154 0.47322753071784973
vn -7.722272243881889e-08 0.8809401988983154 0.47322753071784973
vn 0.47026199102401733 0.1443091183900833 0.8706483840942383
vn 0.9997492432594299 -0.021112162619829178 0.007470262236893177
vn 0.6741124391555786 -0.7028934955596924 0.22696496546268463
vn 0.6734919548034668 -0.1480536013841629 0.7242160439491272
vn 0.7068150639533997 -0.3204856514930725 0.630635678768158
vn -0.003270686836913228 -0.9998959302902222 0.014045867137610912
vn -0.4518568813800812 -0.8912689089775085 -0.038276053965091705
vn -0.0012800187105312943 -0.8954384922981262 -0.44518357515335083
vn -0.0004662423161789775 -0.8960555791854858 -0.44394177198410034
vn 0.47026199102401733 0.1443091183900833 0.8706483840942383
vn 0.39826640486717224 0.48283934593200684 0.7799038290977478
vn -0.3733452558517456 0.44495660066604614 0.814018964767456
vn -0.0013740096474066377 0.5338758826255798 0.8455618023872375
vn 0.9997568130493164 -0.01936429738998413 -0.010552244260907173
vn 0.9997326135635376 -0.022410402074456215 -0.005698260851204395
vn -0.09541909396648407 0.3856753408908844 0.917687177658081
vn -0.00046698946971446276 0.533409595489502 0.8458569645881653
vn 0.9997023940086365 -0.022104989737272263 0.010314459912478924
vn 0.38223177194595337 0.4867536425590515 0.7854743003845215
vn 0.7034619450569153 -0.2361205816268921 0.6703643202781677
vn 0.999749481678009 -0.0074315862730145454 0.02111615240573883
vn 0.999717116355896 0.017665093764662743 0.01592145673930645
vn 0.33288079500198364 0.7004489302635193 0.6313174366950989
vn 0.9997718930244446 -0.015865415334701538 -0.014299726113677025
vn 0.4702620208263397 -0.8809106349945068 -0.05338640883564949
vn 0.39826643466949463 -0.825705349445343 -0.3994927406311035
vn 4.028129652056123e-08 0.13345347344875336 0.9910550713539124
vn -1.5209998593945784e-08 0.5338956117630005 0.8455504179000854
vn 0.11560694128274918 -0.2937573194503784 0.9488633275032043
vn 4.028129652056123e-08 0.13345347344875336 0.9910550713539124
vn -1.5209998593945784e-08 0.5338956117630005 0.8455504179000854
vn 0.35343506932258606 0.5097402334213257 0.7843778133392334
vn 0.9992498755455017 -0.025928599759936333 0.028767939656972885
vn 0.3578253984451294 0.5119313597679138 0.7809528112411499
vn 0.35782545804977417 -0.8297609090805054 -0.42831987142562866
vn 0.1704472452402115 -0.9347641468048096 0.31171083450317383
vn 0.35343506932258606 -0.8329405784606934 -0.4257858097553253
vn 8.071596369063627e-08 -0.8962855339050293 -0.4434776306152344
vn 0.0028642972465604544 -0.9983855485916138 -0.056728046387434006
vn 1.1627452067841659e-07 -0.999546229839325 -0.03012220375239849
vn 8.071596369063627e-08 -0.8962855339050293 -0.4434776306152344
vn -0.0004668935725931078 -0.8965400457382202 -0.4429624378681183
vn -0.09541898965835571 -0.9526877403259277 -0.2885849177837372
vn -0.0013739134883508086 -0.8962947726249695 -0.443456768989563
vn -0.37334513664245605 -0.8557147979736328 -0.3582814037799835
vn 0.4702620208263397 -0.8809106349945068 -0.05338640883564949
vn 0.39826643466949463 -0.825705349445343 -0.3994927406311035
vn -0.396613210439682 0.8130205869674683 0.426257461309433
vn -0.006337880622595549 0.8763227462768555 0.4816827178001404
vn 0.4449496865272522 0.7865885496139526 0.4281332194805145
vn 0.5323586463928223 0.8223559856414795 0.20081067085266113
vn 0.6926924586296082 0.6542941331863403 -0.30344077944755554
vn 0.23990562558174133 0.8023866415023804 0.5464622378349304
vn 0.41195228695869446 0.67685467004776 0.6100517511367798
vn 0.7058542370796204 0.47424498200416565 -0.5261763334274292
vn 0.3026679754257202 0.9360625743865967 0.1793847531080246
vn 0.30266809463500977 -0.27534064650535583 -0.9124579429626465
vn -0.39661312103271484 -0.5081468224525452 -0.7645160555839539
vn -0.006337785627692938 -0.5698285102844238 -0.8217391967773438
vn 7.67488756991952e-08 -0.8788127303123474 -0.4771668612957001
vn 7.67488756991952e-08 -0.8788127303123474 -0.4771668612957001
vn -7.722272243881889e-08 0.8809401988983154 0.47322753071784973
vn -7.722272243881889e-08 0.8809401988983154 0.47322753071784973
vn -7.722272243881889e-08 0.8809401988983154 0.47322753071784973
vn 1.9552105712250523e-08 -0.561896800994873 -0.8272072672843933
vn -0.40337687730789185 -0.5096811652183533 -0.7599422335624695
vn 0.39520493149757385 -0.5087743997573853 -0.7648278474807739
vn 0.3952048122882843 0.8133957982063293 0.4268494248390198
vn 7.67488756991952e-08 -0.8788127303123474 -0.4771668612957001
vn 7.67488756991952e-08 -0.8788127303123474 -0.4771668612957001
vn 0.33011627197265625 -0.8295497894287109 -0.45041143894195557
vn 7.67488756991952e-08 -0.8788127303123474 -0.4771668612957001
vn -2.0131276201595938e-08 0.5655947327613831 0.8246833086013794
vn -2.0131276201595938e-08 0.5655947327613831 0.8246833086013794
vn -2.0131276201595938e-08 0.5655947327613831 0.8246833086013794
vn 0.3301161527633667 0.5338823795318604 0.7784554362297058
vn 0.44494983553886414 -0.7865885496139526 -0.4281333386898041
vn -2.0131276201595938e-08 0.5655947327613831 0.8246833086013794
vn -2.0131276201595938e-08 0.5655947327613831 0.8246833086013794
vn 7.67488756991952e-08 -0.8788127303123474 -0.4771668612957001
vn 0.44494977593421936 0.5072758197784424 0.738031804561615
vn -2.0131276201595938e-08 0.5655947327613831 0.8246833086013794
vn 0.4412718415260315 0.7905279397964478 0.4246700406074524
vn 1.9552105712250523e-08 -0.561896800994873 -0.8272072672843933
vn 1.9552105712250523e-08 -0.561896800994873 -0.8272072672843933
vn 0.44127193093299866 -0.5042389631271362 -0.7423086166381836
vn 1.9552105712250523e-08 -0.561896800994873 -0.8272072672843933
vn 1.9552105712250523e-08 -0.561896800994873 -0.8272072672843933
vn 7.67488756991952e-08 -0.8788127303123474 -0.4771668612957001
vn 7.67488756991952e-08 -0.8788127303123474 -0.4771668612957001
vn -2.0131276201595938e-08 0.5655947327613831 0.8246833086013794
vn -2.0131276201595938e-08 0.5655947327613831 0.8246833086013794
vn 7.67488756991952e-08 -0.8788127303123474 -0.4771668612957001
vn -2.0131276201595938e-08 0.5655947327613831 0.8246833086013794
vn -0.39661312103271484 -0.5081468224525452 -0.7645160555839539
vn -4.187688062984307e-08 0.6978750228881836 0.7162195444107056
vn -4.982360479743875e-08 0.7428192496299744 0.6694920063018799
vn 1.3042662772022595e-07 -0.9344724416732788 0.3560354709625244
vn 1.2960533979367028e-07 -0.8331234455108643 0.553087055683136
vn -2.7239979161208794e-09 0.45068681240081787 0.8926821351051331
vn 1.1739862060267114e-07 -0.6180799603462219 0.7861151695251465
vn 6.959724174748771e-08 -0.1137453243136406 0.9935099482536316
vn 4.098351880088558e-09 0.4035548269748688 0.9149554967880249
vn -1.8347165564591705e-08 0.5541754961013794 0.8323999047279358
vn -3.339858167805687e-08 0.6478588581085205 0.761760413646698
vn -4.982235068951013e-08 0.7428123354911804 0.6694996953010559
vn 4.098351880088558e-09 0.4035548269748688 0.9149554967880249
vn -8.612434498900257e-08 0.9187778234481812 0.3947749137878418
vn -4.9821093028867836e-08 0.7428053617477417 0.6695074439048767
vn 1.2676441940584482e-07 -0.7661418914794922 0.6426714658737183
vn 1.2101946822440368e-07 -0.6694998145103455 0.7428122758865356
vn -1.3042662772022595e-07 0.9344724416732788 -0.3560354709625244
vn -1.2960533979367028e-07 0.8331234455108643 -0.553087055683136
vn 9.018732782806183e-08 -0.9345484375953674 -0.35583600401878357
vn 1.0483739742994658e-07 -0.4638527035713196 0.885912299156189
vn 8.501139348027209e-08 -0.2573665678501129 0.9663138389587402
vn 5.75584557793718e-08 -0.7846280932426453 -0.6199666261672974
vn 9.018732782806183e-08 -0.9345484375953674 -0.35583600401878357
vn 1.2409343241870374e-07 -0.7178940773010254 0.6961524486541748
vn 1.2101946822440368e-07 -0.6694998145103455 0.7428122758865356
vn -6.959724174748771e-08 0.1137453243136406 -0.9935099482536316
vn -4.098351880088558e-09 -0.4035548269748688 -0.9149554967880249
vn 1.1293062129880127e-07 -0.5598909854888916 0.8285662531852722
vn 8.612693846998809e-08 -0.9187883138656616 -0.39475077390670776
vn -1.1739862060267114e-07 0.6180799603462219 -0.7861151695251465
vn 9.500698894271409e-08 -0.9518219232559204 -0.30665114521980286
vn 1.2745724120577506e-07 -0.976392924785614 0.21600206196308136
vn -9.018732782806183e-08 0.9345484375953674 0.35583600401878357
vn 8.612693846998809e-08 -0.9187883138656616 -0.39475077390670776
vn 4.982235068951013e-08 -0.7428122758865356 -0.6694996953010559
vn -2.7239979161208794e-09 0.45068681240081787 0.8926821351051331
vn -4.098351880088558e-09 -0.4035548269748688 -0.9149554967880249
vn 1.8347165564591705e-08 -0.5541754961013794 -0.8323999047279358
vn -9.500698894271409e-08 0.9518219232559204 0.30665114521980286
vn -1.2745724120577506e-07 0.976392924785614 -0.21600206196308136
vn 7.820255376600471e-08 -0.8853054046630859 -0.4650100767612457
vn 9.500698894271409e-08 -0.9518219232559204 -0.30665114521980286
vn -1.2101946822440368e-07 0.6694998145103455 -0.7428122758865356
vn -1.2409343241870374e-07 0.7178940773010254 -0.6961524486541748
vn 4.187688062984307e-08 -0.6978750228881836 -0.7162195444107056
vn 4.982235068951013e-08 -0.7428122758865356 -0.6694996953010559
vn 4.982235068951013e-08 -0.7428122758865356 -0.6694996953010559
vn 6.537282359886376e-08 -0.8247455954551697 -0.5655038356781006
vn -6.537282359886376e-08 0.8247455954551697 0.5655038356781006
vn 3.339858167805687e-08 -0.6478588581085205 -0.761760413646698
vn -1.2676441940584482e-07 0.7661418914794922 -0.6426714658737183
vn -1.2101946822440368e-07 0.6694998145103455 -0.7428122758865356
vn -1.1293062129880127e-07 0.5598909854888916 -0.8285662531852722
vn -1.0483739742994658e-07 0.4638527035713196 -0.885912299156189
vn -5.75584557793718e-08 0.7846280932426453 0.6199666261672974
vn -8.501139348027209e-08 0.2573665678501129 -0.9663138389587402
vn 2.7239979161208794e-09 -0.45068681240081787 -0.8926821351051331
vn -7.820255376600471e-08 0.8853054046630859 0.4650100767612457
vn -9.500698894271409e-08 0.9518219232559204 0.30665114521980286
vn 2.7239979161208794e-09 -0.45068681240081787 -0.8926821351051331
vn 1.2101946822440368e-07 -0.6694998145103455 0.7428122758865356
vn -1.2101946822440368e-07 0.6694998145103455 -0.7428122758865356
vn -9.018732782806183e-08 0.9345484375953674 0.35583600401878357
vn -8.215660152188775e-09 0.4877721071243286 0.8729709982872009
vn -8.215660152188775e-09 0.4877721071243286 0.8729709982872009
vn -8.612434498900257e-08 0.9187778234481812 0.3947749137878418
vn 8.213941526946655e-09 -0.48776063323020935 -0.8729773759841919
vn 8.213941526946655e-09 -0.48776063323020935 -0.8729773759841919
vn 1.0 1.1803118837860893e-07 -5.653869905586362e-08
vn 1.0 1.1803118837860893e-07 -5.653869905586362e-08
vn 0.6470667123794556 0.7271260023117065 -0.2293304204940796
vn 0.5746201872825623 0.817836582660675 -0.030904119834303856
vn 1.0 1.1803118837860893e-07 -5.653869905586362e-08
vn 1.0 1.1803118837860893e-07 -5.653869905586362e-08
vn 0.464526891708374 0.288940966129303 0.8370949029922485
vn 0.5746203660964966 0.053940970450639725 0.8166404962539673
vn 1.0 1.1803118837860893e-07 -5.653869905586362e-08
vn 0.4645267128944397 0.8625127673149109 0.20071494579315186
vn 1.0 1.1803118127318157e-07 -5.653869905586362e-08
vn 1.0 1.1803118837860893e-07 -5.653869905586362e-08
vn 0.6470667719841003 0.1528111696243286 -0.7469627857208252
vn 0.6849691867828369 0.3283693790435791 -0.6503774523735046
vn 1.0 1.1803118837860893e-07 -5.653869905586362e-08
vn 1.0 1.1803118837860893e-07 -5.653869905586362e-08
vn 0.3314704895019531 -0.8311321139335632 -0.4464828372001648
vn 0.2692714035511017 -0.7153760194778442 -0.6447713375091553
vn 1.0 1.1803118127318157e-07 -5.653869905586362e-08
vn 1.0 1.1803118837860893e-07 -5.653869905586362e-08
vn 0.33147042989730835 -0.5301386713981628 -0.7804360389709473
vn 0.464526891708374 -0.2889408469200134 -0.8370949029922485
vn 1.0 1.1803118837860893e-07 -5.653869905586362e-08
vn 0.4645269811153412 -0.8625127673149109 -0.20071502029895782
vn 1.0 1.1803118837860893e-07 -5.653869905586362e-08
vn 1.0 1.1803118837860893e-07 -5.653869905586362e-08
vn 0.697350800037384 -0.4798506200313568 0.5323958396911621
vn 0.6849693655967712 -0.6128823757171631 0.39394447207450867
vn 1.0 1.1803118837860893e-07 -5.653869905586362e-08
vn 1.0 1.1803118837860893e-07 -5.653869905586362e-08
vn 0.6470669507980347 -0.15281102061271667 0.7469626665115356
vn 0.6849693655967712 -0.32836923003196716 0.6503773331642151
vn 1.0 1.1803118837860893e-07 -5.653869905586362e-08
vn 0.3314703702926636 0.5301387906074524 0.7804359793663025
vn 1.0 1.1803118837860893e-07 -5.653869905586362e-08
vn 0.6973506212234497 0.47985079884529114 -0.5323959589004517
vn 1.0 1.1803118837860893e-07 -5.653869905586362e-08
vn 0.3314703106880188 0.831132173538208 0.4464828073978424
vn 1.0 1.1803118837860893e-07 -5.653869905586362e-08
vn 0.2692713141441345 0.715376079082489 0.6447712779045105
vn 1.0 1.1803118837860893e-07 -5.653869905586362e-08
vn 0.5746203064918518 -0.053940825164318085 -0.8166406154632568
vn 1.0 1.1803118837860893e-07 -5.653869905586362e-08
vn 0.6849691867828369 0.6128824949264526 -0.39394456148147583
vn 1.0 1.1803118837860893e-07 -5.653869905586362e-08
vn 0.5746204257011414 -0.8178364038467407 0.030904022976756096
vn 1.0 1.1803118837860893e-07 -5.653869905586362e-08
vn 0.6470669507980347 -0.7271259427070618 0.22933033108711243
vn -4.8633840066258927e-08 -0.06593043357133865 -0.9978242516517639
vn -1.4935469749843833e-08 -0.32626429200172424 -0.9452785849571228
vn -0.464526891708374 -0.288940966129303 -0.8370949029922485
vn -0.5746203660964966 -0.053940970450639725 -0.8166404962539673
vn 4.982235068951013e-08 -0.7428122758865356 -0.6694996953010559
vn 7.722272243881889e-08 -0.8809401988983154 -0.47322753071784973
vn -0.3314703106880188 -0.831132173538208 -0.4464828073978424
vn -0.2692713141441345 -0.715376079082489 -0.6447712779045105
vn 1.9552105712250523e-08 -0.561896800994873 -0.8272072672843933
vn -0.3314703702926636 -0.5301387906074524 -0.7804359793663025
vn -7.904281318360518e-08 0.2003774493932724 -0.979718804359436
vn -0.6470669507980347 0.15281102061271667 -0.7469626665115356
vn 7.722272243881889e-08 -0.8809401988983154 -0.47322753071784973
vn 1.0214618839654577e-07 -0.9739794731140137 -0.2266363948583603
vn -0.4645267128944397 -0.8625127673149109 -0.20071494579315186
vn -0.3314703106880188 -0.831132173538208 -0.4464828073978424
vn 1.2957050898876332e-07 -0.9537060260772705 0.3007405996322632
vn 1.2985967146050825e-07 -0.8412012457847595 0.5407222509384155
vn -0.6849691867828369 -0.6128824949264526 0.39394456148147583
vn -0.6470667123794556 -0.7271260023117065 0.2293304204940796
vn -1.2957050898876332e-07 0.9537060260772705 -0.3007405996322632
vn -1.2985967146050825e-07 0.8412012457847595 -0.5407222509384155
vn -0.6849693655967712 0.6128823757171631 -0.39394447207450867
vn -0.6470669507980347 0.7271259427070618 -0.22933033108711243
vn 1.2101946822440368e-07 -0.6694998145103455 0.7428122758865356
vn -0.6973506212234497 -0.47985079884529114 0.5323959589004517
vn -1.2101946822440368e-07 0.6694998145103455 -0.7428122758865356
vn -0.697350800037384 0.4798506200313568 -0.5323958396911621
vn 1.4935469749843833e-08 0.32626429200172424 0.9452785849571228
vn -1.9552105712250523e-08 0.561896800994873 0.8272072672843933
vn -0.33147042989730835 0.5301386713981628 0.7804360389709473
vn -0.464526891708374 0.2889408469200134 0.8370949029922485
vn -1.2008078442704573e-07 0.9992876648902893 -0.03773878514766693
vn -0.5746204257011414 0.8178364038467407 -0.030904022976756096
vn -1.0214618839654577e-07 0.9739794731140137 0.2266363948583603
vn -0.4645269811153412 0.8625127673149109 0.20071502029895782
vn -1.9552105712250523e-08 0.561896800994873 0.8272072672843933
vn -4.982235068951013e-08 0.7428122758865356 0.6694996953010559
vn -0.2692714035511017 0.7153760194778442 0.6447713375091553
vn -0.33147042989730835 0.5301386713981628 0.7804360389709473
vn -7.722272243881889e-08 0.8809401988983154 0.47322753071784973
vn -0.3314704895019531 0.8311321139335632 0.4464828372001648
vn 1.9552105712250523e-08 -0.561896800994873 -0.8272072672843933
vn -0.3314703702926636 -0.5301387906074524 -0.7804359793663025
vn 1.2008078442704573e-07 -0.9992876648902893 0.03773878514766693
vn -0.5746201872825623 -0.817836582660675 0.030904119834303856
vn 1.0366896674440795e-07 -0.45071807503700256 0.8926664590835571
vn 7.904281318360518e-08 -0.2003774493932724 0.979718804359436
vn -0.6470667719841003 -0.1528111696243286 0.7469627857208252
vn -0.6849691867828369 -0.3283693790435791 0.6503774523735046
vn -1.0366896674440795e-07 0.45071807503700256 -0.8926664590835571
vn -0.6849693655967712 0.32836923003196716 -0.6503773331642151
vn 4.8633840066258927e-08 0.06593043357133865 0.9978242516517639
vn -0.5746203064918518 0.053940825164318085 0.8166406154632568
vn -7.722272243881889e-08 0.8809401988983154 0.47322753071784973
vn -0.3314704895019531 0.8311321139335632 0.4464828372001648
vn -1.0 -1.1803118837860893e-07 5.653869905586362e-08
vn -1.0 -1.1803118837860893e-07 5.653869905586362e-08
vn -1.0 -1.1803118837860893e-07 5.653869905586362e-08
vn -1.0 -1.1803118837860893e-07 5.653869905586362e-08
vn -1.0 -1.1803118837860893e-07 5.653869905586362e-08
vn -1.0 -1.1803118837860893e-07 5.653869905586362e-08
vn -1.0 -1.1803118837860893e-07 5.653869905586362e-08
vn -1.0 -1.1803118837860893e-07 5.653869905586362e-08
vn -1.0 -1.1803118837860893e-07 5.653869905586362e-08
vn -1.0 -1.1803118837860893e-07 5.653869905586362e-08
vn -1.0 -1.1803118837860893e-07 5.653869905586362e-08
vn -1.0 -1.1803118837860893e-07 5.653869905586362e-08
vn -1.0 -1.1803118837860893e-07 5.653869905586362e-08
vn -1.0 -1.1803118837860893e-07 5.653869905586362e-08
vn -1.0 -1.1803118837860893e-07 5.653869905586362e-08
vn -1.0 -1.1803118837860893e-07 5.653869905586362e-08
vn -1.0 -1.1803118837860893e-07 5.653869905586362e-08
vn -1.0 -1.1803118127318157e-07 5.653869905586362e-08
vn -1.0 -1.1803118837860893e-07 5.653869905586362e-08
vn -1.0 -1.1803118837860893e-07 5.653869905586362e-08
vn -1.0 -1.1803118837860893e-07 5.653869905586362e-08
vn -1.0 -1.1803118127318157e-07 5.653869905586362e-08
vn -1.0 -1.1803118837860893e-07 5.653869905586362e-08
vn -1.0 -1.1803118837860893e-07 5.653869905586362e-08
vn -1.0 -1.1803118837860893e-07 5.653869905586362e-08
vn -1.0 -1.1803118837860893e-07 5.653869905586362e-08
vn -1.0 -1.1803118127318157e-07 5.653869905586362e-08
vn -1.0 -1.1803118837860893e-07 5.653869905586362e-08
vn -1.0 -1.1803118837860893e-07 5.653869905586362e-08
vn -1.0 -1.1803118837860893e-07 5.653869905586362e-08
vn -1.0 -1.1803118837860893e-07 5.653869905586362e-08
vn -1.0 -1.1803118127318157e-07 5.653869905586362e-08
vn -1.0 -1.1803118837860893e-07 5.653869905586362e-08
vn -1.0 -1.1803118837860893e-07 5.653869905586362e-08
vn -1.0 -1.1803118837860893e-07 5.653869905586362e-08
vn -1.0 -1.1803118837860893e-07 5.653869905586362e-08
vn -1.0 -1.1803118837860893e-07 5.653869905586362e-08
vn -1.0 -1.1803118837860893e-07 5.653869905586362e-08
vn -1.0 -1.1803118837860893e-07 5.653869905586362e-08
vn -1.0 -1.1803118837860893e-07 5.653869905586362e-08
vn -1.0 -1.1803118837860893e-07 5.653869905586362e-08
vn -1.0 -1.1803118837860893e-07 5.653869905586362e-08
vn -1.0 -1.1803118837860893e-07 5.653869905586362e-08
vn -1.0 -1.1803118837860893e-07 5.653869905586362e-08
vn -1.0 -1.1803118837860893e-07 5.653869905586362e-08
vn -1.0 -1.1803118837860893e-07 5.653869905586362e-08
vn -1.0 -1.1803118837860893e-07 5.653869905586362e-08
vn -1.0 -1.1803118127318157e-07 5.653869905586362e-08
vn 0.4412718415260315 0.7905279397964478 0.4246700406074524
vn 0.44127193093299866 0.5042390823364258 0.7423085570335388
vn 0.6149725317955017 0.7879858016967773 -0.029785141348838806
vn 0.6734917163848877 0.7049942016601562 -0.22224335372447968
vn 1.0 1.1803118837860893e-07 -5.653869905586362e-08
vn 1.0 1.1803118837860893e-07 -5.653869905586362e-08
vn 0.614972710609436 0.05196317657828331 0.7868344187736511
vn 0.5277694463729858 0.27712714672088623 0.8029072880744934
vn 1.0 1.1803118837860893e-07 -5.653869905586362e-08
vn 1.0 1.1803118837860893e-07 -5.653869905586362e-08
vn 0.5277692675590515 0.8272857666015625 0.1925044059753418
vn 1.0 1.1803118837860893e-07 -5.653869905586362e-08
vn 0.7068148851394653 0.32048583030700684 -0.6306357979774475
vn 0.6734918355941772 0.14805376529693604 -0.7242161631584167
vn 1.0 1.1803118127318157e-07 -5.653869905586362e-08
vn 1.0 1.1803118837860893e-07 -5.653869905586362e-08
vn 0.4088125228881836 -0.6779041290283203 -0.6109977960586548
vn 0.44127196073532104 -0.7905278205871582 -0.42467010021209717
vn 1.0 1.1803118837860893e-07 -5.653869905586362e-08
vn 1.0 1.1803118837860893e-07 -5.653869905586362e-08
vn 0.5277693867683411 -0.2771270275115967 -0.8029072880744934
vn 0.44127193093299866 -0.5042389631271362 -0.7423086166381836
vn 1.0 1.1803118837860893e-07 -5.653869905586362e-08
vn 1.0 1.1803118837860893e-07 -5.653869905586362e-08
vn 0.5277694463729858 -0.8272855877876282 -0.19250445067882538
vn 1.0 1.1803118837860893e-07 -5.653869905586362e-08
vn 0.7068150639533997 -0.5940630435943604 0.38405925035476685
vn 0.7168957591056824 -0.46676206588745117 0.5178740620613098
vn 1.0 1.1803118837860893e-07 -5.653869905586362e-08
vn 1.0 1.1803118837860893e-07 -5.653869905586362e-08
vn 0.7068150639533997 -0.3204856514930725 0.630635678768158
vn 0.6734919548034668 -0.1480536013841629 0.7242160439491272
vn 1.0 1.1803118837860893e-07 -5.653869905586362e-08
vn 1.0 1.1803118837860893e-07 -5.653869905586362e-08
vn 0.44127193093299866 0.5042390823364258 0.7423085570335388
vn 1.0 1.1803118837860893e-07 -5.653869905586362e-08
vn 0.716895580291748 0.4667622447013855 -0.5178741812705994
vn 1.0 1.1803118837860893e-07 -5.653869905586362e-08
vn 0.4412718415260315 0.7905279397964478 0.4246700406074524
vn 1.0 1.1803118837860893e-07 -5.653869905586362e-08
vn 0.40881240367889404 0.6779041886329651 0.61099773645401
vn 1.0 1.1803118837860893e-07 -5.653869905586362e-08
vn 0.6149726510047913 -0.05196302756667137 -0.7868344783782959
vn 1.0 1.1803118837860893e-07 -5.653869905586362e-08
vn 0.7068148851394653 0.5940632224082947 -0.384059339761734
vn 1.0 1.1803118837860893e-07 -5.653869905586362e-08
vn 0.6149727702140808 -0.787985622882843 0.029785091057419777
vn 1.0 1.1803118837860893e-07 -5.653869905586362e-08
vn 0.673491895198822 -0.7049940824508667 0.22224324941635132
vn 1.0 1.1803118837860893e-07 -5.653869905586362e-08
vn 0.5746203064918518 -0.053940825164318085 -0.8166406154632568
vn 0.464526891708374 -0.2889408469200134 -0.8370949029922485
vn -1.4935469749843833e-08 -0.32626429200172424 -0.9452785849571228
vn -4.8633840066258927e-08 -0.06593043357133865 -0.9978242516517639
vn 0.2692714035511017 -0.7153760194778442 -0.6447713375091553
vn 0.3314704895019531 -0.8311321139335632 -0.4464828372001648
vn 7.722272243881889e-08 -0.8809401988983154 -0.47322753071784973
vn 4.982235068951013e-08 -0.7428122758865356 -0.6694996953010559
vn 0.33147042989730835 -0.5301386713981628 -0.7804360389709473
vn 1.9552105712250523e-08 -0.561896800994873 -0.8272072672843933
vn 0.6470667719841003 0.1528111696243286 -0.7469627857208252
vn -7.904281318360518e-08 0.2003774493932724 -0.979718804359436
vn 0.3314704895019531 -0.8311321139335632 -0.4464828372001648
vn 0.4645269811153412 -0.8625127673149109 -0.20071502029895782
vn 1.0214618839654577e-07 -0.9739794731140137 -0.2266363948583603
vn 7.722272243881889e-08 -0.8809401988983154 -0.47322753071784973
vn 0.6470669507980347 -0.7271259427070618 0.22933033108711243
vn 0.6849693655967712 -0.6128823757171631 0.39394447207450867
vn 1.2985967146050825e-07 -0.8412012457847595 0.5407222509384155
vn 1.2957050898876332e-07 -0.9537060260772705 0.3007405996322632
vn 0.6470667123794556 0.7271260023117065 -0.2293304204940796
vn 0.6849691867828369 0.6128824949264526 -0.39394456148147583
vn -1.2985967146050825e-07 0.8412012457847595 -0.5407222509384155
vn -1.2957050898876332e-07 0.9537060260772705 -0.3007405996322632
vn 0.697350800037384 -0.4798506200313568 0.5323958396911621
vn 1.2101946822440368e-07 -0.6694998741149902 0.7428122758865356
vn 0.6973506212234497 0.47985079884529114 -0.5323959589004517
vn -1.2101946822440368e-07 0.6694998741149902 -0.7428122758865356
vn 0.464526891708374 0.288940966129303 0.8370949029922485
vn 0.3314703702926636 0.5301387906074524 0.7804359793663025
vn -1.9552105712250523e-08 0.561896800994873 0.8272072672843933
vn 1.4935469749843833e-08 0.32626429200172424 0.9452785849571228
vn 0.5746201872825623 0.817836582660675 -0.030904119834303856
vn -1.2008078442704573e-07 0.9992876648902893 -0.03773878514766693
vn 0.4645267128944397 0.8625127673149109 0.20071494579315186
vn -1.0214618839654577e-07 0.9739794731140137 0.2266363948583603
vn 0.3314703702926636 0.5301387906074524 0.7804359793663025
vn 0.2692713141441345 0.715376079082489 0.6447712779045105
vn -4.982235068951013e-08 0.7428122758865356 0.6694996953010559
vn -1.9552105712250523e-08 0.561896800994873 0.8272072672843933
vn 0.3314703106880188 0.831132173538208 0.4464828073978424
vn -7.722272243881889e-08 0.8809401988983154 0.47322753071784973
vn 0.33147042989730835 -0.5301386713981628 -0.7804360389709473
vn 1.9552105712250523e-08 -0.561896800994873 -0.8272072672843933
vn 0.5746204257011414 -0.8178364038467407 0.030904022976756096
vn 1.2008078442704573e-07 -0.9992876648902893 0.03773878514766693
vn 0.6849693655967712 -0.32836923003196716 0.6503773331642151
vn 0.6470669507980347 -0.15281102061271667 0.7469626665115356
vn 7.904281318360518e-08 -0.2003774493932724 0.979718804359436
vn 1.0366896674440795e-07 -0.45071807503700256 0.8926664590835571
vn 0.6849691867828369 0.3283693790435791 -0.6503774523735046
vn -1.0366896674440795e-07 0.45071807503700256 -0.8926664590835571
vn 0.5746203660964966 0.053940970450639725 0.8166404962539673
vn 4.8633840066258927e-08 0.06593043357133865 0.9978242516517639
vn 0.3314703106880188 0.831132173538208 0.4464828073978424
vn -7.722272243881889e-08 0.8809401988983154 0.47322753071784973
vn -0.6470667123794556 -0.7271260023117065 0.2293304204940796
vn -0.6849691867828369 -0.6128824949264526 0.39394456148147583
vn -0.6470669507980347 0.7271259427070618 -0.22933033108711243
vn -0.6849693655967712 0.6128823757171631 -0.39394447207450867
vn -0.6973506212234497 -0.47985079884529114 0.5323959589004517
vn -0.697350800037384 0.4798506200313568 -0.5323958396911621
vn -0.464526891708374 0.2889408469200134 0.8370949029922485
vn -0.33147042989730835 0.5301386713981628 0.7804360389709473
vn -0.5746204257011414 0.8178364038467407 -0.030904022976756096
vn -0.4645269811153412 0.8625127673149109 0.20071502029895782
vn -0.2692714035511017 0.7153760194778442 0.6447713375091553
vn -0.3314704895019531 0.8311321139335632 0.4464828372001648
vn -0.464526891708374 -0.288940966129303 -0.8370949029922485
vn -0.3314703702926636 -0.5301387906074524 -0.7804359793663025
vn -0.4645267128944397 -0.8625127673149109 -0.20071494579315186
vn -0.5746201872825623 -0.817836582660675 0.030904119834303856
vn -0.6849691867828369 -0.3283693790435791 0.6503774523735046
vn -0.6470667719841003 -0.1528111696243286 0.7469627857208252
vn -0.6849693655967712 0.32836923003196716 -0.6503773331642151
vn -0.6470669507980347 0.15281102061271667 -0.7469626665115356
vn -0.5746203064918518 0.053940825164318085 0.8166406154632568
vn -0.5746203660964966 -0.053940970450639725 -0.8166404962539673
vn -0.2692713141441345 -0.715376079082489 -0.6447712779045105
vn -0.3314703106880188 -0.831132173538208 -0.4464828073978424
vn -0.5972675681114197 0.761868417263031 -0.2506549060344696
vn -0.5480442643165588 0.8353848457336426 -0.04218630492687225
vn -0.47564488649368286 0.8586516976356506 0.1909952163696289
vn -0.4033769369125366 0.8086302876472473 0.42825713753700256
vn -0.6035044193267822 0.7206388711929321 -0.34126558899879456
vn -0.09541910886764526 -0.3856753408908844 -0.917687177658081
vn -0.5972673892974854 -0.17042391002178192 0.7837265133857727
vn -0.5480441451072693 0.04453619569540024 0.8352630138397217
vn -0.4756447970867157 0.2788735032081604 0.8342610597610474
vn -0.40337690711021423 0.5096810460090637 0.7599422931671143
vn -0.37601104378700256 0.688301146030426 0.6203686594963074
vn -0.40337690711021423 0.5096810460090637 0.7599422931671143
vn -0.6035201549530029 -0.26488736271858215 0.7520624995231628
vn -0.09541898965835571 -0.9526877403259277 -0.2885849177837372
vn -0.4033769369125366 0.8086302876472473 0.42825713753700256
vn 0.6449316143989563 0.14581571519374847 -0.750200629234314
vn 0.6808032393455505 0.2377053201198578 -0.6928225159645081
vn 1.0 1.1803118837860893e-07 -5.653869905586362e-08
vn 1.0 1.1803118837860893e-07 -5.653869905586362e-08
vn 0.6842556595802307 -0.6156831383705139 0.3908049464225769
vn 0.6808034181594849 -0.6644867062568665 0.30816248059272766
vn 1.0 1.1803118837860893e-07 -5.653869905586362e-08
vn 1.0 1.1803118837860893e-07 -5.653869905586362e-08
vn 0.6449317932128906 -0.14581555128097534 0.7502005100250244
vn 0.6808034181594849 -0.23770515620708466 0.6928223967552185
vn 1.0 1.1803118837860893e-07 -5.653869905586362e-08
vn 1.0 1.1803118837860893e-07 -5.653869905586362e-08
vn 0.2700996398925781 0.7152037024497986 0.6446159482002258
vn 0.3301161527633667 0.5338823795318604 0.7784554362297058
vn 1.0 1.1803118837860893e-07 -5.653869905586362e-08
vn 1.0 1.1803118837860893e-07 -5.653869905586362e-08
vn 0.4604056775569916 0.29729124903678894 0.836447536945343
vn 1.0 1.1803118837860893e-07 -5.653869905586362e-08
vn 0.4604056477546692 -0.2972911298274994 -0.8364476561546326
vn 0.5707886815071106 -0.06322526931762695 -0.8186591863632202
vn 1.0 1.1803118837860893e-07 -5.653869905586362e-08
vn 1.0 1.1803118837860893e-07 -5.653869905586362e-08
vn 0.570788562297821 0.820805549621582 -0.021878600120544434
vn 0.4604055881500244 0.8627336025238037 0.20908735692501068
vn 1.0 1.1803118837860893e-07 -5.653869905586362e-08
vn 1.0 1.1803118837860893e-07 -5.653869905586362e-08
vn 0.5707887411117554 0.0632254108786583 0.8186591267585754
vn 1.0 1.1803118837860893e-07 -5.653869905586362e-08
vn 0.3301160931587219 0.8295498490333557 0.4504114091396332
vn 1.0 1.1803118837860893e-07 -5.653869905586362e-08
vn 0.6842555403709412 0.6156833171844482 -0.39080506563186646
vn 0.6808032393455505 0.6644868850708008 -0.3081625998020172
vn 1.0 1.1803118837860893e-07 -5.653869905586362e-08
vn 1.0 1.1803118837860893e-07 -5.653869905586362e-08
vn 0.6842556595802307 -0.3249565362930298 0.6528379917144775
vn 0.6971185207366943 -0.4800017774105072 0.5325636267662048
vn 1.0 1.1803118837860893e-07 -5.653869905586362e-08
vn 1.0 1.1803118837860893e-07 -5.653869905586362e-08
vn 0.6842555403709412 0.3249567151069641 -0.6528381109237671
vn 0.69711834192276 0.48000195622444153 -0.5325637459754944
vn 1.0 1.1803118837860893e-07 -5.653869905586362e-08
vn 1.0 1.1803118837860893e-07 -5.653869905586362e-08
vn 0.6449317932128906 -0.7310706973075867 0.22270771861076355
vn 1.0 1.1803118837860893e-07 -5.653869905586362e-08
vn 0.5707888007164001 -0.8208054304122925 0.021878505125641823
vn 0.46040576696395874 -0.8627334833145142 -0.20908740162849426
vn 1.0 1.1803118837860893e-07 -5.653869905586362e-08
vn 1.0 1.1803118837860893e-07 -5.653869905586362e-08
vn 0.33011627197265625 -0.8295497894287109 -0.45041143894195557
vn 0.2700997292995453 -0.7152036428451538 -0.6446159482002258
vn 1.0 1.1803118837860893e-07 -5.653869905586362e-08
vn 1.0 1.1803118837860893e-07 -5.653869905586362e-08
vn 0.33011624217033386 -0.5338823199272156 -0.7784555554389954
vn 1.0 1.1803118837860893e-07 -5.653869905586362e-08
vn 0.6449315547943115 0.7310707569122314 -0.22270779311656952
vn 1.0 1.1803118837860893e-07 -5.653869905586362e-08
vn 1.0 1.1803118837860893e-07 -5.653869905586362e-08
vn 1.0 1.1803118837860893e-07 -5.653869905586362e-08
vn 1.0 1.1803118837860893e-07 -5.653869905586362e-08
vn 1.0 1.1803118837860893e-07 -5.653869905586362e-08
vn 1.0 1.1803118837860893e-07 -5.653869905586362e-08
vn 1.0 1.1803118837860893e-07 -5.653869905586362e-08
vn 1.0 1.1803118837860893e-07 -5.653869905586362e-08
vn 1.0 1.1803118837860893e-07 -5.653869905586362e-08
vn 1.0 1.1803118837860893e-07 -5.653869905586362e-08
vn 1.0 1.1803118837860893e-07 -5.653869905586362e-08
vn 1.0 1.1803118837860893e-07 -5.653869905586362e-08
vn 1.0 1.1803118837860893e-07 -5.653869905586362e-08
vn 1.0 1.1803118837860893e-07 -5.653869905586362e-08
vn 1.0 1.1803118837860893e-07 -5.653869905586362e-08
vn 1.0 1.1803118837860893e-07 -5.653869905586362e-08
vn 1.0 1.1803118837860893e-07 -5.653869905586362e-08
vn 1.0 1.1803118837860893e-07 -5.653869905586362e-08
vn 1.0 1.1803118837860893e-07 -5.653869905586362e-08
vn 1.0 1.1803118837860893e-07 -5.653869905586362e-08
vn 1.0 1.1803118837860893e-07 -5.653869905586362e-08
vn 1.0 1.1803118837860893e-07 -5.653869905586362e-08
vn 1.0 1.1803118837860893e-07 -5.653869905586362e-08
vn 1.0 1.1803118837860893e-07 -5.653869905586362e-08
vn 1.0 1.1803118837860893e-07 -5.653869905586362e-08
vn 1.0 1.1803118127318157e-07 -5.653869905586362e-08
vn 1.0 1.1803118837860893e-07 -5.653869905586362e-08
vn 1.0 1.1803118837860893e-07 -5.653869905586362e-08
vn 1.0 1.1803118837860893e-07 -5.653869905586362e-08
vn 1.0 1.1803118837860893e-07 -5.653869905586362e-08
f 1/1/1 2/2/2 3/3/3
f 1/1/1 3/3/3 4/4/4
f 5/5/5 6/6/6 7/7/7
f 5/5/5 7/7/7 8/8/8
f 9/9/9 10/10/10 8/8/8
f 11/11/11 12/12/12 13/13/13
f 11/11/11 13/13/13 4/4/4
f 8/8/8 10/10/10 14/14/14
f 8/8/8 14/14/14 5/5/5
f 15/15/15 16/16/16 17/17/17
f 15/15/15 17/17/17 18/18/18
f 19/19/19 20/20/20 21/21/21
f 22/22/22 23/23/23 12/12/12
f 22/22/22 12/12/12 11/11/11
f 18/18/18 17/17/17 23/23/23
f 18/18/18 23/23/23 22/22/22
f 24/24/24 25/25/25 21/21/21
f 24/24/24 21/21/21 20/20/20
f 26/26/26 27/27/27 28/28/28
f 26/26/26 28/28/28 29/29/29
f 1/1/1 30/30/30 31/31/31
f 1/1/1 31/31/31 32/32/32
f 4/4/4 13/13/13 30/30/30
f 4/4/4 30/30/30 1/1/1
f 33/33/33 34/34/34 35/35/35
f 33/33/33 35/35/35 36/36/36
f 14/14/14 10/10/10 37/37/37
f 14/14/14 37/37/37 38/38/38
f 39/39/39 40/40/40 41/41/41
f 39/39/39 41/41/41 42/42/42
f 34/34/34 43/43/43 44/44/44
f 34/34/34 44/44/44 35/35/35
f 10/10/10 9/9/9 37/37/37
f 43/43/43 39/39/39 42/42/42
f 43/43/43 42/42/42 44/44/44
f 21/21/21 25/25/25 45/45/45
f 21/21/21 45/45/45 46/46/46
f 47/47/47 48/48/48 49/49/49
f 47/47/47 49/49/49 50/50/50
f 51/51/51 52/52/52 53/53/53
f 51/51/51 53/53/53 54/54/54
f 52/52/52 33/33/33 36/36/36
f 52/52/52 36/36/36 53/53/53
f 48/48/48 51/51/51 54/54/54
f 48/48/48 54/54/54 49/49/49
f 36/36/36 35/35/35 55/55/55
f 36/36/36 55/55/55 56/56/56
f 38/38/38 37/37/37 57/57/57
f 38/38/38 57/57/57 58/58/58
f 42/42/42 41/41/41 59/59/59
f 42/42/42 59/59/59 60/60/60
f 35/35/35 44/44/44 61/61/61
f 35/35/35 61/61/61 55/55/55
f 44/44/44 42/42/42 60/60/60
f 44/44/44 60/60/60 61/61/61
f 46/46/46 45/45/45 62/62/62
f 46/46/46 62/62/62 63/63/63
f 50/50/50 49/49/49 64/64/64
f 50/50/50 64/64/64 65/65/65
f 54/54/54 53/53/53 66/66/66
f 54/54/54 66/66/66 67/67/67
f 19/19/19 21/21/21 46/46/46
f 53/53/53 36/36/36 56/56/56
f 53/53/53 56/56/56 66/66/66
f 49/49/49 54/54/54 67/67/67
f 49/49/49 67/67/67 64/64/64
f 56/56/56 55/55/55 68/68/68
f 56/56/56 68/68/68 69/69/69
f 58/58/58 57/57/57 70/70/70
f 58/58/58 70/70/70 71/71/71
f 60/60/60 59/59/59 72/72/72
f 60/60/60 72/72/72 73/73/73
f 55/55/55 61/61/61 74/74/74
f 55/55/55 74/74/74 68/68/68
f 61/61/61 60/60/60 73/73/73
f 61/61/61 73/73/73 74/74/74
f 65/65/65 64/64/64 75/75/75
f 65/65/65 75/75/75 76/76/76
f 67/67/67 66/66/66 77/77/77
f 67/67/67 77/77/77 78/78/78
f 66/66/66 56/56/56 69/69/69
f 66/66/66 69/69/69 77/77/77
f 64/64/64 67/67/67 78/78/78
f 64/64/64 78/78/78 75/75/75
f 79/79/79 80/80/80 81/81/81
f 79/79/79 81/81/81 82/82/82
f 83/83/83 84/84/84 85/85/85
f 83/83/83 85/85/85 86/86/86
f 87/87/87 88/88/88 89/89/89
f 87/87/87 89/89/89 90/90/90
f 91/91/91 92/92/92 93/93/93
f 91/91/91 93/93/93 94/94/94
f 95/95/95 96/96/96 97/97/97
f 95/95/95 97/97/97 98/98/98
f 99/99/99 100/100/100 101/101/101
f 99/99/99 101/101/101 86/86/86
f 86/86/86 101/101/101 102/102/102
f 86/86/86 102/102/102 83/83/83
f 103/103/103 104/104/104 96/96/96
f 103/103/103 96/96/96 95/95/95
f 105/105/105 106/106/106 104/104/104
f 105/105/105 104/104/104 103/103/103
f 107/107/107 108/108/108 109/109/109
f 107/107/107 109/109/109 110/110/110
f 111/111/111 112/112/112 108/108/108
f 111/111/111 108/108/108 107/107/107
f 113/113/113 114/114/114 80/80/80
f 113/113/113 80/80/80 79/79/79
f 98/98/98 97/97/97 114/114/114
f 98/98/98 114/114/114 113/113/113
f 97/97/97 96/96/96 115/115/115
f 97/97/97 115/115/115 116/116/116
f 101/101/101 100/100/100 117/117/117
f 101/101/101 117/117/117 118/118/118
f 106/106/106 119/119/119 120/120/120
f 106/106/106 120/120/120 121/121/121
f 96/96/96 104/104/104 122/122/122
f 96/96/96 122/122/122 115/115/115
f 104/104/104 106/106/106 121/121/121
f 104/104/104 121/121/121 122/122/122
f 109/109/109 108/108/108 123/123/123
f 109/109/109 123/123/123 124/124/124
f 125/125/125 81/81/81 126/126/126
f 125/125/125 126/126/126 127/127/127
f 80/80/80 114/114/114 128/128/128
f 80/80/80 128/128/128 129/129/129
f 114/114/114 97/97/97 116/116/116
f 114/114/114 116/116/116 128/128/128
f 81/81/81 80/80/80 129/129/129
f 81/81/81 129/129/129 126/126/126
f 116/116/116 115/115/115 130/130/130
f 116/116/116 130/130/130 131/131/131
f 118/118/118 117/117/117 132/132/132
f 118/118/118 132/132/132 133/133/133
f 121/121/121 120/120/120 134/134/134
f 121/121/121 134/134/134 135/135/135
f 115/115/115 122/122/122 136/136/136
f 115/115/115 136/136/136 130/130/130
f 122/122/122 121/121/121 135/135/135
f 122/122/122 135/135/135 136/136/136
f 124/124/124 123/123/123 137/137/137
f 124/124/124 137/137/137 138/138/138
f 127/127/127 126/126/126 139/139/139
f 127/127/127 139/139/139 140/140/140
f 129/129/129 128/128/128 141/141/141
f 129/129/129 141/141/141 142/142/142
f 128/128/128 116/116/116 131/131/131
f 128/128/128 131/131/131 141/141/141
f 126/126/126 129/129/129 142/142/142
f 126/126/126 142/142/142 139/139/139
f 131/131/131 130/130/130 143/143/143
f 131/131/131 143/143/143 144/144/144
f 145/145/145 146/146/146 147/147/147
f 145/145/145 147/147/147 148/148/148
f 149/149/149 150/150/150 151/151/151
f 149/149/149 151/151/151 152/152/152
f 130/130/130 136/136/136 153/153/153
f 130/130/130 153/153/153 143/143/143
f 136/136/136 135/135/135 154/154/154
f 136/136/136 154/154/154 153/153/153
f 138/138/138 137/137/137 155/155/155
f 138/138/138 155/155/155 156/156/156
f 140/140/140 139/139/139 157/157/157
f 140/140/140 157/157/157 151/151/151
f 142/142/142 141/141/141 158/158/158
f 142/142/142 158/158/158 159/159/159
f 141/141/141 131/131/131 144/144/144
f 141/141/141 144/144/144 158/158/158
f 139/139/139 142/142/142 159/159/159
f 139/139/139 159/159/159 157/157/157
f 160/160/160 161/161/161 162/162/162
f 160/160/160 162/162/162 163/163/163
f 164/164/164 165/165/165 166/166/166
f 164/164/164 166/166/166 167/167/167
f 168/168/168 169/169/169 170/170/170
f 168/168/168 170/170/170 171/171/171
f 172/172/172 173/173/173 174/174/174
f 172/172/172 174/174/174 175/175/175
f 176/176/176 177/177/177 165/165/165
f 176/176/176 165/165/165 164/164/164
f 175/175/175 174/174/174 177/177/177
f 175/175/175 177/177/177 176/176/176
f 178/178/178 179/179/179 180/180/180
f 178/178/178 180/180/180 181/181/181
f 94/94/94 93/93/93 182/182/182
f 94/94/94 182/182/182 183/183/183
f 184/184/184 185/185/185 92/92/92
f 184/184/184 92/92/92 91/91/91
f 167/167/167 166/166/166 185/185/185
f 167/167/167 185/185/185 184/184/184
f 186/186/186 187/187/187 188/188/188
f 186/186/186 188/188/188 189/189/189
f 170/170/170 169/169/169 190/190/190
f 170/170/170 190/190/190 191/191/191
f 192/192/192 193/193/193 194/194/194
f 192/192/192 194/194/194 195/195/195
f 187/187/187 196/196/196 197/197/197
f 187/187/187 197/197/197 188/188/188
f 196/196/196 192/192/192 195/195/195
f 196/196/196 195/195/195 197/197/197
f 180/180/180 179/179/179 198/198/198
f 180/180/180 198/198/198 199/199/199
f 200/200/200 201/201/201 202/202/202
f 200/200/200 202/202/202 203/203/203
f 204/204/204 205/205/205 206/206/206
f 204/204/204 206/206/206 207/207/207
f 205/205/205 186/186/186 189/189/189
f 205/205/205 189/189/189 206/206/206
f 201/201/201 204/204/204 207/207/207
f 201/201/201 207/207/207 202/202/202
f 189/189/189 188/188/188 208/208/208
f 189/189/189 208/208/208 209/209/209
f 191/191/191 190/190/190 146/146/146
f 191/191/191 146/146/146 145/145/145
f 195/195/195 194/194/194 150/150/150
f 195/195/195 150/150/150 149/149/149
f 188/188/188 197/197/197 210/210/210
f 188/188/188 210/210/210 208/208/208
f 197/197/197 195/195/195 149/149/149
f 197/197/197 149/149/149 210/210/210
f 199/199/199 198/198/198 211/211/211
f 199/199/199 211/211/211 212/212/212
f 203/203/203 202/202/202 213/213/213
f 203/203/203 213/213/213 214/214/214
f 207/207/207 206/206/206 215/215/215
f 207/207/207 215/215/215 216/216/216
f 206/206/206 189/189/189 209/209/209
f 206/206/206 209/209/209 215/215/215
f 202/202/202 207/207/207 216/216/216
f 202/202/202 216/216/216 213/213/213
f 209/209/209 208/208/208 217/217/217
f 209/209/209 217/217/217 218/218/218
f 219/219/219 220/220/220 221/221/221
f 219/219/219 221/221/221 222/222/222
f 208/208/208 210/210/210 223/223/223
f 208/208/208 223/223/223 217/217/217
f 210/210/210 149/149/149 152/152/152
f 210/210/210 152/152/152 223/223/223
f 212/212/212 211/211/211 224/224/224
f 212/212/212 224/224/224 225/225/225
f 214/214/214 213/213/213 226/226/226
f 214/214/214 226/226/226 227/227/227
f 216/216/216 215/215/215 228/228/228
f 216/216/216 228/228/228 229/229/229
f 215/215/215 209/209/209 218/218/218
f 215/215/215 218/218/218 228/228/228
f 213/213/213 216/216/216 229/229/229
f 213/213/213 229/229/229 226/226/226
f 230/230/230 231/231/231 232/232/232
f 233/233/233 234/234/234 235/235/235
f 233/233/233 235/235/235 236/236/236
f 237/237/237 238/238/238 239/239/239
f 237/237/237 239/239/239 240/240/240
f 240/240/240 239/239/239 241/241/241
f 240/240/240 241/241/241 242/242/242
f 232/232/232 231/231/231 243/243/243
f 244/244/244 245/245/245 234/234/234
f 244/244/244 234/234/234 233/233/233
f 246/246/246 247/247/247 245/245/245
f 246/246/246 245/245/245 244/244/244
f 248/248/248 249/249/249 231/231/231
f 248/248/248 231/231/231 230/230/230
f 250/250/250 251/251/251 249/249/249
f 250/250/250 249/249/249 248/248/248
f 252/252/252 253/253/253 254/254/254
f 252/252/252 254/254/254 255/255/255
f 256/256/256 257/257/257 258/258/258
f 256/256/256 258/258/258 259/259/259
f 236/236/236 235/235/235 257/257/257
f 236/236/236 257/257/257 256/256/256
f 235/235/235 234/234/234 260/260/260
f 235/235/235 260/260/260 261/261/261
f 239/239/239 238/238/238 262/262/262
f 239/239/239 262/262/262 263/263/263
f 247/247/247 264/264/264 265/265/265
f 247/247/247 265/265/265 266/266/266
f 234/234/234 245/245/245 267/267/267
f 234/234/234 267/267/267 260/260/260
f 268/268/268 269/269/269 88/88/88
f 268/268/268 88/88/88 87/87/87
f 245/245/245 247/247/247 266/266/266
f 245/245/245 266/266/266 267/267/267
f 231/231/231 249/249/249 270/270/270
f 231/231/231 270/270/270 243/243/243
f 271/271/271 272/272/272 273/273/273
f 271/271/271 273/273/273 274/274/274
f 258/258/258 257/257/257 275/275/275
f 258/258/258 275/275/275 276/276/276
f 232/232/232 277/277/277 278/278/278
f 232/232/232 278/278/278 279/279/279
f 257/257/257 235/235/235 261/261/261
f 257/257/257 261/261/261 275/275/275
f 272/272/272 258/258/258 276/276/276
f 272/272/272 276/276/276 273/273/273
f 261/261/261 260/260/260 280/280/280
f 261/261/261 280/280/280 281/281/281
f 263/263/263 262/262/262 220/220/220
f 263/263/263 220/220/220 219/219/219
f 266/266/266 265/265/265 282/282/282
f 266/266/266 282/282/282 283/283/283
f 260/260/260 267/267/267 284/284/284
f 260/260/260 284/284/284 280/280/280
f 267/267/267 266/266/266 283/283/283
f 267/267/267 283/283/283 284/284/284
f 243/243/243 270/270/270 285/285/285
f 243/243/243 285/285/285 277/277/277
f 274/274/274 273/273/273 286/286/286
f 274/274/274 286/286/286 287/287/287
f 276/276/276 275/275/275 288/288/288
f 276/276/276 288/288/288 289/289/289
f 275/275/275 261/261/261 281/281/281
f 275/275/275 281/281/281 288/288/288
f 273/273/273 276/276/276 289/289/289
f 273/273/273 289/289/289 286/286/286
f 281/281/281 280/280/280 290/290/290
f 281/281/281 290/290/290 291/291/291
f 277/277/277 285/285/285 292/292/292
f 277/277/277 292/292/292 278/278/278
f 280/280/280 284/284/284 293/293/293
f 280/280/280 293/293/293 290/290/290
f 284/284/284 283/283/283 294/294/294
f 284/284/284 294/294/294 293/293/293
f 289/289/289 288/288/288 295/295/295
f 289/289/289 295/295/295 296/296/296
f 288/288/288 281/281/281 291/291/291
f 288/288/288 291/291/291 295/295/295
f 286/286/286 289/289/289 296/296/296
f 286/286/286 296/296/296 297/297/297
f 298/298/298 199/199/199 212/212/212
f 298/298/298 180/180/180 199/199/199
f 32/32/32 31/31/31 27/27/27
f 32/32/32 27/27/27 26/26/26
f 3/3/3 299/299/299 11/11/11
f 3/3/3 11/11/11 4/4/4
f 232/232/232 300/300/300 301/301/301
f 232/232/232 301/301/301 230/230/230
f 302/302/302 303/303/303 18/18/18
f 302/302/302 18/18/18 22/22/22
f 7/7/7 304/304/304 9/9/9
f 7/7/7 9/9/9 8/8/8
f 20/20/20 305/305/305 306/306/306
f 20/20/20 306/306/306 24/24/24
f 307/307/307 2/2/2 1/1/1
f 307/307/307 1/1/1 32/32/32
f 308/308/308 309/309/309 26/26/26
f 308/308/308 26/26/26 29/29/29
f 310/310/310 311/311/311 312/312/312
f 310/310/310 312/312/312 313/313/313
f 132/132/132 314/314/314 315/315/315
f 132/132/132 315/315/315 316/316/316
f 117/117/117 314/314/314 132/132/132
f 63/63/63 62/62/62 317/317/317
f 63/63/63 317/317/317 318/318/318
f 18/18/18 303/303/303 319/319/319
f 18/18/18 319/319/319 15/15/15
f 298/298/298 181/181/181 180/180/180
f 162/162/162 320/320/320 321/321/321
f 162/162/162 321/321/321 163/163/163
f 90/90/90 89/89/89 322/322/322
f 90/90/90 322/322/322 323/323/323
f 86/86/86 85/85/85 324/324/324
f 86/86/86 324/324/324 99/99/99
f 325/325/325 326/326/326 107/107/107
f 325/325/325 107/107/107 110/110/110
f 298/298/298 327/327/327 328/328/328
f 298/298/298 328/328/328 181/181/181
f 262/262/262 329/329/329 220/220/220
f 330/330/330 331/331/331 184/184/184
f 330/330/330 184/184/184 91/91/91
f 238/238/238 329/329/329 262/262/262
f 332/332/332 333/333/333 329/329/329
f 332/332/332 329/329/329 237/237/237
f 334/334/334 335/335/335 325/325/325
f 334/334/334 325/325/325 110/110/110
f 336/336/336 337/337/337 168/168/168
f 336/336/336 168/168/168 171/171/171
f 175/175/175 338/338/338 339/339/339
f 175/175/175 339/339/339 172/172/172
f 334/334/334 110/110/110 109/109/109
f 340/340/340 341/341/341 164/164/164
f 340/340/340 164/164/164 167/167/167
f 342/342/342 338/338/338 175/175/175
f 342/342/342 175/175/175 176/176/176
f 328/328/328 343/343/343 178/178/178
f 328/328/328 178/178/178 181/181/181
f 344/344/344 345/345/345 94/94/94
f 344/344/344 94/94/94 183/183/183
f 324/324/324 346/346/346 314/314/314
f 324/324/324 314/314/314 99/99/99
f 337/337/337 347/347/347 348/348/348
f 337/337/337 348/348/348 168/168/168
f 107/107/107 326/326/326 349/349/349
f 107/107/107 349/349/349 111/111/111
f 242/242/242 350/350/350 351/351/351
f 242/242/242 351/351/351 240/240/240
f 334/334/334 138/138/138 156/156/156
f 334/334/334 156/156/156 352/352/352
f 220/220/220 329/329/329 353/353/353
f 220/220/220 353/353/353 221/221/221
f 334/334/334 124/124/124 138/138/138
f 334/334/334 109/109/109 124/124/124
f 298/298/298 212/212/212 225/225/225
f 298/298/298 225/225/225 354/354/354
f 283/283/283 282/282/282 227/227/227
f 283/283/283 227/227/227 294/294/294
f 237/237/237 329/329/329 238/238/238
f 254/254/254 253/253/253 355/355/355
f 254/254/254 355/355/355 356/356/356
f 184/184/184 331/331/331 340/340/340
f 184/184/184 340/340/340 167/167/167
f 351/351/351 332/332/332 237/237/237
f 351/351/351 237/237/237 240/240/240
f 259/259/259 258/258/258 272/272/272
f 259/259/259 272/272/272 357/357/357
f 11/11/11 299/299/299 302/302/302
f 11/11/11 302/302/302 22/22/22
f 355/355/355 161/161/161 160/160/160
f 355/355/355 160/160/160 356/356/356
f 94/94/94 345/345/345 330/330/330
f 94/94/94 330/330/330 91/91/91
f 301/301/301 358/358/358 248/248/248
f 301/301/301 248/248/248 230/230/230
f 312/312/312 359/359/359 360/360/360
f 312/312/312 360/360/360 313/313/313
f 57/57/57 9/9/9 361/361/361
f 57/57/57 361/361/361 70/70/70
f 323/323/323 322/322/322 311/311/311
f 323/323/323 311/311/311 310/310/310
f 358/358/358 362/362/362 250/250/250
f 358/358/358 250/250/250 248/248/248
f 37/37/37 9/9/9 57/57/57
f 232/232/232 243/243/243 277/277/277
f 287/287/287 286/286/286 297/297/297
f 287/287/287 297/297/297 72/72/72
f 99/99/99 314/314/314 100/100/100
f 133/133/133 132/132/132 316/316/316
f 133/133/133 316/316/316 363/363/363
f 135/135/135 134/134/134 76/76/76
f 135/135/135 76/76/76 154/154/154
f 72/72/72 297/297/297 364/364/364
f 72/72/72 364/364/364 73/73/73
f 297/297/297 296/296/296 365/365/365
f 297/297/297 365/365/365 364/364/364
f 296/296/296 295/295/295 366/366/366
f 296/296/296 366/366/366 365/365/365
f 295/295/295 291/291/291 367/367/367
f 295/295/295 367/367/367 366/366/366
f 291/291/291 290/290/290 368/368/368
f 291/291/291 368/368/368 367/367/367
f 290/290/290 293/293/293 369/369/369
f 290/290/290 369/369/369 368/368/368
f 293/293/293 294/294/294 370/370/370
f 293/293/293 370/370/370 369/369/369
f 294/294/294 227/227/227 226/226/226
f 294/294/294 226/226/226 370/370/370
f 73/73/73 364/364/364 371/371/371
f 73/73/73 371/371/371 74/74/74
f 364/364/364 365/365/365 372/372/372
f 364/364/364 372/372/372 371/371/371
f 365/365/365 366/366/366 373/373/373
f 365/365/365 373/373/373 372/372/372
f 366/366/366 367/367/367 374/374/374
f 366/366/366 374/374/374 373/373/373
f 367/367/367 368/368/368 375/375/375
f 367/367/367 375/375/375 374/374/374
f 368/368/368 369/369/369 376/376/376
f 368/368/368 376/376/376 375/375/375
f 369/369/369 370/370/370 377/377/377
f 369/369/369 377/377/377 376/376/376
f 370/370/370 226/226/226 229/229/229
f 370/370/370 229/229/229 377/377/377
f 74/74/74 371/371/371 378/378/378
f 74/74/74 378/378/378 68/68/68
f 371/371/371 372/372/372 379/379/379
f 371/371/371 379/379/379 378/378/378
f 372/372/372 373/373/373 380/380/380
f 372/372/372 380/380/380 379/379/379
f 373/373/373 374/374/374 381/381/381
f 373/373/373 381/381/381 380/380/380
f 374/374/374 375/375/375 382/382/382
f 374/374/374 382/382/382 381/381/381
f 375/375/375 376/376/376 383/383/383
f 375/375/375 383/383/383 382/382/382
f 376/376/376 377/377/377 384/384/384
f 376/376/376 384/384/384 383/383/383
f 377/377/377 229/229/229 228/228/228
f 377/377/377 228/228/228 384/384/384
f 68/68/68 378/378/378 385/385/385
f 68/68/68 385/385/385 69/69/69
f 378/378/378 379/379/379 386/386/386
f 378/378/378 386/386/386 385/385/385
f 379/379/379 380/380/380 387/387/387
f 379/379/379 387/387/387 386/386/386
f 380/380/380 381/381/381 388/388/388
f 380/380/380 388/388/388 387/387/387
f 381/381/381 382/382/382 389/389/389
f 381/381/381 389/389/389 388/388/388
f 382/382/382 383/383/383 390/390/390
f 382/382/382 390/390/390 389/389/389
f 383/383/383 384/384/384 391/391/391
f 383/383/383 391/391/391 390/390/390
f 384/384/384 228/228/228 218/218/218
f 384/384/384 218/218/218 391/391/391
f 69/69/69 385/385/385 392/392/392
f 69/69/69 392/392/392 77/77/77
f 385/385/385 386/386/386 393/393/393
f 385/385/385 393/393/393 392/392/392
f 386/386/386 387/387/387 394/394/394
f 386/386/386 394/394/394 393/393/393
f 387/387/387 388/388/388 395/395/395
f 387/387/387 395/395/395 394/394/394
f 388/388/388 389/389/389 396/396/396
f 388/388/388 396/396/396 395/395/395
f 389/389/389 390/390/390 397/397/397
f 389/389/389 397/397/397 396/396/396
f 390/390/390 391/391/391 398/398/398
f 390/390/390 398/398/398 397/397/397
f 391/391/391 218/218/218 217/217/217
f 391/391/391 217/217/217 398/398/398
f 77/77/77 392/392/392 399/399/399
f 77/77/77 399/399/399 78/78/78
f 392/392/392 393/393/393 400/400/400
f 392/392/392 400/400/400 399/399/399
f 393/393/393 394/394/394 401/401/401
f 393/393/393 401/401/401 400/400/400
f 394/394/394 395/395/395 402/402/402
f 394/394/394 402/402/402 401/401/401
f 395/395/395 396/396/396 403/403/403
f 395/395/395 403/403/403 402/402/402
f 396/396/396 397/397/397 404/404/404
f 396/396/396 404/404/404 403/403/403
f 397/397/397 398/398/398 405/405/405
f 397/397/397 405/405/405 404/404/404
f 398/398/398 217/217/217 223/223/223
f 398/398/398 223/223/223 405/405/405
f 78/78/78 399/399/399 406/406/406
f 78/78/78 406/406/406 75/75/75
f 399/399/399 400/400/400 407/407/407
f 399/399/399 407/407/407 406/406/406
f 400/400/400 401/401/401 408/408/408
f 400/400/400 408/408/408 407/407/407
f 401/401/401 402/402/402 409/409/409
f 401/401/401 409/409/409 408/408/408
f 402/402/402 403/403/403 410/410/410
f 402/402/402 410/410/410 409/409/409
f 403/403/403 404/404/404 411/411/411
f 403/403/403 411/411/411 410/410/410
f 404/404/404 405/405/405 412/412/412
f 404/404/404 412/412/412 411/411/411
f 405/405/405 223/223/223 152/152/152
f 405/405/405 152/152/152 412/412/412
f 75/75/75 406/406/406 154/154/154
f 75/75/75 154/154/154 76/76/76
f 406/406/406 407/407/407 153/153/153
f 406/406/406 153/153/153 154/154/154
f 407/407/407 408/408/408 143/143/143
f 407/407/407 143/143/143 153/153/153
f 408/408/408 409/409/409 144/144/144
f 408/408/408 144/144/144 143/143/143
f 409/409/409 410/410/410 158/158/158
f 409/409/409 158/158/158 144/144/144
f 410/410/410 411/411/411 159/159/159
f 410/410/410 159/159/159 158/158/158
f 411/411/411 412/412/412 157/157/157
f 411/411/411 157/157/157 159/159/159
f 412/412/412 152/152/152 151/151/151
f 412/412/412 151/151/151 157/157/157
f 100/100/100 314/314/314 117/117/117
f 348/348/348 169/169/169 168/168/168
f 19/19/19 46/46/46 63/63/63
f 19/19/19 63/63/63 318/318/318
f 19/19/19 318/318/318 413/413/413
f 169/169/169 348/348/348 190/190/190
f 190/190/190 348/348/348 146/146/146
f 164/164/164 341/341/341 342/342/342
f 164/164/164 342/342/342 176/176/176
f 146/146/146 348/348/348 414/414/414
f 146/146/146 414/414/414 147/147/147
f 353/353/353 329/329/329 333/333/333
f 353/353/353 333/333/333 415/415/415
f 354/354/354 416/416/416 327/327/327
f 354/354/354 327/327/327 298/298/298
f 352/352/352 417/417/417 335/335/335
f 352/352/352 335/335/335 334/334/334
f 413/413/413 418/418/418 419/419/419
f 413/413/413 419/419/419 19/19/19
f 414/414/414 348/348/348 347/347/347
f 414/414/414 347/347/347 420/420/420
f 315/315/315 314/314/314 346/346/346
f 315/315/315 346/346/346 421/421/421
f 279/279/279 422/422/422 300/300/300
f 279/279/279 300/300/300 232/232/232
f 361/361/361 9/9/9 304/304/304
f 361/361/361 304/304/304 423/423/423
f 26/26/26 309/309/309 307/307/307
f 26/26/26 307/307/307 32/32/32
f 424/424/424 425/425/425 252/252/252
f 424/424/424 252/252/252 255/255/255
f 19/19/19 419/419/419 305/305/305
f 19/19/19 305/305/305 20/20/20
f 426/426/426 427/427/427 428/428/428
f 426/426/426 428/428/428 429/429/429
f 430/430/430 427/427/427 426/426/426
f 430/430/430 426/426/426 431/431/431
f 432/432/432 433/433/433 434/434/434
f 432/432/432 434/434/434 435/435/435
f 436/436/436 432/432/432 435/435/435
f 436/436/436 435/435/435 437/437/437
f 438/438/438 439/439/439 440/440/440
f 438/438/438 440/440/440 441/441/441
f 433/433/433 442/442/442 443/443/443
f 433/433/433 443/443/443 434/434/434
f 426/426/426 444/444/444 445/445/445
f 426/426/426 445/445/445 431/431/431
f 446/446/446 431/431/431 445/445/445
f 446/446/446 445/445/445 447/447/447
f 448/448/448 449/449/449 450/450/450
f 448/448/448 450/450/450 429/429/429
f 451/451/451 452/452/452 453/453/453
f 451/451/451 453/453/453 454/454/454
f 455/455/455 456/456/456 457/457/457
f 455/455/455 457/457/457 458/458/458
f 459/459/459 451/451/451 454/454/454
f 459/459/459 454/454/454 460/460/460
f 461/461/461 460/460/460 454/454/454
f 461/461/461 454/454/454 462/462/462
f 462/462/462 463/463/463 464/464/464
f 462/462/462 464/464/464 465/465/465
f 462/462/462 454/454/454 453/453/453
f 462/462/462 453/453/453 463/463/463
f 461/461/461 462/462/462 465/465/465
f 461/461/461 465/465/465 466/466/466
f 467/467/467 468/468/468 469/469/469
f 467/467/467 469/469/469 470/470/470
f 467/467/467 471/471/471 472/472/472
f 467/467/467 472/472/472 468/468/468
f 473/473/473 474/474/474 475/475/475
f 473/473/473 475/475/475 476/476/476
f 477/477/477 476/476/476 475/475/475
f 477/477/477 475/475/475 478/478/478
f 479/479/479 480/480/480 472/472/472
f 479/479/479 472/472/472 471/471/471
f 481/481/481 482/482/482 483/483/483
f 481/481/481 483/483/483 484/484/484
f 485/485/485 486/486/486 456/456/456
f 485/485/485 456/456/456 455/455/455
f 487/487/487 488/488/488 489/489/489
f 487/487/487 489/489/489 490/490/490
f 491/491/491 492/492/492 493/493/493
f 491/491/491 493/493/493 494/494/494
f 495/495/495 496/496/496 497/497/497
f 495/495/495 497/497/497 498/498/498
f 499/499/499 500/500/500 497/497/497
f 499/499/499 497/497/497 496/496/496
f 499/499/499 501/501/501 502/502/502
f 499/499/499 502/502/502 500/500/500
f 503/503/503 504/504/504 505/505/505
f 503/503/503 505/505/505 506/506/506
f 503/503/503 507/507/507 508/508/508
f 503/503/503 508/508/508 504/504/504
f 509/509/509 510/510/510 511/511/511
f 509/509/509 511/511/511 512/512/512
f 513/513/513 506/506/506 505/505/505
f 513/513/513 505/505/505 514/514/514
f 426/426/426 429/429/429 450/450/450
f 426/426/426 450/450/450 444/444/444
f 443/443/443 515/515/515 516/516/516
f 443/443/443 516/516/516 434/434/434
f 435/435/435 434/434/434 516/516/516
f 435/435/435 516/516/516 517/517/517
f 435/435/435 517/517/517 518/518/518
f 435/435/435 518/518/518 437/437/437
f 519/519/519 437/437/437 518/518/518
f 519/519/519 518/518/518 520/520/520
f 521/521/521 522/522/522 523/523/523
f 521/521/521 523/523/523 524/524/524
f 525/525/525 500/500/500 502/502/502
f 525/525/525 502/502/502 526/526/526
f 525/525/525 527/527/527 497/497/497
f 525/525/525 497/497/497 500/500/500
f 528/528/528 498/498/498 497/497/497
f 528/528/528 497/497/497 527/527/527
f 529/529/529 530/530/530 493/493/493
f 529/529/529 493/493/493 492/492/492
f 531/531/531 448/448/448 532/532/532
f 531/531/531 532/532/532 533/533/533
f 534/534/534 484/484/484 483/483/483
f 534/534/534 483/483/483 535/535/535
f 536/536/536 537/537/537 472/472/472
f 536/536/536 472/472/472 480/480/480
f 538/538/538 436/436/436 437/437/437
f 538/538/538 437/437/437 519/519/519
f 539/539/539 468/468/468 472/472/472
f 539/539/539 472/472/472 537/537/537
f 539/539/539 540/540/540 469/469/469
f 539/539/539 469/469/469 468/468/468
f 541/541/541 542/542/542 543/543/543
f 541/541/541 543/543/543 544/544/544
f 541/541/541 545/545/545 546/546/546
f 541/541/541 546/546/546 542/542/542
f 547/547/547 548/548/548 549/549/549
f 547/547/547 549/549/549 550/550/550
f 547/547/547 551/551/551 552/552/552
f 547/547/547 552/552/552 548/548/548
f 553/553/553 554/554/554 555/555/555
f 553/553/553 555/555/555 556/556/556
f 557/557/557 544/544/544 543/543/543
f 557/557/557 543/543/543 558/558/558
f 559/559/559 560/560/560 552/552/552
f 559/559/559 552/552/552 551/551/551
f 561/561/561 562/562/562 563/563/563
f 561/561/561 563/563/563 564/564/564
f 565/565/565 566/566/566 567/567/567
f 565/565/565 567/567/567 568/568/568
f 565/565/565 556/556/556 555/555/555
f 565/565/565 555/555/555 566/566/566
f 569/569/569 570/570/570 563/563/563
f 569/569/569 563/563/563 562/562/562
f 569/569/569 571/571/571 572/572/572
f 569/569/569 572/572/572 570/570/570
f 573/573/573 574/574/574 575/575/575
f 573/573/573 575/575/575 576/576/576
f 577/577/577 568/568/568 567/567/567
f 577/577/577 567/567/567 578/578/578
f 579/579/579 580/580/580 572/572/572
f 579/579/579 572/572/572 571/571/571
f 581/581/581 582/582/582 583/583/583
f 581/581/581 583/583/583 584/584/584
f 585/585/585 586/586/586 587/587/587
f 585/585/585 587/587/587 588/588/588
f 585/585/585 576/576/576 575/575/575
f 585/585/585 575/575/575 586/586/586
f 589/589/589 590/590/590 583/583/583
f 589/589/589 583/583/583 582/582/582
f 589/589/589 591/591/591 592/592/592
f 589/589/589 592/592/592 590/590/590
f 593/593/593 594/594/594 595/595/595
f 593/593/593 595/595/595 596/596/596
f 593/593/593 597/597/597 598/598/598
f 593/593/593 598/598/598 594/594/594
f 599/599/599 600/600/600 595/595/595
f 599/599/599 595/595/595 594/594/594
f 601/601/601 602/602/602 522/522/522
f 601/601/601 522/522/522 521/521/521
f 603/603/603 542/542/542 546/546/546
f 603/603/603 546/546/546 604/604/604
f 603/603/603 605/605/605 543/543/543
f 603/603/603 543/543/543 542/542/542
f 606/606/606 602/602/602 598/598/598
f 606/606/606 598/598/598 597/597/597
f 607/607/607 608/608/608 523/523/523
f 607/607/607 523/523/523 522/522/522
f 609/609/609 610/610/610 611/611/611
f 609/609/609 611/611/611 612/612/612
f 613/613/613 614/614/614 615/615/615
f 613/613/613 615/615/615 616/616/616
f 617/617/617 558/558/558 543/543/543
f 617/617/617 543/543/543 605/605/605
f 618/618/618 619/619/619 555/555/555
f 618/618/618 555/555/555 554/554/554
f 620/620/620 621/621/621 622/622/622
f 620/620/620 622/622/622 623/623/623
f 624/624/624 625/625/625 615/615/615
f 624/624/624 615/615/615 614/614/614
f 626/626/626 627/627/627 622/622/622
f 626/626/626 622/622/622 621/621/621
f 628/628/628 629/629/629 630/630/630
f 628/628/628 630/630/630 631/631/631
f 632/632/632 578/578/578 567/567/567
f 632/632/632 567/567/567 633/633/633
f 634/634/634 635/635/635 575/575/575
f 634/634/634 575/575/575 574/574/574
f 636/636/636 629/629/629 615/615/615
f 636/636/636 615/615/615 625/625/625
f 636/636/636 637/637/637 630/630/630
f 636/636/636 630/630/630 629/629/629
f 628/628/628 616/616/616 615/615/615
f 628/628/628 615/615/615 629/629/629
f 638/638/638 639/639/639 640/640/640
f 638/638/638 640/640/640 641/641/641
f 642/642/642 586/586/586 575/575/575
f 642/642/642 575/575/575 635/635/635
f 642/642/642 643/643/643 587/587/587
f 642/642/642 587/587/587 586/586/586
f 599/599/599 594/594/594 598/598/598
f 599/599/599 598/598/598 644/644/644
f 645/645/645 441/441/441 440/440/440
f 645/645/645 440/440/440 646/646/646
f 647/647/647 648/648/648 439/439/439
f 647/647/647 439/439/439 438/438/438
f 649/649/649 650/650/650 651/651/651
f 649/649/649 651/651/651 652/652/652
f 653/653/653 654/654/654 648/648/648
f 653/653/653 648/648/648 647/647/647
f 652/652/652 651/651/651 655/655/655
f 652/652/652 655/655/655 656/656/656
f 657/657/657 658/658/658 659/659/659
f 657/657/657 659/659/659 660/660/660
f 661/661/661 662/662/662 663/663/663
f 661/661/661 663/663/663 664/664/664
f 665/665/665 666/666/666 667/667/667
f 665/665/665 667/667/667 668/668/668
f 669/669/669 670/670/670 671/671/671
f 669/669/669 671/671/671 672/672/672
f 673/673/673 674/674/674 675/675/675
f 673/673/673 675/675/675 676/676/676
f 677/677/677 678/678/678 679/679/679
f 677/677/677 679/679/679 680/680/680
f 681/681/681 682/682/682 639/639/639
f 681/681/681 639/639/639 638/638/638
f 683/683/683 458/458/458 457/457/457
f 683/683/683 457/457/457 684/684/684
f 685/685/685 686/686/686 687/687/687
f 685/685/685 687/687/687 688/688/688
f 688/688/688 689/689/689 690/690/690
f 688/688/688 690/690/690 691/691/691
f 685/685/685 688/688/688 691/691/691
f 685/685/685 691/691/691 692/692/692
f 693/693/693 694/694/694 695/695/695
f 693/693/693 695/695/695 696/696/696
f 697/697/697 692/692/692 691/691/691
f 697/697/697 691/691/691 698/698/698
f 694/694/694 699/699/699 700/700/700
f 694/694/694 700/700/700 695/695/695
f 701/701/701 702/702/702 703/703/703
f 701/701/701 703/703/703 704/704/704
f 701/701/701 696/696/696 695/695/695
f 701/701/701 695/695/695 702/702/702
f 702/702/702 705/705/705 706/706/706
f 702/702/702 706/706/706 703/703/703
f 707/707/707 708/708/708 709/709/709
f 707/707/707 709/709/709 710/710/710
f 711/711/711 712/712/712 687/687/687
f 711/711/711 687/687/687 686/686/686
f 477/477/477 478/478/478 713/713/713
f 477/477/477 713/713/713 714/714/714
f 715/715/715 716/716/716 717/717/717
f 715/715/715 717/717/717 718/718/718
f 715/715/715 719/719/719 720/720/720
f 715/715/715 720/720/720 716/716/716
f 721/721/721 722/722/722 723/723/723
f 721/721/721 723/723/723 724/724/724
f 725/725/725 718/718/718 717/717/717
f 725/725/725 717/717/717 726/726/726
f 727/727/727 728/728/728 729/729/729
f 727/727/727 729/729/729 730/730/730
f 731/731/731 732/732/732 733/733/733
f 731/731/731 733/733/733 734/734/734
f 735/735/735 736/736/736 737/737/737
f 735/735/735 737/737/737 738/738/738
f 735/735/735 730/730/730 729/729/729
f 735/735/735 729/729/729 736/736/736
f 739/739/739 740/740/740 654/654/654
f 739/739/739 654/654/654 653/653/653
f 741/741/741 742/742/742 743/743/743
f 741/741/741 743/743/743 744/744/744
f 745/745/745 746/746/746 747/747/747
f 745/745/745 747/747/747 748/748/748
f 749/749/749 745/745/745 748/748/748
f 749/749/749 748/748/748 750/750/750
f 751/751/751 752/752/752 753/753/753
f 751/751/751 753/753/753 754/754/754
f 755/755/755 756/756/756 757/757/757
f 755/755/755 757/757/757 758/758/758
f 716/716/716 759/759/759 760/760/760
f 716/716/716 760/760/760 717/717/717
f 716/716/716 720/720/720 761/761/761
f 716/716/716 761/761/761 759/759/759
f 722/722/722 762/762/762 763/763/763
f 722/722/722 763/763/763 723/723/723
f 726/726/726 717/717/717 760/760/760
f 726/726/726 760/760/760 764/764/764
f 728/728/728 765/765/765 766/766/766
f 728/728/728 766/766/766 729/729/729
f 734/734/734 733/733/733 767/767/767
f 734/734/734 767/767/767 768/768/768
f 736/736/736 769/769/769 770/770/770
f 736/736/736 770/770/770 737/737/737
f 736/736/736 729/729/729 766/766/766
f 736/736/736 766/766/766 769/769/769
f 756/756/756 771/771/771 772/772/772
f 756/756/756 772/772/772 757/757/757
f 759/759/759 599/599/599 644/644/644
f 759/759/759 644/644/644 760/760/760
f 759/759/759 761/761/761 600/600/600
f 759/759/759 600/600/600 599/599/599
f 762/762/762 521/521/521 524/524/524
f 762/762/762 524/524/524 763/763/763
f 764/764/764 760/760/760 644/644/644
f 764/764/764 644/644/644 601/601/601
f 765/765/765 613/613/613 616/616/616
f 765/765/765 616/616/616 766/766/766
f 768/768/768 767/767/767 627/627/627
f 768/768/768 627/627/627 626/626/626
f 769/769/769 628/628/628 631/631/631
f 769/769/769 631/631/631 770/770/770
f 769/769/769 766/766/766 616/616/616
f 769/769/769 616/616/616 628/628/628
f 771/771/771 641/641/641 640/640/640
f 771/771/771 640/640/640 772/772/772
f 773/773/773 538/538/538 519/519/519
f 773/773/773 519/519/519 774/774/774
f 613/613/613 626/626/626 621/621/621
f 613/613/613 621/621/621 614/614/614
f 451/451/451 455/455/455 458/458/458
f 451/451/451 458/458/458 452/452/452
f 459/459/459 485/485/485 455/455/455
f 459/459/459 455/455/455 451/451/451
f 495/495/495 498/498/498 492/492/492
f 495/495/495 492/492/492 491/491/491
f 774/774/774 519/519/519 520/520/520
f 774/774/774 520/520/520 775/775/775
f 528/528/528 529/529/529 492/492/492
f 528/528/528 492/492/492 498/498/498
f 573/573/573 577/577/577 578/578/578
f 573/573/573 578/578/578 574/574/574
f 581/581/581 584/584/584 580/580/580
f 581/581/581 580/580/580 579/579/579
f 624/624/624 614/614/614 621/621/621
f 624/624/624 621/621/621 620/620/620
f 428/428/428 532/532/532 448/448/448
f 428/428/428 448/448/448 429/429/429
f 634/634/634 574/574/574 578/578/578
f 634/634/634 578/578/578 632/632/632
f 776/776/776 669/669/669 672/672/672
f 776/776/776 672/672/672 777/777/777
f 778/778/778 779/779/779 780/780/780
f 778/778/778 780/780/780 781/781/781
f 727/727/727 731/731/731 734/734/734
f 727/727/727 734/734/734 728/728/728
f 728/728/728 734/734/734 768/768/768
f 728/728/728 768/768/768 765/765/765
f 765/765/765 768/768/768 626/626/626
f 765/765/765 626/626/626 613/613/613
f 531/531/531 782/782/782 449/449/449
f 531/531/531 449/449/449 448/448/448
f 479/479/479 481/481/481 484/484/484
f 479/479/479 484/484/484 480/480/480
f 473/473/473 487/487/487 490/490/490
f 473/473/473 490/490/490 474/474/474
f 513/513/513 514/514/514 510/510/510
f 513/513/513 510/510/510 509/509/509
f 536/536/536 480/480/480 484/484/484
f 536/536/536 484/484/484 534/534/534
f 557/557/557 558/558/558 554/554/554
f 557/557/557 554/554/554 553/553/553
f 559/559/559 561/561/561 564/564/564
f 559/559/559 564/564/564 560/560/560
f 606/606/606 607/607/607 522/522/522
f 606/606/606 522/522/522 602/602/602
f 601/601/601 644/644/644 598/598/598
f 601/601/601 598/598/598 602/602/602
f 617/617/617 618/618/618 554/554/554
f 617/617/617 554/554/554 558/558/558
f 783/783/783 784/784/784 658/658/658
f 783/783/783 658/658/658 657/657/657
f 712/712/712 785/785/785 786/786/786
f 712/712/712 786/786/786 687/687/687
f 725/725/725 726/726/726 722/722/722
f 725/725/725 722/722/722 721/721/721
f 726/726/726 764/764/764 762/762/762
f 726/726/726 762/762/762 722/722/722
f 764/764/764 601/601/601 521/521/521
f 764/764/764 521/521/521 762/762/762
f 683/683/683 684/684/684 511/511/511
f 683/683/683 511/511/511 510/510/510
f 711/711/711 787/787/787 710/710/710
f 711/711/711 710/710/710 712/712/712
f 704/704/704 788/788/788 510/510/510
f 704/704/704 510/510/510 514/514/514
f 789/789/789 790/790/790 791/791/791
f 789/789/789 791/791/791 792/792/792
f 793/793/793 612/612/612 611/611/611
f 793/793/793 611/611/611 794/794/794
f 795/795/795 796/796/796 610/610/610
f 795/795/795 610/610/610 609/609/609
f 797/797/797 649/649/649 652/652/652
f 797/797/797 652/652/652 798/798/798
f 799/799/799 800/800/800 796/796/796
f 799/799/799 796/796/796 795/795/795
f 798/798/798 652/652/652 656/656/656
f 798/798/798 656/656/656 661/661/661
f 801/801/801 657/657/657 660/660/660
f 801/801/801 660/660/660 802/802/802
f 655/655/655 784/784/784 783/783/783
f 655/655/655 783/783/783 656/656/656
f 670/670/670 665/665/665 668/668/668
f 670/670/670 668/668/668 677/677/677
f 803/803/803 666/666/666 665/665/665
f 803/803/803 665/665/665 804/804/804
f 678/678/678 673/673/673 676/676/676
f 678/678/678 676/676/676 805/805/805
f 667/667/667 674/674/674 673/673/673
f 667/667/667 673/673/673 668/668/668
f 806/806/806 807/807/807 790/790/790
f 806/806/806 790/790/790 789/789/789
f 808/808/808 809/809/809 800/800/800
f 808/808/808 800/800/800 799/799/799
f 810/810/810 811/811/811 812/812/812
f 810/810/810 812/812/812 813/813/813
f 814/814/814 815/815/815 746/746/746
f 814/814/814 746/746/746 745/745/745
f 816/816/816 814/814/814 745/745/745
f 816/816/816 745/745/745 749/749/749
f 817/817/817 818/818/818 819/819/819
f 817/817/817 819/819/819 820/820/820
f 821/821/821 822/822/822 823/823/823
f 821/821/821 823/823/823 824/824/824
f 822/822/822 825/825/825 826/826/826
f 822/822/822 826/826/826 823/823/823
f 825/825/825 792/792/792 791/791/791
f 825/825/825 791/791/791 826/826/826
f 610/610/610 438/438/438 441/441/441
f 610/610/610 441/441/441 611/611/611
f 827/827/827 803/803/803 804/804/804
f 827/827/827 804/804/804 828/828/828
f 662/662/662 783/783/783 657/657/657
f 662/662/662 657/657/657 801/801/801
f 790/790/790 638/638/638 641/641/641
f 790/790/790 641/641/641 791/791/791
f 794/794/794 611/611/611 441/441/441
f 794/794/794 441/441/441 645/645/645
f 796/796/796 647/647/647 438/438/438
f 796/796/796 438/438/438 610/610/610
f 800/800/800 653/653/653 647/647/647
f 800/800/800 647/647/647 796/796/796
f 656/656/656 783/783/783 662/662/662
f 656/656/656 662/662/662 661/661/661
f 804/804/804 665/665/665 670/670/670
f 804/804/804 670/670/670 669/669/669
f 668/668/668 673/673/673 678/678/678
f 668/668/668 678/678/678 677/677/677
f 807/807/807 681/681/681 638/638/638
f 807/807/807 638/638/638 790/790/790
f 809/809/809 739/739/739 653/653/653
f 809/809/809 653/653/653 800/800/800
f 811/811/811 741/741/741 744/744/744
f 811/811/811 744/744/744 812/812/812
f 820/820/820 819/819/819 752/752/752
f 820/820/820 752/752/752 751/751/751
f 824/824/824 823/823/823 756/756/756
f 824/824/824 756/756/756 755/755/755
f 823/823/823 826/826/826 771/771/771
f 823/823/823 771/771/771 756/756/756
f 826/826/826 791/791/791 641/641/641
f 826/826/826 641/641/641 771/771/771
f 829/829/829 830/830/830 831/831/831
f 829/829/829 831/831/831 832/832/832
f 828/828/828 804/804/804 669/669/669
f 828/828/828 669/669/669 776/776/776
f 833/833/833 797/797/797 798/798/798
f 833/833/833 798/798/798 834/834/834
f 834/834/834 798/798/798 661/661/661
f 834/834/834 661/661/661 664/664/664
f 835/835/835 801/801/801 802/802/802
f 835/835/835 802/802/802 836/836/836
f 671/671/671 670/670/670 677/677/677
f 671/671/671 677/677/677 680/680/680
f 679/679/679 678/678/678 805/805/805
f 679/679/679 805/805/805 837/837/837
f 838/838/838 839/839/839 815/815/815
f 838/838/838 815/815/815 814/814/814
f 840/840/840 838/838/838 814/814/814
f 840/840/840 814/814/814 816/816/816
f 663/663/663 662/662/662 801/801/801
f 663/663/663 801/801/801 835/835/835
f 841/841/841 842/842/842 843/843/843
f 841/841/841 843/843/843 844/844/844
f 832/832/832 831/831/831 841/841/841
f 832/832/832 841/841/841 844/844/844
f 845/845/845 846/846/846 847/847/847
f 845/845/845 847/847/847 848/848/848
f 849/849/849 850/850/850 846/846/846
f 849/849/849 846/846/846 845/845/845
f 851/851/851 852/852/852 853/853/853
f 851/851/851 853/853/853 854/854/854
f 848/848/848 847/847/847 855/855/855
f 848/848/848 855/855/855 856/856/856
f 857/857/857 858/858/858 859/859/859
f 857/857/857 859/859/859 860/860/860
f 861/861/861 862/862/862 863/863/863
f 861/861/861 863/863/863 864/864/864
f 841/841/841 831/831/831 865/865/865
f 841/841/841 865/865/865 866/866/866
f 830/830/830 867/867/867 865/865/865
f 830/830/830 865/865/865 831/831/831
f 868/868/868 842/842/842 869/869/869
f 868/868/868 869/869/869 870/870/870
f 871/871/871 872/872/872 873/873/873
f 871/871/871 873/873/873 874/874/874
f 875/875/875 876/876/876 877/877/877
f 875/875/875 877/877/877 878/878/878
f 879/879/879 880/880/880 872/872/872
f 879/879/879 872/872/872 871/871/871
f 881/881/881 882/882/882 872/872/872
f 881/881/881 872/872/872 880/880/880
f 882/882/882 883/883/883 884/884/884
f 882/882/882 884/884/884 885/885/885
f 882/882/882 885/885/885 873/873/873
f 882/882/882 873/873/873 872/872/872
f 881/881/881 886/886/886 883/883/883
f 881/881/881 883/883/883 882/882/882
f 887/887/887 888/888/888 889/889/889
f 887/887/887 889/889/889 890/890/890
f 888/888/888 891/891/891 892/892/892
f 888/888/888 892/892/892 889/889/889
f 893/893/893 894/894/894 895/895/895
f 893/893/893 895/895/895 896/896/896
f 893/893/893 896/896/896 897/897/897
f 893/893/893 897/897/897 898/898/898
f 899/899/899 900/900/900 901/901/901
f 899/899/899 901/901/901 902/902/902
f 903/903/903 904/904/904 901/901/901
f 903/903/903 901/901/901 900/900/900
f 905/905/905 898/898/898 897/897/897
f 905/905/905 897/897/897 906/906/906
f 907/907/907 908/908/908 909/909/909
f 907/907/907 909/909/909 910/910/910
f 911/911/911 875/875/875 878/878/878
f 911/911/911 878/878/878 912/912/912
f 913/913/913 914/914/914 915/915/915
f 913/913/913 915/915/915 916/916/916
f 917/917/917 918/918/918 919/919/919
f 917/917/917 919/919/919 920/920/920
f 921/921/921 922/922/922 923/923/923
f 921/921/921 923/923/923 924/924/924
f 925/925/925 924/924/924 923/923/923
f 925/925/925 923/923/923 926/926/926
f 925/925/925 926/926/926 927/927/927
f 925/925/925 927/927/927 928/928/928
f 929/929/929 928/928/928 927/927/927
f 929/929/929 927/927/927 930/930/930
f 931/931/931 932/932/932 895/895/895
f 931/931/931 895/895/895 894/894/894
f 933/933/933 934/934/934 935/935/935
f 933/933/933 935/935/935 936/936/936
f 937/937/937 938/938/938 939/939/939
f 937/937/937 939/939/939 940/940/940
f 937/937/937 940/940/940 941/941/941
f 937/937/937 941/941/941 942/942/942
f 943/943/943 944/944/944 945/945/945
f 943/943/943 945/945/945 946/946/946
f 947/947/947 948/948/948 939/939/939
f 947/947/947 939/939/939 938/938/938
f 841/841/841 866/866/866 869/869/869
f 841/841/841 869/869/869 842/842/842
f 860/860/860 859/859/859 949/949/949
f 860/860/860 949/949/949 950/950/950
f 852/852/852 951/951/951 952/952/952
f 852/852/852 952/952/952 853/853/853
f 855/855/855 847/847/847 953/953/953
f 855/855/855 953/953/953 954/954/954
f 846/846/846 955/955/955 953/953/953
f 846/846/846 953/953/953 847/847/847
f 846/846/846 850/850/850 956/956/956
f 846/846/846 956/956/956 955/955/955
f 957/957/957 958/958/958 956/956/956
f 957/957/957 956/956/956 850/850/850
f 959/959/959 960/960/960 961/961/961
f 959/959/959 961/961/961 962/962/962
f 963/963/963 930/930/930 927/927/927
f 963/963/963 927/927/927 964/964/964
f 965/965/965 964/964/964 927/927/927
f 965/965/965 927/927/927 926/926/926
f 965/965/965 926/926/926 923/923/923
f 965/965/965 923/923/923 966/966/966
f 967/967/967 966/966/966 923/923/923
f 967/967/967 923/923/923 922/922/922
f 968/968/968 920/920/920 919/919/919
f 968/968/968 919/919/919 969/969/969
f 970/970/970 971/971/971 972/972/972
f 970/970/970 972/972/972 868/868/868
f 973/973/973 974/974/974 909/909/909
f 973/973/973 909/909/909 908/908/908
f 975/975/975 906/906/906 897/897/897
f 975/975/975 897/897/897 976/976/976
f 977/977/977 957/957/957 850/850/850
f 977/977/977 850/850/850 849/849/849
f 978/978/978 976/976/976 897/897/897
f 978/978/978 897/897/897 896/896/896
f 978/978/978 896/896/896 895/895/895
f 978/978/978 895/895/895 979/979/979
f 980/980/980 979/979/979 895/895/895
f 980/980/980 895/895/895 932/932/932
f 981/981/981 982/982/982 983/983/983
f 981/981/981 983/983/983 984/984/984
f 981/981/981 984/984/984 985/985/985
f 981/981/981 985/985/985 986/986/986
f 987/987/987 988/988/988 989/989/989
f 987/987/987 989/989/989 990/990/990
f 987/987/987 990/990/990 991/991/991
f 987/987/987 991/991/991 992/992/992
f 993/993/993 994/994/994 995/995/995
f 993/993/993 995/995/995 996/996/996
f 997/997/997 998/998/998 983/983/983
f 997/997/997 983/983/983 982/982/982
f 999/999/999 992/992/992 991/991/991
f 999/999/999 991/991/991 1000/1000/1000
f 1001/1001/1001 1002/1002/1002 1003/1003/1003
f 1001/1001/1001 1003/1003/1003 1004/1004/1004
f 1005/1005/1005 1006/1006/1006 1007/1007/1007
f 1005/1005/1005 1007/1007/1007 1008/1008/1008
f 1005/1005/1005 1008/1008/1008 995/995/995
f 1005/1005/1005 995/995/995 994/994/994
f 1009/1009/1009 1004/1004/1004 1003/1003/1003
f 1009/1009/1009 1003/1003/1003 1010/1010/1010
f 1009/1009/1009 1010/1010/1010 1011/1011/1011
f 1009/1009/1009 1011/1011/1011 1012/1012/1012
f 1013/1013/1013 1014/1014/1014 1015/1015/1015
f 1013/1013/1013 1015/1015/1015 1016/1016/1016
f 1017/1017/1017 1018/1018/1018 1007/1007/1007
f 1017/1017/1017 1007/1007/1007 1006/1006/1006
f 1019/1019/1019 1012/1012/1012 1011/1011/1011
f 1019/1019/1019 1011/1011/1011 1020/1020/1020
f 1021/1021/1021 1022/1022/1022 1023/1023/1023
f 1021/1021/1021 1023/1023/1023 1024/1024/1024
f 1025/1025/1025 1026/1026/1026 1027/1027/1027
f 1025/1025/1025 1027/1027/1027 1028/1028/1028
f 1025/1025/1025 1028/1028/1028 1015/1015/1015
f 1025/1025/1025 1015/1015/1015 1014/1014/1014
f 1029/1029/1029 1024/1024/1024 1023/1023/1023
f 1029/1029/1029 1023/1023/1023 1030/1030/1030
f 1029/1029/1029 1030/1030/1030 1031/1031/1031
f 1029/1029/1029 1031/1031/1031 1032/1032/1032
f 1033/1033/1033 1034/1034/1034 1035/1035/1035
f 1033/1033/1033 1035/1035/1035 1036/1036/1036
f 1037/1037/1037 1038/1038/1038 1039/1039/1039
f 1037/1037/1037 1039/1039/1039 1040/1040/1040
f 1041/1041/1041 1042/1042/1042 1043/1043/1043
f 1041/1041/1041 1043/1043/1043 1044/1044/1044
f 1045/1045/1045 1046/1046/1046 1047/1047/1047
f 1045/1045/1045 1047/1047/1047 1048/1048/1048
f 1049/1049/1049 1050/1050/1050 1051/1051/1051
f 1049/1049/1049 1051/1051/1051 1052/1052/1052
f 1049/1049/1049 1052/1052/1052 1053/1053/1053
f 1049/1049/1049 1053/1053/1053 1054/1054/1054
f 1055/1055/1055 1052/1052/1052 1051/1051/1051
f 1055/1055/1055 1051/1051/1051 1056/1056/1056
f 1057/1057/1057 959/959/959 962/962/962
f 1057/1057/1057 962/962/962 1058/1058/1058
f 1059/1059/1059 1060/1060/1060 985/985/985
f 1059/1059/1059 985/985/985 984/984/984
f 1059/1059/1059 984/984/984 983/983/983
f 1059/1059/1059 983/983/983 1061/1061/1061
f 1062/1062/1062 1054/1054/1054 1053/1053/1053
f 1062/1062/1062 1053/1053/1053 1058/1058/1058
f 1063/1063/1063 962/962/962 961/961/961
f 1063/1063/1063 961/961/961 1064/1064/1064
f 1065/1065/1065 1066/1066/1066 1067/1067/1067
f 1065/1065/1065 1067/1067/1067 1068/1068/1068
f 1069/1069/1069 1070/1070/1070 1071/1071/1071
f 1069/1069/1069 1071/1071/1071 1072/1072/1072
f 1073/1073/1073 1061/1061/1061 983/983/983
f 1073/1073/1073 983/983/983 998/998/998
f 1074/1074/1074 996/996/996 995/995/995
f 1074/1074/1074 995/995/995 1075/1075/1075
f 1076/1076/1076 1077/1077/1077 1078/1078/1078
f 1076/1076/1076 1078/1078/1078 1079/1079/1079
f 1080/1080/1080 1072/1072/1072 1071/1071/1071
f 1080/1080/1080 1071/1071/1071 1081/1081/1081
f 1082/1082/1082 1079/1079/1079 1078/1078/1078
f 1082/1082/1082 1078/1078/1078 1083/1083/1083
f 1084/1084/1084 1085/1085/1085 1086/1086/1086
f 1084/1084/1084 1086/1086/1086 1087/1087/1087
f 1088/1088/1088 1089/1089/1089 1007/1007/1007
f 1088/1088/1088 1007/1007/1007 1018/1018/1018
f 1090/1090/1090 1016/1016/1016 1015/1015/1015
f 1090/1090/1090 1015/1015/1015 1091/1091/1091
f 1092/1092/1092 1081/1081/1081 1071/1071/1071
f 1092/1092/1092 1071/1071/1071 1087/1087/1087
f 1092/1092/1092 1087/1087/1087 1086/1086/1086
f 1092/1092/1092 1086/1086/1086 1093/1093/1093
f 1084/1084/1084 1087/1087/1087 1071/1071/1071
f 1084/1084/1084 1071/1071/1071 1070/1070/1070
f 1094/1094/1094 1095/1095/1095 1096/1096/1096
f 1094/1094/1094 1096/1096/1096 1097/1097/1097
f 1098/1098/1098 1091/1091/1091 1015/1015/1015
f 1098/1098/1098 1015/1015/1015 1028/1028/1028
f 1098/1098/1098 1028/1028/1028 1027/1027/1027
f 1098/1098/1098 1027/1027/1027 1099/1099/1099
f 1100/1100/1100 1101/1101/1101 1096/1096/1096
f 1100/1100/1100 1096/1096/1096 1095/1095/1095
f 1102/1102/1102 1103/1103/1103 1104/1104/1104
f 1102/1102/1102 1104/1104/1104 1105/1105/1105
f 1106/1106/1106 1107/1107/1107 1035/1035/1035
f 1106/1106/1106 1035/1035/1035 1034/1034/1034
f 1055/1055/1055 1108/1108/1108 1053/1053/1053
f 1055/1055/1055 1053/1053/1053 1052/1052/1052
f 1109/1109/1109 1110/1110/1110 863/863/863
f 1109/1109/1109 863/863/863 862/862/862
f 1111/1111/1111 861/861/861 864/864/864
f 1111/1111/1111 864/864/864 1112/1112/1112
f 1113/1113/1113 1114/1114/1114 1115/1115/1115
f 1113/1113/1113 1115/1115/1115 1116/1116/1116
f 1117/1117/1117 1105/1105/1105 1104/1104/1104
f 1117/1117/1117 1104/1104/1104 1118/1118/1118
f 1119/1119/1119 1120/1120/1120 1121/1121/1121
f 1119/1119/1119 1121/1121/1121 1122/1122/1122
f 1123/1123/1123 1044/1044/1044 1043/1043/1043
f 1123/1123/1123 1043/1043/1043 1124/1124/1124
f 1125/1125/1125 1111/1111/1111 1112/1112/1112
f 1125/1125/1125 1112/1112/1112 1126/1126/1126
f 1114/1114/1114 1127/1127/1127 1128/1128/1128
f 1114/1114/1114 1128/1128/1128 1115/1115/1115
f 1129/1129/1129 1130/1130/1130 1131/1131/1131
f 1129/1129/1129 1131/1131/1131 1132/1132/1132
f 1133/1133/1133 1134/1134/1134 1135/1135/1135
f 1133/1133/1133 1135/1135/1135 1136/1136/1136
f 1137/1137/1137 1138/1138/1138 1139/1139/1139
f 1137/1137/1137 1139/1139/1139 1140/1140/1140
f 1141/1141/1141 1142/1142/1142 1143/1143/1143
f 1141/1141/1141 1143/1143/1143 1144/1144/1144
f 1145/1145/1145 1146/1146/1146 1147/1147/1147
f 1145/1145/1145 1147/1147/1147 1148/1148/1148
f 1149/1149/1149 1150/1150/1150 1151/1151/1151
f 1149/1149/1149 1151/1151/1151 1152/1152/1152
f 1153/1153/1153 1154/1154/1154 1155/1155/1155
f 1153/1153/1153 1155/1155/1155 1156/1156/1156
f 1157/1157/1157 1113/1113/1113 1116/1116/1116
f 1157/1157/1157 1116/1116/1116 1158/1158/1158
f 1159/1159/1159 1119/1119/1119 1122/1122/1122
f 1159/1159/1159 1122/1122/1122 1160/1160/1160
f 1161/1161/1161 1162/1162/1162 877/877/877
f 1161/1161/1161 877/877/877 876/876/876
f 1163/1163/1163 1164/1164/1164 1165/1165/1165
f 1163/1163/1163 1165/1165/1165 1166/1166/1166
f 1165/1165/1165 1167/1167/1167 1168/1168/1168
f 1165/1165/1165 1168/1168/1168 1169/1169/1169
f 1170/1170/1170 1167/1167/1167 1165/1165/1165
f 1170/1170/1170 1165/1165/1165 1164/1164/1164
f 1171/1171/1171 1172/1172/1172 1173/1173/1173
f 1171/1171/1171 1173/1173/1173 1174/1174/1174
f 1175/1175/1175 1172/1172/1172 1171/1171/1171
f 1175/1175/1175 1171/1171/1171 1176/1176/1176
f 1170/1170/1170 1177/1177/1177 1178/1178/1178
f 1170/1170/1170 1178/1178/1178 1167/1167/1167
f 1179/1179/1179 1180/1180/1180 1181/1181/1181
f 1179/1179/1179 1181/1181/1181 1182/1182/1182
f 1183/1183/1183 1180/1180/1180 1179/1179/1179
f 1183/1183/1183 1179/1179/1179 1184/1184/1184
f 1185/1185/1185 1186/1186/1186 1187/1187/1187
f 1185/1185/1185 1187/1187/1187 1188/1188/1188
f 1183/1183/1183 1188/1188/1188 1187/1187/1187
f 1183/1183/1183 1187/1187/1187 1180/1180/1180
f 1187/1187/1187 1186/1186/1186 1189/1189/1189
f 1187/1187/1187 1189/1189/1189 1190/1190/1190
f 780/780/780 779/779/779 1191/1191/1191
f 780/780/780 1191/1191/1191 1192/1192/1192
f 1193/1193/1193 1194/1194/1194 1195/1195/1195
f 1193/1193/1193 1195/1195/1195 1196/1196/1196
f 1194/1194/1194 1197/1197/1197 1198/1198/1198
f 1194/1194/1194 1198/1198/1198 1195/1195/1195
f 1199/1199/1199 1200/1200/1200 1201/1201/1201
f 1199/1199/1199 1201/1201/1201 1202/1202/1202
f 1163/1163/1163 1166/1166/1166 1203/1203/1203
f 1163/1163/1163 1203/1203/1203 1204/1204/1204
f 903/903/903 1205/1205/1205 1206/1206/1206
f 903/903/903 1206/1206/1206 904/904/904
f 1207/1207/1207 1208/1208/1208 1209/1209/1209
f 1207/1207/1207 1209/1209/1209 1210/1210/1210
f 1207/1207/1207 1210/1210/1210 1211/1211/1211
f 1207/1207/1207 1211/1211/1211 1212/1212/1212
f 1213/1213/1213 1214/1214/1214 1215/1215/1215
f 1213/1213/1213 1215/1215/1215 1216/1216/1216
f 1217/1217/1217 1218/1218/1218 1209/1209/1209
f 1217/1217/1217 1209/1209/1209 1208/1208/1208
f 1219/1219/1219 1220/1220/1220 1221/1221/1221
f 1219/1219/1219 1221/1221/1221 1222/1222/1222
f 1223/1223/1223 1224/1224/1224 1225/1225/1225
f 1223/1223/1223 1225/1225/1225 1226/1226/1226
f 1227/1227/1227 1228/1228/1228 1229/1229/1229
f 1227/1227/1227 1229/1229/1229 1230/1230/1230
f 1227/1227/1227 1230/1230/1230 1221/1221/1221
f 1227/1227/1227 1221/1221/1221 1220/1220/1220
f 1231/1231/1231 1232/1232/1232 1233/1233/1233
f 1231/1231/1231 1233/1233/1233 1234/1234/1234
f 1235/1235/1235 1236/1236/1236 1237/1237/1237
f 1235/1235/1235 1237/1237/1237 1238/1238/1238
f 1239/1239/1239 1125/1125/1125 1126/1126/1126
f 1239/1239/1239 1126/1126/1126 1240/1240/1240
f 1241/1241/1241 1242/1242/1242 1243/1243/1243
f 1241/1241/1241 1243/1243/1243 1244/1244/1244
f 1245/1245/1245 1246/1246/1246 1247/1247/1247
f 1245/1245/1245 1247/1247/1247 1248/1248/1248
f 1249/1249/1249 1250/1250/1250 1246/1246/1246
f 1249/1249/1249 1246/1246/1246 1245/1245/1245
f 1251/1251/1251 1252/1252/1252 1253/1253/1253
f 1251/1251/1251 1253/1253/1253 1254/1254/1254
f 1255/1255/1255 1256/1256/1256 1257/1257/1257
f 1255/1255/1255 1257/1257/1257 1258/1258/1258
f 1210/1210/1210 1209/1209/1209 1259/1259/1259
f 1210/1210/1210 1259/1259/1259 1260/1260/1260
f 1210/1210/1210 1260/1260/1260 1261/1261/1261
f 1210/1210/1210 1261/1261/1261 1211/1211/1211
f 1216/1216/1216 1215/1215/1215 1262/1262/1262
f 1216/1216/1216 1262/1262/1262 1263/1263/1263
f 1218/1218/1218 1264/1264/1264 1259/1259/1259
f 1218/1218/1218 1259/1259/1259 1209/1209/1209
f 1222/1222/1222 1221/1221/1221 1265/1265/1265
f 1222/1222/1222 1265/1265/1265 1266/1266/1266
f 1224/1224/1224 1267/1267/1267 1268/1268/1268
f 1224/1224/1224 1268/1268/1268 1225/1225/1225
f 1230/1230/1230 1229/1229/1229 1269/1269/1269
f 1230/1230/1230 1269/1269/1269 1270/1270/1270
f 1230/1230/1230 1270/1270/1270 1265/1265/1265
f 1230/1230/1230 1265/1265/1265 1221/1221/1221
f 1232/1232/1232 1271/1271/1271 1272/1272/1272
f 1232/1232/1232 1272/1272/1272 1233/1233/1233
f 1238/1238/1238 1237/1237/1237 1273/1273/1273
f 1238/1238/1238 1273/1273/1273 1274/1274/1274
f 1258/1258/1258 1257/1257/1257 1275/1275/1275
f 1258/1258/1258 1275/1275/1275 1276/1276/1276
f 1260/1260/1260 1259/1259/1259 1108/1108/1108
f 1260/1260/1260 1108/1108/1108 1055/1055/1055
f 1260/1260/1260 1055/1055/1055 1056/1056/1056
f 1260/1260/1260 1056/1056/1056 1261/1261/1261
f 1263/1263/1263 1262/1262/1262 960/960/960
f 1263/1263/1263 960/960/960 959/959/959
f 1264/1264/1264 1057/1057/1057 1108/1108/1108
f 1264/1264/1264 1108/1108/1108 1259/1259/1259
f 1266/1266/1266 1265/1265/1265 1070/1070/1070
f 1266/1266/1266 1070/1070/1070 1069/1069/1069
f 1267/1267/1267 1082/1082/1082 1083/1083/1083
f 1267/1267/1267 1083/1083/1083 1268/1268/1268
f 1270/1270/1270 1269/1269/1269 1085/1085/1085
f 1270/1270/1270 1085/1085/1085 1084/1084/1084
f 1270/1270/1270 1084/1084/1084 1070/1070/1070
f 1270/1270/1270 1070/1070/1070 1265/1265/1265
f 1271/1271/1271 1094/1094/1094 1097/1097/1097
f 1271/1271/1271 1097/1097/1097 1272/1272/1272
f 1274/1274/1274 1273/1273/1273 1103/1103/1103
f 1274/1274/1274 1103/1103/1103 1102/1102/1102
f 1276/1276/1276 1275/1275/1275 1121/1121/1121
f 1276/1276/1276 1121/1121/1121 1120/1120/1120
f 1277/1277/1277 1278/1278/1278 957/957/957
f 1277/1277/1277 957/957/957 977/977/977
f 1069/1069/1069 1072/1072/1072 1079/1079/1079
f 1069/1069/1069 1079/1079/1079 1082/1082/1082
f 871/871/871 874/874/874 876/876/876
f 871/871/871 876/876/876 875/875/875
f 879/879/879 871/871/871 875/875/875
f 879/879/879 875/875/875 911/911/911
f 921/921/921 917/917/917 920/920/920
f 921/921/921 920/920/920 922/922/922
f 1278/1278/1278 1279/1279/1279 958/958/958
f 1278/1278/1278 958/958/958 957/957/957
f 967/967/967 922/922/922 920/920/920
f 967/967/967 920/920/920 968/968/968
f 1013/1013/1013 1016/1016/1016 1018/1018/1018
f 1013/1013/1013 1018/1018/1018 1017/1017/1017
f 1021/1021/1021 1019/1019/1019 1020/1020/1020
f 1021/1021/1021 1020/1020/1020 1022/1022/1022
f 1080/1080/1080 1076/1076/1076 1079/1079/1079
f 1080/1080/1080 1079/1079/1079 1072/1072/1072
f 843/843/843 842/842/842 868/868/868
f 843/843/843 868/868/868 972/972/972
f 1090/1090/1090 1088/1088/1088 1018/1018/1018
f 1090/1090/1090 1018/1018/1018 1016/1016/1016
f 1280/1280/1280 1281/1281/1281 1142/1142/1142
f 1280/1280/1280 1142/1142/1142 1141/1141/1141
f 1282/1282/1282 1283/1283/1283 1172/1172/1172
f 1282/1282/1282 1172/1172/1172 1175/1175/1175
f 1219/1219/1219 1222/1222/1222 1224/1224/1224
f 1219/1219/1219 1224/1224/1224 1223/1223/1223
f 1222/1222/1222 1266/1266/1266 1267/1267/1267
f 1222/1222/1222 1267/1267/1267 1224/1224/1224
f 1266/1266/1266 1069/1069/1069 1082/1082/1082
f 1266/1266/1266 1082/1082/1082 1267/1267/1267
f 970/970/970 868/868/868 870/870/870
f 970/970/970 870/870/870 1284/1284/1284
f 905/905/905 906/906/906 908/908/908
f 905/905/905 908/908/908 907/907/907
f 899/899/899 902/902/902 914/914/914
f 899/899/899 914/914/914 913/913/913
f 947/947/947 943/943/943 946/946/946
f 947/947/947 946/946/946 948/948/948
f 975/975/975 973/973/973 908/908/908
f 975/975/975 908/908/908 906/906/906
f 997/997/997 993/993/993 996/996/996
f 997/997/997 996/996/996 998/998/998
f 999/999/999 1000/1000/1000 1002/1002/1002
f 999/999/999 1002/1002/1002 1001/1001/1001
f 1062/1062/1062 1058/1058/1058 962/962/962
f 1062/1062/1062 962/962/962 1063/1063/1063
f 1057/1057/1057 1058/1058/1058 1053/1053/1053
f 1057/1057/1057 1053/1053/1053 1108/1108/1108
f 1073/1073/1073 998/998/998 996/996/996
f 1073/1073/1073 996/996/996 1074/1074/1074
f 1285/1285/1285 1129/1129/1129 1132/1132/1132
f 1285/1285/1285 1132/1132/1132 1286/1286/1286
f 1203/1203/1203 1166/1166/1166 1287/1287/1287
f 1203/1203/1203 1287/1287/1287 1288/1288/1288
f 1217/1217/1217 1213/1213/1213 1216/1216/1216
f 1217/1217/1217 1216/1216/1216 1218/1218/1218
f 1218/1218/1218 1216/1216/1216 1263/1263/1263
f 1218/1218/1218 1263/1263/1263 1264/1264/1264
f 1264/1264/1264 1263/1263/1263 959/959/959
f 1264/1264/1264 959/959/959 1057/1057/1057
f 1161/1161/1161 946/946/946 945/945/945
f 1161/1161/1161 945/945/945 1162/1162/1162
f 778/778/778 1204/1204/1204 1203/1203/1203
f 778/778/778 1203/1203/1203 779/779/779
f 1185/1185/1185 948/948/948 946/946/946
f 1185/1185/1185 946/946/946 781/781/781
f 1289/1289/1289 1290/1290/1290 1291/1291/1291
f 1289/1289/1289 1291/1291/1291 1292/1292/1292
f 1293/1293/1293 1294/1294/1294 1067/1067/1067
f 1293/1293/1293 1067/1067/1067 1066/1066/1066
f 1295/1295/1295 1065/1065/1065 1068/1068/1068
f 1295/1295/1295 1068/1068/1068 1296/1296/1296
f 1297/1297/1297 1298/1298/1298 1114/1114/1114
f 1297/1297/1297 1114/1114/1114 1113/1113/1113
f 1299/1299/1299 1295/1295/1295 1296/1296/1296
f 1299/1299/1299 1296/1296/1296 1300/1300/1300
f 1298/1298/1298 1133/1133/1133 1127/1127/1127
f 1298/1298/1298 1127/1127/1127 1114/1114/1114
f 1301/1301/1301 1302/1302/1302 1130/1130/1130
f 1301/1301/1301 1130/1130/1130 1129/1129/1129
f 1128/1128/1128 1127/1127/1127 1285/1285/1285
f 1128/1128/1128 1285/1285/1285 1286/1286/1286
f 1144/1144/1144 1149/1149/1149 1138/1138/1138
f 1144/1144/1144 1138/1138/1138 1137/1137/1137
f 1303/1303/1303 1304/1304/1304 1137/1137/1137
f 1303/1303/1303 1137/1137/1137 1140/1140/1140
f 1152/1152/1152 1153/1153/1153 1146/1146/1146
f 1152/1152/1152 1146/1146/1146 1145/1145/1145
f 1139/1139/1139 1138/1138/1138 1145/1145/1145
f 1139/1139/1139 1145/1145/1145 1148/1148/1148
f 1147/1147/1147 1146/1146/1146 1305/1305/1305
f 1147/1147/1147 1305/1305/1305 1306/1306/1306
f 1307/1307/1307 1297/1297/1297 1113/1113/1113
f 1307/1307/1307 1113/1113/1113 1157/1157/1157
f 1308/1308/1308 1289/1289/1289 1292/1292/1292
f 1308/1308/1308 1292/1292/1292 1309/1309/1309
f 1310/1310/1310 1299/1299/1299 1300/1300/1300
f 1310/1310/1310 1300/1300/1300 1311/1311/1311
f 1312/1312/1312 1313/1313/1313 1314/1314/1314
f 1312/1312/1312 1314/1314/1314 1315/1315/1315
f 1316/1316/1316 1245/1245/1245 1248/1248/1248
f 1316/1316/1316 1248/1248/1248 1317/1317/1317
f 1318/1318/1318 1249/1249/1249 1245/1245/1245
f 1318/1318/1318 1245/1245/1245 1316/1316/1316
f 1319/1319/1319 1320/1320/1320 1321/1321/1321
f 1319/1319/1319 1321/1321/1321 1322/1322/1322
f 1323/1323/1323 1324/1324/1324 1325/1325/1325
f 1323/1323/1323 1325/1325/1325 1326/1326/1326
f 1326/1326/1326 1325/1325/1325 1327/1327/1327
f 1326/1326/1326 1327/1327/1327 1328/1328/1328
f 1328/1328/1328 1327/1327/1327 1291/1291/1291
f 1328/1328/1328 1291/1291/1291 1290/1290/1290
f 1068/1068/1068 1067/1067/1067 862/862/862
f 1068/1068/1068 862/862/862 861/861/861
f 1329/1329/1329 1330/1330/1330 1304/1304/1304
f 1329/1329/1329 1304/1304/1304 1303/1303/1303
f 1136/1136/1136 1301/1301/1301 1129/1129/1129
f 1136/1136/1136 1129/1129/1129 1285/1285/1285
f 1292/1292/1292 1291/1291/1291 1120/1120/1120
f 1292/1292/1292 1120/1120/1120 1119/1119/1119
f 1294/1294/1294 1109/1109/1109 862/862/862
f 1294/1294/1294 862/862/862 1067/1067/1067
f 1296/1296/1296 1068/1068/1068 861/861/861
f 1296/1296/1296 861/861/861 1111/1111/1111
f 1300/1300/1300 1296/1296/1296 1111/1111/1111
f 1300/1300/1300 1111/1111/1111 1125/1125/1125
f 1127/1127/1127 1133/1133/1133 1136/1136/1136
f 1127/1127/1127 1136/1136/1136 1285/1285/1285
f 1304/1304/1304 1141/1141/1141 1144/1144/1144
f 1304/1304/1304 1144/1144/1144 1137/1137/1137
f 1138/1138/1138 1149/1149/1149 1152/1152/1152
f 1138/1138/1138 1152/1152/1152 1145/1145/1145
f 1146/1146/1146 1153/1153/1153 1156/1156/1156
f 1146/1146/1146 1156/1156/1156 1305/1305/1305
f 1309/1309/1309 1292/1292/1292 1119/1119/1119
f 1309/1309/1309 1119/1119/1119 1159/1159/1159
f 1311/1311/1311 1300/1300/1300 1125/1125/1125
f 1311/1311/1311 1125/1125/1125 1239/1239/1239
f 1315/1315/1315 1314/1314/1314 1242/1242/1242
f 1315/1315/1315 1242/1242/1242 1241/1241/1241
f 1320/1320/1320 1251/1251/1251 1254/1254/1254
f 1320/1320/1320 1254/1254/1254 1321/1321/1321
f 1324/1324/1324 1255/1255/1255 1258/1258/1258
f 1324/1324/1324 1258/1258/1258 1325/1325/1325
f 1325/1325/1325 1258/1258/1258 1276/1276/1276
f 1325/1325/1325 1276/1276/1276 1327/1327/1327
f 1327/1327/1327 1276/1276/1276 1120/1120/1120
f 1327/1327/1327 1120/1120/1120 1291/1291/1291
f 1331/1331/1331 854/854/854 853/853/853
f 1331/1331/1331 853/853/853 1332/1332/1332
f 1330/1330/1330 1280/1280/1280 1141/1141/1141
f 1330/1330/1330 1141/1141/1141 1304/1304/1304
f 1333/1333/1333 1334/1334/1334 1298/1298/1298
f 1333/1333/1333 1298/1298/1298 1297/1297/1297
f 1334/1334/1334 1134/1134/1134 1133/1133/1133
f 1334/1334/1334 1133/1133/1133 1298/1298/1298
f 1335/1335/1335 1336/1336/1336 1302/1302/1302
f 1335/1335/1335 1302/1302/1302 1301/1301/1301
f 1143/1143/1143 1150/1150/1150 1149/1149/1149
f 1143/1143/1143 1149/1149/1149 1144/1144/1144
f 1151/1151/1151 1154/1154/1154 1153/1153/1153
f 1151/1151/1151 1153/1153/1153 1152/1152/1152
f 1337/1337/1337 1333/1333/1333 1297/1297/1297
f 1337/1337/1337 1297/1297/1297 1307/1307/1307
f 1338/1338/1338 1316/1316/1316 1317/1317/1317
f 1338/1338/1338 1317/1317/1317 1339/1339/1339
f 1340/1340/1340 1318/1318/1318 1316/1316/1316
f 1340/1340/1340 1316/1316/1316 1338/1338/1338
f 1135/1135/1135 1335/1335/1335 1301/1301/1301
f 1135/1135/1135 1301/1301/1301 1136/1136/1136
f 1341/1341/1341 1342/1342/1342 859/859/859
f 1341/1341/1341 859/859/859 858/858/858
f 1094/1094/1094 1343/1343/1343 1344/1344/1344
f 1094/1094/1094 1344/1344/1344 1095/1095/1095
f 887/887/887 1345/1345/1345 1346/1346/1346
f 887/887/887 1346/1346/1346 888/888/888
f 888/888/888 1346/1346/1346 1347/1347/1347
f 888/888/888 1347/1347/1347 891/891/891
f 929/929/929 930/930/930 502/502/502
f 929/929/929 502/502/502 501/501/501
f 931/931/931 470/470/470 469/469/469
f 931/931/931 469/469/469 932/932/932
f 933/933/933 1348/1348/1348 1349/1349/1349
f 933/933/933 1349/1349/1349 934/934/934
f 1342/1342/1342 1350/1350/1350 949/949/949
f 1342/1342/1342 949/949/949 859/859/859
f 1332/1332/1332 853/853/853 952/952/952
f 1332/1332/1332 952/952/952 1351/1351/1351
f 963/963/963 526/526/526 502/502/502
f 963/963/963 502/502/502 930/930/930
f 980/980/980 932/932/932 469/469/469
f 980/980/980 469/469/469 540/540/540
f 1033/1033/1033 1352/1352/1352 1353/1353/1353
f 1033/1033/1033 1353/1353/1353 1034/1034/1034
f 1037/1037/1037 1040/1040/1040 1354/1354/1354
f 1037/1037/1037 1354/1354/1354 1355/1355/1355
f 1041/1041/1041 1044/1044/1044 1356/1356/1356
f 1041/1041/1041 1356/1356/1356 1357/1357/1357
f 1045/1045/1045 1358/1358/1358 1359/1359/1359
f 1045/1045/1045 1359/1359/1359 1046/1046/1046
f 1100/1100/1100 1095/1095/1095 1344/1344/1344
f 1100/1100/1100 1344/1344/1344 1360/1360/1360
f 1102/1102/1102 1105/1105/1105 1361/1361/1361
f 1102/1102/1102 1361/1361/1361 1362/1362/1362
f 1106/1106/1106 1034/1034/1034 1353/1353/1353
f 1106/1106/1106 1353/1353/1353 1363/1363/1363
f 1117/1117/1117 1364/1364/1364 1361/1361/1361
f 1117/1117/1117 1361/1361/1361 1105/1105/1105
f 1123/1123/1123 1365/1365/1365 1356/1356/1356
f 1123/1123/1123 1356/1356/1356 1044/1044/1044
f 805/805/805 1156/1156/1156 1155/1155/1155
f 805/805/805 1155/1155/1155 837/837/837
f 1157/1157/1157 1158/1158/1158 650/650/650
f 1157/1157/1157 650/650/650 649/649/649
f 1283/1283/1283 1366/1366/1366 1173/1173/1173
f 1283/1283/1283 1173/1173/1173 1172/1172/1172
f 1196/1196/1196 1195/1195/1195 1367/1367/1367
f 1196/1196/1196 1367/1367/1367 1368/1368/1368
f 1367/1367/1367 1195/1195/1195 1198/1198/1198
f 1367/1367/1367 1198/1198/1198 1369/1369/1369
f 1199/1199/1199 1202/1202/1202 1370/1370/1370
f 1199/1199/1199 1370/1370/1370 1371/1371/1371
f 1231/1231/1231 1372/1372/1372 1373/1373/1373
f 1231/1231/1231 1373/1373/1373 1232/1232/1232
f 1235/1235/1235 1238/1238/1238 1374/1374/1374
f 1235/1235/1235 1374/1374/1374 1375/1375/1375
f 1232/1232/1232 1373/1373/1373 1376/1376/1376
f 1232/1232/1232 1376/1376/1376 1271/1271/1271
f 1238/1238/1238 1274/1274/1274 1377/1377/1377
f 1238/1238/1238 1377/1377/1377 1374/1374/1374
f 1271/1271/1271 1376/1376/1376 1343/1343/1343
f 1271/1271/1271 1343/1343/1343 1094/1094/1094
f 1274/1274/1274 1102/1102/1102 1362/1362/1362
f 1274/1274/1274 1362/1362/1362 1377/1377/1377
f 675/675/675 1306/1306/1306 1305/1305/1305
f 675/675/675 1305/1305/1305 676/676/676
f 1307/1307/1307 1157/1157/1157 649/649/649
f 1307/1307/1307 649/649/649 797/797/797
f 676/676/676 1305/1305/1305 1156/1156/1156
f 676/676/676 1156/1156/1156 805/805/805
f 1337/1337/1337 1307/1307/1307 797/797/797
f 1337/1337/1337 797/797/797 833/833/833
f 1378/1378/1378 430/430/430 431/431/431
f 1378/1378/1378 431/431/431 446/446/446
f 337/337/337 1379/1379/1379 1380/1380/1380
f 337/337/337 1380/1380/1380 347/347/347
f 330/330/330 345/345/345 1381/1381/1381
f 330/330/330 1381/1381/1381 1382/1382/1382
f 337/337/337 336/336/336 1383/1383/1383
f 337/337/337 1383/1383/1383 1379/1379/1379
f 325/325/325 1384/1384/1384 1385/1385/1385
f 325/325/325 1385/1385/1385 326/326/326
f 88/88/88 269/269/269 1386/1386/1386
f 88/88/88 1386/1386/1386 1387/1387/1387
f 322/322/322 89/89/89 1388/1388/1388
f 322/322/322 1388/1388/1388 1389/1389/1389
f 88/88/88 1387/1387/1387 1388/1388/1388
f 88/88/88 1388/1388/1388 89/89/89
f 326/326/326 1385/1385/1385 1390/1390/1390
f 326/326/326 1390/1390/1390 349/349/349
f 418/418/418 1391/1391/1391 1392/1392/1392
f 418/418/418 1392/1392/1392 419/419/419
f 330/330/330 1382/1382/1382 1393/1393/1393
f 330/330/330 1393/1393/1393 331/331/331
f 340/340/340 331/331/331 1393/1393/1393
f 340/340/340 1393/1393/1393 1394/1394/1394
f 307/307/307 309/309/309 1395/1395/1395
f 307/307/307 1395/1395/1395 1396/1396/1396
f 344/344/344 1397/1397/1397 1381/1381/1381
f 344/344/344 1381/1381/1381 345/345/345
f 342/342/342 1398/1398/1398 1399/1399/1399
f 342/342/342 1399/1399/1399 338/338/338
f 328/328/328 1400/1400/1400 1401/1401/1401
f 328/328/328 1401/1401/1401 343/343/343
f 332/332/332 1402/1402/1402 1403/1403/1403
f 332/332/332 1403/1403/1403 333/333/333
f 358/358/358 1404/1404/1404 1405/1405/1405
f 358/358/358 1405/1405/1405 362/362/362
f 340/340/340 1394/1394/1394 1406/1406/1406
f 340/340/340 1406/1406/1406 341/341/341
f 415/415/415 333/333/333 1403/1403/1403
f 415/415/415 1403/1403/1403 1407/1407/1407
f 301/301/301 1408/1408/1408 1404/1404/1404
f 301/301/301 1404/1404/1404 358/358/358
f 351/351/351 350/350/350 1409/1409/1409
f 351/351/351 1409/1409/1409 1410/1410/1410
f 342/342/342 341/341/341 1406/1406/1406
f 342/342/342 1406/1406/1406 1398/1398/1398
f 308/308/308 1411/1411/1411 1395/1395/1395
f 308/308/308 1395/1395/1395 309/309/309
f 332/332/332 351/351/351 1410/1410/1410
f 332/332/332 1410/1410/1410 1402/1402/1402
f 416/416/416 1412/1412/1412 1413/1413/1413
f 416/416/416 1413/1413/1413 327/327/327
f 339/339/339 338/338/338 1399/1399/1399
f 339/339/339 1399/1399/1399 1414/1414/1414
f 328/328/328 327/327/327 1413/1413/1413
f 328/328/328 1413/1413/1413 1400/1400/1400
f 252/252/252 425/425/425 1415/1415/1415
f 252/252/252 1415/1415/1415 1416/1416/1416
f 85/85/85 84/84/84 1417/1417/1417
f 85/85/85 1417/1417/1417 1418/1418/1418
f 162/162/162 1419/1419/1419 1420/1420/1420
f 162/162/162 1420/1420/1420 320/320/320
f 301/301/301 300/300/300 1421/1421/1421
f 301/301/301 1421/1421/1421 1408/1408/1408
f 324/324/324 85/85/85 1418/1418/1418
f 324/324/324 1418/1418/1418 1422/1422/1422
f 7/7/7 1423/1423/1423 1424/1424/1424
f 7/7/7 1424/1424/1424 304/304/304
f 355/355/355 1425/1425/1425 1426/1426/1426
f 355/355/355 1426/1426/1426 161/161/161
f 322/322/322 1389/1389/1389 1427/1427/1427
f 322/322/322 1427/1427/1427 311/311/311
f 252/252/252 1416/1416/1416 1428/1428/1428
f 252/252/252 1428/1428/1428 253/253/253
f 3/3/3 2/2/2 1429/1429/1429
f 3/3/3 1429/1429/1429 1430/1430/1430
f 302/302/302 299/299/299 1431/1431/1431
f 302/302/302 1431/1431/1431 1432/1432/1432
f 305/305/305 419/419/419 1392/1392/1392
f 305/305/305 1392/1392/1392 1433/1433/1433
f 319/319/319 303/303/303 1434/1434/1434
f 319/319/319 1434/1434/1434 1435/1435/1435
f 312/312/312 1436/1436/1436 1437/1437/1437
f 312/312/312 1437/1437/1437 359/359/359
f 162/162/162 161/161/161 1426/1426/1426
f 162/162/162 1426/1426/1426 1419/1419/1419
f 307/307/307 1396/1396/1396 1429/1429/1429
f 307/307/307 1429/1429/1429 2/2/2
f 7/7/7 6/6/6 1438/1438/1438
f 7/7/7 1438/1438/1438 1423/1423/1423
f 325/325/325 335/335/335 1439/1439/1439
f 325/325/325 1439/1439/1439 1384/1384/1384
f 3/3/3 1430/1430/1430 1431/1431/1431
f 3/3/3 1431/1431/1431 299/299/299
f 324/324/324 1422/1422/1422 1440/1440/1440
f 324/324/324 1440/1440/1440 346/346/346
f 305/305/305 1433/1433/1433 1441/1441/1441
f 305/305/305 1441/1441/1441 306/306/306
f 355/355/355 253/253/253 1428/1428/1428
f 355/355/355 1428/1428/1428 1425/1425/1425
f 312/312/312 311/311/311 1427/1427/1427
f 312/312/312 1427/1427/1427 1436/1436/1436
f 302/302/302 1432/1432/1432 1434/1434/1434
f 302/302/302 1434/1434/1434 303/303/303
f 417/417/417 1442/1442/1442 1439/1439/1439
f 417/417/417 1439/1439/1439 335/335/335
f 420/420/420 347/347/347 1380/1380/1380
f 420/420/420 1380/1380/1380 1443/1443/1443
f 421/421/421 346/346/346 1440/1440/1440
f 421/421/421 1440/1440/1440 1444/1444/1444
f 422/422/422 1445/1445/1445 1421/1421/1421
f 422/422/422 1421/1421/1421 300/300/300
f 423/423/423 304/304/304 1424/1424/1424
f 423/423/423 1424/1424/1424 1446/1446/1446
f 1447/1447/1447 1448/1448/1448 1449/1449/1449
f 1447/1447/1447 1449/1449/1449 1450/1450/1450
f 1451/1451/1451 1452/1452/1452 1453/1453/1453
f 1451/1451/1451 1453/1453/1453 1454/1454/1454
f 1455/1455/1455 1447/1447/1447 1450/1450/1450
f 1455/1455/1455 1450/1450/1450 1456/1456/1456
f 1457/1457/1457 1458/1458/1458 1459/1459/1459
f 1457/1457/1457 1459/1459/1459 1460/1460/1460
f 1461/1461/1461 1462/1462/1462 1463/1463/1463
f 1461/1461/1461 1463/1463/1463 1464/1464/1464
f 1465/1465/1465 1466/1466/1466 1467/1467/1467
f 1465/1465/1465 1467/1467/1467 1468/1468/1468
f 1462/1462/1462 1469/1469/1469 1470/1470/1470
f 1462/1462/1462 1470/1470/1470 1463/1463/1463
f 1466/1466/1466 1461/1461/1461 1464/1464/1464
f 1466/1466/1466 1464/1464/1464 1467/1467/1467
f 1471/1471/1471 1472/1472/1472 1473/1473/1473
f 1471/1471/1471 1473/1473/1473 1474/1474/1474
f 1475/1475/1475 1476/1476/1476 1477/1477/1477
f 1475/1475/1475 1477/1477/1477 1478/1478/1478
f 1452/1452/1452 1479/1479/1479 1480/1480/1480
f 1452/1452/1452 1480/1480/1480 1453/1453/1453
f 1481/1481/1481 1457/1457/1457 1460/1460/1460
f 1481/1481/1481 1460/1460/1460 1482/1482/1482
f 1483/1483/1483 1455/1455/1455 1456/1456/1456
f 1483/1483/1483 1456/1456/1456 1484/1484/1484
f 1479/1479/1479 1485/1485/1485 1486/1486/1486
f 1479/1479/1479 1486/1486/1486 1480/1480/1480
f 1487/1487/1487 1465/1465/1465 1468/1468/1468
f 1487/1487/1487 1468/1468/1468 1488/1488/1488
f 1448/1448/1448 1489/1489/1489 1490/1490/1490
f 1448/1448/1448 1490/1490/1490 1449/1449/1449
f 1469/1469/1469 1491/1491/1491 1492/1492/1492
f 1469/1469/1469 1492/1492/1492 1470/1470/1470
f 1485/1485/1485 1483/1483/1483 1484/1484/1484
f 1485/1485/1485 1484/1484/1484 1486/1486/1486
f 1458/1458/1458 1487/1487/1487 1488/1488/1488
f 1458/1458/1458 1488/1488/1488 1459/1459/1459
f 1491/1491/1491 1493/1493/1493 1494/1494/1494
f 1491/1491/1491 1494/1494/1494 1492/1492/1492
f 1472/1472/1472 1475/1475/1475 1478/1478/1478
f 1472/1472/1472 1478/1478/1478 1473/1473/1473
f 1493/1493/1493 1471/1471/1471 1474/1474/1474
f 1493/1493/1493 1474/1474/1474 1494/1494/1494
f 1476/1476/1476 1451/1451/1451 1454/1454/1454
f 1476/1476/1476 1454/1454/1454 1477/1477/1477
f 1489/1489/1489 1481/1481/1481 1482/1482/1482
f 1489/1489/1489 1482/1482/1482 1490/1490/1490
f 1495/1495/1495 1496/1496/1496 1497/1497/1497
f 1495/1495/1495 1497/1497/1497 1498/1498/1498
f 1499/1499/1499 1500/1500/1500 1501/1501/1501
f 1499/1499/1499 1501/1501/1501 1502/1502/1502
f 1503/1503/1503 1499/1499/1499 1502/1502/1502
f 1503/1503/1503 1502/1502/1502 1504/1504/1504
f 1505/1505/1505 1495/1495/1495 1498/1498/1498
f 1505/1505/1505 1498/1498/1498 1506/1506/1506
f 1507/1507/1507 1508/1508/1508 1509/1509/1509
f 1507/1507/1507 1509/1509/1509 1510/1510/1510
f 1511/1511/1511 1512/1512/1512 1513/1513/1513
f 1511/1511/1511 1513/1513/1513 1514/1514/1514
f 1515/1515/1515 1516/1516/1516 1517/1517/1517
f 1515/1515/1515 1517/1517/1517 1518/1518/1518
f 1512/1512/1512 1519/1519/1519 1520/1520/1520
f 1512/1512/1512 1520/1520/1520 1513/1513/1513
f 1516/1516/1516 1521/1521/1521 1522/1522/1522
f 1516/1516/1516 1522/1522/1522 1517/1517/1517
f 1523/1523/1523 1524/1524/1524 1525/1525/1525
f 1523/1523/1523 1525/1525/1525 1526/1526/1526
f 1527/1527/1527 1515/1515/1515 1518/1518/1518
f 1527/1527/1527 1518/1518/1518 1528/1528/1528
f 1529/1529/1529 1527/1527/1527 1528/1528/1528
f 1529/1529/1529 1528/1528/1528 1530/1530/1530
f 1531/1531/1531 1532/1532/1532 1533/1533/1533
f 1531/1531/1531 1533/1533/1533 1534/1534/1534
f 1532/1532/1532 1535/1535/1535 1536/1536/1536
f 1532/1532/1532 1536/1536/1536 1533/1533/1533
f 1496/1496/1496 1537/1537/1537 1538/1538/1538
f 1496/1496/1496 1538/1538/1538 1497/1497/1497
f 1508/1508/1508 1539/1539/1539 1540/1540/1540
f 1508/1508/1508 1540/1540/1540 1509/1509/1509
f 1541/1541/1541 1542/1542/1542 1543/1543/1543
f 1541/1541/1541 1543/1543/1543 1544/1544/1544
f 1539/1539/1539 1511/1511/1511 1514/1514/1514
f 1539/1539/1539 1514/1514/1514 1540/1540/1540
f 1519/1519/1519 1541/1541/1541 1544/1544/1544
f 1519/1519/1519 1544/1544/1544 1520/1520/1520
f 1545/1545/1545 1505/1505/1505 1506/1506/1506
f 1545/1545/1545 1506/1506/1506 1546/1546/1546
f 1542/1542/1542 1547/1547/1547 1548/1548/1548
f 1542/1542/1542 1548/1548/1548 1543/1543/1543
f 1521/1521/1521 1545/1545/1545 1546/1546/1546
f 1521/1521/1521 1546/1546/1546 1522/1522/1522
f 1549/1549/1549 1529/1529/1529 1530/1530/1530
f 1549/1549/1549 1530/1530/1530 1550/1550/1550
f 1547/1547/1547 1523/1523/1523 1526/1526/1526
f 1547/1547/1547 1526/1526/1526 1548/1548/1548
f 1551/1551/1551 1552/1552/1552 1553/1553/1553
f 1551/1551/1551 1553/1553/1553 1554/1554/1554
f 1555/1555/1555 1556/1556/1556 1557/1557/1557
f 1555/1555/1555 1557/1557/1557 1558/1558/1558
f 1552/1552/1552 1559/1559/1559 1560/1560/1560
f 1552/1552/1552 1560/1560/1560 1553/1553/1553
f 1556/1556/1556 1561/1561/1561 1562/1562/1562
f 1556/1556/1556 1562/1562/1562 1557/1557/1557
f 1563/1563/1563 1564/1564/1564 1565/1565/1565
f 1563/1563/1563 1565/1565/1565 1566/1566/1566
f 1567/1567/1567 1555/1555/1555 1558/1558/1558
f 1567/1567/1567 1558/1558/1558 1568/1568/1568
f 1569/1569/1569 1567/1567/1567 1568/1568/1568
f 1569/1569/1569 1568/1568/1568 1570/1570/1570
f 1564/1564/1564 1571/1571/1571 1572/1572/1572
f 1564/1564/1564 1572/1572/1572 1565/1565/1565
f 1571/1571/1571 1573/1573/1573 1574/1574/1574
f 1571/1571/1571 1574/1574/1574 1572/1572/1572
f 1575/1575/1575 1576/1576/1576 1577/1577/1577
f 1575/1575/1575 1577/1577/1577 1578/1578/1578
f 1579/1579/1579 1580/1580/1580 1581/1581/1581
f 1579/1579/1579 1581/1581/1581 1582/1582/1582
f 1583/1583/1583 1584/1584/1584 1585/1585/1585
f 1583/1583/1583 1585/1585/1585 1586/1586/1586
f 1580/1580/1580 1551/1551/1551 1554/1554/1554
f 1580/1580/1580 1554/1554/1554 1581/1581/1581
f 1559/1559/1559 1583/1583/1583 1586/1586/1586
f 1559/1559/1559 1586/1586/1586 1560/1560/1560
f 1587/1587/1587 1588/1588/1588 1589/1589/1589
f 1587/1587/1587 1589/1589/1589 1590/1590/1590
f 1584/1584/1584 1591/1591/1591 1592/1592/1592
f 1584/1584/1584 1592/1592/1592 1585/1585/1585
f 1561/1561/1561 1587/1587/1587 1590/1590/1590
f 1561/1561/1561 1590/1590/1590 1562/1562/1562
f 1573/1573/1573 1569/1569/1569 1570/1570/1570
f 1573/1573/1573 1570/1570/1570 1574/1574/1574
f 1591/1591/1591 1563/1563/1563 1566/1566/1566
f 1591/1591/1591 1566/1566/1566 1592/1592/1592
f 1593/1593/1593 1575/1575/1575 1578/1578/1578
f 1593/1593/1593 1578/1578/1578 1594/1594/1594
f 1595/1595/1595 1596/1596/1596 1597/1597/1597
f 1595/1595/1595 1597/1597/1597 1598/1598/1598
f 1576/1576/1576 1595/1595/1595 1598/1598/1598
f 1576/1576/1576 1598/1598/1598 1577/1577/1577
f 1588/1588/1588 1593/1593/1593 1594/1594/1594
f 1588/1588/1588 1594/1594/1594 1589/1589/1589
f 1596/1596/1596 1579/1579/1579 1582/1582/1582
f 1596/1596/1596 1582/1582/1582 1597/1597/1597
f 709/709/709 785/785/785 712/712/712
f 709/709/709 712/712/712 710/710/710
f 786/786/786 689/689/689 688/688/688
f 786/786/786 688/688/688 687/687/687
f 690/690/690 1599/1599/1599 698/698/698
f 690/690/690 698/698/698 691/691/691
f 700/700/700 705/705/705 702/702/702
f 700/700/700 702/702/702 695/695/695
f 706/706/706 708/708/708 707/707/707
f 706/706/706 707/707/707 703/703/703
f 1191/1191/1191 779/779/779 1203/1203/1203
f 1191/1191/1191 1203/1203/1203 1288/1288/1288
f 1287/1287/1287 1166/1166/1166 1165/1165/1165
f 1287/1287/1287 1165/1165/1165 1169/1169/1169
f 1168/1168/1168 1167/1167/1167 1178/1178/1178
f 1168/1168/1168 1178/1178/1178 1600/1600/1600
f 1181/1181/1181 1180/1180/1180 1187/1187/1187
f 1181/1181/1181 1187/1187/1187 1190/1190/1190
f 1189/1189/1189 1186/1186/1186 780/780/780
f 1189/1189/1189 780/780/780 1192/1192/1192
f 1601/1601/1601 1602/1602/1602 1603/1603/1603
f 1601/1601/1601 1603/1603/1603 1604/1604/1604
f 1605/1605/1605 1606/1606/1606 1607/1607/1607
f 1605/1605/1605 1607/1607/1607 1608/1608/1608
f 1609/1609/1609 1601/1601/1601 1604/1604/1604
f 1609/1609/1609 1604/1604/1604 1610/1610/1610
f 1611/1611/1611 1612/1612/1612 1613/1613/1613
f 1611/1611/1611 1613/1613/1613 1614/1614/1614
f 1615/1615/1615 1616/1616/1616 1617/1617/1617
f 1615/1615/1615 1617/1617/1617 1618/1618/1618
f 1619/1619/1619 1620/1620/1620 1621/1621/1621
f 1619/1619/1619 1621/1621/1621 1622/1622/1622
f 1616/1616/1616 1623/1623/1623 1624/1624/1624
f 1616/1616/1616 1624/1624/1624 1617/1617/1617
f 1620/1620/1620 1615/1615/1615 1618/1618/1618
f 1620/1620/1620 1618/1618/1618 1621/1621/1621
f 1625/1625/1625 1626/1626/1626 1627/1627/1627
f 1625/1625/1625 1627/1627/1627 1628/1628/1628
f 1629/1629/1629 1630/1630/1630 1631/1631/1631
f 1629/1629/1629 1631/1631/1631 1632/1632/1632
f 1606/1606/1606 1633/1633/1633 1634/1634/1634
f 1606/1606/1606 1634/1634/1634 1607/1607/1607
f 1635/1635/1635 1611/1611/1611 1614/1614/1614
f 1635/1635/1635 1614/1614/1614 1636/1636/1636
f 1637/1637/1637 1609/1609/1609 1610/1610/1610
f 1637/1637/1637 1610/1610/1610 1638/1638/1638
f 1633/1633/1633 1639/1639/1639 1640/1640/1640
f 1633/1633/1633 1640/1640/1640 1634/1634/1634
f 1641/1641/1641 1619/1619/1619 1622/1622/1622
f 1641/1641/1641 1622/1622/1622 1642/1642/1642
f 1602/1602/1602 1643/1643/1643 1644/1644/1644
f 1602/1602/1602 1644/1644/1644 1603/1603/1603
f 1623/1623/1623 1645/1645/1645 1646/1646/1646
f 1623/1623/1623 1646/1646/1646 1624/1624/1624
f 1639/1639/1639 1637/1637/1637 1638/1638/1638
f 1639/1639/1639 1638/1638/1638 1640/1640/1640
f 1612/1612/1612 1641/1641/1641 1642/1642/1642
f 1612/1612/1612 1642/1642/1642 1613/1613/1613
f 1645/1645/1645 1647/1647/1647 1648/1648/1648
f 1645/1645/1645 1648/1648/1648 1646/1646/1646
f 1626/1626/1626 1629/1629/1629 1632/1632/1632
f 1626/1626/1626 1632/1632/1632 1627/1627/1627
f 1647/1647/1647 1625/1625/1625 1628/1628/1628
f 1647/1647/1647 1628/1628/1628 1648/1648/1648
f 1630/1630/1630 1605/1605/1605 1608/1608/1608
f 1630/1630/1630 1608/1608/1608 1631/1631/1631
f 1643/1643/1643 1635/1635/1635 1636/1636/1636
f 1643/1643/1643 1636/1636/1636 1644/1644/1644
f 1604/1604/1604 1603/1603/1603 1448/1448/1448
f 1604/1604/1604 1448/1448/1448 1447/1447/1447
f 1608/1608/1608 1607/1607/1607 1452/1452/1452
f 1608/1608/1608 1452/1452/1452 1451/1451/1451
f 1610/1610/1610 1604/1604/1604 1447/1447/1447
f 1610/1610/1610 1447/1447/1447 1455/1455/1455
f 1614/1614/1614 1613/1613/1613 1458/1458/1458
f 1614/1614/1614 1458/1458/1458 1457/1457/1457
f 1618/1618/1618 1617/1617/1617 1462/1462/1462
f 1618/1618/1618 1462/1462/1462 1461/1461/1461
f 1622/1622/1622 1621/1621/1621 1466/1466/1466
f 1622/1622/1622 1466/1466/1466 1465/1465/1465
f 1617/1617/1617 1624/1624/1624 1469/1469/1469
f 1617/1617/1617 1469/1469/1469 1462/1462/1462
f 1621/1621/1621 1618/1618/1618 1461/1461/1461
f 1621/1621/1621 1461/1461/1461 1466/1466/1466
f 1628/1628/1628 1627/1627/1627 1472/1472/1472
f 1628/1628/1628 1472/1472/1472 1471/1471/1471
f 1632/1632/1632 1631/1631/1631 1476/1476/1476
f 1632/1632/1632 1476/1476/1476 1475/1475/1475
f 1607/1607/1607 1634/1634/1634 1479/1479/1479
f 1607/1607/1607 1479/1479/1479 1452/1452/1452
f 1636/1636/1636 1614/1614/1614 1457/1457/1457
f 1636/1636/1636 1457/1457/1457 1481/1481/1481
f 1638/1638/1638 1610/1610/1610 1455/1455/1455
f 1638/1638/1638 1455/1455/1455 1483/1483/1483
f 1634/1634/1634 1640/1640/1640 1485/1485/1485
f 1634/1634/1634 1485/1485/1485 1479/1479/1479
f 1642/1642/1642 1622/1622/1622 1465/1465/1465
f 1642/1642/1642 1465/1465/1465 1487/1487/1487
f 1603/1603/1603 1644/1644/1644 1489/1489/1489
f 1603/1603/1603 1489/1489/1489 1448/1448/1448
f 1624/1624/1624 1646/1646/1646 1491/1491/1491
f 1624/1624/1624 1491/1491/1491 1469/1469/1469
f 1640/1640/1640 1638/1638/1638 1483/1483/1483
f 1640/1640/1640 1483/1483/1483 1485/1485/1485
f 1613/1613/1613 1642/1642/1642 1487/1487/1487
f 1613/1613/1613 1487/1487/1487 1458/1458/1458
f 1646/1646/1646 1648/1648/1648 1493/1493/1493
f 1646/1646/1646 1493/1493/1493 1491/1491/1491
f 1627/1627/1627 1632/1632/1632 1475/1475/1475
f 1627/1627/1627 1475/1475/1475 1472/1472/1472
f 1648/1648/1648 1628/1628/1628 1471/1471/1471
f 1648/1648/1648 1471/1471/1471 1493/1493/1493
f 1631/1631/1631 1608/1608/1608 1451/1451/1451
f 1631/1631/1631 1451/1451/1451 1476/1476/1476
f 1644/1644/1644 1636/1636/1636 1481/1481/1481
f 1644/1644/1644 1481/1481/1481 1489/1489/1489
f 1649/1649/1649 1650/1650/1650 1651/1651/1651
f 1649/1649/1649 1651/1651/1651 1652/1652/1652
f 1652/1652/1652 1651/1651/1651 1496/1496/1496
f 1652/1652/1652 1496/1496/1496 1495/1495/1495
f 1653/1653/1653 1654/1654/1654 1655/1655/1655
f 1653/1653/1653 1655/1655/1655 1656/1656/1656
f 1656/1656/1656 1655/1655/1655 1500/1500/1500
f 1656/1656/1656 1500/1500/1500 1499/1499/1499
f 1657/1657/1657 1653/1653/1653 1656/1656/1656
f 1657/1657/1657 1656/1656/1656 1658/1658/1658
f 1658/1658/1658 1656/1656/1656 1499/1499/1499
f 1658/1658/1658 1499/1499/1499 1503/1503/1503
f 1659/1659/1659 1649/1649/1649 1652/1652/1652
f 1659/1659/1659 1652/1652/1652 1660/1660/1660
f 1660/1660/1660 1652/1652/1652 1495/1495/1495
f 1660/1660/1660 1495/1495/1495 1505/1505/1505
f 1661/1661/1661 1662/1662/1662 1663/1663/1663
f 1661/1661/1661 1663/1663/1663 1664/1664/1664
f 1664/1664/1664 1663/1663/1663 1508/1508/1508
f 1664/1664/1664 1508/1508/1508 1507/1507/1507
f 1665/1665/1665 1666/1666/1666 1667/1667/1667
f 1665/1665/1665 1667/1667/1667 1668/1668/1668
f 1668/1668/1668 1667/1667/1667 1512/1512/1512
f 1668/1668/1668 1512/1512/1512 1511/1511/1511
f 1669/1669/1669 1670/1670/1670 1671/1671/1671
f 1669/1669/1669 1671/1671/1671 1672/1672/1672
f 1672/1672/1672 1671/1671/1671 1516/1516/1516
f 1672/1672/1672 1516/1516/1516 1515/1515/1515
f 1666/1666/1666 1673/1673/1673 1674/1674/1674
f 1666/1666/1666 1674/1674/1674 1667/1667/1667
f 1667/1667/1667 1674/1674/1674 1519/1519/1519
f 1667/1667/1667 1519/1519/1519 1512/1512/1512
f 1670/1670/1670 1675/1675/1675 1676/1676/1676
f 1670/1670/1670 1676/1676/1676 1671/1671/1671
f 1671/1671/1671 1676/1676/1676 1521/1521/1521
f 1671/1671/1671 1521/1521/1521 1516/1516/1516
f 1677/1677/1677 1678/1678/1678 1679/1679/1679
f 1677/1677/1677 1679/1679/1679 1680/1680/1680
f 1680/1680/1680 1679/1679/1679 1524/1524/1524
f 1680/1680/1680 1524/1524/1524 1523/1523/1523
f 1681/1681/1681 1669/1669/1669 1672/1672/1672
f 1681/1681/1681 1672/1672/1672 1682/1682/1682
f 1682/1682/1682 1672/1672/1672 1515/1515/1515
f 1682/1682/1682 1515/1515/1515 1527/1527/1527
f 1683/1683/1683 1681/1681/1681 1682/1682/1682
f 1683/1683/1683 1682/1682/1682 1684/1684/1684
f 1684/1684/1684 1682/1682/1682 1527/1527/1527
f 1684/1684/1684 1527/1527/1527 1529/1529/1529
f 1685/1685/1685 1686/1686/1686 1687/1687/1687
f 1685/1685/1685 1687/1687/1687 1688/1688/1688
f 1688/1688/1688 1687/1687/1687 1532/1532/1532
f 1688/1688/1688 1532/1532/1532 1531/1531/1531
f 1686/1686/1686 1689/1689/1689 1690/1690/1690
f 1686/1686/1686 1690/1690/1690 1687/1687/1687
f 1687/1687/1687 1690/1690/1690 1535/1535/1535
f 1687/1687/1687 1535/1535/1535 1532/1532/1532
f 1650/1650/1650 1691/1691/1691 1692/1692/1692
f 1650/1650/1650 1692/1692/1692 1651/1651/1651
f 1651/1651/1651 1692/1692/1692 1537/1537/1537
f 1651/1651/1651 1537/1537/1537 1496/1496/1496
f 1662/1662/1662 1693/1693/1693 1694/1694/1694
f 1662/1662/1662 1694/1694/1694 1663/1663/1663
f 1663/1663/1663 1694/1694/1694 1539/1539/1539
f 1663/1663/1663 1539/1539/1539 1508/1508/1508
f 1695/1695/1695 1696/1696/1696 1697/1697/1697
f 1695/1695/1695 1697/1697/1697 1698/1698/1698
f 1698/1698/1698 1697/1697/1697 1542/1542/1542
f 1698/1698/1698 1542/1542/1542 1541/1541/1541
f 1693/1693/1693 1665/1665/1665 1668/1668/1668
f 1693/1693/1693 1668/1668/1668 1694/1694/1694
f 1694/1694/1694 1668/1668/1668 1511/1511/1511
f 1694/1694/1694 1511/1511/1511 1539/1539/1539
f 1673/1673/1673 1695/1695/1695 1698/1698/1698
f 1673/1673/1673 1698/1698/1698 1674/1674/1674
f 1674/1674/1674 1698/1698/1698 1541/1541/1541
f 1674/1674/1674 1541/1541/1541 1519/1519/1519
f 1699/1699/1699 1659/1659/1659 1660/1660/1660
f 1699/1699/1699 1660/1660/1660 1700/1700/1700
f 1700/1700/1700 1660/1660/1660 1505/1505/1505
f 1700/1700/1700 1505/1505/1505 1545/1545/1545
f 1696/1696/1696 1701/1701/1701 1702/1702/1702
f 1696/1696/1696 1702/1702/1702 1697/1697/1697
f 1697/1697/1697 1702/1702/1702 1547/1547/1547
f 1697/1697/1697 1547/1547/1547 1542/1542/1542
f 1675/1675/1675 1699/1699/1699 1700/1700/1700
f 1675/1675/1675 1700/1700/1700 1676/1676/1676
f 1676/1676/1676 1700/1700/1700 1545/1545/1545
f 1676/1676/1676 1545/1545/1545 1521/1521/1521
f 1703/1703/1703 1683/1683/1683 1684/1684/1684
f 1703/1703/1703 1684/1684/1684 1704/1704/1704
f 1704/1704/1704 1684/1684/1684 1529/1529/1529
f 1704/1704/1704 1529/1529/1529 1549/1549/1549
f 1701/1701/1701 1677/1677/1677 1680/1680/1680
f 1701/1701/1701 1680/1680/1680 1702/1702/1702
f 1702/1702/1702 1680/1680/1680 1523/1523/1523
f 1702/1702/1702 1523/1523/1523 1547/1547/1547
f 1705/1705/1705 1706/1706/1706 1552/1552/1552
f 1705/1705/1705 1552/1552/1552 1551/1551/1551
f 1707/1707/1707 1708/1708/1708 1556/1556/1556
f 1707/1707/1707 1556/1556/1556 1555/1555/1555
f 1706/1706/1706 1709/1709/1709 1559/1559/1559
f 1706/1706/1706 1559/1559/1559 1552/1552/1552
f 1708/1708/1708 1710/1710/1710 1561/1561/1561
f 1708/1708/1708 1561/1561/1561 1556/1556/1556
f 1711/1711/1711 1712/1712/1712 1564/1564/1564
f 1711/1711/1711 1564/1564/1564 1563/1563/1563
f 1713/1713/1713 1707/1707/1707 1555/1555/1555
f 1713/1713/1713 1555/1555/1555 1567/1567/1567
f 1714/1714/1714 1713/1713/1713 1567/1567/1567
f 1714/1714/1714 1567/1567/1567 1569/1569/1569
f 1712/1712/1712 1715/1715/1715 1571/1571/1571
f 1712/1712/1712 1571/1571/1571 1564/1564/1564
f 1715/1715/1715 1716/1716/1716 1573/1573/1573
f 1715/1715/1715 1573/1573/1573 1571/1571/1571
f 1717/1717/1717 1718/1718/1718 1576/1576/1576
f 1717/1717/1717 1576/1576/1576 1575/1575/1575
f 1719/1719/1719 1720/1720/1720 1580/1580/1580
f 1719/1719/1719 1580/1580/1580 1579/1579/1579
f 1721/1721/1721 1722/1722/1722 1584/1584/1584
f 1721/1721/1721 1584/1584/1584 1583/1583/1583
f 1720/1720/1720 1705/1705/1705 1551/1551/1551
f 1720/1720/1720 1551/1551/1551 1580/1580/1580
f 1709/1709/1709 1721/1721/1721 1583/1583/1583
f 1709/1709/1709 1583/1583/1583 1559/1559/1559
f 1723/1723/1723 1724/1724/1724 1588/1588/1588
f 1723/1723/1723 1588/1588/1588 1587/1587/1587
f 1722/1722/1722 1725/1725/1725 1591/1591/1591
f 1722/1722/1722 1591/1591/1591 1584/1584/1584
f 1710/1710/1710 1723/1723/1723 1587/1587/1587
f 1710/1710/1710 1587/1587/1587 1561/1561/1561
f 1716/1716/1716 1714/1714/1714 1569/1569/1569
f 1716/1716/1716 1569/1569/1569 1573/1573/1573
f 1725/1725/1725 1711/1711/1711 1563/1563/1563
f 1725/1725/1725 1563/1563/1563 1591/1591/1591
f 1726/1726/1726 1717/1717/1717 1575/1575/1575
f 1726/1726/1726 1575/1575/1575 1593/1593/1593
f 1727/1727/1727 1728/1728/1728 1596/1596/1596
f 1727/1727/1727 1596/1596/1596 1595/1595/1595
f 1718/1718/1718 1727/1727/1727 1595/1595/1595
f 1718/1718/1718 1595/1595/1595 1576/1576/1576
f 1724/1724/1724 1726/1726/1726 1593/1593/1593
f 1724/1724/1724 1593/1593/1593 1588/1588/1588
f 1728/1728/1728 1719/1719/1719 1579/1579/1579
f 1728/1728/1728 1579/1579/1579 1596/1596/1596
f 513/513/513 473/473/473 476/476/476
f 513/513/513 476/476/476 506/506/506
f 503/503/503 506/506/506 476/476/476
f 503/503/503 476/476/476 477/477/477
f 509/509/509 512/512/512 488/488/488
f 509/509/509 488/488/488 487/487/487
f 503/503/503 477/477/477 714/714/714
f 503/503/503 714/714/714 507/507/507
f 603/603/603 715/715/715 718/718/718
f 603/603/603 718/718/718 605/605/605
f 603/603/603 604/604/604 719/719/719
f 603/603/603 719/719/719 715/715/715
f 618/618/618 721/721/721 724/724/724
f 618/618/618 724/724/724 619/619/619
f 617/617/617 605/605/605 718/718/718
f 617/617/617 718/718/718 725/725/725
f 744/744/744 743/743/743 740/740/740
f 744/744/744 740/740/740 739/739/739
f 513/513/513 509/509/509 487/487/487
f 513/513/513 487/487/487 473/473/473
f 617/617/617 725/725/725 721/721/721
f 617/617/617 721/721/721 618/618/618
f 813/813/813 812/812/812 809/809/809
f 813/813/813 809/809/809 808/808/808
f 812/812/812 744/744/744 739/739/739
f 812/812/812 739/739/739 809/809/809
f 947/947/947 938/938/938 900/900/900
f 947/947/947 900/900/900 899/899/899
f 937/937/937 903/903/903 900/900/900
f 937/937/937 900/900/900 938/938/938
f 943/943/943 913/913/913 916/916/916
f 943/943/943 916/916/916 944/944/944
f 1199/1199/1199 933/933/933 936/936/936
f 1199/1199/1199 936/936/936 1200/1200/1200
f 937/937/937 942/942/942 1205/1205/1205
f 937/937/937 1205/1205/1205 903/903/903
f 1059/1059/1059 1061/1061/1061 1208/1208/1208
f 1059/1059/1059 1208/1208/1208 1207/1207/1207
f 1059/1059/1059 1207/1207/1207 1212/1212/1212
f 1059/1059/1059 1212/1212/1212 1060/1060/1060
f 1074/1074/1074 1075/1075/1075 1214/1214/1214
f 1074/1074/1074 1214/1214/1214 1213/1213/1213
f 1073/1073/1073 1217/1217/1217 1208/1208/1208
f 1073/1073/1073 1208/1208/1208 1061/1061/1061
f 1123/1123/1123 1124/1124/1124 1236/1236/1236
f 1123/1123/1123 1236/1236/1236 1235/1235/1235
f 1242/1242/1242 1239/1239/1239 1240/1240/1240
f 1242/1242/1242 1240/1240/1240 1243/1243/1243
f 947/947/947 899/899/899 913/913/913
f 947/947/947 913/913/913 943/943/943
f 1073/1073/1073 1074/1074/1074 1213/1213/1213
f 1073/1073/1073 1213/1213/1213 1217/1217/1217
f 1313/1313/1313 1310/1310/1310 1311/1311/1311
f 1313/1313/1313 1311/1311/1311 1314/1314/1314
f 1314/1314/1314 1311/1311/1311 1239/1239/1239
f 1314/1314/1314 1239/1239/1239 1242/1242/1242
f 1199/1199/1199 1371/1371/1371 1348/1348/1348
f 1199/1199/1199 1348/1348/1348 933/933/933
f 1123/1123/1123 1235/1235/1235 1375/1375/1375
f 1123/1123/1123 1375/1375/1375 1365/1365/1365
f 1729/1729/1729 459/459/459 460/460/460
f 1729/1729/1729 460/460/460 1730/1730/1730
f 1731/1731/1731 1730/1730/1730 460/460/460
f 1731/1731/1731 460/460/460 461/461/461
f 1731/1731/1731 461/461/461 466/466/466
f 1731/1731/1731 466/466/466 1732/1732/1732
f 1733/1733/1733 1734/1734/1734 486/486/486
f 1733/1733/1733 486/486/486 485/485/485
f 634/634/634 727/727/727 730/730/730
f 634/634/634 730/730/730 635/635/635
f 632/632/632 633/633/633 732/732/732
f 632/632/632 732/732/732 731/731/731
f 642/642/642 735/735/735 738/738/738
f 642/642/642 738/738/738 643/643/643
f 642/642/642 635/635/635 730/730/730
f 642/642/642 730/730/730 735/735/735
f 752/752/752 755/755/755 758/758/758
f 752/752/752 758/758/758 753/753/753
f 1729/1729/1729 1733/1733/1733 485/485/485
f 1729/1729/1729 485/485/485 459/459/459
f 634/634/634 632/632/632 731/731/731
f 634/634/634 731/731/731 727/727/727
f 818/818/818 821/821/821 824/824/824
f 818/818/818 824/824/824 819/819/819
f 819/819/819 824/824/824 755/755/755
f 819/819/819 755/755/755 752/752/752
f 1735/1735/1735 1736/1736/1736 880/880/880
f 1735/1735/1735 880/880/880 879/879/879
f 1737/1737/1737 881/881/881 880/880/880
f 1737/1737/1737 880/880/880 1736/1736/1736
f 1737/1737/1737 1738/1738/1738 886/886/886
f 1737/1737/1737 886/886/886 881/881/881
f 1739/1739/1739 887/887/887 890/890/890
f 1739/1739/1739 890/890/890 1740/1740/1740
f 1741/1741/1741 911/911/911 912/912/912
f 1741/1741/1741 912/912/912 1742/1742/1742
f 1090/1090/1090 1091/1091/1091 1220/1220/1220
f 1090/1090/1090 1220/1220/1220 1219/1219/1219
f 1088/1088/1088 1223/1223/1223 1226/1226/1226
f 1088/1088/1088 1226/1226/1226 1089/1089/1089
f 1098/1098/1098 1099/1099/1099 1228/1228/1228
f 1098/1098/1098 1228/1228/1228 1227/1227/1227
f 1098/1098/1098 1227/1227/1227 1220/1220/1220
f 1098/1098/1098 1220/1220/1220 1091/1091/1091
f 1106/1106/1106 1231/1231/1231 1234/1234/1234
f 1106/1106/1106 1234/1234/1234 1107/1107/1107
f 1254/1254/1254 1253/1253/1253 1256/1256/1256
f 1254/1254/1254 1256/1256/1256 1255/1255/1255
f 1735/1735/1735 879/879/879 911/911/911
f 1735/1735/1735 911/911/911 1741/1741/1741
f 1090/1090/1090 1219/1219/1219 1223/1223/1223
f 1090/1090/1090 1223/1223/1223 1088/1088/1088
f 1322/1322/1322 1321/1321/1321 1324/1324/1324
f 1322/1322/1322 1324/1324/1324 1323/1323/1323
f 1321/1321/1321 1254/1254/1254 1255/1255/1255
f 1321/1321/1321 1255/1255/1255 1324/1324/1324
f 1739/1739/1739 1743/1743/1743 1345/1345/1345
f 1739/1739/1739 1345/1345/1345 887/887/887
f 1106/1106/1106 1363/1363/1363 1372/1372/1372
f 1106/1106/1106 1372/1372/1372 1231/1231/1231
f 1744/1744/1744 1745/1745/1745 1746/1746/1746
f 1744/1744/1744 1746/1746/1746 1747/1747/1747
f 1748/1748/1748 1749/1749/1749 1750/1750/1750
f 1748/1748/1748 1750/1750/1750 1751/1751/1751
f 1752/1752/1752 1753/1753/1753 1754/1754/1754
f 1752/1752/1752 1754/1754/1754 1755/1755/1755
f 1756/1756/1756 1757/1757/1757 1758/1758/1758
f 1756/1756/1756 1758/1758/1758 1759/1759/1759
f 1757/1757/1757 1760/1760/1760 1761/1761/1761
f 1757/1757/1757 1761/1761/1761 1758/1758/1758
f 1762/1762/1762 1763/1763/1763 1764/1764/1764
f 1762/1762/1762 1764/1764/1764 1765/1765/1765
f 1766/1766/1766 1767/1767/1767 1768/1768/1768
f 1766/1766/1766 1768/1768/1768 1769/1769/1769
f 1770/1770/1770 1752/1752/1752 1755/1755/1755
f 1770/1770/1770 1755/1755/1755 1771/1771/1771
f 1772/1772/1772 1756/1756/1756 1759/1759/1759
f 1772/1772/1772 1759/1759/1759 1773/1773/1773
f 1774/1774/1774 1775/1775/1775 1776/1776/1776
f 1774/1774/1774 1776/1776/1776 1777/1777/1777
f 1778/1778/1778 1779/1779/1779 1780/1780/1780
f 1778/1778/1778 1780/1780/1780 1781/1781/1781
f 1782/1782/1782 1783/1783/1783 1784/1784/1784
f 1782/1782/1782 1784/1784/1784 1785/1785/1785
f 1749/1749/1749 1786/1786/1786 1787/1787/1787
f 1749/1749/1749 1787/1787/1787 1750/1750/1750
f 1763/1763/1763 1744/1744/1744 1747/1747/1747
f 1763/1763/1763 1747/1747/1747 1764/1764/1764
f 1788/1788/1788 1789/1789/1789 1790/1790/1790
f 1788/1788/1788 1790/1790/1790 1791/1791/1791
f 1792/1792/1792 1793/1793/1793 1794/1794/1794
f 1792/1792/1792 1794/1794/1794 1795/1795/1795
f 1760/1760/1760 1770/1770/1770 1771/1771/1771
f 1760/1760/1760 1771/1771/1771 1761/1761/1761
f 1796/1796/1796 1762/1762/1762 1765/1765/1765
f 1796/1796/1796 1765/1765/1765 1797/1797/1797
f 1753/1753/1753 1778/1778/1778 1781/1781/1781
f 1753/1753/1753 1781/1781/1781 1754/1754/1754
f 1793/1793/1793 1796/1796/1796 1797/1797/1797
f 1793/1793/1793 1797/1797/1797 1794/1794/1794
f 1775/1775/1775 1798/1798/1798 1799/1799/1799
f 1775/1775/1775 1799/1799/1799 1776/1776/1776
f 1745/1745/1745 1782/1782/1782 1785/1785/1785
f 1745/1745/1745 1785/1785/1785 1746/1746/1746
f 1767/1767/1767 1772/1772/1772 1773/1773/1773
f 1767/1767/1767 1773/1773/1773 1768/1768/1768
f 1779/1779/1779 1748/1748/1748 1751/1751/1751
f 1779/1779/1779 1751/1751/1751 1780/1780/1780
f 1798/1798/1798 1766/1766/1766 1769/1769/1769
f 1798/1798/1798 1769/1769/1769 1799/1799/1799
f 1786/1786/1786 1788/1788/1788 1791/1791/1791
f 1786/1786/1786 1791/1791/1791 1787/1787/1787
f 1783/1783/1783 1774/1774/1774 1777/1777/1777
f 1783/1783/1783 1777/1777/1777 1784/1784/1784
f 1789/1789/1789 1792/1792/1792 1795/1795/1795
f 1789/1789/1789 1795/1795/1795 1790/1790/1790
f 541/541/541 547/547/547 550/550/550
f 541/541/541 550/550/550 545/545/545
f 541/541/541 544/544/544 551/551/551
f 541/541/541 551/551/551 547/547/547
f 557/557/557 559/559/559 551/551/551
f 557/557/557 551/551/551 544/544/544
f 553/553/553 556/556/556 562/562/562
f 553/553/553 562/562/562 561/561/561
f 565/565/565 569/569/569 562/562/562
f 565/565/565 562/562/562 556/556/556
f 565/565/565 568/568/568 571/571/571
f 565/565/565 571/571/571 569/569/569
f 577/577/577 579/579/579 571/571/571
f 577/577/577 571/571/571 568/568/568
f 573/573/573 576/576/576 582/582/582
f 573/573/573 582/582/582 581/581/581
f 585/585/585 589/589/589 582/582/582
f 585/585/585 582/582/582 576/576/576
f 585/585/585 588/588/588 591/591/591
f 585/585/585 591/591/591 589/589/589
f 573/573/573 581/581/581 579/579/579
f 573/573/573 579/579/579 577/577/577
f 557/557/557 553/553/553 561/561/561
f 557/557/557 561/561/561 559/559/559
f 981/981/981 986/986/986 988/988/988
f 981/981/981 988/988/988 987/987/987
f 981/981/981 987/987/987 992/992/992
f 981/981/981 992/992/992 982/982/982
f 997/997/997 982/982/982 992/992/992
f 997/997/997 992/992/992 999/999/999
f 993/993/993 1001/1001/1001 1004/1004/1004
f 993/993/993 1004/1004/1004 994/994/994
f 1005/1005/1005 994/994/994 1004/1004/1004
f 1005/1005/1005 1004/1004/1004 1009/1009/1009
f 1005/1005/1005 1009/1009/1009 1012/1012/1012
f 1005/1005/1005 1012/1012/1012 1006/1006/1006
f 1017/1017/1017 1006/1006/1006 1012/1012/1012
f 1017/1017/1017 1012/1012/1012 1019/1019/1019
f 1013/1013/1013 1021/1021/1021 1024/1024/1024
f 1013/1013/1013 1024/1024/1024 1014/1014/1014
f 1025/1025/1025 1014/1014/1014 1024/1024/1024
f 1025/1025/1025 1024/1024/1024 1029/1029/1029
f 1025/1025/1025 1029/1029/1029 1032/1032/1032
f 1025/1025/1025 1032/1032/1032 1026/1026/1026
f 1033/1033/1033 1036/1036/1036 1038/1038/1038
f 1033/1033/1033 1038/1038/1038 1037/1037/1037
f 1041/1041/1041 1045/1045/1045 1048/1048/1048
f 1041/1041/1041 1048/1048/1048 1042/1042/1042
f 1013/1013/1013 1017/1017/1017 1019/1019/1019
f 1013/1013/1013 1019/1019/1019 1021/1021/1021
f 997/997/997 999/999/999 1001/1001/1001
f 997/997/997 1001/1001/1001 993/993/993
f 1033/1033/1033 1037/1037/1037 1355/1355/1355
f 1033/1033/1033 1355/1355/1355 1352/1352/1352
f 1041/1041/1041 1357/1357/1357 1358/1358/1358
f 1041/1041/1041 1358/1358/1358 1045/1045/1045
f 1768/1768/1768 1773/1773/1773 1800/1800/1800
f 1768/1768/1768 1800/1800/1800 1801/1801/1801
f 1791/1791/1791 1790/1790/1790 1802/1802/1802
f 1791/1791/1791 1802/1802/1802 1803/1803/1803
f 1755/1755/1755 1754/1754/1754 1804/1804/1804
f 1755/1755/1755 1804/1804/1804 1805/1805/1805
f 1799/1799/1799 1769/1769/1769 1806/1806/1806
f 1799/1799/1799 1806/1806/1806 1807/1807/1807
f 1761/1761/1761 1771/1771/1771 1808/1808/1808
f 1761/1761/1761 1808/1808/1808 1809/1809/1809
f 1784/1784/1784 1777/1777/1777 1810/1810/1810
f 1784/1784/1784 1810/1810/1810 1811/1811/1811
f 1754/1754/1754 1781/1781/1781 1812/1812/1812
f 1754/1754/1754 1812/1812/1812 1804/1804/1804
f 1795/1795/1795 1794/1794/1794 1813/1813/1813
f 1795/1795/1795 1813/1813/1813 1814/1814/1814
f 1747/1747/1747 1746/1746/1746 1815/1815/1815
f 1747/1747/1747 1815/1815/1815 1816/1816/1816
f 1780/1780/1780 1751/1751/1751 1817/1817/1817
f 1780/1780/1780 1817/1817/1817 1818/1818/1818
f 1776/1776/1776 1799/1799/1799 1807/1807/1807
f 1776/1776/1776 1807/1807/1807 1819/1819/1819
f 1787/1787/1787 1791/1791/1791 1803/1803/1803
f 1787/1787/1787 1803/1803/1803 1820/1820/1820
f 1765/1765/1765 1764/1764/1764 1821/1821/1821
f 1765/1765/1765 1821/1821/1821 1822/1822/1822
f 1769/1769/1769 1768/1768/1768 1801/1801/1801
f 1769/1769/1769 1801/1801/1801 1806/1806/1806
f 1790/1790/1790 1795/1795/1795 1814/1814/1814
f 1790/1790/1790 1814/1814/1814 1802/1802/1802
f 1773/1773/1773 1759/1759/1759 1823/1823/1823
f 1773/1773/1773 1823/1823/1823 1800/1800/1800
f 1777/1777/1777 1776/1776/1776 1819/1819/1819
f 1777/1777/1777 1819/1819/1819 1810/1810/1810
f 1751/1751/1751 1750/1750/1750 1824/1824/1824
f 1751/1751/1751 1824/1824/1824 1817/1817/1817
f 1785/1785/1785 1784/1784/1784 1811/1811/1811
f 1785/1785/1785 1811/1811/1811 1825/1825/1825
f 1758/1758/1758 1761/1761/1761 1809/1809/1809
f 1758/1758/1758 1809/1809/1809 1826/1826/1826
f 1764/1764/1764 1747/1747/1747 1816/1816/1816
f 1764/1764/1764 1816/1816/1816 1821/1821/1821
f 1771/1771/1771 1755/1755/1755 1805/1805/1805
f 1771/1771/1771 1805/1805/1805 1808/1808/1808
f 1759/1759/1759 1758/1758/1758 1826/1826/1826
f 1759/1759/1759 1826/1826/1826 1823/1823/1823
f 1781/1781/1781 1780/1780/1780 1818/1818/1818
f 1781/1781/1781 1818/1818/1818 1812/1812/1812
f 1797/1797/1797 1765/1765/1765 1822/1822/1822
f 1797/1797/1797 1822/1822/1822 1827/1827/1827
f 1746/1746/1746 1785/1785/1785 1825/1825/1825
f 1746/1746/1746 1825/1825/1825 1815/1815/1815
f 1750/1750/1750 1787/1787/1787 1820/1820/1820
f 1750/1750/1750 1820/1820/1820 1824/1824/1824
f 1794/1794/1794 1797/1797/1797 1827/1827/1827
f 1794/1794/1794 1827/1827/1827 1813/1813/1813
f 1807/1807/1807 1806/1806/1806 1828/1828/1828
f 1809/1809/1809 1808/1808/1808 1828/1828/1828
f 1811/1811/1811 1810/1810/1810 1828/1828/1828
f 1804/1804/1804 1812/1812/1812 1828/1828/1828
f 1814/1814/1814 1813/1813/1813 1828/1828/1828
f 1816/1816/1816 1815/1815/1815 1828/1828/1828
f 1818/1818/1818 1817/1817/1817 1828/1828/1828
f 1819/1819/1819 1807/1807/1807 1828/1828/1828
f 1820/1820/1820 1803/1803/1803 1828/1828/1828
f 1822/1822/1822 1821/1821/1821 1828/1828/1828
f 1806/1806/1806 1801/1801/1801 1828/1828/1828
f 1802/1802/1802 1814/1814/1814 1828/1828/1828
f 1800/1800/1800 1823/1823/1823 1828/1828/1828
f 1810/1810/1810 1819/1819/1819 1828/1828/1828
f 1817/1817/1817 1824/1824/1824 1828/1828/1828
f 1825/1825/1825 1811/1811/1811 1828/1828/1828
f 1826/1826/1826 1809/1809/1809 1828/1828/1828
f 1821/1821/1821 1816/1816/1816 1828/1828/1828
f 1808/1808/1808 1805/1805/1805 1828/1828/1828
f 1823/1823/1823 1826/1826/1826 1828/1828/1828
f 1812/1812/1812 1818/1818/1818 1828/1828/1828
f 1827/1827/1827 1822/1822/1822 1828/1828/1828
f 1815/1815/1815 1825/1825/1825 1828/1828/1828
f 1824/1824/1824 1820/1820/1820 1828/1828/1828
f 1813/1813/1813 1827/1827/1827 1828/1828/1828
f 1801/1801/1801 1800/1800/1800 1828/1828/1828
f 1803/1803/1803 1802/1802/1802 1828/1828/1828
f 1805/1805/1805 1804/1804/1804 1828/1828/1828
f 788/788/788 707/707/707 710/710/710
f 788/788/788 710/710/710 787/787/787
f 453/453/453 452/452/452 686/686/686
f 453/453/453 686/686/686 685/685/685
f 453/453/453 685/685/685 692/692/692
f 453/453/453 692/692/692 463/463/463
f 508/508/508 693/693/693 696/696/696
f 508/508/508 696/696/696 504/504/504
f 464/464/464 463/463/463 692/692/692
f 464/464/464 692/692/692 697/697/697
f 505/505/505 701/701/701 704/704/704
f 505/505/505 704/704/704 514/514/514
f 505/505/505 504/504/504 696/696/696
f 505/505/505 696/696/696 701/701/701
f 458/458/458 711/711/711 686/686/686
f 458/458/458 686/686/686 452/452/452
f 1161/1161/1161 778/778/778 781/781/781
f 1161/1161/1161 781/781/781 946/946/946
f 458/458/458 683/683/683 787/787/787
f 458/458/458 787/787/787 711/711/711
f 703/703/703 707/707/707 788/788/788
f 703/703/703 788/788/788 704/704/704
f 874/874/874 873/873/873 1164/1164/1164
f 874/874/874 1164/1164/1164 1163/1163/1163
f 885/885/885 1170/1170/1170 1164/1164/1164
f 885/885/885 1164/1164/1164 873/873/873
f 891/891/891 1175/1175/1175 1176/1176/1176
f 891/891/891 1176/1176/1176 892/892/892
f 885/885/885 884/884/884 1177/1177/1177
f 885/885/885 1177/1177/1177 1170/1170/1170
f 940/940/940 1183/1183/1183 1184/1184/1184
f 940/940/940 1184/1184/1184 941/941/941
f 948/948/948 1185/1185/1185 1188/1188/1188
f 948/948/948 1188/1188/1188 939/939/939
f 940/940/940 939/939/939 1188/1188/1188
f 940/940/940 1188/1188/1188 1183/1183/1183
f 1201/1201/1201 1193/1193/1193 1196/1196/1196
f 1201/1201/1201 1196/1196/1196 1202/1202/1202
f 874/874/874 1163/1163/1163 1204/1204/1204
f 874/874/874 1204/1204/1204 876/876/876
f 1347/1347/1347 1282/1282/1282 1175/1175/1175
f 1347/1347/1347 1175/1175/1175 891/891/891
f 1161/1161/1161 876/876/876 1204/1204/1204
f 1161/1161/1161 1204/1204/1204 778/778/778
f 1186/1186/1186 1185/1185/1185 781/781/781
f 1186/1186/1186 781/781/781 780/780/780
f 1202/1202/1202 1196/1196/1196 1368/1368/1368
f 1202/1202/1202 1368/1368/1368 1370/1370/1370
f 510/510/510 788/788/788 787/787/787
f 510/510/510 787/787/787 683/683/683
