v 0.40586328506469727 0.6827307343482971 0.647629976272583
v 0.4058063328266144 0.6828298568725586 0.6473132967948914
v 0.4058063328266144 0.679658830165863 0.6470993757247925
v 0.40586328506469727 0.6795867681503296 0.6474195122718811
v 0.40580111742019653 0.6829289793968201 0.6469965577125549
v 0.40580111742019653 0.6797309517860413 0.6467792391777039
v 0.4058063328266144 0.6730753183364868 0.6467592716217041
v 0.40586328506469727 0.6730254292488098 0.6470809578895569
v 0.40580111742019653 0.6731252074241638 0.6464375853538513
v 0.40598633885383606 0.6840391159057617 0.648068368434906
v 0.40586328506469727 0.6841470003128052 0.6478107571601868
v 0.40598633885383606 0.6826485991477966 0.6478923559188843
v 0.4058063328266144 0.6842772364616394 0.6474999189376831
v 0.40580111742019653 0.6844075322151184 0.6471890211105347
v 0.40583333373069763 0.6845154166221619 0.6469314694404602
v 0.40583333373069763 0.6830111145973206 0.6467341780662537
v 0.40583333373069763 0.6797906160354614 0.6465139985084534
v 0.40583333373069763 0.6731665730476379 0.6461710333824158
v 0.40583336353302 0.6614514589309692 0.6456055045127869
v 0.4058011472225189 0.6614237427711487 0.6458722352981567
v 0.40580636262893677 0.6613902449607849 0.6461940407752991
v 0.40586331486701965 0.6613567471504211 0.6465158462524414
v 0.40598633885383606 0.6729840636253357 0.6473475098609924
v 0.40598636865615845 0.6613290309906006 0.6467825770378113
v 0.40598633885383606 0.6795271039009094 0.6476848125457764
v 0.405863493680954 0.5598171353340149 0.6573620438575745
v 0.405863493680954 0.5588251352310181 0.6570616364479065
v 0.4058065414428711 0.5586760640144348 0.6573388576507568
v 0.4058065414428711 0.5597017407417297 0.6576507091522217
v 0.405863493680954 0.5578833222389221 0.656671941280365
v 0.4058065414428711 0.557698667049408 0.6569340825080872
v 0.40580132603645325 0.5585269331932068 0.6576160192489624
v 0.40580132603645325 0.5595864653587341 0.6579392552375793
v 0.40580132603645325 0.557513952255249 0.6571961641311646
v 0.4059865474700928 0.560918927192688 0.6573390364646912
v 0.4059865474700928 0.5599127411842346 0.6571229100227356
v 0.405863493680954 0.5608477592468262 0.6575849056243896
v 0.4059865474700928 0.5589486956596375 0.6568319797515869
v 0.4059865474700928 0.5580363869667053 0.6564548015594482
v 0.4059865474700928 0.5571852922439575 0.6559797525405884
v 0.405863493680954 0.5570032000541687 0.6561811566352844
v 0.4058065116405487 0.5567834973335266 0.6564241647720337
v 0.40580132603645325 0.5565637350082397 0.6566670536994934
v 0.40583354234695435 0.5563816428184509 0.6568683981895447
v 0.40583354234695435 0.5573609471321106 0.6574133038520813
v 0.40583354234695435 0.5584034323692322 0.657845675945282
v 0.40583354234695435 0.5594907999038696 0.6581783890724182
v 0.40580132603645325 0.5606759786605835 0.658178448677063
v 0.40583354234695435 0.5606048107147217 0.6584243178367615
v 0.4058065414428711 0.5607618689537048 0.6578816175460815
v 0.40586328506469727 0.6899662017822266 0.6613169312477112
v 0.40586328506469727 0.6892305612564087 0.6620755195617676
v 0.4058063328266144 0.6895396113395691 0.66231769323349
v 0.4058063328266144 0.6903030276298523 0.661529541015625
v 0.40586331486701965 0.688403308391571 0.6627326011657715
v 0.4058063328266144 0.6886810660362244 0.6630003452301025
v 0.4058011472225189 0.6898486018180847 0.6625598073005676
v 0.4058011472225189 0.6906397938728333 0.6617421507835388
v 0.4058011472225189 0.6889587640762329 0.663267970085144
v 0.40598633885383606 0.6902978420257568 0.6603201627731323
v 0.40598633885383606 0.6896871328353882 0.6611407399177551
v 0.40586328506469727 0.6905966997146606 0.6604689955711365
v 0.40598633885383606 0.6889744997024536 0.6618748903274536
v 0.40598636865615845 0.6881731748580933 0.6625108122825623
v 0.40598636865615845 0.6872962713241577 0.6630365252494812
v 0.40586331486701965 0.6874980330467224 0.6632758378982544
v 0.40580636262893677 0.6877415776252747 0.6635646820068359
v 0.4058011472225189 0.6879851222038269 0.6638534665107727
v 0.40583336353302 0.6881869435310364 0.6640927791595459
v 0.40583333373069763 0.6891888976097107 0.663489818572998
v 0.40583333373069763 0.690104603767395 0.6627604365348816
v 0.40583333373069763 0.6909189224243164 0.6619184017181396
v 0.40580111742019653 0.6913179755210876 0.6608284115791321
v 0.40583333373069763 0.6916168332099915 0.6609772443771362
v 0.4058063328266144 0.6909573674201965 0.660648763179779
v 0.41349342465400696 0.6008763313293457 0.6609008312225342
v 0.41349342465400696 0.6218790411949158 0.6620790362358093
v 0.41348668932914734 0.6218740344047546 0.662188708782196
v 0.4134867191314697 0.6008698344230652 0.6610088348388672
v 0.41349339485168457 0.6428971886634827 0.6632580757141113
v 0.41348665952682495 0.6428942084312439 0.6633694171905518
v 0.4134684205055237 0.6218709945678711 0.6622563600540161
v 0.41346845030784607 0.6008658409118652 0.6610755324363708
v 0.4134683907032013 0.6428924202919006 0.663438081741333
v 0.41349440813064575 0.5832973718643188 0.65975421667099
v 0.41349440813064575 0.6008861064910889 0.6607381105422974
v 0.41349345445632935 0.5832849144935608 0.6599147915840149
v 0.41349437832832336 0.6218866109848022 0.6619138717651367
v 0.413494348526001 0.6429016590118408 0.6630904674530029
v 0.4134943187236786 0.6605342030525208 0.6640766263008118
v 0.4134933650493622 0.6605349183082581 0.6642464995384216
v 0.41348662972450256 0.6605353355407715 0.6643592715263367
v 0.4134683907032013 0.6605356335639954 0.6644288301467896
v 0.4134328365325928 0.6605358123779297 0.6644692420959473
v 0.4134328365325928 0.6428913474082947 0.6634779572486877
v 0.41343286633491516 0.6218691468238831 0.6622956395149231
v 0.41343289613723755 0.600863516330719 0.6611142158508301
v 0.41346848011016846 0.5832715034484863 0.6600872278213501
v 0.41343292593955994 0.5832685232162476 0.6601254343986511
v 0.4134867191314697 0.583276629447937 0.6600214242935181
v 0.40586328506469727 0.691421389579773 0.6533651947975159
v 0.40586328506469727 0.6917091012001038 0.6543827652931213
v 0.4058063328266144 0.6921120285987854 0.6543260216712952
v 0.4058063328266144 0.6918135285377502 0.6532689929008484
v 0.40586328506469727 0.6918631792068481 0.6554290652275085
v 0.4058063328266144 0.6922719478607178 0.6554129719734192
v 0.40580111742019653 0.6925150752067566 0.6542693972587585
v 0.40580111742019653 0.6922056674957275 0.6531728506088257
v 0.40580111742019653 0.6926806569099426 0.6553968787193298
v 0.40598633885383606 0.6906920075416565 0.6525052189826965
v 0.40598633885383606 0.6910964846611023 0.6534449458122253
v 0.40586328506469727 0.6910039186477661 0.6523943543434143
v 0.40598633885383606 0.6913752555847168 0.6544297337532043
v 0.40598633885383606 0.6915245652198792 0.6554423570632935
v 0.40598633885383606 0.6915407776832581 0.6564654111862183
v 0.40586328506469727 0.69187992811203 0.6564861536026001
v 0.4058063328266144 0.6922892332077026 0.656511127948761
v 0.40580111742019653 0.6926985383033752 0.6565360426902771
v 0.40583333373069763 0.6930376291275024 0.6565567255020142
v 0.40583333373069763 0.6930193901062012 0.6553835868835449
v 0.40583333373069763 0.6928489208221436 0.6542224287986755
v 0.40583333373069763 0.692530632019043 0.6530930995941162
v 0.40580111742019653 0.6917567849159241 0.6521266102790833
v 0.40583333373069763 0.6920687556266785 0.6520156860351562
v 0.4058063328266144 0.6913803815841675 0.652260422706604
v 0.405863493680954 0.5621903538703918 0.6577586531639099
v 0.4058065414428711 0.5621278285980225 0.6580607295036316
v 0.4058065116405487 0.565212607383728 0.6582835912704468
v 0.405863493680954 0.5652575492858887 0.6579780578613281
v 0.40580132603645325 0.5620653033256531 0.6583628058433533
v 0.40580132603645325 0.5651676058769226 0.6585891246795654
v 0.4058065116405487 0.5717144012451172 0.6586626768112183
v 0.4058634638786316 0.5717468857765198 0.6583544611930847
v 0.40580132603645325 0.5716819763183594 0.6589708924293518
v 0.4059865474700928 0.5622421503067017 0.657508373260498
v 0.40583354234695435 0.5620135068893433 0.6586131453514099
v 0.40583354234695435 0.565130352973938 0.6588423848152161
v 0.40583351254463196 0.5716550946235657 0.6592262983322144
v 0.40583348274230957 0.5832876563072205 0.6598793268203735
v 0.40580126643180847 0.5833076238632202 0.65962153673172
v 0.4058064818382263 0.5833317637443542 0.6593103408813477
v 0.4058634340763092 0.5833559036254883 0.6589991450309753
v 0.4059865176677704 0.5717737674713135 0.6580991148948669
v 0.405986487865448 0.5833759307861328 0.658741295337677
v 0.4059865474700928 0.5652948021888733 0.657724916934967
v 0.40586328506469727 0.685242235660553 0.64804607629776
v 0.40586328506469727 0.6862898468971252 0.6483625769615173
v 0.4058063328266144 0.6864901185035706 0.6480725407600403
v 0.4058063328266144 0.6854066848754883 0.6477439403533936
v 0.40586328506469727 0.6872801780700684 0.6487730741500854
v 0.4058063328266144 0.687516450881958 0.6484987735748291
v 0.40580111742019653 0.6866904497146606 0.6477824449539185
v 0.40580111742019653 0.6855710744857788 0.6474418044090271
v 0.40580111742019653 0.6877527236938477 0.6482245922088623
v 0.40598633885383606 0.6851059794425964 0.6482964158058167
v 0.40598633885383606 0.6861239075660706 0.6486029624938965
v 0.40598633885383606 0.6870843768119812 0.6490002870559692
v 0.40598633885383606 0.687978982925415 0.6495006084442139
v 0.40586328506469727 0.6882034540176392 0.6492899656295776
v 0.4058063328266144 0.6884743571281433 0.6490356922149658
v 0.40580111742019653 0.6887452602386475 0.6487814784049988
v 0.40583333373069763 0.6889697313308716 0.6485708355903625
v 0.40583333373069763 0.6879485845565796 0.6479973196983337
v 0.40583333373069763 0.6868563890457153 0.6475421190261841
v 0.40583333373069763 0.6857073307037354 0.6471914649009705
v 0.4058634638786316 0.5585977435112 0.6425047516822815
v 0.4058634638786316 0.5595735907554626 0.6422119736671448
v 0.4058065116405487 0.5594536066055298 0.6419125199317932
v 0.4058065116405487 0.5584408044815063 0.6422168016433716
v 0.4058634638786316 0.560589611530304 0.6420133113861084
v 0.4058065116405487 0.5605042576789856 0.6417059302330017
v 0.40580129623413086 0.5593335628509521 0.6416131258010864
v 0.40580129623413086 0.5582838654518127 0.6419287919998169
v 0.40580129623413086 0.560418963432312 0.641398549079895
v 0.4059865176677704 0.5578332543373108 0.6431304216384888
v 0.4059865176677704 0.5587277412414551 0.6427434682846069
v 0.4058634638786316 0.5576727390289307 0.6429046392440796
v 0.4059865176677704 0.559673011302948 0.6424601078033447
v 0.4059865176677704 0.5606603026390076 0.6422680616378784
v 0.4059865176677704 0.5616810321807861 0.6421549320220947
v 0.4058634638786316 0.5616351962089539 0.6418960690498352
v 0.4058065116405487 0.5615799427032471 0.6415836215019226
v 0.40580129623413086 0.5615246891975403 0.64127117395401
v 0.40583351254463196 0.561478853225708 0.6410123109817505
v 0.40583351254463196 0.5603482127189636 0.6411438584327698
v 0.40583351254463196 0.559234082698822 0.6413649916648865
v 0.40583351254463196 0.5581538677215576 0.6416901350021362
v 0.40580129623413086 0.5572853088378906 0.6423595547676086
v 0.40583351254463196 0.5571247935295105 0.6421337723731995
v 0.4058065116405487 0.5574790239334106 0.6426320672035217
v 0.4058634638786316 0.5536128878593445 0.648352324962616
v 0.4058634638786316 0.553859293460846 0.6473789215087891
v 0.4058065116405487 0.553512692451477 0.6472799181938171
v 0.4058065116405487 0.5532565712928772 0.6482911109924316
v 0.4058634638786316 0.5542296767234802 0.6464454531669617
v 0.4058065116405487 0.5538979172706604 0.6463102102279663
v 0.40580129623413086 0.5531661510467529 0.6471809148788452
v 0.40580129623413086 0.5529001355171204 0.6482298970222473
v 0.40580129623413086 0.5535661578178406 0.6461749076843262
v 0.4059865176677704 0.5537949204444885 0.6493678689002991
v 0.4059865176677704 0.5539081692695618 0.6484031081199646
v 0.4058634638786316 0.5534958839416504 0.6493491530418396
v 0.4059865176677704 0.554146409034729 0.6474609971046448
v 0.4059865176677704 0.5545045137405396 0.6465575098991394
v 0.4059865176677704 0.554977297782898 0.6457086801528931
v 0.4058634638786316 0.5547186136245728 0.6455684304237366
v 0.4058065116405487 0.554406464099884 0.6453992128372192
v 0.40580129623413086 0.5540943145751953 0.6452298760414124
v 0.40583351254463196 0.5538356304168701 0.6450896263122559
v 0.40583351254463196 0.5532913208007812 0.6460629105567932
v 0.40583351254463196 0.5528789758682251 0.6470988392829895
v 0.40583351254463196 0.5526048541069031 0.6481791734695435
v 0.40580129623413086 0.5527738332748413 0.6493040919303894
v 0.40583351254463196 0.5524746775627136 0.6492853760719299
v 0.4058065116405487 0.5531347990036011 0.6493266224861145
v 0.41349342465400696 0.6017698645591736 0.6427156925201416
v 0.41348668932914734 0.6017740964889526 0.6426065564155579
v 0.41348665952682495 0.6227862238883972 0.6436101794242859
v 0.41349339485168457 0.622780442237854 0.6437197923660278
v 0.4134684205055237 0.601776659488678 0.6425392031669617
v 0.4134683907032013 0.6227898001670837 0.6435425281524658
v 0.41348662972450256 0.6438159346580505 0.6446146965026855
v 0.4134933650493622 0.6438080668449402 0.6447246670722961
v 0.4134683609008789 0.6438208222389221 0.6445467472076416
v 0.41349440813064575 0.5841702222824097 0.6420379281044006
v 0.41349342465400696 0.5841736793518066 0.6418740749359131
v 0.41349437832832336 0.6017635464668274 0.6428801417350769
v 0.4134867191314697 0.5841760635375977 0.6417653560638428
v 0.41346845030784607 0.5841774940490723 0.6416981816291809
v 0.41343289613723755 0.5841783285140991 0.6416592001914978
v 0.41343286633491516 0.6017781496047974 0.642500102519989
v 0.4134328365325928 0.6227918863296509 0.6435032486915588
v 0.4134328067302704 0.6438236236572266 0.6445072889328003
v 0.413432776927948 0.6614779233932495 0.645350992679596
v 0.4134683310985565 0.66147381067276 0.645390510559082
v 0.4134865999221802 0.6614667177200317 0.6454585790634155
v 0.4134933352470398 0.6614552736282349 0.64556884765625
v 0.4134943187236786 0.6437961459159851 0.6448903679847717
v 0.4134942889213562 0.66143798828125 0.645734965801239
v 0.413494348526001 0.6227717995643616 0.6438848972320557
v 0.405863493680954 0.5561963319778442 0.6555814146995544
v 0.4058634638786316 0.5554744005203247 0.6548816561698914
v 0.4058065116405487 0.5551931262016296 0.6550740599632263
v 0.4058065116405487 0.5559441447257996 0.6558010578155518
v 0.4058634638786316 0.5548490285873413 0.6540946960449219
v 0.4058065116405487 0.5545426607131958 0.6542565822601318
v 0.40580132603645325 0.5549119710922241 0.655266523361206
v 0.40580132603645325 0.5556919574737549 0.6560207009315491
v 0.40580132603645325 0.5542363524436951 0.654418408870697
v 0.4059865474700928 0.5564053058624268 0.6553994417190552
v 0.4059865474700928 0.5557073354721069 0.6547222137451172
v 0.4059865176677704 0.5551028847694397 0.653960645198822
v 0.4059865176677704 0.5546031594276428 0.6531273126602173
v 0.4058634638786316 0.5543320775032043 0.6532335877418518
v 0.4058065116405487 0.5540048480033875 0.6533620357513428
v 0.40580132603645325 0.5536776781082153 0.6534903645515442
v 0.40583351254463196 0.5534065961837769 0.6535967588424683
v 0.40583351254463196 0.5539824366569519 0.6545524597167969
v 0.40583351254463196 0.5546789169311523 0.6554259061813354
v 0.40583351254463196 0.5554830431938171 0.6562026739120483
v 0.4134039878845215 0.5622877478599548 0.657288134098053
v 0.4134039878845215 0.5653275847434998 0.6575021743774414
v 0.4134676456451416 0.5653196573257446 0.6575561165809631
v 0.413467675447464 0.5622767210006714 0.657341480255127
v 0.4134039580821991 0.5717973709106445 0.657874345779419
v 0.4134676456451416 0.5717917084693909 0.6579287648200989
v 0.4134911298751831 0.565305769443512 0.6576501131057739
v 0.4134911298751831 0.5622574090957642 0.6574344038963318
v 0.4134911000728607 0.5717816948890686 0.6580235958099365
v 0.4132799506187439 0.5609896183013916 0.6570948958396912
v 0.4132799506187439 0.562293529510498 0.6572598218917847
v 0.4134039878845215 0.5609815716743469 0.6571227312088013
v 0.4132799506187439 0.5653318166732788 0.6574735045433044
v 0.4132799506187439 0.5718004703521729 0.6578454375267029
v 0.4132799208164215 0.583395779132843 0.6584852933883667
v 0.4134039282798767 0.5833935141563416 0.6585144400596619
v 0.4134676158428192 0.5833892822265625 0.6585693955421448
v 0.41349107027053833 0.5833817720413208 0.658665120601654
v 0.41349440813064575 0.5833700895309448 0.6588166952133179
v 0.4134944677352905 0.5717658996582031 0.6581737399101257
v 0.4134944677352905 0.5652838945388794 0.6577989459037781
v 0.4134944677352905 0.5622270107269287 0.657581627368927
v 0.4134911298751831 0.5609399676322937 0.65726637840271
v 0.4134944677352905 0.5608981251716614 0.6574109792709351
v 0.413467675447464 0.5609663724899292 0.6571750640869141
v 0.40586331486701965 0.6865274906158447 0.6636971831321716
v 0.40586331486701965 0.6855013370513916 0.6640057563781738
v 0.40580636262893677 0.6856710314750671 0.664323091506958
v 0.40580636262893677 0.6867345571517944 0.6640024185180664
v 0.40586331486701965 0.684428334236145 0.6642148494720459
v 0.40580636262893677 0.6845611929893494 0.6645405888557434
v 0.4058011472225189 0.6858407258987427 0.6646404266357422
v 0.4058011472225189 0.6869416832923889 0.6643076539039612
v 0.4058011472225189 0.6846940517425537 0.6648662686347961
v 0.40598636865615845 0.6863558888435364 0.6634442806243896
v 0.40598636865615845 0.6853607296943665 0.6637428402900696
v 0.40598636865615845 0.6843182444572449 0.6639450192451477
v 0.40598636865615845 0.6832361221313477 0.6640637516975403
v 0.40586331486701965 0.6833173036575317 0.6643379330635071
v 0.40580636262893677 0.6834153532981873 0.6646687984466553
v 0.4058011472225189 0.6835134029388428 0.6649996638298035
v 0.40583336353302 0.6835946440696716 0.6652738451957703
v 0.40583336353302 0.6848041415214539 0.6651360988616943
v 0.40583336353302 0.6859813332557678 0.6649034023284912
v 0.40583336353302 0.6871132850646973 0.6645606160163879
v 0.40586328506469727 0.6917569041252136 0.6575361490249634
v 0.40586328506469727 0.6914982795715332 0.658561646938324
v 0.4058063328266144 0.6918931007385254 0.658667266368866
v 0.4058063328266144 0.6921615600585938 0.6576019525527954
v 0.40586328506469727 0.6911096572875977 0.6595450639724731
v 0.4058063328266144 0.6914897561073303 0.6596888899803162
v 0.40580111742019653 0.6922878623008728 0.6587728261947632
v 0.40580111742019653 0.6925661563873291 0.6576676368713379
v 0.40580111742019653 0.691869854927063 0.6598326563835144
v 0.40598633885383606 0.6914216876029968 0.6574816703796387
v 0.40598633885383606 0.6911711692810059 0.6584742069244385
v 0.40598633885383606 0.6907947659492493 0.6594259738922119
v 0.40583333373069763 0.6921847462654114 0.6599517464637756
v 0.40583333373069763 0.6926149725914001 0.6588602662086487
v 0.40583333373069763 0.6929013729095459 0.6577221155166626
v 0.40586331486701965 0.6818937063217163 0.6643732786178589
v 0.40586331486701965 0.6787492036819458 0.6642594337463379
v 0.40580636262893677 0.6787887215614319 0.6645931601524353
v 0.40580636262893677 0.6819603443145752 0.6647067070007324
v 0.40586331486701965 0.6721920967102051 0.6639199256896973
v 0.40580636262893677 0.672209620475769 0.6642520427703857
v 0.4058011472225189 0.678828239440918 0.6649268865585327
v 0.4058011472225189 0.6820269823074341 0.6650400757789612
v 0.4058011472225189 0.672227144241333 0.6645842790603638
v 0.40598636865615845 0.6818385124206543 0.664097011089325
v 0.40598636865615845 0.6787163615226746 0.6639828681945801
v 0.40598636865615845 0.6721775531768799 0.6636446714401245
v 0.40598639845848083 0.6605296730995178 0.6630057096481323
v 0.40586334466934204 0.6605307459831238 0.663278341293335
v 0.40580636262893677 0.6605321168899536 0.6636073589324951
v 0.4058011770248413 0.6605335474014282 0.6639364361763
v 0.4058333933353424 0.660534679889679 0.6642090082168579
v 0.40583336353302 0.672241747379303 0.6648594737052917
v 0.40583336353302 0.6788610816001892 0.6652034521102905
v 0.40583336353302 0.6820821762084961 0.6653164029121399
v 0.40586328506469727 0.689049482345581 0.6499215364456177
v 0.40586328506469727 0.6898064017295837 0.6506585478782654
v 0.4058063328266144 0.6901377439498901 0.6504573225975037
v 0.4058063328266144 0.68935227394104 0.6496917605400085
v 0.40586328506469727 0.6904619336128235 0.6514873504638672
v 0.4058063328266144 0.6908180117607117 0.6513182520866394
v 0.40580111742019653 0.6904690861701965 0.6502561569213867
v 0.40580111742019653 0.6896551251411438 0.6494619846343994
v 0.40580111742019653 0.6911740899085999 0.6511491537094116
v 0.40598633885383606 0.6887985467910767 0.6501119136810303
v 0.40598633885383606 0.6895318627357483 0.6508252024650574
v 0.40598633885383606 0.6901669502258301 0.6516274213790894
v 0.40583333373069763 0.691469132900238 0.6510091423988342
v 0.40583333373069763 0.690743625164032 0.6500893831253052
v 0.40583333373069763 0.6899060010910034 0.6492716073989868
v 0.4058634638786316 0.5629849433898926 0.64186030626297
v 0.4058634638786316 0.5660542249679565 0.6419575214385986
v 0.4058065116405487 0.5660402178764343 0.6416409611701965
v 0.4058065116405487 0.5629532933235168 0.6415449976921082
v 0.4058634340763092 0.5725435614585876 0.6422520875930786
v 0.4058064818382263 0.5725420713424683 0.6419350504875183
v 0.40580129623413086 0.5660262107849121 0.6413244605064392
v 0.40580129623413086 0.5629217028617859 0.6412297487258911
v 0.40580129623413086 0.5725405216217041 0.641618013381958
v 0.4059865176677704 0.5630111694335938 0.6421214938163757
v 0.4059865176677704 0.5660658478736877 0.6422197818756104
v 0.4059865176677704 0.5725448131561279 0.6425147652626038
v 0.4059864580631256 0.5841478705406189 0.6430714726448059
v 0.4058634042739868 0.5841535925865173 0.6428083777427673
v 0.40580645203590393 0.5841603875160217 0.6424908638000488
v 0.4058012366294861 0.5841672420501709 0.6421733498573303
v 0.4058334529399872 0.5841729044914246 0.6419102549552917
v 0.40583348274230957 0.5725392699241638 0.6413553357124329
v 0.40583351254463196 0.5660145878791809 0.6410622000694275
v 0.40583351254463196 0.5628954768180847 0.6409685611724854
v 0.4058634638786316 0.555319607257843 0.644763708114624
v 0.4058634638786316 0.556020975112915 0.6440436840057373
v 0.4058065116405487 0.5557609796524048 0.643815279006958
v 0.4058065116405487 0.5550315976142883 0.6445631980895996
v 0.4058634638786316 0.5568096041679382 0.6434201002120972
v 0.4058065116405487 0.5565812587738037 0.6431674957275391
v 0.40580129623413086 0.5555009841918945 0.6435868740081787
v 0.40580129623413086 0.5547434091567993 0.64436274766922
v 0.40580129623413086 0.5563529133796692 0.6429150104522705
v 0.4059865176677704 0.5555583238601685 0.644929826259613
v 0.4059865176677704 0.5562363266944885 0.6442329287528992
v 0.4059865176677704 0.5569987893104553 0.6436293721199036
v 0.40583351254463196 0.5561637282371521 0.6427057385444641
v 0.40583351254463196 0.555285632610321 0.6433976888656616
v 0.40583351254463196 0.5545047521591187 0.644196629524231
v 0.41340377926826477 0.6911267042160034 0.657433807849884
v 0.4134674668312073 0.6911981105804443 0.6574453711509705
v 0.4134674668312073 0.6909530758857727 0.6584158539772034
v 0.41340377926826477 0.6908833980560303 0.6583971977233887
v 0.4134909212589264 0.6913226246833801 0.6574656367301941
v 0.4134909212589264 0.6910744905471802 0.6584482789039612
v 0.4134674668312073 0.6905847787857056 0.6593465209007263
v 0.41340377926826477 0.6905177235603333 0.659321129322052
v 0.4134909212589264 0.6907016634941101 0.6593907475471497
v 0.41327977180480957 0.6912040114402771 0.6564449071884155
v 0.41340377926826477 0.6912423968315125 0.6564472317695618
v 0.41327977180480957 0.6910887956619263 0.6574276685714722
v 0.4134674668312073 0.6913146376609802 0.6564516425132751
v 0.4134909212589264 0.6914405226707458 0.6564593315124512
v 0.4134942889213562 0.6916399598121643 0.6564715504646301
v 0.4134942889213562 0.6915197372436523 0.6574976444244385
v 0.4134942889213562 0.6912668943405151 0.6584997773170471
v 0.4134942889213562 0.6908868551254272 0.6594607830047607
v 0.4134942889213562 0.6903852224349976 0.6603636741638184
v 0.4134909212589264 0.6902094483375549 0.6602761149406433
v 0.4134674668312073 0.6900985240936279 0.6602209210395813
v 0.41340377926826477 0.6900348663330078 0.660189151763916
v 0.41327977180480957 0.6904820203781128 0.6593076586723328
v 0.41327977180480957 0.6900010704994202 0.6601722836494446
v 0.41327977180480957 0.69084632396698 0.658387303352356
v 0.4058634638786316 0.5539337992668152 0.6523119211196899
v 0.4058634638786316 0.553659200668335 0.6513459086418152
v 0.4058065116405487 0.55330491065979 0.6514009237289429
v 0.4058065116405487 0.5535905957221985 0.6524044275283813
v 0.4058634638786316 0.5535119771957397 0.6503526568412781
v 0.4058065116405487 0.5531517267227173 0.6503691077232361
v 0.40580132603645325 0.5529505610466003 0.6514559388160706
v 0.40580132603645325 0.5532472729682922 0.6524969935417175
v 0.40580129623413086 0.55279141664505 0.6503854990005493
v 0.4059865176677704 0.5542181730270386 0.6522352695465088
v 0.4059865176677704 0.5539527535438538 0.651300311088562
v 0.4059865176677704 0.5538105368614197 0.6503390669822693
v 0.40583351254463196 0.5524928569793701 0.6503990888595581
v 0.40583351254463196 0.5526570081710815 0.651501476764679
v 0.40583351254463196 0.5529629588127136 0.6525736451148987
v 0.4134933054447174 0.6830223798751831 0.6466980576515198
v 0.4134933054447174 0.6797988414764404 0.646477460861206
v 0.4134865701198578 0.6798235774040222 0.6463677287101746
v 0.4134865701198578 0.6830563545227051 0.6465895771980286
v 0.4134933054447174 0.6731722354888916 0.6461343169212341
v 0.4134865999221802 0.6731893420219421 0.6460241675376892
v 0.4134683310985565 0.6798387765884399 0.6463000774383545
v 0.4134683310985565 0.683077335357666 0.6465225219726562
v 0.4134683310985565 0.6731998920440674 0.6459560990333557
v 0.4134942591190338 0.6844630241394043 0.647056519985199
v 0.4134942591190338 0.6829712390899658 0.6468615531921387
v 0.4134933054447174 0.6845301985740662 0.6468960642814636
v 0.4134942591190338 0.6797616481781006 0.6466427445411682
v 0.4134942889213562 0.6731464862823486 0.6463004350662231
v 0.413432776927948 0.6732060313224792 0.6459165811538696
v 0.413432776927948 0.6798476576805115 0.6462607383728027
v 0.413432776927948 0.6830894947052002 0.6464836597442627
v 0.4134683310985565 0.6846023797988892 0.6467238068580627
v 0.413432776927948 0.684618353843689 0.6466856002807617
v 0.4134865701198578 0.6845748424530029 0.64678955078125
v 0.4134935140609741 0.559477686882019 0.6582112908363342
v 0.4134867787361145 0.559438169002533 0.6583101749420166
v 0.4134867787361145 0.5583353638648987 0.6579722762107849
v 0.4134935140609741 0.5583864450454712 0.6578772664070129
v 0.41346853971481323 0.559413731098175 0.6583712100982666
v 0.41346853971481323 0.5583037734031677 0.6580308675765991
v 0.4134867787361145 0.5572766065597534 0.6575329899787903
v 0.4134935140609741 0.5573399066925049 0.6574432253837585
v 0.41346853971481323 0.5572376251220703 0.6575884222984314
v 0.4134944677352905 0.5606393814086914 0.6583049297332764
v 0.4134935140609741 0.5605950355529785 0.6584581136703491
v 0.4134944677352905 0.5595372319221497 0.6580622792243958
v 0.4134867787361145 0.5605656504631042 0.6585597991943359
v 0.41346853971481323 0.5605474710464478 0.6586225628852844
v 0.4134329855442047 0.5605369210243225 0.6586589813232422
v 0.4134329855442047 0.5593996047973633 0.658406674861908
v 0.4134329855442047 0.5582855343818665 0.6580649614334106
v 0.4134329855442047 0.5572149157524109 0.6576206088066101
v 0.4134329855442047 0.5562078952789307 0.6570605635643005
v 0.41346853971481323 0.5562348961830139 0.6570307612419128
v 0.4134867787361145 0.5562813878059387 0.6569793820381165
v 0.4134935140609741 0.55635666847229 0.6568961143493652
v 0.4134944677352905 0.5574352145195007 0.6573078632354736
v 0.4134944677352905 0.5564700961112976 0.656770646572113
v 0.4134944677352905 0.5584633946418762 0.657734215259552
v 0.4134933352470398 0.690957248210907 0.6619426012039185
v 0.4134865999221802 0.6910727024078369 0.6620153784751892
v 0.4134865999221802 0.6902456879615784 0.6628709435462952
v 0.4134933352470398 0.6901398301124573 0.6627879738807678
v 0.4134683310985565 0.6911439299583435 0.6620603799819946
v 0.4134683310985565 0.6903110146522522 0.6629221439361572
v 0.4134865999221802 0.6893157362937927 0.6636120080947876
v 0.4134933352470398 0.6892205476760864 0.6635202169418335
v 0.4134683609008789 0.6893745064735413 0.6636685729026794
v 0.4134942889213562 0.6914717555046082 0.6609050035476685
v 0.4134933352470398 0.6916578412055969 0.660997748374939
v 0.4134942889213562 0.6907834410667419 0.6618328094482422
v 0.4134865999221802 0.6917814612388611 0.6610593199729919
v 0.4134683310985565 0.6918577551841736 0.6610972881317139
v 0.413432776927948 0.6919020414352417 0.6611193418502808
v 0.413432776927948 0.6911852955818176 0.6620864868164062
v 0.413432776927948 0.6903489828109741 0.6629518866539001
v 0.413432776927948 0.6894086003303528 0.6637014150619507
v 0.413432776927948 0.6883795857429504 0.6643211841583252
v 0.4134683609008789 0.6883496642112732 0.6642857193946838
v 0.4134865999221802 0.6882981061935425 0.6642246246337891
v 0.4134933352470398 0.6882146596908569 0.6641256809234619
v 0.4134942889213562 0.6890771985054016 0.6633820533752441
v 0.4134942889213562 0.6880889534950256 0.6639766097068787
v 0.4134942889213562 0.6899802684783936 0.6626629829406738
v 0.41275152564048767 0.6008611917495728 0.6611525416374207
v 0.4131643772125244 0.6008614897727966 0.6611482501029968
v 0.413164347410202 0.6218675971031189 0.6623302102088928
v 0.4127514958381653 0.6218673586845398 0.6623345613479614
v 0.4133589565753937 0.6008621454238892 0.6611367464065552
v 0.4133589267730713 0.6218681335449219 0.6623184680938721
v 0.41316431760787964 0.6428903937339783 0.6635130643844604
v 0.4127514660358429 0.6428902745246887 0.663517415523529
v 0.4133589267730713 0.6428906917572021 0.6635011434555054
v 0.41202282905578613 0.5832655429840088 0.6601638793945312
v 0.41275152564048767 0.5832656025886536 0.6601632833480835
v 0.41202279925346375 0.6008611917495728 0.6611531376838684
v 0.4131644070148468 0.5832659006118774 0.6601590514183044
v 0.41335898637771606 0.5832668542861938 0.6601476669311523
v 0.4133588969707489 0.6605359315872192 0.6644927263259888
v 0.41316431760787964 0.660535991191864 0.6645047664642334
v 0.4127514362335205 0.660535991191864 0.6645091772079468
v 0.41202276945114136 0.6428902745246887 0.6635180115699768
v 0.41202273964881897 0.660535991191864 0.6645098328590393
v 0.41202276945114136 0.6218673586845398 0.6623351573944092
v 0.4134933054447174 0.6925753355026245 0.6530821323394775
v 0.4134865701198578 0.6927096843719482 0.6530491709709167
v 0.4134865701198578 0.6930328607559204 0.6541965007781982
v 0.4134933054447174 0.6928948163986206 0.654215931892395
v 0.4134683310985565 0.6927925944328308 0.6530288457870483
v 0.4134683310985565 0.693118155002594 0.6541845202445984
v 0.4134865999221802 0.6932059526443481 0.6553761959075928
v 0.4134933054447174 0.6930659413337708 0.6553817391395569
v 0.4134683310985565 0.6932923793792725 0.6553727984428406
v 0.4134942591190338 0.691917359828949 0.6520695090293884
v 0.4134933054447174 0.692111611366272 0.652000367641449
v 0.4134942591190338 0.6923728585243225 0.6531318426132202
v 0.4134865701198578 0.6922406554222107 0.6519545316696167
v 0.4134683310985565 0.6923202872276306 0.6519262194633484
v 0.413432776927948 0.6923665404319763 0.6519097685813904
v 0.413432776927948 0.6928408145904541 0.653016984462738
v 0.413432776927948 0.6931676268577576 0.6541775465011597
v 0.413432776927948 0.6933425664901733 0.655370831489563
v 0.413432776927948 0.6933613419532776 0.6565765142440796
v 0.4134683310985565 0.6933110952377319 0.656573474407196
v 0.4134865999221802 0.6932245492935181 0.656568169593811
v 0.4134933054447174 0.6930842995643616 0.6565595865249634
v 0.4134942889213562 0.6928548812866211 0.6553900241851807
v 0.4134942889213562 0.6928730010986328 0.6565466523170471
v 0.4134942591190338 0.6926867961883545 0.6542451977729797
v 0.4134935140609741 0.562006413936615 0.6586475372314453
v 0.4134935140609741 0.5651252269744873 0.6588771343231201
v 0.4134867787361145 0.5651097893714905 0.6589818596839905
v 0.4134867787361145 0.5619850158691406 0.6587510108947754
v 0.4134935140609741 0.5716513991355896 0.6592614054679871
v 0.4134867787361145 0.5716403126716614 0.6593669652938843
v 0.41346850991249084 0.5651003122329712 0.659046471118927
v 0.41346853971481323 0.5619717240333557 0.6588149070739746
v 0.41346850991249084 0.5716334581375122 0.6594321727752686
v 0.4134944677352905 0.5620386600494385 0.6584915518760681
v 0.4134944677352905 0.5651484131813049 0.6587194204330444
v 0.4134944677352905 0.5716681480407715 0.6591022610664368
v 0.4134329557418823 0.5716294050216675 0.6594700217247009
v 0.4134329557418823 0.5650947690010071 0.6590839624404907
v 0.4134329557418823 0.5619640946388245 0.6588520407676697
v 0.4134933054447174 0.6857260465621948 0.6471570134162903
v 0.4134865701198578 0.6857823729515076 0.6470534205436707
v 0.4134865701198578 0.6869478225708008 0.6474096775054932
v 0.4134933054447174 0.6868791580200195 0.6475090384483337
v 0.4134683310985565 0.6858171224594116 0.6469895839691162
v 0.4134683310985565 0.6869902014732361 0.6473483443260193
v 0.4134865701198578 0.688056468963623 0.6478720903396606
v 0.4134933054447174 0.6879754662513733 0.6479660868644714
v 0.4134683310985565 0.6881064176559448 0.6478140950202942
v 0.4134942591190338 0.6856411695480347 0.6473129391670227
v 0.413432776927948 0.6858373284339905 0.6469525098800659
v 0.413432776927948 0.6870148181915283 0.6473126411437988
v 0.413432776927948 0.6881354451179504 0.6477803587913513
v 0.413432776927948 0.6891840100288391 0.6483697295188904
v 0.4134683310985565 0.6891507506370544 0.6484009623527527
v 0.4134865999221802 0.6890934705734253 0.6484547257423401
v 0.4134933054447174 0.6890006065368652 0.6485418677330017
v 0.4134942591190338 0.6878535151481628 0.648107647895813
v 0.4134942889213562 0.6888607740402222 0.6486730575561523
v 0.4134942591190338 0.6867758631706238 0.6476588249206543
v 0.41349348425865173 0.5581360459327698 0.6416573524475098
v 0.4134867787361145 0.5580822229385376 0.6415586471557617
v 0.4134867787361145 0.5591793656349182 0.6412283182144165
v 0.41349348425865173 0.5592204332351685 0.641330897808075
v 0.41346850991249084 0.5580490231513977 0.641497790813446
v 0.41346850991249084 0.5591539144515991 0.6411649584770203
v 0.4134867787361145 0.5603092312812805 0.6410034894943237
v 0.41349348425865173 0.5603384971618652 0.6411088705062866
v 0.41346850991249084 0.5602911710739136 0.6409385204315186
v 0.4134944677352905 0.5572027564048767 0.6422433853149414
v 0.41349348425865173 0.5571027398109436 0.6421027183532715
v 0.4134944677352905 0.5582169890403748 0.6418060064315796
v 0.4134867787361145 0.5570363402366638 0.6420093178749084
v 0.41346850991249084 0.5569954514503479 0.6419516801834106
v 0.4134329557418823 0.5569716095924377 0.6419182419776917
v 0.4134329557418823 0.5580297708511353 0.6414623856544495
v 0.4134329557418823 0.5591391921043396 0.6411281824111938
v 0.4134329557418823 0.5602807402610779 0.6409007906913757
v 0.4134329557418823 0.5614351034164429 0.6407651901245117
v 0.41346850991249084 0.561441957950592 0.6408035159111023
v 0.4134867787361145 0.561453640460968 0.6408696174621582
v 0.41349348425865173 0.5614725947380066 0.6409766674041748
v 0.4134944677352905 0.5603825449943542 0.6412675380706787
v 0.4134944677352905 0.561501145362854 0.641137957572937
v 0.4134944677352905 0.5592824220657349 0.6414854526519775
v 0.4134935140609741 0.552564263343811 0.64817214012146
v 0.4134867787361145 0.5524421334266663 0.648151159286499
v 0.4134867787361145 0.5527207851409912 0.647053599357605
v 0.4134935140609741 0.5528395771980286 0.647087574005127
v 0.41346850991249084 0.5523667335510254 0.6481382250785828
v 0.41346850991249084 0.5526475310325623 0.6470326781272888
v 0.4134867787361145 0.553139865398407 0.6460011005401611
v 0.41349348425865173 0.5532534718513489 0.6460474729537964
v 0.41346850991249084 0.5530696511268616 0.6459725499153137
v 0.4134944677352905 0.5526199340820312 0.6492944359779358
v 0.4134935140609741 0.5524335503578186 0.6492828130722046
v 0.4134944677352905 0.5527482628822327 0.6482037901878357
v 0.4134867787361145 0.5523098707199097 0.6492751240730286
v 0.41346850991249084 0.5522335171699524 0.6492702960968018
v 0.4134329557418823 0.5521891713142395 0.6492675542831421
v 0.4134329557418823 0.5523229837417603 0.6481307148933411
v 0.4134329557418823 0.5526049733161926 0.6470205187797546
v 0.4134329557418823 0.55302894115448 0.6459559202194214
v 0.4134329557418823 0.5535887479782104 0.6449558138847351
v 0.41346850991249084 0.5536271333694458 0.6449766159057617
v 0.4134867787361145 0.5536931157112122 0.645012378692627
v 0.41349348425865173 0.553800106048584 0.6450703740119934
v 0.4134944677352905 0.5534247159957886 0.6461173295974731
v 0.4134944677352905 0.5539612770080566 0.6451577544212341
v 0.4134944677352905 0.5530183911323547 0.6471386551856995
v 0.4122542142868042 0.6017126441001892 0.6442075967788696
v 0.41274356842041016 0.6017128229141235 0.6442044377326965
v 0.41274356842041016 0.6227019429206848 0.6452146768569946
v 0.4122541844844818 0.6227017641067505 0.6452178955078125
v 0.41307204961776733 0.6017131209373474 0.6441957950592041
v 0.41307201981544495 0.6227023601531982 0.6452059745788574
v 0.41274353861808777 0.6437002420425415 0.6462253928184509
v 0.4122541546821594 0.6437000036239624 0.6462286114692688
v 0.41307199001312256 0.6437008380889893 0.6462166905403137
v 0.41156378388404846 0.5841416716575623 0.6433617472648621
v 0.4122542440891266 0.5841416716575623 0.6433612704277039
v 0.4115637540817261 0.6017126441001892 0.6442080736160278
v 0.41274359822273254 0.584141731262207 0.6433581113815308
v 0.4130720794200897 0.5841419100761414 0.6433494687080383
v 0.4132798910140991 0.5841422080993652 0.6433327198028564
v 0.41327986121177673 0.6017137765884399 0.6441789269447327
v 0.41327983140945435 0.6227032542228699 0.6451890468597412
v 0.41327980160713196 0.6437020301818848 0.6461997032165527
v 0.41327980160713196 0.6613014936447144 0.6470473408699036
v 0.41307199001312256 0.6612997651100159 0.6470643877983093
v 0.4127435088157654 0.6612988114356995 0.6470730900764465
v 0.4122541546821594 0.6612985134124756 0.6470763087272644
v 0.4115636944770813 0.6436999440193176 0.6462290287017822
v 0.4115636944770813 0.6612984538078308 0.6470767855644226
v 0.4115637242794037 0.6227017641067505 0.6452183127403259
v 0.4134935140609741 0.5554543137550354 0.6562277674674988
v 0.4134867787361145 0.5553679466247559 0.6563029885292053
v 0.4134867787361145 0.5545505881309509 0.6555137634277344
v 0.4134935140609741 0.5546469688415527 0.6554479002952576
v 0.41346853971481323 0.5553145408630371 0.6563494205474854
v 0.41346853971481323 0.5544911026954651 0.655554473400116
v 0.4134867787361145 0.5538426041603088 0.6546263694763184
v 0.4134935140609741 0.5539475679397583 0.6545709371566772
v 0.41346853971481323 0.553777813911438 0.6546605825424194
v 0.4134944677352905 0.5555844902992249 0.6561143398284912
v 0.4134329557418823 0.5552836060523987 0.6563764214515686
v 0.4134329557418823 0.5544565320014954 0.6555781364440918
v 0.4134329557418823 0.5537401437759399 0.6546804308891296
v 0.4134329557418823 0.5531478524208069 0.6536982655525208
v 0.41346850991249084 0.5531880259513855 0.6536824703216553
v 0.4134867787361145 0.5532572269439697 0.6536552906036377
v 0.4134935140609741 0.5533692836761475 0.6536113023757935
v 0.4134944677352905 0.5541056990623474 0.6544873714447021
v 0.4134944677352905 0.5535382628440857 0.653545081615448
v 0.4134944677352905 0.5547921061515808 0.655348539352417
v 0.41340377926826477 0.6908105611801147 0.6535150408744812
v 0.4134674668312073 0.6908797025680542 0.6534980535507202
v 0.4134674668312073 0.6911525726318359 0.6544610261917114
v 0.41340377926826477 0.6910814642906189 0.6544710397720337
v 0.4134909212589264 0.6910004019737244 0.6534684896469116
v 0.4134909212589264 0.691276490688324 0.654443621635437
v 0.4134674668312073 0.6912987232208252 0.6554512977600098
v 0.41340377926826477 0.691226601600647 0.6554540991783142
v 0.4134909212589264 0.6914244294166565 0.6554462909698486
v 0.41327977180480957 0.6903822422027588 0.6526153683662415
v 0.41340377926826477 0.6904175281524658 0.6526028513908386
v 0.41327977180480957 0.6907737851142883 0.6535240411758423
v 0.4134674668312073 0.6904839873313904 0.6525791883468628
v 0.4134909212589264 0.6905998587608337 0.652538001537323
v 0.4134942889213562 0.6907832026481628 0.652472734451294
v 0.4134942889213562 0.6911914348602295 0.6534215807914734
v 0.4134942889213562 0.6914728283882141 0.654416024684906
v 0.4134942889213562 0.6916235685348511 0.6554384827613831
v 0.41327977180480957 0.6911882758140564 0.6554555892944336
v 0.41327977180480957 0.6910436749458313 0.6544764041900635
v 0.4134933352470398 0.6871368288993835 0.664595365524292
v 0.4134865999221802 0.687207818031311 0.664699912071228
v 0.4134865999221802 0.6860588192939758 0.6650482416152954
v 0.4134933352470398 0.686000645160675 0.6649395227432251
v 0.4134683609008789 0.6872515678405762 0.6647644639015198
v 0.4134683609008789 0.6860947012901306 0.6651153564453125
v 0.41348662972450256 0.6848647594451904 0.6652848124504089
v 0.4134933352470398 0.6848192811012268 0.6651732325553894
v 0.4134683609008789 0.6848928928375244 0.6653536558151245
v 0.4134942889213562 0.6870299577713013 0.6644377708435059
v 0.4134328067302704 0.6872770190238953 0.6648019552230835
v 0.4134328067302704 0.6861155033111572 0.6651543378829956
v 0.4134328067302704 0.6849091649055481 0.6653937101364136
v 0.4134328067302704 0.6836721301078796 0.6655355095863342
v 0.4134683609008789 0.6836601495742798 0.6654948592185974
v 0.41348662972450256 0.683639407157898 0.6654248833656311
v 0.4134933352470398 0.6836057901382446 0.6653115153312683
v 0.4134943187236786 0.6847506761550903 0.665005087852478
v 0.4134943187236786 0.6835551857948303 0.665140688419342
v 0.4134942889213562 0.6859130263328552 0.6647756695747375
v 0.4134933054447174 0.692947506904602 0.6577296257019043
v 0.4134865999221802 0.6930860877037048 0.6577520966529846
v 0.4134865999221802 0.6927952170372009 0.658908486366272
v 0.4134933054447174 0.6926599740982056 0.6588723063468933
v 0.4134683310985565 0.6931716799736023 0.6577660441398621
v 0.4134683310985565 0.692878782749176 0.6589308381080627
v 0.4134865999221802 0.6923582553863525 0.6600173711776733
v 0.4134933352470398 0.6922280192375183 0.6599681377410889
v 0.4134683310985565 0.6924386620521545 0.6600477695465088
v 0.4134942889213562 0.6927386522293091 0.6576956510543823
v 0.413432776927948 0.693221390247345 0.6577740907669067
v 0.413432776927948 0.6929271817207336 0.658943772315979
v 0.413432776927948 0.6924852728843689 0.6600654721260071
v 0.4134942889213562 0.6920318007469177 0.6598939299583435
v 0.4134942889213562 0.6924561858177185 0.6588178277015686
v 0.4134933352470398 0.6820897459983826 0.6653543710708618
v 0.41348662972450256 0.6821126341819763 0.6654685735702515
v 0.41348662972450256 0.6788790822029114 0.6653558015823364
v 0.4134933352470398 0.6788655519485474 0.6652414202690125
v 0.4134683609008789 0.6821267008781433 0.6655391454696655
v 0.4134683609008789 0.6788874864578247 0.6654263734817505
v 0.41348662972450256 0.6722497344017029 0.6650110483169556
v 0.4134933650493622 0.6722437143325806 0.6648972630500793
v 0.4134683609008789 0.672253429889679 0.6650813221931458
v 0.4134943187236786 0.6820553541183472 0.6651822328567505
v 0.4134328067302704 0.6821349263191223 0.6655800342559814
v 0.4134328067302704 0.6788923740386963 0.6654673218727112
v 0.4134328067302704 0.6722556352615356 0.6651220917701721
v 0.4134943187236786 0.6722346544265747 0.6647258400917053
v 0.4134943187236786 0.6788451075553894 0.6650691032409668
v 0.4134933054447174 0.6899405121803284 0.6492454409599304
v 0.4134865701198578 0.6900442838668823 0.6491667032241821
v 0.4134865701198578 0.6908949613571167 0.6499975323677063
v 0.4134933054447174 0.6907814145088196 0.6500664949417114
v 0.4134683310985565 0.6901083588600159 0.6491181254386902
v 0.4134683310985565 0.6909649968147278 0.6499550342559814
v 0.4134865701198578 0.6916316747665405 0.6509318947792053
v 0.4134933054447174 0.6915096640586853 0.650989830493927
v 0.4134683310985565 0.6917069554328918 0.6508961915969849
v 0.4134942889213562 0.6897841691970825 0.6493640542030334
v 0.413432776927948 0.6901454925537109 0.6490898728370667
v 0.413432776927948 0.6910057067871094 0.6499302983283997
v 0.413432776927948 0.691750705242157 0.650875449180603
v 0.4134942591190338 0.691325843334198 0.651077151298523
v 0.4134942591190338 0.6906103491783142 0.6501703262329102
v 0.41349348425865173 0.5628919005393982 0.6409326195716858
v 0.4134867787361145 0.5628810524940491 0.640824556350708
v 0.4134867489337921 0.5660081505775452 0.6409175992012024
v 0.41349348425865173 0.566012978553772 0.6410260796546936
v 0.41346850991249084 0.5628743767738342 0.6407579183578491
v 0.41346850991249084 0.5660052299499512 0.6408506631851196
v 0.4134867489337921 0.5725386142730713 0.6412105560302734
v 0.41349348425865173 0.5725391507148743 0.6413191556930542
v 0.41346848011016846 0.5725383162498474 0.6411435008049011
v 0.4134944677352905 0.5629082322120667 0.6410953402519226
v 0.4134329557418823 0.5628705024719238 0.6407192349433899
v 0.4134329557418823 0.5660035014152527 0.6408118009567261
v 0.41343292593955994 0.5725381374359131 0.6411045789718628
v 0.41349443793296814 0.5725399255752563 0.6414828300476074
v 0.41349443793296814 0.5660202503204346 0.6411895155906677
v 0.41349348425865173 0.5544719696044922 0.644173800945282
v 0.4134867787361145 0.5543732047080994 0.6441051363945007
v 0.4134867787361145 0.5551669001579285 0.6432933807373047
v 0.41349348425865173 0.5552559494972229 0.6433717012405396
v 0.41346850991249084 0.5543122887611389 0.6440626978874207
v 0.41346850991249084 0.5551118850708008 0.6432450413703918
v 0.4134867787361145 0.5560595393180847 0.6425904035568237
v 0.41349348425865173 0.5561378002166748 0.6426769495010376
v 0.41346850991249084 0.5560111999511719 0.642536997795105
v 0.4134944677352905 0.554620623588562 0.6442773342132568
v 0.4134329557418823 0.5542769432067871 0.6440380811691284
v 0.4134329557418823 0.555079996585846 0.6432170271873474
v 0.4134329557418823 0.5559831857681274 0.642505943775177
v 0.4134944677352905 0.5562556385993958 0.6428073644638062
v 0.4134944677352905 0.5553901791572571 0.6434895992279053
v 0.41340380907058716 0.6862049102783203 0.6632217168807983
v 0.41346749663352966 0.6862415075302124 0.6632755994796753
v 0.41346749663352966 0.6852669715881348 0.6635674834251404
v 0.41340380907058716 0.6852370500564575 0.6635113954544067
v 0.4134909510612488 0.6863051652908325 0.6633694767951965
v 0.4134909510612488 0.685319185256958 0.6636650562286377
v 0.41346749663352966 0.6842449307441711 0.663765013217926
v 0.41340380907058716 0.6842214465141296 0.6637075543403625
v 0.4134909510612488 0.6842857003211975 0.6638652086257935
v 0.41327977180480957 0.6870958209037781 0.6627988815307617
v 0.41340380907058716 0.6871187090873718 0.6628259420394897
v 0.41327977180480957 0.6861855387687683 0.6631930470466614
v 0.41346749663352966 0.6871616244316101 0.6628769040107727
v 0.4134909510612488 0.6872365474700928 0.6629657745361328
v 0.4134942889213562 0.6873552203178406 0.6631065011024475
v 0.4134942889213562 0.6864060759544373 0.6635182499885559
v 0.4134942889213562 0.6854018568992615 0.6638196706771851
v 0.4134942889213562 0.6843504905700684 0.6640239357948303
v 0.4134942889213562 0.6832598447799683 0.6641438603401184
v 0.4134909510612488 0.6832120418548584 0.6639826893806458
v 0.41346749663352966 0.6831819415092468 0.6638808846473694
v 0.41340380907058716 0.6831645965576172 0.6638224720954895
v 0.41327977180480957 0.6842089891433716 0.6636769771575928
v 0.41327980160713196 0.6831554174423218 0.6637914776802063
v 0.41327977180480957 0.6852210760116577 0.6634816527366638
v 0.4134935140609741 0.5529237985610962 0.6525841355323792
v 0.4134867787361145 0.5528061985969543 0.6526159048080444
v 0.4134867787361145 0.5524951815605164 0.6515265703201294
v 0.4134935140609741 0.5526165962219238 0.6515077352523804
v 0.41346850991249084 0.5527336001396179 0.6526354551315308
v 0.41346850991249084 0.5524202585220337 0.6515382528305054
v 0.4134867787361145 0.55232834815979 0.6504065990447998
v 0.4134935140609741 0.5524518489837646 0.6504009366035461
v 0.41346850991249084 0.5522521734237671 0.6504101157188416
v 0.4134944677352905 0.5531010031700134 0.6525363922119141
v 0.4134329557418823 0.5526914596557617 0.6526468396186829
v 0.4134329557418823 0.5523768067359924 0.6515450477600098
v 0.4134329557418823 0.5522079467773438 0.6504121422767639
v 0.4134944677352905 0.5526378154754639 0.6503925323486328
v 0.4134944677352905 0.5527995228767395 0.6514793634414673
v 0.41225430369377136 0.563040018081665 0.6424092650413513
v 0.4127436578273773 0.5630397200584412 0.6424061059951782
v 0.4127436578273773 0.5660784840583801 0.6425055265426636
v 0.41225430369377136 0.5660786628723145 0.6425087451934814
v 0.4130721390247345 0.5630388259887695 0.6423975825309753
v 0.4130721390247345 0.5660780668258667 0.6424969434738159
v 0.4127436578273773 0.572546124458313 0.6428009867668152
v 0.41225430369377136 0.572546124458313 0.6428041458129883
v 0.4130721092224121 0.572546124458313 0.6427923440933228
v 0.41156384348869324 0.5617315769195557 0.642440676689148
v 0.41225430369377136 0.5617314577102661 0.6424401998519897
v 0.41156384348869324 0.5630400776863098 0.6424097418785095
v 0.4127436578273773 0.5617309212684631 0.6424371004104614
v 0.4130721390247345 0.5617294907569885 0.6424285769462585
v 0.4132799506187439 0.5617265105247498 0.6424120664596558
v 0.4132799506187439 0.5630372166633606 0.6423808932304382
v 0.4132799506187439 0.5660774111747742 0.642480194568634
v 0.4132799208164215 0.5725460648536682 0.6427755951881409
v 0.41156384348869324 0.5725461840629578 0.6428046226501465
v 0.41156384348869324 0.5660786628723145 0.6425091624259949
v 0.41275158524513245 0.552988588809967 0.6459395289421082
v 0.4131644368171692 0.5529930591583252 0.6459413170814514
v 0.4131644368171692 0.5525674819946289 0.6470098495483398
v 0.41275158524513245 0.5525627732276917 0.6470085382461548
v 0.41335901618003845 0.5530052185058594 0.6459462642669678
v 0.41335901618003845 0.5525801777839661 0.6470134258270264
v 0.4131644368171692 0.5522844791412354 0.648124098777771
v 0.41275158524513245 0.5522796511650085 0.6481232643127441
v 0.41335901618003845 0.5522975325584412 0.6481263637542725
v 0.4120228588581085 0.5535502433776855 0.644934892654419
v 0.41275158524513245 0.5535508394241333 0.6449351906776428
v 0.4120228588581085 0.5529879331588745 0.6459392309188843
v 0.4131644368171692 0.5535550713539124 0.6449375152587891
v 0.41335901618003845 0.5535665154457092 0.6449437141418457
v 0.41335901618003845 0.5521634221076965 0.6492659449577332
v 0.4131644368171692 0.5521501898765564 0.6492651104927063
v 0.41275158524513245 0.5521453022956848 0.6492648124694824
v 0.4120228588581085 0.5522789359092712 0.6481231451034546
v 0.4120228588581085 0.5521446466445923 0.6492647528648376
v 0.4120228588581085 0.5525621175765991 0.6470082998275757
v 0.4122542440891266 0.6009649634361267 0.6594244837760925
v 0.4122542142868042 0.6219474673271179 0.6605805158615112
v 0.41274356842041016 0.6219473481178284 0.6605836749076843
v 0.41274359822273254 0.6009647846221924 0.6594275832176208
v 0.4122541844844818 0.6429378390312195 0.6617369651794434
v 0.41274353861808777 0.6429377198219299 0.6617401838302612
v 0.41307204961776733 0.6219469308853149 0.6605923771858215
v 0.4130720794200897 0.6009642481803894 0.6594361662864685
v 0.41307201981544495 0.6429374814033508 0.661749005317688
v 0.41156381368637085 0.5833979249000549 0.6584568619728088
v 0.41156378388404846 0.6009649634361267 0.6594240069389343
v 0.412254273891449 0.5833979249000549 0.6584572792053223
v 0.4115637540817261 0.6219474673271179 0.660580039024353
v 0.4115637242794037 0.6429378390312195 0.6617364883422852
v 0.4115636944770813 0.6605283617973328 0.6627048850059509
v 0.4122541844844818 0.6605283617973328 0.6627053618431091
v 0.41274353861808777 0.660528302192688 0.6627086400985718
v 0.41307199001312256 0.6605283617973328 0.6627175211906433
v 0.41327980160713196 0.6605284810066223 0.6627349257469177
v 0.41327983140945435 0.6429370045661926 0.6617661714553833
v 0.41327986121177673 0.6219461560249329 0.6606093049049377
v 0.4132798910140991 0.600963294506073 0.6594527959823608
v 0.4130721092224121 0.5833970308303833 0.6584688425064087
v 0.41274362802505493 0.5833976864814758 0.6584603786468506
v 0.4127514362335205 0.6438264846801758 0.6444683074951172
v 0.41316428780555725 0.6438261866569519 0.6444726586341858
v 0.41316431760787964 0.6227936148643494 0.6434687376022339
v 0.4127514660358429 0.6227938532829285 0.6434643864631653
v 0.4133588671684265 0.6438252925872803 0.6444844007492065
v 0.4133588969707489 0.6227930188179016 0.6434804201126099
v 0.413164347410202 0.6017794609069824 0.6424657106399536
v 0.4127514958381653 0.6017796397209167 0.6424614191055298
v 0.4133589267730713 0.601779043674469 0.6424773931503296
v 0.4120227098464966 0.6614820957183838 0.6453112363815308
v 0.4127514064311981 0.6614819765090942 0.6453118920326233
v 0.4120227098464966 0.6438264846801758 0.6444677114486694
v 0.41316425800323486 0.661481499671936 0.6453162431716919
v 0.4133588671684265 0.6614803075790405 0.6453279852867126
v 0.4133589565753937 0.5841788649559021 0.6416365504264832
v 0.4131643772125244 0.5841791033744812 0.641624927520752
v 0.41275152564048767 0.584179162979126 0.6416206359863281
v 0.41202276945114136 0.6017796397209167 0.6424607634544373
v 0.41202279925346375 0.584179162979126 0.6416200399398804
v 0.41202273964881897 0.6227938532829285 0.6434637904167175
v 0.41225412487983704 0.6907384991645813 0.6535326838493347
v 0.412743479013443 0.6907424330711365 0.6535317301750183
v 0.412743479013443 0.6910114288330078 0.6544809341430664
v 0.41225412487983704 0.6910073757171631 0.6544815301895142
v 0.41307196021080017 0.6907530426979065 0.653529167175293
v 0.41307196021080017 0.6910223364830017 0.6544793844223022
v 0.412743479013443 0.6911555528640747 0.6554569005966187
v 0.41225412487983704 0.69115149974823 0.6554570198059082
v 0.41307196021080017 0.6911666393280029 0.6554564237594604
v 0.4115636646747589 0.6903478503227234 0.6526275873184204
v 0.41225412487983704 0.6903483867645264 0.6526274085044861
v 0.4115636646747589 0.6907379627227783 0.6535328030586243
v 0.412743479013443 0.6903521418571472 0.652626097202301
v 0.41307196021080017 0.6903623342514038 0.6526225209236145
v 0.41307196021080017 0.6911823749542236 0.6564435958862305
v 0.412743479013443 0.6911712884902954 0.6564429402351379
v 0.41225412487983704 0.6911671757698059 0.6564427018165588
v 0.4115636646747589 0.6911509037017822 0.655457079410553
v 0.4115636646747589 0.6911665797233582 0.6564425826072693
v 0.4115636646747589 0.6910067796707153 0.6544815897941589
v 0.41225430369377136 0.5542335510253906 0.6484590172767639
v 0.4127436578273773 0.5542299747467041 0.6484584212303162
v 0.4127436578273773 0.5544593334197998 0.6475504040718079
v 0.41225430369377136 0.5544627904891968 0.647551417350769
v 0.4130721390247345 0.5542203187942505 0.6484567523002625
v 0.4130721390247345 0.5544499158859253 0.647547721862793
v 0.4127436578273773 0.5548040270805359 0.6466796398162842
v 0.41225430369377136 0.5548073053359985 0.646681010723114
v 0.4130721390247345 0.5547950267791748 0.6466759443283081
v 0.41156384348869324 0.5541250705718994 0.6493884325027466
v 0.41225430369377136 0.5541245341300964 0.6493883728981018
v 0.41156384348869324 0.5542340278625488 0.6484591364860535
v 0.4127436578273773 0.5541208982467651 0.6493881940841675
v 0.4130721390247345 0.554111123085022 0.6493875980377197
v 0.4132799506187439 0.5540920495986938 0.6493864059448242
v 0.4132799506187439 0.5542014241218567 0.6484535336494446
v 0.4132799506187439 0.5544315576553345 0.6475424766540527
v 0.4132799506187439 0.5547774434089661 0.6466687917709351
v 0.4132799506187439 0.5552341938018799 0.6458479762077332
v 0.4130721390247345 0.5552506446838379 0.6458569169044495
v 0.4127436578273773 0.555259108543396 0.6458615660667419
v 0.41225430369377136 0.5552622079849243 0.6458632349967957
v 0.41156384348869324 0.5548077821731567 0.6466811895370483
v 0.41156384348869324 0.5552626848220825 0.6458634734153748
v 0.41156384348869324 0.554463267326355 0.6475515365600586
v 0.41275158524513245 0.5571923851966858 0.6576524376869202
v 0.4131644368171692 0.5571948885917664 0.6576489210128784
v 0.4131644666194916 0.5582694411277771 0.6580948233604431
v 0.41275158524513245 0.5582674145698547 0.658098578453064
v 0.41335904598236084 0.5572016835212708 0.6576392650604248
v 0.41335904598236084 0.5582748651504517 0.6580846905708313
v 0.4131644666194916 0.5593871474266052 0.6584377884864807
v 0.41275158524513245 0.5593855977058411 0.6584417223930359
v 0.41335904598236084 0.5593913793563843 0.6584272980690002
v 0.4120228886604309 0.5561807155609131 0.6570906639099121
v 0.41275158524513245 0.5561811923980713 0.6570901870727539
v 0.4120228886604309 0.5571920871734619 0.6576529741287231
v 0.4131644368171692 0.5561841130256653 0.6570869088172913
v 0.41335904598236084 0.5561922192573547 0.657077968120575
v 0.41335904598236084 0.5605307817459106 0.6586801409721375
v 0.4131644666194916 0.5605276226997375 0.6586910486221313
v 0.41275158524513245 0.5605264902114868 0.6586950421333313
v 0.4120228886604309 0.559385359287262 0.6584422588348389
v 0.4120228886604309 0.5605263113975525 0.658695638179779
v 0.4120228886604309 0.5582671165466309 0.6580991148948669
v 0.4059073328971863 0.6428936123847961 0.6633927822113037
v 0.40590736269950867 0.6218730211257935 0.6622117757797241
v 0.40610194206237793 0.6218690276145935 0.6622986197471619
v 0.40610191226005554 0.6428912878036499 0.6634809374809265
v 0.40590739250183105 0.6008684635162354 0.6610315442085266
v 0.4061019718647003 0.6008633375167847 0.6611171364784241
v 0.4065147936344147 0.6218675374984741 0.6623306274414062
v 0.4065147638320923 0.6428903937339783 0.6635134220123291
v 0.40651482343673706 0.6008614301681519 0.6611486673355103
v 0.4058333933353424 0.6428982019424438 0.6632211208343506
v 0.4059073030948639 0.660535454750061 0.6643829345703125
v 0.4058334231376648 0.6218807101249695 0.6620426177978516
v 0.4058334529399872 0.6008784770965576 0.6608649492263794
v 0.40590739250183105 0.5832749009132385 0.6600438356399536
v 0.4061020016670227 0.5832683444023132 0.6601282954216003
v 0.40651485323905945 0.5832659006118774 0.6601594090461731
v 0.407243549823761 0.5832655429840088 0.6601638793945312
v 0.407243549823761 0.6008611917495728 0.6611531376838684
v 0.4072435200214386 0.6218673586845398 0.6623351573944092
v 0.4072434902191162 0.6428902745246887 0.6635180711746216
v 0.4065147638320923 0.660535991191864 0.6645051836967468
v 0.4072434604167938 0.660535991191864 0.6645098924636841
v 0.40610191226005554 0.6605358123779297 0.6644722819328308
v 0.41275158524513245 0.5716254711151123 0.6595075130462646
v 0.41275158524513245 0.5650892853736877 0.6591210961341858
v 0.4131644368171692 0.5650898814201355 0.6591169834136963
v 0.4131644368171692 0.5716258883476257 0.6595033407211304
v 0.41275158524513245 0.5619564652442932 0.6588886976242065
v 0.4131644368171692 0.5619573593139648 0.6588846445083618
v 0.41335904598236084 0.5650914907455444 0.6591057777404785
v 0.41335901618003845 0.571627140045166 0.659492015838623
v 0.41335904598236084 0.5619596242904663 0.6588735580444336
v 0.4120228588581085 0.5716254115104675 0.6595081090927124
v 0.4120228886604309 0.5650891661643982 0.6591216921806335
v 0.4120228886604309 0.5619563460350037 0.6588892936706543
v 0.4127514064311981 0.6925315260887146 0.6600829362869263
v 0.41316425800323486 0.6925263404846191 0.6600809693336487
v 0.41316425800323486 0.6929698586463928 0.6589551568031311
v 0.4127514064311981 0.6929751634597778 0.6589565873146057
v 0.4133588373661041 0.6925124526023865 0.6600757241249084
v 0.4133588373661041 0.6929553747177124 0.6589512825012207
v 0.41316425800323486 0.6932650804519653 0.6577812433242798
v 0.4127514064311981 0.6932705640792847 0.6577821373939514
v 0.4133588373661041 0.6932502388954163 0.657778799533844
v 0.4120226800441742 0.6919465661048889 0.661141574382782
v 0.4127514064311981 0.6919458508491516 0.6611411571502686
v 0.4120226800441742 0.6925322413444519 0.6600831747055054
v 0.41316425800323486 0.69194096326828 0.6611387729644775
v 0.4133588373661041 0.6919277310371399 0.6611321568489075
v 0.4133588373661041 0.6933905482292175 0.6565782427787781
v 0.41316425800323486 0.6934055685997009 0.6565791964530945
v 0.41275137662887573 0.693411111831665 0.6565794944763184
v 0.4120226800441742 0.6932713389396667 0.657782256603241
v 0.4120226800441742 0.6934118866920471 0.6565795540809631
v 0.4120226800441742 0.6929759383201599 0.6589568257331848
v 0.41225433349609375 0.5600180625915527 0.6568594574928284
v 0.4127436876296997 0.560016930103302 0.6568623185157776
v 0.4127436876296997 0.5590833425521851 0.6565817594528198
v 0.41225433349609375 0.5590848326683044 0.6565789580345154
v 0.4130721688270569 0.5600137710571289 0.6568701863288879
v 0.4130721688270569 0.5590792894363403 0.6565892696380615
v 0.4127436876296997 0.5582031607627869 0.6562181711196899
v 0.41225433349609375 0.5582050085067749 0.6562155485153198
v 0.4130721688270569 0.558198094367981 0.656225323677063
v 0.4115638732910156 0.560997486114502 0.6570677161216736
v 0.41225433349609375 0.5609973669052124 0.657068133354187
v 0.4115638732910156 0.5600182414054871 0.6568590402603149
v 0.4127436876296997 0.5609964728355408 0.6570711135864258
v 0.4130721688270569 0.5609941482543945 0.6570791602134705
v 0.4132799804210663 0.5600076913833618 0.6568854451179504
v 0.4132799804210663 0.55907142162323 0.6566039323806763
v 0.4132799804210663 0.5581883192062378 0.6562391519546509
v 0.4132799506187439 0.557366132736206 0.6557798385620117
v 0.4130721688270569 0.5573776960372925 0.6557669639587402
v 0.4127436876296997 0.55738365650177 0.6557604074478149
v 0.41225433349609375 0.5573858618736267 0.6557580232620239
v 0.4115638732910156 0.558205246925354 0.6562151908874512
v 0.4115638732910156 0.5573861598968506 0.6557576656341553
v 0.4115638732910156 0.5590850114822388 0.6565786004066467
v 0.41275158524513245 0.5559553503990173 0.6424753069877625
v 0.4131644368171692 0.5559585094451904 0.6424787044525146
v 0.4131644368171692 0.5550519227981567 0.6431923508644104
v 0.41275158524513245 0.555048406124115 0.6431893110275269
v 0.41335901618003845 0.555966854095459 0.6424879431724548
v 0.41335901618003845 0.555061399936676 0.6432007551193237
v 0.4131644368171692 0.5542457699775696 0.644016444683075
v 0.41275158524513245 0.5542418956756592 0.6440137028694153
v 0.41335901618003845 0.5542563199996948 0.6440237164497375
v 0.4120228588581085 0.556947648525238 0.6418846249580383
v 0.41275158524513245 0.5569480657577515 0.6418851017951965
v 0.4120228588581085 0.5559549331665039 0.6424748301506042
v 0.4131644368171692 0.5569506883621216 0.6418887972831726
v 0.41335901618003845 0.5569577813148499 0.6418987512588501
v 0.4120228588581085 0.5542412996292114 0.6440133452415466
v 0.4120228588581085 0.5550479292869568 0.6431888937950134
v 0.41225433349609375 0.5622991919517517 0.6572326421737671
v 0.41225433349609375 0.5653358101844788 0.657446026802063
v 0.4127436876296997 0.5653353929519653 0.6574490666389465
v 0.4127436876296997 0.562298595905304 0.6572356224060059
v 0.41225430369377136 0.5718033909797668 0.6578177213668823
v 0.4127436578273773 0.571803092956543 0.6578208208084106
v 0.4130721390247345 0.5653342008590698 0.6574573516845703
v 0.4130721688270569 0.5622969269752502 0.6572438478469849
v 0.4130721390247345 0.5718021392822266 0.6578291654586792
v 0.4115638732910156 0.5622992515563965 0.6572322249412537
v 0.4115638732910156 0.5653358697891235 0.6574455499649048
v 0.41156384348869324 0.5718034505844116 0.6578173041343689
v 0.4127514064311981 0.6732121109962463 0.645877480506897
v 0.41275137662887573 0.6798564195632935 0.6462218165397644
v 0.41316425800323486 0.6798554062843323 0.646226167678833
v 0.41316425800323486 0.6732114553451538 0.6458818316459656
v 0.41275137662887573 0.6831015944480896 0.6464452147483826
v 0.4131642282009125 0.6831002235412598 0.6464495062828064
v 0.4133588373661041 0.6798527836799622 0.6462379097938538
v 0.4133588373661041 0.673209547996521 0.6458936333656311
v 0.4133588373661041 0.6830965876579285 0.6464610695838928
v 0.4120226800441742 0.6732121706008911 0.6458768844604492
v 0.4120226800441742 0.679856538772583 0.6462212204933167
v 0.4120226800441742 0.6831017732620239 0.6464446187019348
v 0.4120226800441742 0.6846344470977783 0.6466472744941711
v 0.41275137662887573 0.6846342086791992 0.6466478705406189
v 0.4131642282009125 0.6846324801445007 0.646652102470398
v 0.4133588373661041 0.6846277117729187 0.64666348695755
v 0.41225412487983704 0.6910523772239685 0.6574217081069946
v 0.412743479013443 0.6910564303398132 0.6574223637580872
v 0.412743479013443 0.6908147931098938 0.6583788394927979
v 0.41225412487983704 0.6908108592033386 0.6583778262138367
v 0.41307196021080017 0.6910673975944519 0.6574241518974304
v 0.41307196021080017 0.6908254623413086 0.6583817601203918
v 0.412743479013443 0.6904516220092773 0.6592961549758911
v 0.41225412487983704 0.6904478073120117 0.6592947244644165
v 0.41307196021080017 0.6904619336128235 0.6593000292778015
v 0.4115636646747589 0.6910517811775208 0.6574215888977051
v 0.41307196021080017 0.689981997013092 0.6601628065109253
v 0.412743479013443 0.6899722218513489 0.6601579785346985
v 0.41225412487983704 0.6899685859680176 0.6601561903953552
v 0.4115636646747589 0.6904472708702087 0.6592945456504822
v 0.4115636646747589 0.6899681091308594 0.6601558923721313
v 0.4115636646747589 0.6908102631568909 0.6583776473999023
v 0.41275137662887573 0.6881641745567322 0.6477470397949219
v 0.4131642282009125 0.6881610155105591 0.647750735282898
v 0.4131642282009125 0.687036395072937 0.6472813487052917
v 0.41275137662887573 0.6870391368865967 0.6472774147987366
v 0.4133588373661041 0.6881523132324219 0.647760808467865
v 0.4133588373661041 0.6870290637016296 0.6472920179367065
v 0.4131642282009125 0.6858550906181335 0.646919846534729
v 0.41275137662887573 0.685857355594635 0.6469157338142395
v 0.4133588373661041 0.685849130153656 0.6469308733940125
v 0.4120226800441742 0.6892175078392029 0.6483383774757385
v 0.41275137662887573 0.6892169713973999 0.6483388543128967
v 0.4120226800441742 0.6881646513938904 0.6477465033531189
v 0.4131642282009125 0.6892133355140686 0.6483422517776489
v 0.4133588373661041 0.6892033815383911 0.6483515501022339
v 0.4120226800441742 0.6858576536178589 0.6469151377677917
v 0.4120226800441742 0.6870395541191101 0.6472768783569336
v 0.41225430369377136 0.5558212995529175 0.6451128721237183
v 0.4127436578273773 0.5558184385299683 0.6451108455657959
v 0.4127436578273773 0.5564711093902588 0.644439160823822
v 0.41225430369377136 0.5564736127853394 0.6444414258003235
v 0.4130721390247345 0.5558106303215027 0.6451054215431213
v 0.4130721390247345 0.5564640164375305 0.6444329619407654
v 0.4127436578273773 0.5572050213813782 0.6438574194908142
v 0.41225430369377136 0.5572072863578796 0.6438599228858948
v 0.4130721390247345 0.5571987628936768 0.643850564956665
v 0.41156384348869324 0.5558217167854309 0.6451131105422974
v 0.4132799506187439 0.5557953715324402 0.6450947523117065
v 0.4132799506187439 0.5564502477645874 0.644420862197876
v 0.4132799506187439 0.5571867227554321 0.6438372135162354
v 0.4132799506187439 0.557992696762085 0.6433546543121338
v 0.4130721390247345 0.5580029487609863 0.6433690786361694
v 0.4127436578273773 0.5580081343650818 0.6433764696121216
v 0.41225430369377136 0.5580100417137146 0.6433792114257812
v 0.41156384348869324 0.5572075843811035 0.6438602805137634
v 0.41156384348869324 0.5580103397369385 0.6433795690536499
v 0.41156384348869324 0.5564740300178528 0.6444417834281921
v 0.41275158524513245 0.5537029504776001 0.6547002196311951
v 0.4131644368171692 0.5537070631980896 0.6546980142593384
v 0.4131644368171692 0.5544261932373047 0.6555989384651184
v 0.41275158524513245 0.5544223785400391 0.6556015014648438
v 0.41335904598236084 0.5537182688713074 0.6546920537948608
v 0.41335904598236084 0.554436445236206 0.6555919051170349
v 0.4131644368171692 0.5552563071250916 0.6564001441001892
v 0.41275158524513245 0.5552529096603394 0.656403124332428
v 0.41335904598236084 0.5552655458450317 0.6563920974731445
v 0.4120228886604309 0.5531074404716492 0.653714120388031
v 0.41275158524513245 0.5531080961227417 0.6537138223648071
v 0.4120228886604309 0.5537023544311523 0.654700517654419
v 0.4131644368171692 0.5531125068664551 0.6537120938301086
v 0.41335904598236084 0.5531244874000549 0.6537073850631714
v 0.4120228886604309 0.5552524328231812 0.6564035415649414
v 0.4120228886604309 0.5544218420982361 0.6556018590927124
v 0.4127514362335205 0.6722577810287476 0.6651624441146851
v 0.41316428780555725 0.6722574830055237 0.6651579737663269
v 0.41316428780555725 0.6788966059684753 0.6655033230781555
v 0.4127514362335205 0.6788971424102783 0.6655078530311584
v 0.4133588969707489 0.6722568273544312 0.6651458144187927
v 0.4133588671684265 0.6788951754570007 0.6654911041259766
v 0.41316428780555725 0.6821420788764954 0.6656160354614258
v 0.4127514362335205 0.682142972946167 0.6656205654144287
v 0.4133588671684265 0.6821396946907043 0.6656038761138916
v 0.4120227098464966 0.6722577810287476 0.6651630997657776
v 0.4133588671684265 0.6836791634559631 0.6655591130256653
v 0.41316428780555725 0.6836827397346497 0.6655712127685547
v 0.4127514362335205 0.6836841106414795 0.6655756831169128
v 0.4120227098464966 0.6821431517601013 0.6656212210655212
v 0.4120227098464966 0.6836842894554138 0.6655763387680054
v 0.4120227098464966 0.6788972616195679 0.665508508682251
v 0.41225412487983704 0.684955894947052 0.6485721468925476
v 0.412743479013443 0.6849575042724609 0.6485691666603088
v 0.412743479013443 0.685943067073822 0.6488648653030396
v 0.41225412487983704 0.6859410405158997 0.6488677263259888
v 0.41307196021080017 0.6849620342254639 0.6485609412193298
v 0.41307196021080017 0.6859485507011414 0.6488569378852844
v 0.412743479013443 0.6868711113929749 0.6492478847503662
v 0.41225412487983704 0.6868686676025391 0.6492506265640259
v 0.41307196021080017 0.6868774890899658 0.6492404341697693
v 0.4115636646747589 0.6839200258255005 0.6483525633811951
v 0.41225412487983704 0.6839202046394348 0.6483520865440369
v 0.4115636646747589 0.6849556565284729 0.648572564125061
v 0.412743479013443 0.6839215159416199 0.6483489871025085
v 0.41307196021080017 0.6839250922203064 0.6483405828475952
v 0.41327977180480957 0.6839319467544556 0.6483241319656372
v 0.41327977180480957 0.6849706768989563 0.6485450267791748
v 0.41327977180480957 0.6859591007232666 0.6488416790962219
v 0.41327977180480957 0.6868899464607239 0.6492259502410889
v 0.41327977180480957 0.6877560615539551 0.6497098207473755
v 0.41307196021080017 0.6877416968345642 0.64972323179245
v 0.412743479013443 0.6877343654632568 0.6497301459312439
v 0.41225412487983704 0.6877316832542419 0.6497327089309692
v 0.4115636646747589 0.6868683695793152 0.6492510437965393
v 0.4115636646747589 0.6877312660217285 0.6497330665588379
v 0.4115636646747589 0.6859408020973206 0.6488681435585022
v 0.41225412487983704 0.6825580596923828 0.6481814384460449
v 0.41225412487983704 0.6794613003730774 0.6479769945144653
v 0.412743479013443 0.6794620156288147 0.6479737758636475
v 0.412743479013443 0.682559072971344 0.6481782793998718
v 0.41225412487983704 0.6729385256767273 0.647641122341156
v 0.412743479013443 0.6729390621185303 0.6476379036903381
v 0.41307196021080017 0.6794639825820923 0.6479650735855103
v 0.41307196021080017 0.6825618147850037 0.6481696963310242
v 0.41307196021080017 0.6729403734207153 0.6476292014122009
v 0.4115636646747589 0.6825579404830933 0.6481819152832031
v 0.4115636646747589 0.6794611811637878 0.6479774713516235
v 0.4115636646747589 0.6729384660720825 0.6476415991783142
v 0.41327977180480957 0.6729429960250854 0.6476121544837952
v 0.41327977180480957 0.6794677972793579 0.647948145866394
v 0.41327977180480957 0.6825670003890991 0.6481529474258423
v 0.41225433349609375 0.5566354990005493 0.655198872089386
v 0.4127436876296997 0.556632936000824 0.6552011370658875
v 0.4127436876296997 0.5559613108634949 0.6545484662055969
v 0.41225433349609375 0.5559641122817993 0.6545464992523193
v 0.4130721688270569 0.5566260814666748 0.6552070379257202
v 0.4130721390247345 0.5559536218643188 0.6545537114143372
v 0.4127436876296997 0.5553795099258423 0.6538145542144775
v 0.41225433349609375 0.5553826093673706 0.6538129448890686
v 0.4130721390247345 0.5553712248802185 0.6538189649581909
v 0.4115638732910156 0.5566357970237732 0.6551985740661621
v 0.4132799506187439 0.5566127896308899 0.6552187204360962
v 0.4132799506187439 0.5559387803077698 0.6545639038085938
v 0.4132799506187439 0.5553549528121948 0.6538274884223938
v 0.4132799506187439 0.5548723936080933 0.6530216932296753
v 0.4130721390247345 0.5548896789550781 0.6530148983001709
v 0.4127436876296997 0.5548985600471497 0.6530113816261292
v 0.41225433349609375 0.5549018383026123 0.6530101299285889
v 0.4115638732910156 0.555383026599884 0.6538127064704895
v 0.4115638732910156 0.5549023151397705 0.6530099511146545
v 0.4115638732910156 0.5559645295143127 0.6545462608337402
v 0.4127514064311981 0.6894423365592957 0.6637338995933533
v 0.41316425800323486 0.6894386410713196 0.6637303233146667
v 0.41316425800323486 0.6903823614120483 0.6629779934883118
v 0.4127514064311981 0.6903865337371826 0.6629812717437744
v 0.4133588671684265 0.689428448677063 0.6637205481529236
v 0.4133588671684265 0.690371036529541 0.6629691123962402
v 0.41316425800323486 0.6912216544151306 0.6621094346046448
v 0.4127514064311981 0.6912261843681335 0.6621123552322388
v 0.4133588671684265 0.6912093162536621 0.662101686000824
v 0.4120227098464966 0.6884096264839172 0.6643568277359009
v 0.4127514064311981 0.688409149646759 0.6643562316894531
v 0.4120227098464966 0.6894428730010986 0.6637344360351562
v 0.41316425800323486 0.6884058713912964 0.6643523573875427
v 0.4133588671684265 0.6883969306945801 0.6643417477607727
v 0.4120226800441742 0.6912268400192261 0.6621127128601074
v 0.4120227098464966 0.6903871297836304 0.6629818081855774
v 0.4122541546821594 0.6817776560783386 0.663792610168457
v 0.4127435088157654 0.6817783117294312 0.6637959480285645
v 0.4127435088157654 0.6786806583404541 0.6636815071105957
v 0.4122541546821594 0.6786802411079407 0.6636781692504883
v 0.41307199001312256 0.6817801594734192 0.6638050079345703
v 0.41307199001312256 0.6786817312240601 0.6636905670166016
v 0.4127435088157654 0.6721616983413696 0.6633448004722595
v 0.4122541546821594 0.6721615195274353 0.6633414626121521
v 0.41307199001312256 0.6721621751785278 0.6633538007736206
v 0.4115636944770813 0.6831464767456055 0.6637612581253052
v 0.4122541546821594 0.6831466555595398 0.6637617349624634
v 0.4115636944770813 0.6817775368690491 0.6637921333312988
v 0.4127435088157654 0.6831476092338562 0.663765013217926
v 0.41307199001312256 0.6831502318382263 0.6637740135192871
v 0.41327980160713196 0.6817836165428162 0.663822591304779
v 0.41327980160713196 0.678683876991272 0.6637082099914551
v 0.41327980160713196 0.6721630692481995 0.6633713245391846
v 0.4115636944770813 0.6721615195274353 0.6633409857749939
v 0.4115636944770813 0.6786801815032959 0.6636776924133301
v 0.41275158524513245 0.5602703094482422 0.6408634185791016
v 0.4131644368171692 0.5602715015411377 0.6408675312995911
v 0.4131644368171692 0.5591262578964233 0.6410958766937256
v 0.41275158524513245 0.5591245889663696 0.6410918235778809
v 0.41335901618003845 0.5602746605873108 0.6408788561820984
v 0.41335901618003845 0.5591306090354919 0.6411068439483643
v 0.4131644368171692 0.558012843132019 0.6414312720298767
v 0.41275158524513245 0.5580106973648071 0.6414273977279663
v 0.41335901618003845 0.5580185651779175 0.641441822052002
v 0.4120228588581085 0.5614283084869385 0.6407265663146973
v 0.41275158524513245 0.5614283680915833 0.640727162361145
v 0.4120228588581085 0.5602701306343079 0.6408628225326538
v 0.4131644368171692 0.5614291429519653 0.6407314538955688
v 0.41335901618003845 0.5614311695098877 0.6407428979873657
v 0.4120228588581085 0.5580103993415833 0.6414268612861633
v 0.4120228588581085 0.5591243505477905 0.6410912871360779
v 0.40590736269950867 0.6017749309539795 0.6425836682319641
v 0.4059073328971863 0.6227874159812927 0.6435871720314026
v 0.40610191226005554 0.6227920055389404 0.6435003876686096
v 0.40610194206237793 0.6017782688140869 0.642497181892395
v 0.4059073030948639 0.6438176035881042 0.6445915699005127
v 0.40610188245773315 0.6438238620758057 0.6445044279098511
v 0.4065147638320923 0.6227936148643494 0.6434683799743652
v 0.4065147936344147 0.6017794609069824 0.642465353012085
v 0.4065147340297699 0.6438261866569519 0.6444723010063171
v 0.4058334231376648 0.6017684936523438 0.6427519917488098
v 0.40590736269950867 0.5841765403747559 0.6417425274848938
v 0.4058333933353424 0.6227785348892212 0.6437562704086304
v 0.40583336353302 0.6438053846359253 0.644761323928833
v 0.4059072732925415 0.6614691615104675 0.6454354524612427
v 0.40610185265541077 0.6614782214164734 0.645348072052002
v 0.4065147042274475 0.6614815592765808 0.6453158855438232
v 0.40724343061447144 0.6614820957183838 0.6453112959861755
v 0.4072434604167938 0.6438264846801758 0.6444677114486694
v 0.4072434902191162 0.6227938532829285 0.6434637904167175
v 0.4072435200214386 0.6017796397209167 0.642460823059082
v 0.40651482343673706 0.5841791033744812 0.6416245698928833
v 0.4072435200214386 0.584179162979126 0.6416200399398804
v 0.4061019718647003 0.5841783881187439 0.6416563391685486
v 0.41275137662887573 0.6917939186096191 0.6508548855781555
v 0.4131642282009125 0.6917891502380371 0.650857150554657
v 0.4131642282009125 0.6910414695739746 0.6499085426330566
v 0.41275137662887573 0.6910459399223328 0.649905800819397
v 0.4133588373661041 0.6917760968208313 0.6508634090423584
v 0.4133588373661041 0.6910293698310852 0.6499159336090088
v 0.4131642282009125 0.6901782155036926 0.6490650773048401
v 0.41275137662887573 0.6901823282241821 0.6490619778633118
v 0.4133588373661041 0.6901671290397644 0.6490734815597534
v 0.4120226800441742 0.6924129724502563 0.6518932580947876
v 0.41275137662887573 0.692412257194519 0.6518934965133667
v 0.4120226800441742 0.6917946338653564 0.6508545875549316
v 0.4131642282009125 0.6924071907997131 0.65189528465271
v 0.4133588373661041 0.6923933625221252 0.6519002318382263
v 0.4120226800441742 0.6901829242706299 0.6490615010261536
v 0.4120226800441742 0.6910465955734253 0.6499054431915283
v 0.41225412487983704 0.6893796920776367 0.6609466075897217
v 0.4127435088157654 0.6893830299377441 0.6609487533569336
v 0.4127435088157654 0.6886955499649048 0.6616563200950623
v 0.41225412487983704 0.6886924505233765 0.6616538763046265
v 0.41307196021080017 0.6893921494483948 0.6609545350074768
v 0.41307196021080017 0.6887039542198181 0.6616628766059875
v 0.4127435088157654 0.6879224181175232 0.662269115447998
v 0.4122541546821594 0.6879196166992188 0.6622664332389832
v 0.41307196021080017 0.6879299283027649 0.6622763872146606
v 0.4115636646747589 0.6893792152404785 0.6609463095664978
v 0.41327977180480957 0.6894099712371826 0.6609658002853394
v 0.41327977180480957 0.6887202262878418 0.6616756916046143
v 0.41327977180480957 0.6879445910453796 0.6622905135154724
v 0.41307196021080017 0.6870829463005066 0.6627835631370544
v 0.4127435088157654 0.6870763301849365 0.6627757549285889
v 0.4122541546821594 0.6870738863945007 0.6627728343009949
v 0.4115636646747589 0.6879192590713501 0.6622660756111145
v 0.4115636646747589 0.6870735883712769 0.6627724170684814
v 0.4115636646747589 0.6886919736862183 0.6616535186767578
v 0.41225430369377136 0.5588710308074951 0.6430063247680664
v 0.4127436578273773 0.5588694214820862 0.6430034637451172
v 0.4127436578273773 0.5597813725471497 0.6427304148674011
v 0.41225430369377136 0.5597825646400452 0.6427333950996399
v 0.4130721390247345 0.5588651299476624 0.6429956555366516
v 0.4130721390247345 0.5597781538963318 0.6427222490310669
v 0.4127436578273773 0.5607373714447021 0.6425455212593079
v 0.41225430369377136 0.5607382655143738 0.6425485610961914
v 0.4130721390247345 0.5607350468635559 0.6425371766090393
v 0.41156384348869324 0.5588712096214294 0.6430068016052246
v 0.4132799506187439 0.5588569045066833 0.6429804563522339
v 0.4132799506187439 0.5597717761993408 0.6427064538002014
v 0.4132799506187439 0.560730516910553 0.6425209045410156
v 0.41156384348869324 0.5607383847236633 0.6425490379333496
v 0.41156384348869324 0.5597827434539795 0.6427338123321533
v 0.41275158524513245 0.5521641373634338 0.6504141092300415
v 0.4131644368171692 0.5521690249443054 0.6504139304161072
v 0.4131644368171692 0.5523384213447571 0.6515509486198425
v 0.41275158524513245 0.552333652973175 0.6515517234802246
v 0.41335901618003845 0.5521821975708008 0.6504132747650146
v 0.41335904598236084 0.5523514151573181 0.6515489220619202
v 0.4131644368171692 0.5526543855667114 0.6526568531990051
v 0.41275158524513245 0.5526497960090637 0.6526581048965454
v 0.41335904598236084 0.552666962146759 0.6526534557342529
v 0.4120228588581085 0.5521634221076965 0.6504141688346863
v 0.4120228588581085 0.5526490807533264 0.6526582837104797
v 0.4120228588581085 0.5523329973220825 0.6515518426895142
v 0.41340377926826477 0.6894415616989136 0.6609857082366943
v 0.4134674668312073 0.6895010471343994 0.6610232591629028
v 0.4134674668312073 0.6888037919998169 0.6617411375045776
v 0.41340380907058716 0.6887492537498474 0.6616983413696289
v 0.4134909510612488 0.689604640007019 0.6610886454582214
v 0.4134909510612488 0.6888988018035889 0.6618156433105469
v 0.4134674668312073 0.6880196928977966 0.6623628735542297
v 0.41340380907058716 0.6879706978797913 0.6623156666755676
v 0.4134909510612488 0.6881051659584045 0.6624452471733093
v 0.4134942889213562 0.6897687315940857 0.6611922383308411
v 0.4134942889213562 0.6890493631362915 0.6619335412979126
v 0.4134942889213562 0.6882404088973999 0.6625756621360779
v 0.41225412487983704 0.6885221600532532 0.6503216624259949
v 0.412743479013443 0.6885251998901367 0.6503193378448486
v 0.412743479013443 0.6892327666282654 0.651006817817688
v 0.41225412487983704 0.689229428768158 0.6510088443756104
v 0.41307196021080017 0.6885334253311157 0.650313138961792
v 0.41307196021080017 0.6892417073249817 0.6510013937950134
v 0.412743479013443 0.6898455619812012 0.6517799496650696
v 0.41225412487983704 0.6898419260978699 0.6517816781997681
v 0.41307196021080017 0.6898552179336548 0.6517754197120667
v 0.4115636646747589 0.6885217428207397 0.6503220200538635
v 0.41327977180480957 0.6885493993759155 0.6503009796142578
v 0.41327977180480957 0.6892592310905457 0.6509907841682434
v 0.41327977180480957 0.689873993396759 0.6517664790153503
v 0.4115636646747589 0.6898414492607117 0.6517819166183472
v 0.4115636646747589 0.689228892326355 0.6510091423988342
v 0.4134039878845215 0.5565891265869141 0.6552392840385437
v 0.413467675447464 0.5565446615219116 0.6552780866622925
v 0.413467675447464 0.5558627843856812 0.6546158790588379
v 0.4134039878845215 0.555912435054779 0.6545819044113159
v 0.4134911298751831 0.5564670562744141 0.655345618724823
v 0.4134911298751831 0.5557762980461121 0.6546750664710999
v 0.4134676456451416 0.5552721619606018 0.6538712382316589
v 0.4134039878845215 0.5553262829780579 0.6538426280021667
v 0.4134911298751831 0.5551779270172119 0.6539210081100464
v 0.4134039878845215 0.557345449924469 0.6558026671409607
v 0.413467675447464 0.557306706905365 0.6558455228805542
v 0.4134911298751831 0.5572391152381897 0.6559202671051025
v 0.4134944677352905 0.5571320652961731 0.6560387015342712
v 0.4134944677352905 0.5563441514968872 0.6554526090621948
v 0.4134944677352905 0.5556392073631287 0.6547688245773315
v 0.4134944677352905 0.5550286769866943 0.653999924659729
v 0.4134944677352905 0.5545238852500916 0.65315842628479
v 0.4134911298751831 0.554683268070221 0.6530958414077759
v 0.4134676456451416 0.5547839403152466 0.6530563831329346
v 0.4134039878845215 0.5548416972160339 0.6530336737632751
v 0.41225433349609375 0.554531455039978 0.6521507501602173
v 0.4127436876296997 0.5545280575752258 0.6521517038345337
v 0.4127436876296997 0.5542726516723633 0.6512506604194641
v 0.41225430369377136 0.5542762279510498 0.6512501239776611
v 0.4130721390247345 0.5545187592506409 0.6521542072296143
v 0.4130721390247345 0.5542630553245544 0.6512522101402283
v 0.4127436578273773 0.5541358590126038 0.6503242254257202
v 0.41225430369377136 0.5541394352912903 0.6503240466117859
v 0.4130721390247345 0.5541260838508606 0.6503246426582336
v 0.41156384348869324 0.554531991481781 0.6521506309509277
v 0.4132799506187439 0.5545006394386292 0.6521590948104858
v 0.4132799506187439 0.554244339466095 0.6512550711631775
v 0.4132799506187439 0.5541070103645325 0.6503255367279053
v 0.41156384348869324 0.5541399717330933 0.6503240466117859
v 0.41156384348869324 0.554276704788208 0.6512500643730164
v 0.4127514362335205 0.6849253177642822 0.6654332280158997
v 0.41316428780555725 0.684923529624939 0.6654288172721863
v 0.41316428780555725 0.686133861541748 0.6651885509490967
v 0.4127514362335205 0.6861361265182495 0.6651928424835205
v 0.4133588671684265 0.6849186420440674 0.6654168963432312
v 0.4133588671684265 0.6861276626586914 0.6651769280433655
v 0.41316428780555725 0.6872994303703308 0.6648349165916443
v 0.4127514362335205 0.6873022317886353 0.6648390889167786
v 0.4133588671684265 0.6872918605804443 0.6648237109184265
v 0.4120227098464966 0.6849256157875061 0.6654338836669922
v 0.4120227098464966 0.6873026490211487 0.6648396849632263
v 0.4120227098464966 0.6861364841461182 0.6651934385299683
v 0.41275155544281006 0.5725379586219788 0.6410660743713379
v 0.4131644070148468 0.5725379586219788 0.6410703659057617
v 0.4131644368171692 0.5660019516944885 0.6407776474952698
v 0.41275158524513245 0.5660017728805542 0.6407732963562012
v 0.41335901618003845 0.5725380182266235 0.6410819888114929
v 0.41335901618003845 0.5660024881362915 0.6407892107963562
v 0.4131644368171692 0.5628670454025269 0.6406851410865784
v 0.41275158524513245 0.5628665685653687 0.6406809091567993
v 0.41335901618003845 0.5628682374954224 0.6406967043876648
v 0.4120228588581085 0.5725379586219788 0.6410654783248901
v 0.4120228588581085 0.5628665685653687 0.6406803131103516
v 0.4120228588581085 0.5660017132759094 0.6407727003097534
v 0.4134039878845215 0.5599968433380127 0.6569125056266785
v 0.413467675447464 0.5599764585494995 0.6569634675979614
v 0.413467675447464 0.5590311288833618 0.6566788554191589
v 0.4134039878845215 0.5590574145317078 0.6566299796104431
v 0.4134911298751831 0.5599409937858582 0.657052218914032
v 0.4134911298751831 0.5589852333068848 0.6567641496658325
v 0.413467675447464 0.5581384301185608 0.656309962272644
v 0.4134039878845215 0.5581710934638977 0.6562637090682983
v 0.4134911298751831 0.5580816268920898 0.6563906073570251
v 0.4134944677352905 0.559884786605835 0.6571928262710571
v 0.4134944677352905 0.5589125752449036 0.6568991541862488
v 0.4134944677352905 0.5579916834831238 0.6565183401107788
v 0.4134039580821991 0.5541679859161377 0.6484477519989014
v 0.4134676456451416 0.5541051030158997 0.648436963558197
v 0.4134676456451416 0.5543379187583923 0.6475157141685486
v 0.4134039580821991 0.5543990731239319 0.6475332379341125
v 0.4134911000728607 0.5539954900741577 0.6484180688858032
v 0.4134911000728607 0.5542312860488892 0.6474852561950684
v 0.4134676456451416 0.5546877980232239 0.646632194519043
v 0.4134039580821991 0.5547463893890381 0.6466561555862427
v 0.4134911000728607 0.5545857548713684 0.6465906500816345
v 0.4134039580821991 0.5540581941604614 0.6493842601776123
v 0.4134676456451416 0.5539944767951965 0.6493802666664124
v 0.4134911000728607 0.5538833737373352 0.6493733525276184
v 0.4134944677352905 0.5537075400352478 0.6493623852729797
v 0.4134944677352905 0.5538218021392822 0.6483882665634155
v 0.4134944677352905 0.5540624260902405 0.6474370360374451
v 0.4134944677352905 0.5544241666793823 0.6465247273445129
v 0.4134944677352905 0.554901659488678 0.6456676721572876
v 0.4134911000728607 0.5550537705421448 0.6457501649856567
v 0.4134676456451416 0.5551497936248779 0.6458022594451904
v 0.4134039580821991 0.5552048683166504 0.6458321213722229
v 0.4122541546821594 0.6861668825149536 0.6631656289100647
v 0.4127435088157654 0.6861689686775208 0.6631686687469482
v 0.4127435088157654 0.6852075457572937 0.6634563207626343
v 0.4122541546821594 0.68520587682724 0.6634531617164612
v 0.41307196021080017 0.6861745715141296 0.663176953792572
v 0.41307199001312256 0.6852121949195862 0.6634649038314819
v 0.4127435088157654 0.6841983199119568 0.6636509299278259
v 0.4122541546821594 0.6841970086097717 0.6636477112770081
v 0.41307199001312256 0.6842019557952881 0.6636597514152527
v 0.4115636944770813 0.6861665844917297 0.6631652116775513
v 0.4115636944770813 0.6841968297958374 0.6636472344398499
v 0.4115636944770813 0.6852056384086609 0.663452684879303
v 0.41275137662887573 0.693392276763916 0.6553688645362854
v 0.4131642282009125 0.6933867335319519 0.6553691029548645
v 0.4131642282009125 0.6932111382484436 0.6541714072227478
v 0.41275137662887573 0.6932165622711182 0.6541706323623657
v 0.4133588373661041 0.6933717727661133 0.6553696990013123
v 0.4133588373661041 0.6931963562965393 0.6541734933853149
v 0.4131642282009125 0.6928831338882446 0.6530066132545471
v 0.41275137662887573 0.6928884387016296 0.6530053615570068
v 0.4133588373661041 0.6928687691688538 0.6530101895332336
v 0.4120226800441742 0.6933930516242981 0.6553688049316406
v 0.4120226800441742 0.6928892135620117 0.6530051827430725
v 0.4120226800441742 0.6932173371315002 0.6541705131530762
v 0.40590745210647583 0.5531159043312073 0.6459914445877075
v 0.4061020314693451 0.5530259013175964 0.6459547281265259
v 0.4061020314693451 0.5526017546653748 0.647019624710083
v 0.40590745210647583 0.5526958703994751 0.6470465064048767
v 0.40651488304138184 0.5529927015304565 0.6459411978721619
v 0.40651488304138184 0.5525670647621155 0.6470097303390503
v 0.4061020314693451 0.5523197054862976 0.6481301784515381
v 0.40590745210647583 0.5524165034294128 0.6481467485427856
v 0.40651488304138184 0.5522840619087219 0.6481240391731262
v 0.40590745210647583 0.5536706447601318 0.6450002193450928
v 0.4061020314693451 0.5535858869552612 0.644954264163971
v 0.40651488304138184 0.5535547137260437 0.6449373364448547
v 0.40724360942840576 0.5535502433776855 0.644934892654419
v 0.40724360942840576 0.5529879331588745 0.6459392309188843
v 0.40724360942840576 0.5525621175765991 0.6470082998275757
v 0.40724360942840576 0.552278995513916 0.6481231451034546
v 0.40724360942840576 0.5521446466445923 0.6492647528648376
v 0.40651488304138184 0.552149772644043 0.6492651104927063
v 0.4061020314693451 0.5521858930587769 0.6492673754692078
v 0.40590745210647583 0.5522838830947876 0.6492734551429749
v 0.4083350598812103 0.5529879331588745 0.6459392309188843
v 0.40963321924209595 0.5529879331588745 0.6459392309188843
v 0.40963321924209595 0.5525621175765991 0.6470082998275757
v 0.4083350598812103 0.5525621175765991 0.6470082998275757
v 0.41093140840530396 0.5529879331588745 0.6459392309188843
v 0.41093140840530396 0.5525621175765991 0.6470082998275757
v 0.40963321924209595 0.5522789359092712 0.6481231451034546
v 0.4083350598812103 0.552278995513916 0.6481231451034546
v 0.41093140840530396 0.5522789359092712 0.6481231451034546
v 0.4083350598812103 0.5535502433776855 0.644934892654419
v 0.40963321924209595 0.5535502433776855 0.644934892654419
v 0.41093140840530396 0.5535502433776855 0.644934892654419
v 0.41093140840530396 0.5521445870399475 0.6492647528648376
v 0.40963321924209595 0.5521445870399475 0.6492648124694824
v 0.4083350598812103 0.5521446466445923 0.6492647528648376
v 0.41340377926826477 0.6825763583183289 0.6481232643127441
v 0.41340377926826477 0.6794745326042175 0.6479181051254272
v 0.4134674668312073 0.6794872879981995 0.647861659526825
v 0.4134674668312073 0.682593822479248 0.6480673551559448
v 0.41340377926826477 0.6729477047920227 0.6475819945335388
v 0.4134674668312073 0.6729564666748047 0.6475251913070679
v 0.4134909212589264 0.6795094609260559 0.6477631330490112
v 0.4134909212589264 0.6826242804527283 0.6479699015617371
v 0.4134909212589264 0.6729719042778015 0.647426187992096
v 0.41340377926826477 0.6839441657066345 0.6482950448989868
v 0.41340380907058716 0.6613046526908875 0.6470171809196472
v 0.41346749663352966 0.6613105535507202 0.6469603776931763
v 0.4134909510612488 0.6613208055496216 0.6468613147735596
v 0.4134942889213562 0.66133713722229 0.6467045545578003
v 0.4134942889213562 0.6729961633682251 0.6472694873809814
v 0.4134942889213562 0.6795445680618286 0.647607147693634
v 0.4134942889213562 0.6826726198196411 0.6478156447410583
v 0.4134909212589264 0.6840071678161621 0.6481444835662842
v 0.4134942889213562 0.6840706467628479 0.6479930281639099
v 0.4134674668312073 0.6839671730995178 0.6482400894165039
v 0.4134038984775543 0.6009615063667297 0.6594823598861694
v 0.41340386867523193 0.6219448447227478 0.6606392860412598
v 0.41346755623817444 0.6219422221183777 0.6606957316398621
v 0.4134675860404968 0.6009581685066223 0.6595380306243896
v 0.41340383887290955 0.6429362297058105 0.6617966294288635
v 0.41346752643585205 0.6429346799850464 0.6618539094924927
v 0.41349101066589355 0.6219376921653748 0.660794198513031
v 0.41349104046821594 0.6009523272514343 0.6596350073814392
v 0.41349098086357117 0.6429320573806763 0.661953866481781
v 0.41340383887290955 0.6605286002159119 0.6627658009529114
v 0.41346749663352966 0.660528838634491 0.6628239154815674
v 0.41349098086357117 0.6605292558670044 0.662925124168396
v 0.4134943187236786 0.6605299711227417 0.663085401058197
v 0.413494348526001 0.6429278254508972 0.6621120572090149
v 0.41349437832832336 0.6219305992126465 0.6609500646591187
v 0.41349440813064575 0.6009431481361389 0.6597885489463806
v 0.40590745210647583 0.5572632551193237 0.6575518846511841
v 0.4061020612716675 0.5572131872177124 0.6576230525970459
v 0.4061020612716675 0.5582841038703918 0.6580674648284912
v 0.40590745210647583 0.5583245754241943 0.6579922437667847
v 0.4065149128437042 0.557194709777832 0.6576492190361023
v 0.4065149128437042 0.558269202709198 0.6580951809883118
v 0.4061020612716675 0.5593985319137573 0.6584093570709229
v 0.40590745210647583 0.5594298243522644 0.6583309173583984
v 0.4065149128437042 0.5593869686126709 0.6584381461143494
v 0.40590745210647583 0.5562654733657837 0.6569969058036804
v 0.4061020612716675 0.5562058687210083 0.657062828540802
v 0.4065149128437042 0.5561838746070862 0.6570871472358704
v 0.40724360942840576 0.5561807155609131 0.6570906639099121
v 0.40724360942840576 0.5571920871734619 0.6576529741287231
v 0.40724360942840576 0.5582671165466309 0.6580991148948669
v 0.40724360942840576 0.559385359287262 0.6584422588348389
v 0.40724360942840576 0.5605263113975525 0.658695638179779
v 0.4065149128437042 0.560527503490448 0.6586913466453552
v 0.4061020612716675 0.5605361461639404 0.6586616635322571
v 0.40590745210647583 0.5605594515800476 0.6585811376571655
v 0.4083350598812103 0.5571920275688171 0.6576529741287231
v 0.40963324904441833 0.5571920275688171 0.6576529741287231
v 0.40963324904441833 0.5582671165466309 0.6580991148948669
v 0.4083350598812103 0.5582670569419861 0.6580991148948669
v 0.41093143820762634 0.5571920871734619 0.6576529741287231
v 0.41093143820762634 0.5582671165466309 0.6580991148948669
v 0.40963324904441833 0.559385359287262 0.6584422588348389
v 0.4083350598812103 0.559385359287262 0.6584422588348389
v 0.41093143820762634 0.559385359287262 0.6584422588348389
v 0.4083350598812103 0.5561807155609131 0.6570906639099121
v 0.40963324904441833 0.5561807155609131 0.6570906639099121
v 0.41093143820762634 0.5561807155609131 0.6570906639099121
v 0.41093143820762634 0.5605263113975525 0.658695638179779
v 0.40963324904441833 0.5605263113975525 0.658695638179779
v 0.4083350598812103 0.5605263113975525 0.658695638179779
v 0.40590745210647583 0.5716379284858704 0.6593891978263855
v 0.40590745210647583 0.5651065707206726 0.6590038537979126
v 0.4061020314693451 0.5650943517684937 0.6590868234634399
v 0.4061020314693451 0.5716291069984436 0.6594728827476501
v 0.40590745210647583 0.5619804263114929 0.6587727665901184
v 0.4061020612716675 0.5619634985923767 0.6588548421859741
v 0.40651488304138184 0.5650898218154907 0.6591173410415649
v 0.40651488304138184 0.5716258883476257 0.659503698348999
v 0.4065149128437042 0.5619572997093201 0.6588849425315857
v 0.40724360942840576 0.5619563460350037 0.6588892936706543
v 0.40724360942840576 0.5650891661643982 0.6591216921806335
v 0.40724360942840576 0.5716254115104675 0.6595081090927124
v 0.4083350598812103 0.5716254115104675 0.6595081090927124
v 0.4083350598812103 0.5650891661643982 0.6591216921806335
v 0.40963324904441833 0.5650891661643982 0.6591216921806335
v 0.40963321924209595 0.5716254115104675 0.6595081090927124
v 0.4083350598812103 0.5619563460350037 0.6588892936706543
v 0.40963324904441833 0.5619563460350037 0.6588892936706543
v 0.41093143820762634 0.5650891661643982 0.6591216921806335
v 0.41093140840530396 0.5716254115104675 0.6595081090927124
v 0.41093143820762634 0.5619563460350037 0.6588892936706543
v 0.40833500027656555 0.5832655429840088 0.6601638793945312
v 0.41093137860298157 0.5832655429840088 0.6601638793945312
v 0.40963318943977356 0.5832655429840088 0.6601638793945312
v 0.4059072732925415 0.6923856139183044 0.660027801990509
v 0.40610185265541077 0.6924887895584106 0.6600667834281921
v 0.40610185265541077 0.6929308176040649 0.6589447259902954
v 0.4059072434902191 0.6928236484527588 0.6589160561561584
v 0.4065147042274475 0.6925268173217773 0.660081148147583
v 0.4065147042274475 0.692970335483551 0.6589553356170654
v 0.40610185265541077 0.693225085735321 0.6577747464179993
v 0.4059072434902191 0.693115234375 0.6577568650245667
v 0.4065147042274475 0.6932655572891235 0.6577813625335693
v 0.4059072732925415 0.6918074488639832 0.6610722541809082
v 0.40610185265541077 0.6919053792953491 0.6611210107803345
v 0.4065147042274475 0.6919413805007935 0.6611390113830566
v 0.40724343061447144 0.6919465661048889 0.661141574382782
v 0.40724343061447144 0.6925322413444519 0.6600831747055054
v 0.40724340081214905 0.6929759383201599 0.6589568257331848
v 0.40724340081214905 0.6932713389396667 0.657782256603241
v 0.40724340081214905 0.6934118866920471 0.6565795540809631
v 0.4065147042274475 0.6934060454368591 0.6565791964530945
v 0.40610185265541077 0.6933650970458984 0.6565767526626587
v 0.4059072434902191 0.6932539939880371 0.6565699577331543
v 0.408334881067276 0.6925322413444519 0.6600831747055054
v 0.4096330404281616 0.6925322413444519 0.6600831747055054
v 0.4096330404281616 0.6929759383201599 0.6589568257331848
v 0.4083348512649536 0.6929759383201599 0.6589568257331848
v 0.41093122959136963 0.6925322413444519 0.6600831747055054
v 0.41093122959136963 0.6929759383201599 0.65895676612854
v 0.4096330404281616 0.6932713389396667 0.657782256603241
v 0.4083348512649536 0.6932713389396667 0.657782256603241
v 0.41093122959136963 0.6932713389396667 0.657782256603241
v 0.408334881067276 0.6919465661048889 0.661141574382782
v 0.4096330404281616 0.6919465661048889 0.661141574382782
v 0.41093122959136963 0.6919465661048889 0.661141574382782
v 0.41093122959136963 0.6934118866920471 0.6565795540809631
v 0.4096330404281616 0.6934118866920471 0.6565796136856079
v 0.4083348512649536 0.6934118866920471 0.6565795540809631
v 0.40590745210647583 0.5560430288314819 0.6425722241401672
v 0.4061020314693451 0.5559810996055603 0.6425036787986755
v 0.4061020314693451 0.5550776124000549 0.6432149410247803
v 0.40590745210647583 0.555148184299469 0.6432769298553467
v 0.40651488304138184 0.5559582114219666 0.6424784064292908
v 0.40651488304138184 0.5550516247749329 0.6431921124458313
v 0.4061020314693451 0.5542742609977722 0.6440362930297852
v 0.40590745210647583 0.5543525218963623 0.6440906524658203
v 0.40651488304138184 0.5542454719543457 0.6440162062644958
v 0.40590745210647583 0.5570223927497864 0.6419897079467773
v 0.4061020314693451 0.5569697618484497 0.6419157385826111
v 0.40651488304138184 0.5569504499435425 0.6418884992599487
v 0.40724360942840576 0.556947648525238 0.6418846249580383
v 0.40724360942840576 0.5559549331665039 0.6424748301506042
v 0.40724360942840576 0.5550479292869568 0.6431888937950134
v 0.40724360942840576 0.5542412996292114 0.6440133452415466
v 0.4083350598812103 0.5559549331665039 0.6424748301506042
v 0.40963321924209595 0.5559549331665039 0.6424748301506042
v 0.40963321924209595 0.5550479292869568 0.6431888341903687
v 0.4083350598812103 0.5550479292869568 0.6431888937950134
v 0.41093140840530396 0.5559549331665039 0.6424748301506042
v 0.41093140840530396 0.5550479292869568 0.6431888937950134
v 0.40963321924209595 0.5542412996292114 0.6440133452415466
v 0.4083350598812103 0.5542412996292114 0.6440133452415466
v 0.41093140840530396 0.5542412996292114 0.6440133452415466
v 0.4083350598812103 0.556947648525238 0.6418846249580383
v 0.40963321924209595 0.556947648525238 0.6418846249580383
v 0.41093140840530396 0.556947648525238 0.6418846249580383
v 0.4059072732925415 0.6731929183006287 0.6460009813308716
v 0.4059072434902191 0.6798287034034729 0.646344780921936
v 0.40610185265541077 0.679848313331604 0.6462578177452087
v 0.40610185265541077 0.6732065081596375 0.6459136605262756
v 0.4059072434902191 0.6830635070800781 0.6465668082237244
v 0.40610185265541077 0.6830904483795166 0.6464807987213135
v 0.4065147042274475 0.6798555254936218 0.6462258100509644
v 0.4065147042274475 0.6732115149497986 0.6458814740180969
v 0.4065147042274475 0.6831003427505493 0.6464491486549377
v 0.4059072434902191 0.6845842003822327 0.6467671990394592
v 0.40610185265541077 0.6846195459365845 0.6466827988624573
v 0.4065147042274475 0.6846325993537903 0.6466517448425293
v 0.40724340081214905 0.6846344470977783 0.6466472744941711
v 0.40724340081214905 0.6831017732620239 0.6464446187019348
v 0.40724340081214905 0.679856538772583 0.6462212204933167
v 0.40724340081214905 0.6732121706008911 0.6458768844604492
v 0.408334881067276 0.6732121706008911 0.6458768844604492
v 0.4083348512649536 0.679856538772583 0.6462212204933167
v 0.4096330404281616 0.679856538772583 0.6462212204933167
v 0.4096330404281616 0.6732121706008911 0.6458768844604492
v 0.4083348512649536 0.6831017732620239 0.6464446187019348
v 0.4096330404281616 0.6831017732620239 0.6464446187019348
v 0.41093122959136963 0.679856538772583 0.6462212204933167
v 0.41093122959136963 0.6732121706008911 0.6458768844604492
v 0.41093122959136963 0.6831017732620239 0.6464446187019348
v 0.408334881067276 0.6614820957183838 0.6453112959861755
v 0.4083348512649536 0.6846344470977783 0.6466472744941711
v 0.4096330404281616 0.6846344470977783 0.6466472744941711
v 0.41093122959136963 0.6846344470977783 0.6466472744941711
v 0.410931259393692 0.6614820957183838 0.6453112363815308
v 0.409633070230484 0.6614820957183838 0.6453112363815308
v 0.4059072434902191 0.688073456287384 0.6478523015975952
v 0.40610185265541077 0.6881375908851624 0.6477779150009155
v 0.40610185265541077 0.6870166063308716 0.6473100185394287
v 0.4059072434902191 0.6869622468948364 0.647388756275177
v 0.4065147042274475 0.6881612539291382 0.6477504372596741
v 0.4065147042274475 0.6870366334915161 0.6472810506820679
v 0.40610185265541077 0.6858388185501099 0.6469497680664062
v 0.4059072434902191 0.6857941746711731 0.6470317244529724
v 0.4065147042274475 0.6858553290367126 0.6469194889068604
v 0.4059072434902191 0.6891129612922668 0.648436427116394
v 0.40610185265541077 0.6891865134239197 0.6483674049377441
v 0.4065147042274475 0.6892136335372925 0.6483420133590698
v 0.40724340081214905 0.6892175078392029 0.6483383774757385
v 0.40724340081214905 0.6881646513938904 0.6477465033531189
v 0.40724340081214905 0.6870395541191101 0.6472768783569336
v 0.40724340081214905 0.6858576536178589 0.6469151973724365
v 0.4083348512649536 0.6881646513938904 0.6477465033531189
v 0.4096330404281616 0.6881646513938904 0.6477465033531189
v 0.4096330404281616 0.6870395541191101 0.6472768783569336
v 0.4083348512649536 0.6870395541191101 0.6472768783569336
v 0.41093122959136963 0.6881646513938904 0.6477465033531189
v 0.41093122959136963 0.6870395541191101 0.6472768783569336
v 0.4096330404281616 0.6858576536178589 0.6469151377677917
v 0.4083348512649536 0.6858576536178589 0.6469151973724365
v 0.41093122959136963 0.6858576536178589 0.6469151377677917
v 0.4083348512649536 0.6892175078392029 0.6483383774757385
v 0.4096330404281616 0.6892175078392029 0.6483383774757385
v 0.41093122959136963 0.6892175078392029 0.6483383774757385
v 0.40590745210647583 0.5538204908370972 0.6546379923820496
v 0.4061020314693451 0.5537373423576355 0.654681921005249
v 0.4061020314693451 0.55445396900177 0.6555798649787903
v 0.40590745210647583 0.5545303225517273 0.655527651309967
v 0.40651488304138184 0.553706705570221 0.6546981930732727
v 0.40651488304138184 0.554425835609436 0.6555991768836975
v 0.4061020314693451 0.5552812814712524 0.656378448009491
v 0.40590745210647583 0.5553497076034546 0.6563187837600708
v 0.4065149128437042 0.5552560687065125 0.6564003825187683
v 0.40590745210647583 0.5532336235046387 0.6536645889282227
v 0.4061020314693451 0.5531448125839233 0.6536994576454163
v 0.40651488304138184 0.5531121492385864 0.653712272644043
v 0.40724360942840576 0.5531074404716492 0.653714120388031
v 0.40724360942840576 0.5537023544311523 0.654700517654419
v 0.40724360942840576 0.5544218420982361 0.6556018590927124
v 0.40724360942840576 0.5552524328231812 0.6564035415649414
v 0.4083350598812103 0.5537023544311523 0.654700517654419
v 0.40963324904441833 0.5537022948265076 0.654700517654419
v 0.40963324904441833 0.5544218420982361 0.6556018590927124
v 0.4083350598812103 0.5544218420982361 0.6556018590927124
v 0.41093143820762634 0.5537023544311523 0.654700517654419
v 0.41093143820762634 0.5544218420982361 0.6556018590927124
v 0.40963324904441833 0.5552524328231812 0.6564035415649414
v 0.4083350598812103 0.5552524328231812 0.6564035415649414
v 0.41093143820762634 0.5552524328231812 0.6564035415649414
v 0.4083350598812103 0.5531074404716492 0.653714120388031
v 0.40963324904441833 0.5531074404716492 0.653714120388031
v 0.41093140840530396 0.5531074404716492 0.653714120388031
v 0.4059073030948639 0.6722510457038879 0.6650350093841553
v 0.40610188245773315 0.6722557544708252 0.6651251912117004
v 0.40610188245773315 0.6788927316665649 0.6654704213142395
v 0.4059073030948639 0.6788819432258606 0.6653798222541809
v 0.4065147340297699 0.6722575426101685 0.6651583909988403
v 0.4065147340297699 0.6788966655731201 0.665503740310669
v 0.40610188245773315 0.6821355223655701 0.6655831336975098
v 0.4059072732925415 0.6821174025535583 0.6654926538467407
v 0.4065147340297699 0.6821421384811401 0.6656164526939392
v 0.4072434604167938 0.6722577810287476 0.6651630997657776
v 0.4072434604167938 0.6788972616195679 0.6655085682868958
v 0.4072434604167938 0.6821431517601013 0.6656212210655212
v 0.40724343061447144 0.6836842894554138 0.6655763387680054
v 0.4065147340297699 0.6836828589439392 0.6655716300010681
v 0.40610188245773315 0.683673083782196 0.6655385494232178
v 0.4059072732925415 0.6836464405059814 0.6654487252235413
v 0.4083349108695984 0.6722577810287476 0.6651630997657776
v 0.4096331000328064 0.6722577810287476 0.6651630997657776
v 0.409633070230484 0.6788972616195679 0.665508508682251
v 0.4083349108695984 0.6788972616195679 0.665508508682251
v 0.410931259393692 0.6722577810287476 0.6651630997657776
v 0.410931259393692 0.6788972616195679 0.665508508682251
v 0.409633070230484 0.6821431517601013 0.6656212210655212
v 0.4083349108695984 0.6821431517601013 0.6656212210655212
v 0.410931259393692 0.6821431517601013 0.6656212210655212
v 0.4083349108695984 0.660535991191864 0.6645098924636841
v 0.4096331000328064 0.660535991191864 0.6645098924636841
v 0.4109312891960144 0.660535991191864 0.6645098328590393
v 0.410931259393692 0.6836842894554138 0.6655762791633606
v 0.409633070230484 0.6836842894554138 0.6655763387680054
v 0.4083349108695984 0.6836842894554138 0.6655763387680054
v 0.4059072732925415 0.6893357634544373 0.66363126039505
v 0.40610185265541077 0.6894111037254333 0.6637039184570312
v 0.40610185265541077 0.6903518438339233 0.6629541516304016
v 0.4059072732925415 0.6902679204940796 0.6628884077072144
v 0.4065147042274475 0.6894389390945435 0.6637306809425354
v 0.4065147042274475 0.690382719039917 0.6629782915115356
v 0.40610185265541077 0.6911883354187012 0.6620884537696838
v 0.4059072732925415 0.6910969018936157 0.6620307564735413
v 0.4065147042274475 0.6912220120429993 0.6621097326278687
v 0.4059072732925415 0.6883156299591064 0.6642454266548157
v 0.40610188245773315 0.6883817911148071 0.6643238663673401
v 0.4065147340297699 0.6884061098098755 0.6643527150154114
v 0.40724343061447144 0.6884096264839172 0.6643568277359009
v 0.40724343061447144 0.6894428730010986 0.663734495639801
v 0.40724343061447144 0.6903871297836304 0.6629818081855774
v 0.40724343061447144 0.6912268400192261 0.6621127724647522
v 0.408334881067276 0.6894428730010986 0.6637344360351562
v 0.409633070230484 0.6894428730010986 0.6637344360351562
v 0.409633070230484 0.6903871297836304 0.6629818081855774
v 0.408334881067276 0.6903871297836304 0.6629818081855774
v 0.410931259393692 0.6894428730010986 0.6637344360351562
v 0.41093122959136963 0.6903871297836304 0.6629817485809326
v 0.409633070230484 0.6912268400192261 0.6621127128601074
v 0.408334881067276 0.6912268400192261 0.6621127724647522
v 0.41093122959136963 0.6912268400192261 0.6621127128601074
v 0.408334881067276 0.6884096264839172 0.6643568277359009
v 0.409633070230484 0.6884096264839172 0.6643568277359009
v 0.410931259393692 0.6884096264839172 0.6643568277359009
v 0.40590745210647583 0.5603030323982239 0.6409813761711121
v 0.4061020314693451 0.560279905796051 0.6408979892730713
v 0.4061020314693451 0.5591380596160889 0.641125500202179
v 0.40590745210647583 0.559170663356781 0.6412067413330078
v 0.40651488304138184 0.5602713823318481 0.6408672332763672
v 0.40651488304138184 0.559126079082489 0.6410955190658569
v 0.4061020314693451 0.5580282807350159 0.6414597034454346
v 0.40590745210647583 0.5580708980560303 0.6415379047393799
v 0.40651488304138184 0.5580126643180847 0.6414309740066528
v 0.40590742230415344 0.5614496469497681 0.6408471465110779
v 0.4061020314693451 0.5614346265792847 0.6407623291015625
v 0.40651488304138184 0.5614290833473206 0.6407310962677002
v 0.40724360942840576 0.5614282488822937 0.6407265663146973
v 0.40724360942840576 0.5602701306343079 0.6408628225326538
v 0.40724360942840576 0.5591243505477905 0.6410912871360779
v 0.40724360942840576 0.5580103993415833 0.6414268612861633
v 0.4083350598812103 0.5602701902389526 0.6408628225326538
v 0.40963321924209595 0.5602701902389526 0.6408628225326538
v 0.40963321924209595 0.5591243505477905 0.6410912871360779
v 0.4083350598812103 0.5591243505477905 0.6410912871360779
v 0.41093140840530396 0.5602701902389526 0.6408628225326538
v 0.41093140840530396 0.5591243505477905 0.6410912871360779
v 0.40963321924209595 0.5580103993415833 0.6414268612861633
v 0.4083350598812103 0.5580103993415833 0.6414268612861633
v 0.41093140840530396 0.5580103993415833 0.6414268612861633
v 0.4083350598812103 0.5614282488822937 0.6407265663146973
v 0.40963321924209595 0.5614282488822937 0.6407265663146973
v 0.41093140840530396 0.5614282488822937 0.6407265663146973
v 0.4134039580821991 0.5588421821594238 0.6429533958435059
v 0.4134676456451416 0.5588144659996033 0.6429026126861572
v 0.4134676456451416 0.559739351272583 0.6426255106925964
v 0.4134039580821991 0.5597605109214783 0.6426783800125122
v 0.4134911000728607 0.55876624584198 0.6428139805793762
v 0.4134911000728607 0.5597023963928223 0.6425333619117737
v 0.4134676456451416 0.5607075095176697 0.6424378752708435
v 0.4134039580821991 0.5607225894927979 0.6424921154975891
v 0.4134911000728607 0.5606812834739685 0.642343282699585
v 0.4134039580821991 0.5579745173454285 0.6433290839195251
v 0.4134676456451416 0.5579403042793274 0.6432809829711914
v 0.4134911000728607 0.5578807592391968 0.6431971788406372
v 0.4134944677352905 0.5577863454818726 0.6430644392967224
v 0.4134944677352905 0.5586897730827332 0.642673671245575
v 0.4134944677352905 0.5596439838409424 0.6423875093460083
v 0.4134944677352905 0.5606396794319153 0.6421934962272644
v 0.4134944677352905 0.5616676807403564 0.64207923412323
v 0.4134911000728607 0.5616945624351501 0.6422314643859863
v 0.4134676456451416 0.5617116093635559 0.6423275470733643
v 0.4134039580821991 0.5617213845252991 0.6423826813697815
v 0.4058012366294861 0.6008941531181335 0.6606037616729736
v 0.4058012068271637 0.6218928098678589 0.6617775559425354
v 0.40580642223358154 0.6219074130058289 0.6614575982093811
v 0.40580645203590393 0.6009131073951721 0.6602885723114014
v 0.4058012068271637 0.6429053544998169 0.6629520058631897
v 0.40580639243125916 0.6429140567779541 0.6626272201538086
v 0.40586337447166443 0.6219220161437988 0.6611376404762268
v 0.4058634042739868 0.6009320020675659 0.6599733233451843
v 0.40586334466934204 0.6429226994514465 0.6623024940490723
v 0.40598639845848083 0.6429299116134644 0.6620334386825562
v 0.4059864282608032 0.6219341158866882 0.6608725786209106
v 0.4059864580631256 0.6009476780891418 0.6597121953964233
v 0.4059072434902191 0.691657304763794 0.6509197950363159
v 0.4061018228530884 0.6917539834976196 0.6508738994598389
v 0.4061018228530884 0.6910087466239929 0.6499285101890564
v 0.4059072434902191 0.6909188032150269 0.6499830484390259
v 0.4065146744251251 0.6917895674705505 0.6508570313453674
v 0.4065146744251251 0.691041886806488 0.6499083042144775
v 0.4061018228530884 0.6901482343673706 0.6490877866744995
v 0.4059072434902191 0.6900660991668701 0.6491501927375793
v 0.4065147042274475 0.6901785731315613 0.649064838886261
v 0.4059072434902191 0.6922677755355835 0.6519449353218079
v 0.4061018228530884 0.6923699378967285 0.6519085764884949
v 0.4065146744251251 0.6924076080322266 0.6518951654434204
v 0.40724340081214905 0.6924129724502563 0.6518932580947876
v 0.40724340081214905 0.6917946338653564 0.6508545875549316
v 0.40724340081214905 0.6910465955734253 0.6499054431915283
v 0.40724340081214905 0.6901828646659851 0.6490615010261536
v 0.4083348512649536 0.6917946338653564 0.6508545875549316
v 0.4096330404281616 0.6917946338653564 0.6508545875549316
v 0.4096330404281616 0.6910465955734253 0.6499054431915283
v 0.4083348512649536 0.6910465955734253 0.6499054431915283
v 0.41093119978904724 0.6917946338653564 0.6508545875549316
v 0.41093122959136963 0.6910465955734253 0.6499054431915283
v 0.4096330404281616 0.6901829242706299 0.6490615010261536
v 0.4083348512649536 0.6901829242706299 0.6490615010261536
v 0.41093122959136963 0.6901829242706299 0.6490615010261536
v 0.4083348512649536 0.6924129724502563 0.6518932580947876
v 0.4096330404281616 0.6924129724502563 0.6518932580947876
v 0.41093119978904724 0.6924129724502563 0.6518932580947876
v 0.40590745210647583 0.5523024201393127 0.6504077911376953
v 0.4061020314693451 0.5522046089172363 0.6504122614860535
v 0.4061020314693451 0.5523735284805298 0.6515454649925232
v 0.40590745210647583 0.5524696707725525 0.6515306234359741
v 0.40651488304138184 0.552168607711792 0.6504139304161072
v 0.40651488304138184 0.5523380637168884 0.6515510678291321
v 0.4061020314693451 0.5526883006095886 0.6526477336883545
v 0.40590745210647583 0.5527814626693726 0.6526225805282593
v 0.40651488304138184 0.5526540279388428 0.6526569724082947
v 0.40724360942840576 0.5521634221076965 0.6504141688346863
v 0.40724360942840576 0.5523329973220825 0.6515518426895142
v 0.40724360942840576 0.5526491403579712 0.6526582837104797
v 0.4083350598812103 0.5521634221076965 0.6504141688346863
v 0.40963324904441833 0.5521634221076965 0.6504141688346863
v 0.40963324904441833 0.5523329973220825 0.6515518426895142
v 0.4083350598812103 0.5523329973220825 0.6515518426895142
v 0.41093140840530396 0.5521634221076965 0.6504141688346863
v 0.41093140840530396 0.5523329973220825 0.6515518426895142
v 0.40963324904441833 0.5526490807533264 0.6526582837104797
v 0.4083350598812103 0.5526490807533264 0.6526582837104797
v 0.41093140840530396 0.5526490807533264 0.6526582837104797
v 0.40833500027656555 0.6008611917495728 0.6611531376838684
v 0.40963315963745117 0.6008611917495728 0.6611531376838684
v 0.4096331298351288 0.6218673586845398 0.6623351573944092
v 0.40833497047424316 0.6218673586845398 0.6623351573944092
v 0.4109313488006592 0.600861132144928 0.6611531376838684
v 0.4109313189983368 0.6218673586845398 0.6623351573944092
v 0.4096331298351288 0.6428902745246887 0.6635180711746216
v 0.4083349406719208 0.6428902745246887 0.6635180711746216
v 0.4109312891960144 0.6428902745246887 0.6635180711746216
v 0.41340386867523193 0.6017149686813354 0.6441490650177002
v 0.41346755623817444 0.6017170548439026 0.644092857837677
v 0.41346752643585205 0.6227077841758728 0.6451026201248169
v 0.41340383887290955 0.622704803943634 0.6451590657234192
v 0.41349101066589355 0.6017208099365234 0.6439948081970215
v 0.41349098086357117 0.6227129697799683 0.6450042128562927
v 0.41346749663352966 0.6437082290649414 0.646112859249115
v 0.41340383887290955 0.6437041759490967 0.6461695432662964
v 0.41349098086357117 0.6437153816223145 0.6460140943527222
v 0.4134038984775543 0.5841429233551025 0.6433029174804688
v 0.4134675860404968 0.5841440558433533 0.6432468891143799
v 0.41349104046821594 0.58414626121521 0.643149197101593
v 0.41349440813064575 0.5841495394706726 0.6429944634437561
v 0.41349437832832336 0.601726770401001 0.6438396573066711
v 0.413494348526001 0.6227211356163025 0.6448483467102051
v 0.4134943187236786 0.6437265872955322 0.6458576917648315
v 0.4059072732925415 0.6848743557929993 0.6653082966804504
v 0.40610188245773315 0.6849104166030884 0.6653966903686523
v 0.40610188245773315 0.6861170530319214 0.6651572585105896
v 0.4059072732925415 0.6860710382461548 0.6650711297988892
v 0.4065147340297699 0.6849237084388733 0.6654292345046997
v 0.4065147340297699 0.6861340403556824 0.6651889681816101
v 0.40610188245773315 0.6872789263725281 0.6648047566413879
v 0.4059072732925415 0.6872227191925049 0.6647219657897949
v 0.4065147340297699 0.6872996687889099 0.6648352742195129
v 0.40724343061447144 0.6849256157875061 0.6654338836669922
v 0.40724343061447144 0.6861364841461182 0.665193498134613
v 0.40724343061447144 0.6873026490211487 0.6648396849632263
v 0.4083349108695984 0.6849256157875061 0.6654338836669922
v 0.409633070230484 0.6849256157875061 0.6654338836669922
v 0.409633070230484 0.6861364841461182 0.665193498134613
v 0.408334881067276 0.6861364841461182 0.665193498134613
v 0.410931259393692 0.6849256157875061 0.6654338836669922
v 0.410931259393692 0.6861364841461182 0.6651934385299683
v 0.409633070230484 0.6873026490211487 0.6648396849632263
v 0.408334881067276 0.6873026490211487 0.6648396849632263
v 0.410931259393692 0.6873026490211487 0.6648396849632263
v 0.40590742230415344 0.5725384950637817 0.6411877274513245
v 0.4061020016670227 0.5725380778312683 0.6411017179489136
v 0.4061020314693451 0.5660033822059631 0.6408089399337769
v 0.40590742230415344 0.5660071969032288 0.6408947706222534
v 0.40651485323905945 0.5725379586219788 0.6410700082778931
v 0.40651488304138184 0.5660019516944885 0.6407772302627563
v 0.4061020314693451 0.5628702044487 0.6407163143157959
v 0.40590742230415344 0.5628787875175476 0.6408019065856934
v 0.40651488304138184 0.5628669857978821 0.6406847834587097
v 0.4072435796260834 0.5725379586219788 0.6410654783248901
v 0.4072435796260834 0.5660017132759094 0.6407727003097534
v 0.4072435796260834 0.5628665685653687 0.6406803131103516
v 0.40833503007888794 0.5725379586219788 0.6410654783248901
v 0.40963321924209595 0.5725379586219788 0.6410654783248901
v 0.40963321924209595 0.5660017132759094 0.6407727599143982
v 0.40833503007888794 0.5660017132759094 0.6407727003097534
v 0.41093140840530396 0.5725379586219788 0.6410654783248901
v 0.41093140840530396 0.5660017132759094 0.6407727003097534
v 0.40963321924209595 0.5628665685653687 0.6406803131103516
v 0.4083350598812103 0.5628665685653687 0.6406803131103516
v 0.41093140840530396 0.5628665685653687 0.6406803131103516
v 0.40833500027656555 0.584179162979126 0.6416200399398804
v 0.40963315963745117 0.584179162979126 0.6416200399398804
v 0.4109313488006592 0.584179162979126 0.6416200399398804
v 0.4083349108695984 0.6438264846801758 0.6444677114486694
v 0.4096331000328064 0.6438264846801758 0.6444677114486694
v 0.4096331000328064 0.6227938532829285 0.6434637904167175
v 0.4083349406719208 0.6227938532829285 0.6434637904167175
v 0.410931259393692 0.6438264846801758 0.6444677114486694
v 0.4109312891960144 0.6227938532829285 0.6434637904167175
v 0.4096331298351288 0.6017796397209167 0.642460823059082
v 0.40833497047424316 0.6017796397209167 0.6424607634544373
v 0.4109313189983368 0.6017796397209167 0.6424607634544373
v 0.41340377926826477 0.6849861145019531 0.6485166549682617
v 0.4134674668312073 0.6850151419639587 0.6484633684158325
v 0.4134674668312073 0.6860132813453674 0.6487632393836975
v 0.41340377926826477 0.6859779357910156 0.6488144397735596
v 0.4134909212589264 0.685065746307373 0.6483703851699829
v 0.4134909212589264 0.6860748529434204 0.6486740112304688
v 0.4134674668312073 0.6869538426399231 0.6491518616676331
v 0.41340377926826477 0.6869121789932251 0.6492002606391907
v 0.4134909212589264 0.6870265603065491 0.6490675210952759
v 0.4134942889213562 0.6851457953453064 0.6482231616973877
v 0.4134942889213562 0.6861724257469177 0.6485326886177063
v 0.4134942889213562 0.6871416568756104 0.6489338278770447
v 0.4134942889213562 0.6880446076393127 0.6494389772415161
v 0.4134909212589264 0.6879125833511353 0.6495628952980042
v 0.4134674668312073 0.6878292560577393 0.6496410965919495
v 0.41340377926826477 0.6877814531326294 0.6496859788894653
v 0.4059072434902191 0.6932353973388672 0.655375063419342
v 0.40610185265541077 0.6933463215827942 0.6553707122802734
v 0.4061018228530884 0.6931713223457336 0.6541770100593567
v 0.4059072434902191 0.693061888217926 0.6541924476623535
v 0.4065147042274475 0.6933872103691101 0.6553690433502197
v 0.4065147042274475 0.6932116150856018 0.654171347618103
v 0.4061018228530884 0.6928443908691406 0.653016209602356
v 0.4059072434902191 0.6927379369735718 0.6530422568321228
v 0.4065146744251251 0.6928836107254028 0.6530064940452576
v 0.40724340081214905 0.6933930516242981 0.6553688049316406
v 0.40724340081214905 0.6932173371315002 0.6541705131530762
v 0.40724340081214905 0.6928892135620117 0.6530051827430725
v 0.4083348512649536 0.6933930516242981 0.6553688049316406
v 0.4096330404281616 0.6933930516242981 0.6553688049316406
v 0.4096330404281616 0.6932173371315002 0.6541705131530762
v 0.4083348512649536 0.6932173371315002 0.6541705131530762
v 0.41093122959136963 0.6933930516242981 0.6553688049316406
v 0.41093122959136963 0.6932173371315002 0.6541705131530762
v 0.4096330404281616 0.6928892135620117 0.6530051827430725
v 0.4083348512649536 0.6928892135620117 0.6530051827430725
v 0.41093119978904724 0.6928892135620117 0.6530051827430725
v 0.4058012068271637 0.6017583608627319 0.6430159211158752
v 0.40580642223358154 0.6017462015151978 0.6433344483375549
v 0.40580639243125916 0.6227477788925171 0.6443411111831665
v 0.4058012068271637 0.6227645874023438 0.644021213054657
v 0.40586337447166443 0.601733922958374 0.6436529159545898
v 0.40586334466934204 0.6227310299873352 0.6446609497070312
v 0.40580636262893677 0.6437631845474243 0.6453484296798706
v 0.4058011770248413 0.6437863111495972 0.6450273394584656
v 0.40586331486701965 0.643740177154541 0.6456694602966309
v 0.4059864282608032 0.6017237901687622 0.6439168453216553
v 0.40598639845848083 0.6227170825004578 0.6449258923530579
v 0.40598636865615845 0.6437209844589233 0.6459355354309082
v 0.41340380907058716 0.6817898750305176 0.6638538837432861
v 0.41346749663352966 0.6818016171455383 0.6639127135276794
v 0.41346749663352966 0.6786945462226868 0.663798451423645
v 0.41340380907058716 0.678687572479248 0.6637395024299622
v 0.4134909510612488 0.6818221807479858 0.6640152931213379
v 0.4134909510612488 0.678706705570221 0.6639010906219482
v 0.41346749663352966 0.6721678376197815 0.6634611487388611
v 0.41340380907058716 0.672164797782898 0.6634024977684021
v 0.4134909510612488 0.672173261642456 0.6635633111000061
v 0.4134942889213562 0.6818546056747437 0.6641777157783508
v 0.4134943187236786 0.6787259578704834 0.6640636920928955
v 0.4134943187236786 0.6721817851066589 0.6637251377105713
v 0.41340377926826477 0.6885778307914734 0.6502794623374939
v 0.4134674668312073 0.6886312365531921 0.6502388715744019
v 0.4134674668312073 0.6893487572669983 0.6509364247322083
v 0.41340377926826477 0.6892902851104736 0.6509719491004944
v 0.4134909212589264 0.6887243986129761 0.6501681804656982
v 0.4134909212589264 0.689450740814209 0.6508744955062866
v 0.4134674668312073 0.6899702548980713 0.6517207622528076
v 0.41340377926826477 0.6899073719978333 0.6517506241798401
v 0.4134909212589264 0.6900797486305237 0.6516687870025635
v 0.4134942889213562 0.6888719797134399 0.6500562429428101
v 0.4134942889213562 0.6896121501922607 0.6507764458656311
v 0.4134942889213562 0.6902532577514648 0.6515864133834839
v 0.4134039580821991 0.5630342960357666 0.6423513293266296
v 0.4134676456451416 0.5630286931991577 0.6422956585884094
v 0.4134676456451416 0.5660735964775085 0.6423946619033813
v 0.4134039580821991 0.5660760402679443 0.6424505114555359
v 0.4134911000728607 0.5630189180374146 0.6421987414360046
v 0.4134911000728607 0.5660693049430847 0.6422972679138184
v 0.4134676158428192 0.5725456476211548 0.6426898837089539
v 0.4134039580821991 0.5725459456443787 0.642745852470398
v 0.4134911000728607 0.5725451707839966 0.6425923109054565
v 0.4134944677352905 0.5630035400390625 0.6420450806617737
v 0.41349443793296814 0.5660623908042908 0.6421430706977844
v 0.41349443793296814 0.5725444555282593 0.6424378752708435
v 0.4134039580821991 0.5557683706283569 0.6450760364532471
v 0.4134676456451416 0.5557174682617188 0.6450405716896057
v 0.4134676456451416 0.5563799738883972 0.6443591713905334
v 0.4134039580821991 0.5564258694648743 0.6443994641304016
v 0.4134911000728607 0.5556288957595825 0.6449788808822632
v 0.4134911000728607 0.5562999844551086 0.6442888975143433
v 0.4134676456451416 0.5571250319480896 0.6437689065933228
v 0.4134039580821991 0.5571653246879578 0.6438134908676147
v 0.4134911000728607 0.5570547580718994 0.6436913013458252
v 0.4134944677352905 0.5554885268211365 0.6448812484741211
v 0.4134944677352905 0.5561733841896057 0.6441776156425476
v 0.4134944677352905 0.5569435358047485 0.643568217754364
v 0.4134039580821991 0.5544684529304504 0.6521677374839783
v 0.4134676456451416 0.5544078946113586 0.6521841287612915
v 0.4134676456451416 0.5541486144065857 0.6512699127197266
v 0.4134039580821991 0.5542111396789551 0.6512601971626282
v 0.4134911298751831 0.5543022751808167 0.6522126197814941
v 0.4134911298751831 0.5540395975112915 0.6512868404388428
v 0.4134676456451416 0.5540096759796143 0.6503299474716187
v 0.4134039580821991 0.5540732145309448 0.6503270864486694
v 0.4134911000728607 0.553898811340332 0.6503350138664246
v 0.4134944677352905 0.5541350245475769 0.6522576808929443
v 0.4134944677352905 0.553866982460022 0.6513136625289917
v 0.4134944677352905 0.5537232756614685 0.6503430008888245
v 0.41349440813064575 0.6009300947189331 0.6600056290626526
v 0.41349437832832336 0.6219205260276794 0.6611703634262085
v 0.41349437832832336 0.6219087839126587 0.6614281535148621
v 0.41349440813064575 0.6009148359298706 0.6602595448493958
v 0.413494348526001 0.6429218649864197 0.6623357534408569
v 0.413494348526001 0.6429148316383362 0.6625973582267761
v 0.41349437832832336 0.6218969225883484 0.6616878509521484
v 0.41349440813064575 0.6008994579315186 0.6605154275894165
v 0.413494348526001 0.6429077982902527 0.6628609299659729
v 0.41349440813064575 0.5833534598350525 0.6590310335159302
v 0.4134943187236786 0.6605308651924133 0.6633120179176331
v 0.4134943187236786 0.6605319976806641 0.6635770797729492
v 0.4134943187236786 0.6605331897735596 0.663844108581543
v 0.41349440813064575 0.5833144187927246 0.6595342755317688
v 0.41349440813064575 0.5833339691162109 0.6592816710472107
v 0.41349437832832336 0.6017351746559143 0.6436203122138977
v 0.41349437832832336 0.6017450094223022 0.6433637142181396
v 0.413494348526001 0.6227462291717529 0.644370436668396
v 0.413494348526001 0.6227326989173889 0.64462810754776
v 0.41349437832832336 0.6017549633979797 0.6431052088737488
v 0.413494348526001 0.6227598786354065 0.6441108584403992
v 0.4134943187236786 0.6437610387802124 0.6453779339790344
v 0.4134943187236786 0.6437425017356873 0.6456365585327148
v 0.4134943187236786 0.6437798142433167 0.6451172828674316
v 0.41349440813064575 0.5841542482376099 0.64277583360672
v 0.41349440813064575 0.584159791469574 0.642520010471344
v 0.41349440813064575 0.5841653347015381 0.64226233959198
v 0.4134942889213562 0.6614143252372742 0.6459624171257019
v 0.4134942889213562 0.6613871455192566 0.6462236046791077
v 0.4134942889213562 0.6613602042198181 0.6464828848838806
v 0.4134942889213562 0.6827408671379089 0.6475975513458252
v 0.4134942889213562 0.6795941591262817 0.6473866701126099
v 0.4134942889213562 0.6796522736549377 0.6471287608146667
v 0.4134942591190338 0.682820737361908 0.6473423838615417
v 0.4134942889213562 0.6730304956436157 0.6470479965209961
v 0.4134942889213562 0.6730706691741943 0.6467888355255127
v 0.4134942889213562 0.6797107458114624 0.6468689441680908
v 0.4134942591190338 0.6829012036323547 0.6470853090286255
v 0.4134942889213562 0.6731112599372864 0.6465277075767517
v 0.4134942889213562 0.6841603517532349 0.6477789282798767
v 0.4134942591190338 0.6843709349632263 0.6472762227058411
v 0.4134942591190338 0.6842653155326843 0.6475285291671753
v 0.4134944677352905 0.5598053336143494 0.6573916077613831
v 0.4134944677352905 0.5597124099731445 0.6576241254806519
v 0.4134944677352905 0.5586897730827332 0.657313346862793
v 0.4134944677352905 0.5588098764419556 0.6570900678634644
v 0.4134944677352905 0.5596187710762024 0.6578583717346191
v 0.4134944677352905 0.5585687756538391 0.6575382947921753
v 0.4134944677352905 0.5577155947685242 0.6569099426269531
v 0.4134944677352905 0.5578644275665283 0.6566988229751587
v 0.4134944677352905 0.5575658082962036 0.6571226716041565
v 0.4134944677352905 0.5608389973640442 0.6576153039932251
v 0.4134944677352905 0.56076979637146 0.6578543782234192
v 0.4134944677352905 0.5607001185417175 0.6580952405929565
v 0.4134944677352905 0.5566253662109375 0.6565989851951599
v 0.4134944677352905 0.5568037033081055 0.6564017534255981
v 0.4134944677352905 0.5569807291030884 0.656205952167511
v 0.4134942889213562 0.6900006532669067 0.6613386273384094
v 0.4134942889213562 0.6902719736099243 0.6615099906921387
v 0.4134942889213562 0.6895111203193665 0.6622953414916992
v 0.4134942889213562 0.6892622113227844 0.6621003150939941
v 0.4134942889213562 0.690545380115509 0.6616825461387634
v 0.4134942889213562 0.6897619366645813 0.6624919176101685
v 0.4134942889213562 0.6886554956436157 0.6629756093025208
v 0.4134942889213562 0.6884317398071289 0.6627600193023682
v 0.4134942889213562 0.6888809204101562 0.663192868232727
v 0.4134942889213562 0.6906335353851318 0.6604874134063721
v 0.4134942889213562 0.6909241080284119 0.6606321930885315
v 0.4134942889213562 0.6912168860435486 0.6607780456542969
v 0.4134942889213562 0.6879168748855591 0.6637725234031677
v 0.4134942889213562 0.6877191662788391 0.6635380387306213
v 0.4134942889213562 0.6875229477882385 0.663305401802063
v 0.4134942889213562 0.6914615631103516 0.6533553004264832
v 0.4134942889213562 0.6917774677276611 0.6532778739929199
v 0.4134942889213562 0.6920749545097351 0.6543312668800354
v 0.4134942889213562 0.6917503476142883 0.6543769240379333
v 0.4134942591190338 0.6920957565307617 0.6531997919082642
v 0.4134942889213562 0.6924020648002625 0.6542852520942688
v 0.4134942889213562 0.6922343373298645 0.6554144024848938
v 0.4134942889213562 0.6919050216674805 0.6554273962974548
v 0.4134942889213562 0.6925660967826843 0.6554014086723328
v 0.4134942889213562 0.6910424828529358 0.6523805856704712
v 0.4134942591190338 0.691345751285553 0.6522728204727173
v 0.4134942591190338 0.6916513442993164 0.6521641612052917
v 0.4134942889213562 0.6925837993621826 0.6565290689468384
v 0.4134942889213562 0.6922515630722046 0.6565088033676147
v 0.4134942889213562 0.6919218301773071 0.6564886569976807
v 0.4134944677352905 0.5621839165687561 0.6577896475791931
v 0.4134944677352905 0.5652529001235962 0.6580093502998352
v 0.4134944677352905 0.5652166604995728 0.6582554578781128
v 0.4134944677352905 0.5621335506439209 0.658033013343811
v 0.4134944677352905 0.5717435479164124 0.6583859920501709
v 0.4134944677352905 0.5717174410820007 0.6586343050003052
v 0.4134944677352905 0.565180242061615 0.658503532409668
v 0.4134944677352905 0.5620828866958618 0.6582781076431274
v 0.4134944677352905 0.57169109582901 0.6588845252990723
v 0.4134942889213562 0.6852590441703796 0.6480150818824768
v 0.4134942591190338 0.6853915452957153 0.6477716565132141
v 0.4134942889213562 0.686471700668335 0.6480992436408997
v 0.4134942889213562 0.686310350894928 0.6483328938484192
v 0.4134942591190338 0.6855250000953674 0.6475265026092529
v 0.4134942591190338 0.6866343021392822 0.6478637456893921
v 0.4134942889213562 0.687494695186615 0.6485240459442139
v 0.4134942889213562 0.6873043775558472 0.6487450003623962
v 0.4134942889213562 0.687686562538147 0.6483014225959778
v 0.4134942889213562 0.6886693239212036 0.6488527655601501
v 0.4134942889213562 0.6884494423866272 0.6490591168403625
v 0.4134942889213562 0.6882311701774597 0.6492639780044556
v 0.4134944677352905 0.5585816502571106 0.6424753069877625
v 0.4134944677352905 0.5584552884101868 0.6422432661056519
v 0.4134944677352905 0.5594646334648132 0.6419401168823242
v 0.4134944677352905 0.5595613121986389 0.6421813368797302
v 0.4134944677352905 0.5583279132843018 0.6420094966888428
v 0.4134944677352905 0.5593672394752502 0.6416970491409302
v 0.4134944677352905 0.560512125492096 0.6417341828346252
v 0.4134944677352905 0.5605809092521667 0.641981840133667
v 0.4134944677352905 0.5604428648948669 0.6414847373962402
v 0.4134944677352905 0.5576529502868652 0.6428766846656799
v 0.4134944677352905 0.5574968457221985 0.6426571607589722
v 0.4134944677352905 0.557339608669281 0.6424359679222107
v 0.4134944677352905 0.5615401864051819 0.6413587331771851
v 0.4134944677352905 0.5615850687026978 0.6416123509407043
v 0.4134944677352905 0.561629593372345 0.6418640613555908
v 0.4134944677352905 0.5535764098167419 0.6483460664749146
v 0.4134944677352905 0.5532892942428589 0.6482967734336853
v 0.4134944677352905 0.5535446405410767 0.6472890377044678
v 0.4134944677352905 0.5538237690925598 0.6473687887191772
v 0.4134944677352905 0.5530000925064087 0.6482470631599426
v 0.4134944677352905 0.5532633662223816 0.6472086906433105
v 0.4134944677352905 0.5539284348487854 0.6463226675987244
v 0.4134944677352905 0.5541957020759583 0.6464316248893738
v 0.4134944677352905 0.5536591410636902 0.6462128758430481
v 0.4134944677352905 0.5534589290618896 0.6493468284606934
v 0.4134944677352905 0.5531680583953857 0.6493287086486816
v 0.4134944677352905 0.5528750419616699 0.6493103504180908
v 0.4134944677352905 0.5541818141937256 0.6452773213386536
v 0.4134944677352905 0.5544351935386658 0.6454147696495056
v 0.4134944677352905 0.5546867251396179 0.6455511450767517
v 0.4134944677352905 0.5561705231666565 0.6556038856506348
v 0.4134944677352905 0.555967390537262 0.6557809114456177
v 0.4134944677352905 0.5552190542221069 0.655056357383728
v 0.4134944677352905 0.5554455518722534 0.6549013257026672
v 0.4134944677352905 0.5557627081871033 0.6559591293334961
v 0.4134944677352905 0.554990828037262 0.6552125811576843
v 0.4134944677352905 0.5545709133148193 0.654241681098938
v 0.4134944677352905 0.5548177361488342 0.6541113257408142
v 0.4134944677352905 0.5543222427368164 0.654373049736023
v 0.4134944677352905 0.5537694096565247 0.6534543633460999
v 0.4134944677352905 0.554034948348999 0.6533501744270325
v 0.4134944677352905 0.5542985796928406 0.6532467603683472
v 0.4134942889213562 0.6865487098693848 0.6637284159660339
v 0.4134942889213562 0.6867155432701111 0.6639743447303772
v 0.4134942889213562 0.685655415058136 0.6642938852310181
v 0.4134942889213562 0.6855186820030212 0.6640382409095764
v 0.4134942889213562 0.6868836283683777 0.6642220616340637
v 0.4134942889213562 0.6857931613922119 0.6645514369010925
v 0.4134942889213562 0.6845489740371704 0.6645106077194214
v 0.4134942889213562 0.6844419240951538 0.6642482280731201
v 0.4134943187236786 0.6846567988395691 0.6647749543190002
v 0.4134943187236786 0.6834859251976013 0.6649068593978882
v 0.4134943187236786 0.6834063529968262 0.6646384000778198
v 0.4134943187236786 0.683327317237854 0.6643717885017395
v 0.4134942889213562 0.6917983293533325 0.657542884349823
v 0.4134942889213562 0.6921243071556091 0.6575958728790283
v 0.4134942889213562 0.6918568015098572 0.6586575508117676
v 0.4134942889213562 0.6915387511253357 0.6585724353790283
v 0.4134942889213562 0.6924527287483215 0.6576492786407471
v 0.4134942889213562 0.6921772360801697 0.6587432026863098
v 0.4134942889213562 0.6914547681808472 0.659675657749176
v 0.4134942889213562 0.691148579120636 0.6595597863197327
v 0.4134942889213562 0.6917632818222046 0.6597923636436462
v 0.4134943187236786 0.6819005608558655 0.6644073724746704
v 0.4134943187236786 0.6819542050361633 0.6646760106086731
v 0.4134943187236786 0.6787850856781006 0.664562463760376
v 0.4134943187236786 0.6787531971931458 0.6642935276031494
v 0.4134943187236786 0.6820082664489746 0.6649466156959534
v 0.4134943187236786 0.6788171529769897 0.6648333072662354
v 0.4134943187236786 0.6722080111503601 0.664221465587616
v 0.4134943187236786 0.6721938848495483 0.6639539003372192
v 0.4134943187236786 0.6722222566604614 0.6644911170005798
v 0.4134942889213562 0.6890804171562195 0.6498980522155762
v 0.4134942889213562 0.6893244385719299 0.649712860584259
v 0.4134942889213562 0.6901072859764099 0.6504758596420288
v 0.4134942889213562 0.6898403167724609 0.6506379246711731
v 0.4134942889213562 0.6895701885223389 0.6495264172554016
v 0.4134942591190338 0.6903762221336365 0.6503125429153442
v 0.4134942889213562 0.69078528881073 0.6513338088989258
v 0.4134942889213562 0.6904984712600708 0.6514700055122375
v 0.4134942591190338 0.6910742521286011 0.6511965990066528
v 0.4134944677352905 0.5629817247390747 0.6418280005455017
v 0.4134944677352905 0.5629562735557556 0.641573965549469
v 0.41349443793296814 0.5660415291786194 0.6416700482368469
v 0.41349443793296814 0.5660527944564819 0.641925036907196
v 0.4134944677352905 0.5629305839538574 0.641318142414093
v 0.41349443793296814 0.5660300850868225 0.641413152217865
v 0.41349443793296814 0.5725421905517578 0.6419641375541687
v 0.41349443793296814 0.5725433826446533 0.6422195434570312
v 0.41349443793296814 0.5725409984588623 0.6417068243026733
v 0.4134944677352905 0.5552901029586792 0.6447431445121765
v 0.4134944677352905 0.5550580620765686 0.64458167552948
v 0.4134944677352905 0.5557848811149597 0.6438363194465637
v 0.4134944677352905 0.5559943318367004 0.6440203785896301
v 0.4134944677352905 0.5548242330551147 0.6444189548492432
v 0.4134944677352905 0.5555738806724548 0.6436509490013123
v 0.4134944677352905 0.5566023588180542 0.6431908011436462
v 0.4134944677352905 0.5567862391471863 0.6433942317962646
v 0.4134944677352905 0.556416928768158 0.6429858207702637
v 0.4134944677352905 0.5538986325263977 0.6523213982582092
v 0.4134944677352905 0.5536221265792847 0.6523959636688232
v 0.4134944677352905 0.5533375144004822 0.651395857334137
v 0.4134944677352905 0.5536229610443115 0.6513515710830688
v 0.4134944677352905 0.5533435344696045 0.6524710059165955
v 0.4134944677352905 0.5530499219894409 0.6514405012130737
v 0.4134944677352905 0.5531848669052124 0.6503675580024719
v 0.4134944677352905 0.5534751415252686 0.6503543257713318
v 0.4134944677352905 0.5528924465179443 0.6503809094429016
v 0.4061942398548126 0.6017173528671265 0.6440852284431458
v 0.4065227210521698 0.6017140746116638 0.6441716551780701
v 0.4065226912498474 0.6227036118507385 0.6451817750930786
v 0.40619421005249023 0.6227082014083862 0.6450949907302856
v 0.40701207518577576 0.6017128825187683 0.6442035436630249
v 0.40701204538345337 0.6227020025253296 0.645213782787323
v 0.406522661447525 0.6437025666236877 0.6461923718452454
v 0.40619418025016785 0.6437088251113892 0.6461052298545837
v 0.407012015581131 0.6437003016471863 0.6462244987487793
v 0.406194269657135 0.5841442346572876 0.6432392597198486
v 0.4065227508544922 0.5841423869132996 0.6433254480361938
v 0.40701210498809814 0.584141731262207 0.6433572173118591
v 0.40770256519317627 0.5841416716575623 0.6433617472648621
v 0.4077025353908539 0.6017126441001892 0.6442080736160278
v 0.4077025055885315 0.6227017641067505 0.6452183127403259
v 0.4077024757862091 0.6436999440193176 0.646229088306427
v 0.4077024459838867 0.6612984538078308 0.6470767855644226
v 0.4070119857788086 0.661298930644989 0.6470721960067749
v 0.40652263164520264 0.6613022685050964 0.6470400094985962
v 0.40619418025016785 0.6613113284111023 0.6469526886940002
v 0.40860751271247864 0.6017126441001892 0.6442080736160278
v 0.40963315963745117 0.6017126441001892 0.6442080736160278
v 0.4096331298351288 0.6227017641067505 0.6452183127403259
v 0.40860748291015625 0.6227017641067505 0.6452183723449707
v 0.4106587767601013 0.6017126441001892 0.6442080736160278
v 0.41065874695777893 0.6227017641067505 0.6452183723449707
v 0.4096331000328064 0.6436999440193176 0.6462290287017822
v 0.40860745310783386 0.6436999440193176 0.646229088306427
v 0.41065871715545654 0.6436999440193176 0.6462290287017822
v 0.408607542514801 0.5841416716575623 0.6433617472648621
v 0.40963318943977356 0.5841416716575623 0.6433617472648621
v 0.4106588065624237 0.5841416716575623 0.6433617472648621
v 0.41065871715545654 0.6612984538078308 0.6470767855644226
v 0.409633070230484 0.6612984538078308 0.6470767855644226
v 0.4086074233055115 0.6612984538078308 0.6470767855644226
v 0.4061943292617798 0.5630279183387756 0.6422881484031677
v 0.40652281045913696 0.5630365014076233 0.6423737406730652
v 0.40652281045913696 0.5660770535469055 0.6424729824066162
v 0.4061943292617798 0.5660732388496399 0.6423870921134949
v 0.4070121645927429 0.5630396604537964 0.6424052715301514
v 0.4070121645927429 0.5660784840583801 0.6425046324729919
v 0.4065227806568146 0.5725460052490234 0.642768383026123
v 0.4061943292617798 0.57254558801651 0.6426823139190674
v 0.40701213479042053 0.572546124458313 0.6428000926971436
v 0.4061943292617798 0.5617102384567261 0.6423200964927673
v 0.40652281045913696 0.5617252588272095 0.6424049139022827
v 0.4070121645927429 0.5617307424545288 0.6424362063407898
v 0.40770262479782104 0.5617315769195557 0.642440676689148
v 0.40770262479782104 0.5630400776863098 0.6424097418785095
v 0.40770262479782104 0.5660786628723145 0.6425091624259949
v 0.40770262479782104 0.5725461840629578 0.6428046226501465
v 0.4086076021194458 0.5630400776863098 0.6424097418785095
v 0.40963324904441833 0.5630400776863098 0.6424097418785095
v 0.40963321924209595 0.5660786628723145 0.6425091624259949
v 0.4086076021194458 0.5660786628723145 0.6425091624259949
v 0.4106588661670685 0.5630400776863098 0.6424097418785095
v 0.4106588661670685 0.5660786628723145 0.6425091624259949
v 0.40963321924209595 0.5725461840629578 0.6428046226501465
v 0.4086075723171234 0.572546124458313 0.6428046226501465
v 0.4106588661670685 0.5725461840629578 0.6428046226501465
v 0.4086076021194458 0.5617315769195557 0.642440676689148
v 0.40963324904441833 0.5617315769195557 0.642440676689148
v 0.4106588661670685 0.5617315769195557 0.642440676689148
v 0.406194269657135 0.6009576916694641 0.6595456004142761
v 0.4061942398548126 0.621941864490509 0.6607034802436829
v 0.4065227210521698 0.6219457983970642 0.6606166362762451
v 0.4065227508544922 0.6009628176689148 0.6594600081443787
v 0.40619421005249023 0.6429345011711121 0.661861777305603
v 0.4065226912498474 0.6429368257522583 0.6617736220359802
v 0.40701207518577576 0.6219472885131836 0.6605846285820007
v 0.40701210498809814 0.6009647250175476 0.6594285368919373
v 0.40701204538345337 0.6429376602172852 0.6617411375045776
v 0.4061942994594574 0.58338862657547 0.6585768461227417
v 0.40619418025016785 0.6605288982391357 0.6628317832946777
v 0.406522661447525 0.6605285406112671 0.6627424955368042
v 0.407012015581131 0.6605283617973328 0.6627095937728882
v 0.4077024757862091 0.6605283617973328 0.6627048850059509
v 0.4077025055885315 0.6429378390312195 0.6617364883422852
v 0.4077025353908539 0.6219475269317627 0.660580039024353
v 0.40770256519317627 0.6009649634361267 0.6594240069389343
v 0.40701213479042053 0.583397626876831 0.6584612727165222
v 0.40770259499549866 0.5833979249000549 0.6584568619728088
v 0.4065227508544922 0.5833951830863953 0.658492386341095
v 0.408607542514801 0.6009649634361267 0.6594240069389343
v 0.40860751271247864 0.6219475269317627 0.660580039024353
v 0.4096331298351288 0.6219475269317627 0.660580039024353
v 0.40963315963745117 0.6009649634361267 0.6594240069389343
v 0.40860748291015625 0.6429378390312195 0.6617364883422852
v 0.4096331298351288 0.6429378390312195 0.6617364883422852
v 0.4106587767601013 0.6219475269317627 0.660580039024353
v 0.4106588065624237 0.6009649634361267 0.6594240069389343
v 0.41065874695777893 0.6429378390312195 0.6617364883422852
v 0.4086075723171234 0.5833979249000549 0.6584568619728088
v 0.40860745310783386 0.6605283617973328 0.6627048850059509
v 0.4096331000328064 0.6605283617973328 0.6627048850059509
v 0.41065874695777893 0.6605283617973328 0.6627048850059509
v 0.4106588363647461 0.5833979249000549 0.6584568619728088
v 0.40963318943977356 0.5833979249000549 0.6584568619728088
v 0.40619415044784546 0.6908891797065735 0.653495728969574
v 0.40652260184288025 0.6907827258110046 0.6535218358039856
v 0.40652260184288025 0.6910528540611267 0.6544750928878784
v 0.40619415044784546 0.6911622285842896 0.6544596552848816
v 0.4070119559764862 0.6907435059547424 0.6535314917564392
v 0.4070119559764862 0.6910125613212585 0.6544807553291321
v 0.40652260184288025 0.6911975741386414 0.6554552316665649
v 0.40619415044784546 0.6913085579872131 0.6554508805274963
v 0.4070119559764862 0.6911567449569702 0.6554568409919739
v 0.40619415044784546 0.6904930472373962 0.6525760293006897
v 0.40652260184288025 0.6903908252716064 0.6526123285293579
v 0.4070119559764862 0.6903532147407532 0.6526256799697876
v 0.4077024459838867 0.6903478503227234 0.6526275873184204
v 0.40770241618156433 0.6907379031181335 0.6535328030586243
v 0.40770241618156433 0.6910067796707153 0.6544815897941589
v 0.40770241618156433 0.6911509037017822 0.655457079410553
v 0.40770241618156433 0.6911665797233582 0.6564425826072693
v 0.4070119559764862 0.6911724209785461 0.6564429998397827
v 0.40652260184288025 0.6912133693695068 0.6564455032348633
v 0.40619415044784546 0.6913244724273682 0.6564522385597229
v 0.4086073935031891 0.6907379627227783 0.6535328030586243
v 0.4096330404281616 0.6907379031181335 0.6535328030586243
v 0.4096330404281616 0.6910067796707153 0.6544815897941589
v 0.4086073935031891 0.6910067796707153 0.6544815897941589
v 0.41065868735313416 0.6907379627227783 0.6535328030586243
v 0.41065868735313416 0.6910067796707153 0.6544815897941589
v 0.4096330404281616 0.6911509037017822 0.655457079410553
v 0.4086073935031891 0.6911509037017822 0.655457079410553
v 0.41065868735313416 0.6911509037017822 0.655457079410553
v 0.4086073935031891 0.6903478503227234 0.6526275873184204
v 0.4096330404281616 0.6903478503227234 0.6526275873184204
v 0.41065868735313416 0.6903478503227234 0.6526275873184204
v 0.41065868735313416 0.6911665797233582 0.6564425826072693
v 0.4096330404281616 0.6911665797233582 0.6564425826072693
v 0.4086073935031891 0.6911665797233582 0.6564425826072693
v 0.4061943292617798 0.554096519947052 0.6484355330467224
v 0.40652281045913696 0.5541932582855225 0.6484521627426147
v 0.40652281045913696 0.5544236302375793 0.6475402116775513
v 0.4061943292617798 0.5543295741081238 0.6475133299827576
v 0.4070121645927429 0.5542289614677429 0.6484582424163818
v 0.4070121645927429 0.5544583201408386 0.647550106048584
v 0.40652281045913696 0.5547699332237244 0.6466656923294067
v 0.4061943292617798 0.554679811000824 0.6466289758682251
v 0.4070121645927429 0.5548030734062195 0.6466792821884155
v 0.4061943292617798 0.5539857745170593 0.6493797302246094
v 0.40652281045913696 0.5540837645530701 0.6493858695030212
v 0.4070121645927429 0.554119884967804 0.6493881344795227
v 0.40770262479782104 0.5541250705718994 0.6493884325027466
v 0.40770262479782104 0.5542340278625488 0.6484591364860535
v 0.40770262479782104 0.554463267326355 0.6475515365600586
v 0.40770262479782104 0.5548077821731567 0.6466811895370483
v 0.40770262479782104 0.5552626848220825 0.6458634734153748
v 0.4070121645927429 0.5552582144737244 0.6458610892295837
v 0.40652281045913696 0.5552270412445068 0.6458441615104675
v 0.4061943292617798 0.5551422834396362 0.6457982063293457
v 0.4086076021194458 0.5542340278625488 0.6484591364860535
v 0.40963324904441833 0.5542340278625488 0.6484591364860535
v 0.40963324904441833 0.554463267326355 0.6475515365600586
v 0.4086076021194458 0.554463267326355 0.6475515365600586
v 0.4106588661670685 0.5542340278625488 0.6484591364860535
v 0.4106588661670685 0.554463267326355 0.6475515365600586
v 0.40963324904441833 0.5548077821731567 0.6466811895370483
v 0.4086076021194458 0.5548077821731567 0.6466811895370483
v 0.4106588661670685 0.5548077821731567 0.6466811895370483
v 0.4086076021194458 0.5541250705718994 0.6493884325027466
v 0.40963324904441833 0.5541250705718994 0.6493884325027466
v 0.4106588661670685 0.5541250705718994 0.6493884325027466
v 0.4106588661670685 0.5552626848220825 0.6458634734153748
v 0.40963324904441833 0.5552626848220825 0.6458635330200195
v 0.4086076021194458 0.5552626848220825 0.6458634734153748
v 0.4061943590641022 0.5599737167358398 0.6569703817367554
v 0.40652281045913696 0.5600050687789917 0.6568920612335205
v 0.40652281045913696 0.5590680241584778 0.6566102504730225
v 0.4061943590641022 0.5590275526046753 0.6566855311393738
v 0.4070121943950653 0.5600165724754333 0.6568631529808044
v 0.4070121943950653 0.5590828657150269 0.6565825343132019
v 0.40652281045913696 0.5581841468811035 0.6562451124191284
v 0.4061943590641022 0.5581339597702026 0.6563162803649902
v 0.4070121645927429 0.5582026243209839 0.656218945980072
v 0.4061943590641022 0.5609643459320068 0.6571821570396423
v 0.40652281045913696 0.560987651348114 0.6571016907691956
v 0.4070121943950653 0.5609962344169617 0.6570719480514526
v 0.40770265460014343 0.560997486114502 0.6570677161216736
v 0.40770265460014343 0.5600182414054871 0.6568590402603149
v 0.40770265460014343 0.5590850114822388 0.6565786004066467
v 0.40770265460014343 0.558205246925354 0.6562151908874512
v 0.40770265460014343 0.5573861598968506 0.6557576656341553
v 0.4070121645927429 0.5573830008506775 0.6557611227035522
v 0.40652281045913696 0.5573610663414001 0.6557853817939758
v 0.4061943590641022 0.55730140209198 0.6558513641357422
v 0.4086076021194458 0.5600182414054871 0.6568590402603149
v 0.40963324904441833 0.5600182414054871 0.6568590402603149
v 0.40963324904441833 0.5590850114822388 0.6565786004066467
v 0.4086076021194458 0.5590850114822388 0.6565786004066467
v 0.41065889596939087 0.5600182414054871 0.6568590402603149
v 0.41065889596939087 0.5590850114822388 0.6565786004066467
v 0.40963324904441833 0.558205246925354 0.6562151908874512
v 0.4086076021194458 0.558205246925354 0.6562151908874512
v 0.41065889596939087 0.558205246925354 0.6562151908874512
v 0.4086076021194458 0.560997486114502 0.6570677161216736
v 0.40963324904441833 0.560997486114502 0.6570677161216736
v 0.41065889596939087 0.560997486114502 0.6570677161216736
v 0.41065889596939087 0.5573861598968506 0.6557576656341553
v 0.40963324904441833 0.5573861598968506 0.6557576656341553
v 0.4086076021194458 0.5573861598968506 0.6557576656341553
v 0.4061943590641022 0.5622751712799072 0.6573487520217896
v 0.4061943590641022 0.5653185248374939 0.6575634479522705
v 0.40652281045913696 0.5653307437896729 0.6574804782867432
v 0.40652281045913696 0.5622920989990234 0.6572667360305786
v 0.4061943292617798 0.5717909336090088 0.657936155796051
v 0.40652281045913696 0.5717997550964355 0.6578525304794312
v 0.4070121645927429 0.5653352737426758 0.6574499011039734
v 0.4070121645927429 0.5622984170913696 0.6572365164756775
v 0.4070121645927429 0.5718029737472534 0.6578216552734375
v 0.40770262479782104 0.5718034505844116 0.6578173041343689
v 0.40770262479782104 0.5653358697891235 0.6574455499649048
v 0.40770265460014343 0.5622992515563965 0.6572321653366089
v 0.4086076021194458 0.5622993111610413 0.6572321653366089
v 0.4086076021194458 0.5653358697891235 0.6574455499649048
v 0.40963324904441833 0.5653358697891235 0.6574455499649048
v 0.40963324904441833 0.5622993111610413 0.6572322249412537
v 0.4086076021194458 0.5718034505844116 0.6578173041343689
v 0.40963324904441833 0.5718034505844116 0.6578173041343689
v 0.41065889596939087 0.5653358697891235 0.6574455499649048
v 0.41065889596939087 0.5622993111610413 0.6572321653366089
v 0.4106588661670685 0.5718034505844116 0.6578173041343689
v 0.40619415044784546 0.6912078261375427 0.6574469804763794
v 0.40652260184288025 0.6910980343818665 0.6574291586875916
v 0.40652263164520264 0.6908553838729858 0.658389687538147
v 0.40619415044784546 0.690962553024292 0.6584184169769287
v 0.4070119857788086 0.691057562828064 0.6574225425720215
v 0.4070119857788086 0.6908159255981445 0.6583791375160217
v 0.40652263164520264 0.69049072265625 0.6593109965324402
v 0.40619415044784546 0.6905938982963562 0.6593499779701233
v 0.4070119857788086 0.6904526948928833 0.6592965722084045
v 0.4077024459838867 0.6910517811775208 0.6574215888977051
v 0.4077024459838867 0.6908102631568909 0.6583776473999023
v 0.4077024459838867 0.6904472708702087 0.6592945456504822
v 0.4077024459838867 0.6899681091308594 0.6601559519767761
v 0.4070119857788086 0.6899732351303101 0.6601584553718567
v 0.40652263164520264 0.690009355545044 0.6601764559745789
v 0.40619415044784546 0.6901071667671204 0.6602252125740051
v 0.4086073935031891 0.6910517811775208 0.6574216485023499
v 0.4096330404281616 0.6910517811775208 0.6574216485023499
v 0.4096330404281616 0.6908102631568909 0.6583776473999023
v 0.4086074233055115 0.6908103227615356 0.6583776473999023
v 0.41065868735313416 0.6910517811775208 0.6574216485023499
v 0.41065868735313416 0.6908103227615356 0.6583776473999023
v 0.4096330404281616 0.6904472708702087 0.6592945456504822
v 0.4086074233055115 0.6904472708702087 0.6592945456504822
v 0.41065868735313416 0.6904472708702087 0.6592945456504822
v 0.41065868735313416 0.6899681091308594 0.6601558923721313
v 0.4096330404281616 0.6899681091308594 0.6601558923721313
v 0.4086074233055115 0.6899681091308594 0.6601558923721313
v 0.4061943292617798 0.5557106137275696 0.6450358033180237
v 0.40652281045913696 0.5557887554168701 0.6450902223587036
v 0.40652281045913696 0.5564442873001099 0.6444156169891357
v 0.4061943292617798 0.5563737750053406 0.6443536877632141
v 0.4070121645927429 0.5558176040649414 0.6451102495193481
v 0.4070121645927429 0.5564703345298767 0.6444385051727295
v 0.40652281045913696 0.5571815371513367 0.6438314318656921
v 0.4061943292617798 0.5571194887161255 0.6437628865242004
v 0.4070121645927429 0.5572043061256409 0.6438567042350769
v 0.40770262479782104 0.5558217167854309 0.6451131105422974
v 0.40770262479782104 0.556473970413208 0.6444417834281921
v 0.40770262479782104 0.5572075843811035 0.6438602805137634
v 0.40770262479782104 0.5580103397369385 0.6433795690536499
v 0.4070121645927429 0.5580075979232788 0.6433756947517395
v 0.40652281045913696 0.5579882264137268 0.6433484554290771
v 0.4061943292617798 0.5579356551170349 0.6432744264602661
v 0.4086076021194458 0.5558217167854309 0.6451131105422974
v 0.40963324904441833 0.5558217167854309 0.6451131701469421
v 0.40963324904441833 0.556473970413208 0.6444417834281921
v 0.4086076021194458 0.556473970413208 0.6444417834281921
v 0.4106588661670685 0.5558217167854309 0.6451131105422974
v 0.4106588661670685 0.556473970413208 0.6444417834281921
v 0.40963324904441833 0.5572075843811035 0.6438602805137634
v 0.4086076021194458 0.5572075843811035 0.6438602805137634
v 0.4106588661670685 0.5572075843811035 0.6438602805137634
v 0.4106588661670685 0.5580103397369385 0.6433795690536499
v 0.40963324904441833 0.5580103397369385 0.6433796286582947
v 0.4086076021194458 0.5580103397369385 0.6433795690536499
v 0.40619415044784546 0.6850190758705139 0.6484560966491699
v 0.40652260184288025 0.6849744319915771 0.6485381126403809
v 0.40652260184288025 0.6859636902809143 0.6488350629806519
v 0.40619415044784546 0.6860180497169495 0.6487562656402588
v 0.4070119559764862 0.6849579811096191 0.6485682725906372
v 0.4070119559764862 0.685943603515625 0.6488640308380127
v 0.40652260184288025 0.6868953704833984 0.6492197513580322
v 0.40619415044784546 0.6869595050811768 0.649145245552063
v 0.4070119559764862 0.6868717670440674 0.6492471098899841
v 0.40619415044784546 0.6839702725410461 0.648232638835907
v 0.40652260184288025 0.6839349269866943 0.6483170390129089
v 0.4070119559764862 0.6839218735694885 0.6483481526374817
v 0.40770241618156433 0.6839200258255005 0.6483525633811951
v 0.40770241618156433 0.6849556565284729 0.6485726237297058
v 0.40770241618156433 0.6859408020973206 0.6488681435585022
v 0.40770241618156433 0.6868683099746704 0.6492510437965393
v 0.40770241618156433 0.6877312660217285 0.6497330665588379
v 0.4070119559764862 0.6877351403236389 0.6497294306755066
v 0.40652260184288025 0.6877622604370117 0.6497040390968323
v 0.40619415044784546 0.6878358125686646 0.6496350169181824
v 0.4086073935031891 0.6849556565284729 0.6485726237297058
v 0.4096330404281616 0.6849556565284729 0.6485726237297058
v 0.4096330404281616 0.6859408020973206 0.6488681435585022
v 0.4086073935031891 0.6859408020973206 0.6488681435585022
v 0.41065868735313416 0.6849556565284729 0.6485726237297058
v 0.41065868735313416 0.6859408020973206 0.6488681435585022
v 0.4096330404281616 0.6868683099746704 0.6492510437965393
v 0.4086073935031891 0.6868683099746704 0.6492510437965393
v 0.41065868735313416 0.6868683695793152 0.6492510437965393
v 0.4086073935031891 0.6839200258255005 0.6483525633811951
v 0.4096330404281616 0.6839200258255005 0.6483525633811951
v 0.41065868735313416 0.6839200258255005 0.6483525633811951
v 0.41065868735313416 0.6877312660217285 0.6497330665588379
v 0.4096330404281616 0.6877312660217285 0.6497330665588379
v 0.4086073935031891 0.6877312660217285 0.6497330665588379
v 0.40619415044784546 0.6825962066650391 0.6480597853660583
v 0.40619415044784546 0.679489016532898 0.6478540301322937
v 0.40652260184288025 0.6794694662094116 0.6479408740997314
v 0.40652260184288025 0.6825692653656006 0.6481457948684692
v 0.40619415044784546 0.6729576587677002 0.6475175023078918
v 0.40652263164520264 0.6729441285133362 0.6476048231124878
v 0.4070119559764862 0.679462194442749 0.6479728817939758
v 0.4070119559764862 0.6825593709945679 0.6481773853302002
v 0.4070119857788086 0.6729391813278198 0.6476370096206665
v 0.4077024459838867 0.6729384660720825 0.6476415991783142
v 0.4077024459838867 0.6794611811637878 0.6479774713516235
v 0.40770241618156433 0.6825579404830933 0.6481819152832031
v 0.4086073935031891 0.6825579404830933 0.6481819152832031
v 0.4086073935031891 0.6794611811637878 0.6479774713516235
v 0.4096330404281616 0.6794611811637878 0.6479774713516235
v 0.4096330404281616 0.6825579404830933 0.6481819152832031
v 0.4086074233055115 0.6729384660720825 0.6476415991783142
v 0.4096330404281616 0.6729384660720825 0.6476415991783142
v 0.41065868735313416 0.6794611811637878 0.6479774713516235
v 0.41065868735313416 0.6825579404830933 0.6481819152832031
v 0.41065868735313416 0.6729384660720825 0.6476415991783142
v 0.4061943590641022 0.5565385222434998 0.6552833318710327
v 0.40652281045913696 0.5566070079803467 0.6552236676216125
v 0.40652281045913696 0.555932343006134 0.6545683145523071
v 0.4061943292617798 0.5558560490608215 0.6546205282211304
v 0.4070121645927429 0.5566322207450867 0.6552017331123352
v 0.4070121645927429 0.555960476398468 0.6545490026473999
v 0.40652281045913696 0.5553479790687561 0.6538312435150146
v 0.4061943292617798 0.5552648305892944 0.6538751125335693
v 0.4070121645927429 0.5553786754608154 0.6538150310516357
v 0.40770262479782104 0.5566357970237732 0.6551985740661621
v 0.40770262479782104 0.5559645295143127 0.6545462608337402
v 0.40770262479782104 0.555383026599884 0.6538127064704895
v 0.40770262479782104 0.5549023151397705 0.6530099511146545
v 0.4070121645927429 0.5548976063728333 0.6530117392539978
v 0.40652281045913696 0.5548648834228516 0.6530246138572693
v 0.4061943292617798 0.5547760725021362 0.6530594825744629
v 0.4086076021194458 0.5566357970237732 0.6551985740661621
v 0.40963324904441833 0.5566357970237732 0.6551986336708069
v 0.40963324904441833 0.5559645295143127 0.6545462608337402
v 0.4086076021194458 0.5559645295143127 0.6545462608337402
v 0.41065889596939087 0.5566357970237732 0.6551985740661621
v 0.41065889596939087 0.5559645295143127 0.6545462608337402
v 0.40963324904441833 0.555383026599884 0.6538127064704895
v 0.4086076021194458 0.555383026599884 0.6538127064704895
v 0.41065889596939087 0.555383026599884 0.6538127064704895
v 0.41065889596939087 0.5549023151397705 0.6530099511146545
v 0.40963324904441833 0.5549022555351257 0.6530099511146545
v 0.4086076021194458 0.5549022555351257 0.6530099511146545
v 0.40619418025016785 0.681803286075592 0.6639207601547241
v 0.40652263164520264 0.6817851662635803 0.6638302206993103
v 0.40652263164520264 0.6786847710609436 0.6637158989906311
v 0.40619418025016785 0.6786954998970032 0.6638064980506897
v 0.4070119857788086 0.6817785501480103 0.6637969017028809
v 0.4070119857788086 0.6786807775497437 0.6636825203895569
v 0.406522661447525 0.6721634864807129 0.6633789539337158
v 0.40619418025016785 0.6721682548522949 0.663469135761261
v 0.407012015581131 0.6721617579460144 0.6633457541465759
v 0.40619418025016785 0.6831843256950378 0.6638888716697693
v 0.40652263164520264 0.6831576824188232 0.6637991070747375
v 0.4070119857788086 0.6831479072570801 0.6637660264968872
v 0.4077024459838867 0.6831464767456055 0.6637612581253052
v 0.4077024459838867 0.6817775368690491 0.6637921333312988
v 0.4077024459838867 0.6786801815032959 0.6636777520179749
v 0.4077024757862091 0.6721615195274353 0.6633409857749939
v 0.4086074233055115 0.6817775368690491 0.6637921333312988
v 0.409633070230484 0.6817775368690491 0.6637921333312988
v 0.409633070230484 0.6786802411079407 0.6636777520179749
v 0.4086074233055115 0.6786802411079407 0.6636777520179749
v 0.41065871715545654 0.6817775368690491 0.6637921333312988
v 0.41065871715545654 0.6786802411079407 0.6636776924133301
v 0.409633070230484 0.6721615195274353 0.6633409857749939
v 0.40860745310783386 0.6721615195274353 0.6633409857749939
v 0.41065871715545654 0.6721615195274353 0.6633409857749939
v 0.4086074233055115 0.6831464767456055 0.6637612581253052
v 0.409633070230484 0.6831464767456055 0.6637612581253052
v 0.41065871715545654 0.6831464767456055 0.6637612581253052
v 0.40619415044784546 0.6895090937614441 0.6610283255577087
v 0.40652263164520264 0.6894176602363586 0.6609706282615662
v 0.40652263164520264 0.6887273192405701 0.6616812348365784
v 0.40619415044784546 0.688811182975769 0.6617469787597656
v 0.4070119857788086 0.6893839836120605 0.6609493494033813
v 0.4070119857788086 0.6886963844299316 0.6616569757461548
v 0.40652263164520264 0.6879509687423706 0.662296712398529
v 0.40619415044784546 0.6880263686180115 0.6623693108558655
v 0.4070119857788086 0.68792325258255 0.6622698903083801
v 0.4077024459838867 0.6893792152404785 0.6609463095664978
v 0.4077024459838867 0.6886919736862183 0.6616535782814026
v 0.4077024459838867 0.6879192590713501 0.6622660756111145
v 0.4077024459838867 0.6870735883712769 0.6627724766731262
v 0.4070119857788086 0.6870770454406738 0.6627765893936157
v 0.40652263164520264 0.6871013641357422 0.6628054976463318
v 0.40619415044784546 0.6871674656867981 0.6628838777542114
v 0.4086074233055115 0.6893792152404785 0.6609463095664978
v 0.409633070230484 0.6893792152404785 0.6609463095664978
v 0.409633070230484 0.688692033290863 0.6616535186767578
v 0.4086074233055115 0.6886919736862183 0.6616535186767578
v 0.41065868735313416 0.6893792152404785 0.6609463095664978
v 0.41065868735313416 0.6886919736862183 0.6616535186767578
v 0.409633070230484 0.6879192590713501 0.6622660756111145
v 0.4086074233055115 0.6879192590713501 0.6622660756111145
v 0.41065868735313416 0.6879192590713501 0.6622660756111145
v 0.41065868735313416 0.6870735883712769 0.6627724766731262
v 0.409633070230484 0.6870735883712769 0.6627724170684814
v 0.4086074233055115 0.6870735883712769 0.6627724766731262
v 0.4061943292617798 0.5588107109069824 0.6428956389427185
v 0.40652281045913696 0.5588533282279968 0.642973780632019
v 0.40652281045913696 0.5597689747810364 0.6426995992660522
v 0.4061943292617798 0.559736430644989 0.6426183581352234
v 0.4070121645927429 0.558868944644928 0.6430026888847351
v 0.4070121645927429 0.5597810745239258 0.6427295804023743
v 0.40652281045913696 0.5607286691665649 0.6425139307975769
v 0.4061943292617798 0.5607054829597473 0.6424304842948914
v 0.4070121645927429 0.560737133026123 0.6425446271896362
v 0.40770262479782104 0.5588712096214294 0.6430068016052246
v 0.40770262479782104 0.5597826838493347 0.6427338719367981
v 0.40770262479782104 0.5607383847236633 0.6425490379333496
v 0.4086076021194458 0.5588712096214294 0.6430067420005798
v 0.40963324904441833 0.5588712096214294 0.6430067420005798
v 0.40963324904441833 0.5597826838493347 0.6427338123321533
v 0.4086076021194458 0.5597826838493347 0.6427338123321533
v 0.4106588661670685 0.5588712096214294 0.6430067420005798
v 0.4106588661670685 0.5597827434539795 0.6427338123321533
v 0.40963324904441833 0.5607383847236633 0.6425490379333496
v 0.4086076021194458 0.5607383847236633 0.6425490379333496
v 0.4106588661670685 0.5607383847236633 0.6425490379333496
v 0.40619415044784546 0.6886385083198547 0.6502333283424377
v 0.40652260184288025 0.6885563135147095 0.6502956748008728
v 0.40652260184288025 0.6892668008804321 0.6509861946105957
v 0.40619415044784546 0.6893566846847534 0.6509315371513367
v 0.4070119559764862 0.6885260343551636 0.6503187417984009
v 0.4070119559764862 0.689233660697937 0.651006281375885
v 0.40652260184288025 0.6898821592330933 0.6517626047134399
v 0.40619415044784546 0.6899787783622742 0.6517167687416077
v 0.4070119559764862 0.6898465752601624 0.6517795324325562
v 0.40770241618156433 0.6885217428207397 0.6503220200538635
v 0.40770241618156433 0.689228892326355 0.6510091423988342
v 0.4077024459838867 0.6898413896560669 0.6517819166183472
v 0.4086073935031891 0.6885217428207397 0.6503220200538635
v 0.4096330404281616 0.6885217428207397 0.6503220200538635
v 0.4096330404281616 0.689228892326355 0.6510091423988342
v 0.4086073935031891 0.689228892326355 0.6510091423988342
v 0.41065868735313416 0.6885217428207397 0.6503220200538635
v 0.41065868735313416 0.689228892326355 0.6510091423988342
v 0.4096330404281616 0.6898414492607117 0.6517819166183472
v 0.4086073935031891 0.6898413896560669 0.6517819166183472
v 0.41065868735313416 0.6898414492607117 0.6517819166183472
v 0.4061943292617798 0.5543996095657349 0.6521863341331482
v 0.40652281045913696 0.5544927716255188 0.652161180973053
v 0.40652281045913696 0.5542362332344055 0.6512563228607178
v 0.4061943292617798 0.5541400909423828 0.6512712836265564
v 0.4070121645927429 0.5545270442962646 0.6521520018577576
v 0.4070121645927429 0.5542716383934021 0.6512508392333984
v 0.40652281045913696 0.5540987849235535 0.6503258943557739
v 0.4061943292617798 0.554000973701477 0.6503303050994873
v 0.4070121645927429 0.5541347861289978 0.650324285030365
v 0.40770262479782104 0.554531991481781 0.6521506309509277
v 0.40770262479782104 0.554276704788208 0.6512500643730164
v 0.40770262479782104 0.5541399717330933 0.6503240466117859
v 0.4086076021194458 0.554531991481781 0.6521506309509277
v 0.40963324904441833 0.554531991481781 0.6521506309509277
v 0.40963324904441833 0.554276704788208 0.6512500643730164
v 0.4086076021194458 0.554276704788208 0.6512500643730164
v 0.41065889596939087 0.554531991481781 0.6521506309509277
v 0.4106588661670685 0.554276704788208 0.6512500643730164
v 0.40963324904441833 0.5541399717330933 0.6503240466117859
v 0.4086076021194458 0.5541399717330933 0.6503240466117859
v 0.4106588661670685 0.5541399717330933 0.6503240466117859
v 0.40619418025016785 0.6862464547157288 0.6632829904556274
v 0.40652263164520264 0.6861902475357056 0.6632001399993896
v 0.40652263164520264 0.6852250099182129 0.6634889841079712
v 0.40619418025016785 0.6852710247039795 0.6635751128196716
v 0.4070119857788086 0.6861695647239685 0.6631695628166199
v 0.4070119857788086 0.6852080225944519 0.6634572148323059
v 0.40652263164520264 0.6842119693756104 0.6636844277381897
v 0.40619418025016785 0.6842480301856995 0.6637728810310364
v 0.4070119857788086 0.6841987371444702 0.6636518836021423
v 0.4077024459838867 0.6861665844917297 0.6631652116775513
v 0.4077024459838867 0.6852056384086609 0.663452684879303
v 0.4077024459838867 0.6841968297958374 0.6636472344398499
v 0.4086074233055115 0.6861665844917297 0.6631652116775513
v 0.409633070230484 0.6861665844917297 0.6631652116775513
v 0.409633070230484 0.6852056384086609 0.663452684879303
v 0.4086074233055115 0.6852056384086609 0.663452684879303
v 0.41065871715545654 0.6861665844917297 0.6631652116775513
v 0.41065871715545654 0.6852056384086609 0.663452684879303
v 0.409633070230484 0.6841968297958374 0.6636472344398499
v 0.4086074233055115 0.6841968297958374 0.6636472344398499
v 0.41065871715545654 0.6841968297958374 0.6636472344398499
vn -0.9556592702865601 -0.028820807114243507 0.29306086897850037
vn -0.9956555366516113 -0.009345903992652893 0.09264322370290756
vn -0.9955134987831116 -0.005655660293996334 0.09444998949766159
vn -0.9548314809799194 -0.01762591116130352 0.29662489891052246
vn -0.9986031651496887 0.004925452638417482 -0.05260734632611275
vn -0.9986457228660583 0.003032396314665675 -0.05193919315934181
vn -0.9954833388328552 -0.004740589298307896 0.09481752663850784
vn -0.9546895623207092 -0.014849185012280941 0.297232985496521
vn -0.9986580610275269 0.002574266167357564 -0.05172525718808174
vn -0.7990970015525818 -0.10089898109436035 0.5926747918128967
vn -0.956857442855835 -0.04944242537021637 0.28632044792175293
vn -0.7952562570571899 -0.058367613703012466 0.6034573316574097
vn -0.9958084225654602 -0.01590394414961338 0.09007051587104797
vn -0.9986071586608887 0.00861748494207859 -0.05205308273434639
vn -0.965416669845581 0.043999940156936646 -0.2569722831249237
vn -0.9649535417556763 0.02551095001399517 -0.2611777186393738
vn -0.9652352333068848 0.01556145865470171 -0.2609187960624695
vn -0.9653723835945129 0.012997118756175041 -0.26055192947387695
vn -0.9652873873710632 0.012509370222687721 -0.2608901262283325
vn -0.9986565709114075 0.0024828254245221615 -0.051757410168647766
vn -0.995461106300354 -0.004557711072266102 0.09505981206893921
vn -0.9545065760612488 -0.014361734502017498 0.2978440821170807
vn -0.7923582196235657 -0.03045114316046238 0.609295666217804
vn -0.7917822003364563 -0.02944527007639408 0.6100934743881226
vn -0.7927625775337219 -0.035943713039159775 0.6084699034690857
vn -0.9516102075576782 0.07732132822275162 -0.2974213659763336
vn -0.9526457190513611 0.10269726067781448 -0.28621548414230347
vn -0.9953761100769043 0.03268921375274658 -0.0903211236000061
vn -0.9952424764633179 0.024728918448090553 -0.09423753619194031
vn -0.9542453289031982 0.1306607872247696 -0.26896750926971436
vn -0.995568037033081 0.04131832718849182 -0.08448074012994766
vn -0.9984371066093445 -0.018568243831396103 0.05271158739924431
vn -0.998431384563446 -0.013992361724376678 0.054213084280490875
vn -0.998461902141571 -0.023722246289253235 0.05010998621582985
vn -0.7811698913574219 0.10535387694835663 -0.6153651475906372
vn -0.78220534324646 0.15563230216503143 -0.6032689213752747
vn -0.951278805732727 0.05264062434434891 -0.30380505323410034
vn -0.7854129076004028 0.20803675055503845 -0.5829640626907349
vn -0.7904970645904541 0.26682958006858826 -0.5512860417366028
vn -0.796687662601471 0.32848799228668213 -0.5073306560516357
vn -0.9561550617218018 0.15946687757968903 -0.2456378936767578
vn -0.9957857728004456 0.05015840381383896 -0.07677790522575378
vn -0.9985076189041138 -0.029179228469729424 0.04616472125053406
vn -0.963829517364502 -0.14357030391693115 0.22454459965229034
vn -0.9625967144966125 -0.11716660112142563 0.24429374933242798
vn -0.961739718914032 -0.0920683965086937 0.2580309808254242
vn -0.9613186717033386 -0.06964924931526184 0.26648712158203125
vn -0.9984127283096313 -0.009568998590111732 0.055501699447631836
vn -0.9609806537628174 -0.04789732024073601 0.2724373936653137
vn -0.995212197303772 0.01691896840929985 -0.09626266360282898
vn -0.9695515632629395 -0.1868298053741455 -0.15831679105758667
vn -0.9684497117996216 -0.16768823564052582 -0.18435263633728027
vn -0.9970374703407288 -0.0519568994641304 -0.056716177612543106
vn -0.9971480369567871 -0.05773568153381348 -0.04860549420118332
vn -0.9671047329902649 -0.14534474909305573 -0.20876657962799072
vn -0.9969053864479065 -0.045170530676841736 -0.06433594226837158
vn -0.9989544749259949 0.03041047602891922 0.03413240611553192
vn -0.9989941716194153 0.03395672142505646 0.02928415685892105
vn -0.9989045858383179 0.026252945885062218 0.038734275847673416
vn -0.8482312560081482 -0.4450347423553467 -0.28713738918304443
vn -0.8447731733322144 -0.40771353244781494 -0.3465949296951294
vn -0.970434308052063 -0.2029818445444107 -0.13059736788272858
vn -0.8404816389083862 -0.3638469874858856 -0.4015046954154968
vn -0.8353093266487122 -0.31320029497146606 -0.4518449604511261
vn -0.8290789723396301 -0.2558818757534027 -0.49714452028274536
vn -0.9654442071914673 -0.11980185657739639 -0.23144122958183289
vn -0.9967412948608398 -0.03740832582116127 -0.07146578282117844
vn -0.9988440275192261 0.02148611471056938 0.043000273406505585
vn -0.9714699387550354 0.10761980712413788 0.21133914589881897
vn -0.9728612899780273 0.13111986219882965 0.19065317511558533
vn -0.9740079641342163 0.15162739157676697 0.16827832162380219
vn -0.9749088287353516 0.1693030595779419 0.14453108608722687
vn -0.9990243315696716 0.03698635473847389 0.02413146011531353
vn -0.9756177067756653 0.1842329353094101 0.11928268522024155
vn -0.9972341060638428 -0.06259975582361221 -0.04006671532988548
vn 0.9994232654571533 -0.0018780652899295092 0.033903464674949646
vn 0.9994388818740845 -0.0018469386268407106 0.03344624862074852
vn 0.9868622422218323 -0.009044216014444828 0.1613108366727829
vn 0.9865198135375977 -0.009169117547571659 0.1633848398923874
vn 0.9994530081748962 -0.0018463138258084655 0.03301844000816345
vn 0.9871954321861267 -0.008919271640479565 0.15926581621170044
vn 0.8779221773147583 -0.026850637048482895 0.4780498743057251
vn 0.8754881620407104 -0.0271011833101511 0.4824789762496948
vn 0.8802944421768188 -0.02660016156733036 0.4736815094947815
vn 0.9999956488609314 -0.0001564906124258414 0.0029600381385535
vn 0.999995768070221 -0.00015644817904103547 0.0029295191634446383
vn 0.9994097352027893 -0.0019091684371232986 0.03430074825882912
vn 0.999995768070221 -0.0001564057165523991 0.002898999722674489
vn 0.9999960064888 -0.0001563208206789568 0.0028379622381180525
vn 0.9999960064888 -0.00015627835819032043 0.0028074427973479033
vn 0.9994651675224304 -0.0018153077689930797 0.032652657479047775
vn 0.9874556660652161 -0.008795089088380337 0.15765105187892914
vn 0.8821964859962463 -0.02629033662378788 0.47014692425727844
vn 0.5456851720809937 -0.04679037630558014 0.836682915687561
vn 0.5420261025428772 -0.047160159796476364 0.839037299156189
vn 0.5376342535018921 -0.04731692373752594 0.8418495059013367
vn 0.5332633852958679 -0.04747280478477478 0.8446162343025208
vn 0.8733918070793152 -0.02731943130493164 0.4862514138221741
vn 0.5295450687408447 -0.047629084438085556 0.8469436168670654
vn 0.9862188696861267 -0.009263219311833382 0.16518603265285492
vn -0.9705900549888611 -0.22698894143104553 0.08019300550222397
vn -0.9711410999298096 -0.23326435685157776 0.04972656071186066
vn -0.9973010420799255 -0.07183272391557693 0.015190222300589085
vn -0.9972484707832336 -0.06995412707328796 0.024531880393624306
vn -0.9715142250061035 -0.23621422052383423 0.019051095470786095
vn -0.9973388910293579 -0.0726747065782547 0.005789223592728376
vn -0.9990525245666504 0.04252620413899422 -0.009249134920537472
vn -0.9990314245223999 0.041403964161872864 -0.014896473847329617
vn -0.9990645051002502 0.04309737682342529 -0.0035716602578759193
vn -0.845844030380249 -0.47506701946258545 0.24260923266410828
vn -0.8488856554031372 -0.4981943964958191 0.17662246525287628
vn -0.9698294997215271 -0.21726571023464203 0.11057306826114655
vn -0.8510774970054626 -0.5134187936782837 0.10985545814037323
vn -0.8525749444961548 -0.5208945274353027 0.042245954275131226
vn -0.8533462882041931 -0.5206822752952576 -0.02626892924308777
vn -0.9717045426368713 -0.2358982115983963 -0.011925457045435905
vn -0.9973587989807129 -0.07253870368003845 -0.003671527374535799
vn -0.9990689158439636 0.043089624494314194 0.002135364105924964
vn -0.9766837358474731 0.21441473066806793 0.010736108757555485
vn -0.9765500426292419 0.21457360684871674 -0.01755501516163349
vn -0.976256251335144 0.2117767482995987 -0.04554546996951103
vn -0.975780725479126 0.2060740888118744 -0.07338583469390869
vn -0.9990020990371704 0.03964182734489441 -0.020575443282723427
vn -0.975115954875946 0.1972331553697586 -0.10123207420110703
vn -0.9971753358840942 -0.0670364573597908 0.03387443721294403
vn -0.9508328437805176 0.031070053577423096 -0.3081420660018921
vn -0.9951313138008118 0.010054856538772583 -0.09804334491491318
vn -0.9950457215309143 0.006455276161432266 -0.09920866042375565
vn -0.9505579471588135 0.020085487514734268 -0.30989688634872437
vn -0.9984409213066101 -0.0056015062145888805 0.05553760752081871
vn -0.9985073804855347 -0.0035551777109503746 0.054501425474882126
vn -0.9950779676437378 0.005630888510495424 -0.0989353135228157
vn -0.9509759545326233 0.0175201166421175 -0.30876824259757996
vn -0.9985387325286865 -0.003096637548878789 0.05395277589559555
vn -0.7798476219177246 0.061965227127075195 -0.6228948831558228
vn -0.9611955285072327 -0.028245894238352776 0.27441832423210144
vn -0.9619588255882263 -0.017988979816436768 0.27260154485702515
vn -0.9625269770622253 -0.015544685535132885 0.27073997259140015
vn -0.9631310701370239 -0.015053792856633663 0.2686111330986023
vn -0.9985668659210205 -0.0029739253222942352 0.053435634821653366
vn -0.9951516389846802 0.005446657072752714 -0.09820134192705154
vn -0.9516851902008057 0.0169984083622694 -0.3066044747829437
vn -0.780552864074707 0.035263050347566605 -0.6240943670272827
vn -0.7827957272529602 0.034344274550676346 -0.6213303208351135
vn -0.7791876196861267 0.040240004658699036 -0.6254978179931641
vn -0.9580429792404175 -0.07210520654916763 0.27740657329559326
vn -0.9597898721694946 -0.09506805986166 0.2641315460205078
vn -0.9961349964141846 -0.030115077272057533 0.08251176029443741
vn -0.9959316849708557 -0.022980324923992157 0.08713094145059586
vn -0.9619180560112 -0.1199752613902092 0.24560029804706573
vn -0.9963725209236145 -0.037735871970653534 0.0762748047709465
vn -0.9986857771873474 0.016822289675474167 -0.048410773277282715
vn -0.9986517429351807 0.012674286961555481 -0.05033908784389496
vn -0.9987343549728394 0.021426411345601082 -0.045504454523324966
vn -0.803074300289154 -0.14857575297355652 0.5770589709281921
vn -0.8089693784713745 -0.19767983257770538 0.5536165833473206
vn -0.8163265585899353 -0.2521708905696869 0.5196353793144226
vn -0.8241919279098511 -0.30850493907928467 0.4749024212360382
vn -0.9641198515892029 -0.14518240094184875 0.22224995493888855
vn -0.9966080784797668 -0.045355942100286484 0.06866655498743057
vn -0.9987945556640625 0.026212302967905998 -0.04149976745247841
vn -0.9703632593154907 0.13069196045398712 -0.20326027274131775
vn -0.9688043594360352 0.10734180361032486 -0.22337396442890167
vn -0.9674482345581055 0.08468581736087799 -0.23847874999046326
vn -0.9664154052734375 0.06413083523511887 -0.24885448813438416
vn -0.9562572836875916 0.10066671669483185 0.2746603786945343
vn -0.9548314213752747 0.07162449508905411 0.2883867025375366
vn -0.995606005191803 0.022792842239141464 0.09082453697919846
vn -0.9957780838012695 0.03180300444364548 0.08610837906599045
vn -0.9539082050323486 0.045762721449136734 0.29658862948417664
vn -0.9954878687858582 0.014701424166560173 0.09374342858791351
vn -0.9985169172286987 -0.012836113572120667 -0.052907008677721024
vn -0.9985373020172119 -0.01814896985888481 -0.05093015730381012
vn -0.9985120892524719 -0.008226324804127216 -0.05390745773911476
vn -0.8026617765426636 0.2721666693687439 0.5307158827781677
vn -0.7970942258834839 0.20707541704177856 0.5672394633293152
vn -0.9579352736473083 0.13121286034584045 0.25523146986961365
vn -0.7924927473068237 0.1460956633090973 0.592124342918396
vn -0.7895432114601135 0.09254593402147293 0.6066769361495972
vn -0.7885772585868835 0.041720081120729446 0.6135187149047852
vn -0.9536108374595642 0.020976105704903603 0.30031049251556396
vn -0.9954639673233032 0.006856570951640606 0.09489285200834274
vn -0.9984958171844482 -0.0038000617641955614 -0.05469556897878647
vn -0.9628255367279053 -0.01946297101676464 -0.2694217562675476
vn -0.9631503820419312 -0.041411057114601135 -0.26575642824172974
vn -0.9635111093521118 -0.06415559351444244 -0.2598659098148346
vn -0.9642431735992432 -0.0900503471493721 -0.24925076961517334
vn -0.9985743165016174 -0.023891068994998932 -0.04773400351405144
vn -0.965304970741272 -0.11790541559457779 -0.23299090564250946
vn -0.9959680438041687 0.041212134063243866 0.07968246936798096
vn -0.9642190933227539 0.2607184946537018 0.048033665865659714
vn -0.9639546275138855 0.2531971037387848 0.0817476436495781
vn -0.9965828061103821 0.07861324399709702 0.025349119678139687
vn -0.9966096878051758 0.08091647922992706 0.014884084463119507
vn -0.9635006785392761 0.24192118644714355 0.11463232338428497
vn -0.9965387582778931 0.07514934986829758 0.03553733229637146
vn -0.9987972974777222 -0.04661224037408829 -0.015202202834188938
vn -0.9988062977790833 -0.04802529513835907 -0.008917316794395447
vn -0.9987796545028687 -0.04452894628047943 -0.02136443369090557
vn -0.8248751759529114 0.5645977854728699 0.028466662392020226
vn -0.8247531056404114 0.5561325550079346 0.10246417671442032
vn -0.9642536044120789 0.26464372873306274 0.013369511812925339
vn -0.8238084316253662 0.5394311547279358 0.17422263324260712
vn -0.8221564292907715 0.5143975615501404 0.2438318133354187
vn -0.8197224140167236 0.4808592200279236 0.3111744225025177
vn -0.9628247022628784 0.22682936489582062 0.14668667316436768
vn -0.9964725971221924 0.07052677124738693 0.04547988250851631
vn -0.9987525939941406 -0.04174213483929634 -0.027402671054005623
vn -0.9693249464035034 -0.2057884931564331 -0.13438832759857178
vn -0.9699230790138245 -0.2196214497089386 -0.10495507717132568
vn -0.9703248143196106 -0.229949489235878 -0.07478654384613037
vn -0.9705236554145813 -0.23697778582572937 -0.043879762291908264
vn -0.9988042712211609 -0.04882774502038956 -0.0024178042076528072
vn -0.9705194234848022 -0.24072135984897614 -0.012054307386279106
vn -0.9966163635253906 0.08208919316530228 0.004142797086387873
vn 0.9994331002235413 0.0016034807777032256 -0.03362974897027016
vn 0.9867478013038635 0.007733466103672981 -0.1620771288871765
vn 0.9868680834770203 0.007701914291828871 -0.16134443879127502
vn 0.9994382858276367 0.001572757726535201 -0.03347737342119217
vn 0.8770978450775146 0.022916408255696297 -0.4797646105289459
vn 0.877970278263092 0.022822313010692596 -0.47817084193229675
vn 0.9869782328605652 0.007670368999242783 -0.16067111492156982
vn 0.9994433522224426 0.0015725534176453948 -0.03332494571805
vn 0.8787996768951416 0.022759292274713516 -0.47664791345596313
vn 0.999995768070221 0.00012633579899556935 -0.002899280283600092
vn 0.999428927898407 0.001603643991984427 -0.03375168517231941
vn 0.999995768070221 0.00012633579899556935 -0.002899280283600092
vn 0.9866522550582886 0.007764760870486498 -0.16265630722045898
vn 0.8763949871063232 0.02294868603348732 -0.4810458719730377
vn 0.5348149538040161 0.04026933014392853 -0.8440091013908386
vn 0.5361015200614929 0.040268540382385254 -0.8431925773620605
vn 0.5376880168914795 0.04020606353878975 -0.8421847224235535
vn 0.539250373840332 0.04017458111047745 -0.8411867618560791
vn 0.5404013395309448 0.040325503796339035 -0.8404405117034912
vn 0.8794293999671936 0.02281842567026615 -0.4754820168018341
vn 0.987067461013794 0.007669586222618818 -0.1601213961839676
vn 0.9994473457336426 0.001572389854118228 -0.03320300206542015
vn 0.9999958872795105 0.0001262933510588482 -0.00286876130849123
vn 0.9999958872795105 0.0001262933510588482 -0.00286876130849123
vn 0.999995768070221 0.00012633579899556935 -0.002899280283600092
vn -0.9578844904899597 0.18635065853595734 -0.21847385168075562
vn -0.9594250321388245 0.2092263549566269 -0.18901808559894562
vn -0.9961212277412415 0.0654236376285553 -0.0588417686522007
vn -0.9959648251533508 0.058416884392499924 -0.06812914460897446
vn -0.9608055353164673 0.22807557880878448 -0.15758898854255676
vn -0.9962643384933472 0.07114683836698532 -0.04894505813717842
vn -0.9986310601234436 -0.03844206780195236 0.03547036647796631
vn -0.9985708594322205 -0.0342077799141407 0.04106120765209198
vn -0.9986799359321594 -0.04197484999895096 0.0296064093708992
vn -0.8024816513061523 0.3867962658405304 -0.4543255865573883
vn -0.8077554702758789 0.43716004490852356 -0.39550232887268066
vn -0.812536358833313 0.4793647527694702 -0.33165380358695984
vn -0.8166768550872803 0.51358562707901 -0.26318931579589844
vn -0.9619800448417664 0.24313248693943024 -0.12442214041948318
vn -0.9963861703872681 0.0756797194480896 -0.03856225684285164
vn -0.9987202286720276 -0.04483409970998764 0.023406539112329483
vn -0.9686166644096375 -0.2206604927778244 0.11441467702388763
vn -0.9676716327667236 -0.20663337409496307 0.14461782574653625
vn -0.966549277305603 -0.1891869604587555 0.1731787919998169
vn -0.965251624584198 -0.16819362342357635 0.20000076293945312
vn 0.45122626423835754 0.08717799931764603 -0.8881412148475647
vn 0.45098236203193665 0.056906525045633316 -0.8907168507575989
vn 0.8510921597480774 0.03359851613640785 -0.5239400267601013
vn 0.852363109588623 0.05159935727715492 -0.5203986763954163
vn 0.4527226984500885 0.05016118660569191 -0.8902393579483032
vn 0.8518590927124023 0.02947714738547802 -0.522940993309021
vn 0.9912770390510559 0.008453787304461002 -0.1315239518880844
vn 0.9914206862449646 0.01306034903973341 -0.1300554722547531
vn 0.9913333058357239 0.0073853167705237865 -0.1311626136302948
vn 0.15274623036384583 0.16502824425697327 -0.9743891358375549
vn 0.15250565111637115 0.09658948332071304 -0.9835712313652039
vn 0.4524797797203064 0.14881525933742523 -0.8792702555656433
vn 0.15284115076065063 0.06299110502004623 -0.9862412214279175
vn 0.15375490486621857 0.05557464063167572 -0.9865449666976929
vn 0.1549752801656723 0.05435356870293617 -0.986422061920166
vn 0.45537370443344116 0.04899922385811806 -0.8889510035514832
vn 0.8533802032470703 0.02871060185134411 -0.5204976201057434
vn 0.9914639592170715 0.007170164026319981 -0.1301834136247635
vn 0.999939501285553 0.0005953624495305121 -0.010985969565808773
vn 0.9999384880065918 0.000626026769168675 -0.01107781007885933
vn 0.9999383687973022 0.000717584858648479 -0.011077680625021458
vn 0.9999397397041321 0.0010835736757144332 -0.010924255475401878
vn 0.991568386554718 0.02206016331911087 -0.1276923269033432
vn 0.9999409317970276 0.0018462411826476455 -0.010709577240049839
vn 0.8538326621055603 0.08763258904218674 -0.5131182670593262
vn -0.9634490609169006 -0.09273305535316467 -0.251329630613327
vn -0.9615118503570557 -0.06652776151895523 -0.2665875256061554
vn -0.996312141418457 -0.02112552337348461 -0.08316216617822647
vn -0.9965270757675171 -0.02918969839811325 -0.07798530906438828
vn -0.9599015712738037 -0.04276944324374199 -0.2770552337169647
vn -0.996127188205719 -0.013734851032495499 -0.08684448152780533
vn -0.9987464547157288 0.011590434238314629 0.048694681376218796
vn -0.9987888932228088 0.016415413469076157 0.046381060034036636
vn -0.9987159371376038 0.007346251048147678 0.0501231923699379
vn -0.8218259811401367 -0.19589237868785858 -0.5350030064582825
vn -0.8149510025978088 -0.13893382251262665 -0.5626296997070312
vn -0.8094078898429871 -0.08827891945838928 -0.5805736184120178
vn -0.805635929107666 -0.039645761251449585 -0.5910829305648804
vn -0.9587917923927307 -0.019657012075185776 -0.2834289073944092
vn -0.9960129857063293 -0.0064990282990038395 -0.08897142112255096
vn -0.9986730813980103 0.003224316518753767 0.0513986311852932
vn -0.9669538140296936 0.017255162820219994 0.25436702370643616
vn -0.9678972363471985 0.037834055721759796 0.24848218262195587
vn -0.9688360691070557 0.05899468809366226 0.2405747026205063
vn -0.9700739979743958 0.08266311138868332 0.22830519080162048
vn -0.9716618061065674 -0.23249539732933044 -0.042653169482946396
vn -0.9714341163635254 -0.2259264886379242 -0.0726148784160614
vn -0.9973300695419312 -0.06955262273550034 -0.022253459319472313
vn -0.9973536133766174 -0.07151812314987183 -0.013069880194962025
vn -0.9710350036621094 -0.2161189466714859 -0.10189968347549438
vn -0.997291624546051 -0.06657923758029938 -0.0312521867454052
vn -0.9990636110305786 0.041151080280542374 0.013363583944737911
vn -0.9990696907043457 0.042410340160131454 0.0078109572641551495
vn -0.9990478157997131 0.03937401995062828 0.0187937393784523
vn -0.8531754016876221 -0.5130261778831482 -0.09431742876768112
vn -0.8522563576698303 -0.49791643023490906 -0.16043178737163544
vn -0.8506564497947693 -0.47529640793800354 -0.22467097640037537
vn -0.9761536717414856 0.19616949558258057 0.09295965731143951
vn -0.9765031337738037 0.2050907164812088 0.06617719680070877
vn -0.9766711592674255 0.21119888126850128 0.03883957862854004
vn -0.9576274752616882 0.0012855582172051072 -0.2880067825317383
vn -0.9567179679870605 0.012703580781817436 -0.2907394468784332
vn -0.9957191348075867 0.003973682876676321 -0.09234549105167389
vn -0.9958641529083252 0.00015670641732867807 -0.09085467457771301
vn -0.9563604593276978 0.015543455258011818 -0.29177582263946533
vn -0.99566650390625 0.004951059818267822 -0.09286374598741531
vn -0.9987056851387024 -0.0022682948037981987 0.05081123858690262
vn -0.998668909072876 -0.0004382120678201318 0.051576439291238785
vn -0.9987123012542725 -0.002725885948166251 0.050658341497182846
vn -0.8017953038215637 0.0036085075698792934 -0.5975878238677979
vn -0.7989638447761536 0.0264719408005476 -0.6007961630821228
vn -0.7978268265724182 0.03205838426947594 -0.602033793926239
vn -0.7959727644920349 0.033252254128456116 -0.6044183373451233
vn -0.9557998776435852 0.016186678782105446 -0.2935720980167389
vn -0.9955998659133911 0.005165643058717251 -0.09356486052274704
vn -0.9986981749534607 -0.002817785833030939 0.05093216523528099
vn -0.9662614464759827 -0.014335730113089085 0.2571638524532318
vn -0.966641366481781 -0.013754111714661121 0.2557644248008728
vn -0.9666825532913208 -0.011220729909837246 0.25573214888572693
vn -0.9664831757545471 -0.0013950691791251302 0.2567262053489685
vn -0.9659746289253235 -0.16843095421791077 0.19627520442008972
vn -0.9675100445747375 -0.18810978531837463 0.16893529891967773
vn -0.9969442486763 -0.05833395570516586 0.051954448223114014
vn -0.9967934489250183 -0.05239463597536087 0.06047771871089935
vn -0.9687896370887756 -0.20430566370487213 0.14037726819515228
vn -0.9970715045928955 -0.0631745383143425 0.043097324669361115
vn -0.9989212155342102 0.03419441357254982 -0.03141753748059273
vn -0.9988630414009094 0.030569903552532196 -0.03658042103052139
vn -0.9989665746688843 0.03720782697200775 -0.02610260620713234
vn -0.831067681312561 -0.361234188079834 0.4228905141353607
vn -0.8368664383888245 -0.4065379500389099 0.366580605506897
vn -0.8417811989784241 -0.44439032673835754 0.30646654963493347
vn -0.9742729663848877 0.18518763780593872 -0.1284428983926773
vn -0.9732220768928528 0.1702059954404831 -0.1544947624206543
vn -0.9719178080558777 0.15211376547813416 -0.17954705655574799
vn -0.9531471729278564 -0.0006042234017513692 0.3025065064430237
vn -0.9527420997619629 -0.011653571389615536 0.3035566508769989
vn -0.9952850341796875 -0.0036752833984792233 0.09692338109016418
vn -0.9953829646110535 -4.221213384880684e-05 0.09598295390605927
vn -0.9528740048408508 -0.014125032350420952 0.30303749442100525
vn -0.9952846765518188 -0.004499251022934914 0.09689167886972427
vn -0.9985790252685547 0.001996562583371997 -0.053252656012773514
vn -0.9985199570655823 0.00010596305219223723 -0.05438459664583206
vn -0.998600959777832 0.0024232116993516684 -0.052824344485998154
vn -0.7871494293212891 -0.0020790735725313425 0.6167589426040649
vn -0.7860469222068787 -0.023962516337633133 0.6177021265029907
vn -0.7865359783172607 -0.028813911601901054 0.6168719530105591
vn -0.7872979044914246 -0.029575446620583534 0.6158629655838013
vn -0.9531115889549255 -0.014490101486444473 0.3022719621658325
vn -0.9953080415725708 -0.0046209534630179405 0.09664665907621384
vn -0.9986119866371155 0.00248397933319211 -0.05261120945215225
vn -0.9642214179039001 0.012636911123991013 -0.2647969722747803
vn -0.9639895558357239 0.012302545830607414 -0.2656553387641907
vn -0.963644802570343 0.01001535914838314 -0.26699891686439514
vn -0.9630045890808105 0.00010005926014855504 -0.2694849669933319
vn -0.9618772268295288 0.2081695795059204 0.17736294865608215
vn -0.9607361555099487 0.18609276413917542 0.205804243683815
vn -0.9962553977966309 0.05811008810997009 0.0640178844332695
vn -0.9963743090629578 0.06483644992113113 0.05508505925536156
vn -0.959429144859314 0.1604214608669281 0.23186352849006653
vn -0.9961227774620056 0.050195273011922836 0.07224839925765991
vn -0.9986789226531982 -0.03409773111343384 -0.03844047337770462
vn -0.9987196922302246 -0.03822442516684532 -0.033135201781988144
vn -0.9986294507980347 -0.029329346492886543 -0.04334660992026329
vn -0.8163332939147949 0.4394770860671997 0.3747798204421997
vn -0.8123043775558472 0.3909313380718231 0.432821124792099
vn -0.8077691793441772 0.33504369854927063 0.4850304424762726
vn -0.9665372371673584 -0.14460983872413635 -0.2118811458349228
vn -0.9676412343978882 -0.1681128889322281 -0.18817107379436493
vn -0.9685701727867126 -0.1884772628545761 -0.16232135891914368
vn 0.5488283634185791 -0.8221009373664856 -0.15145140886306763
vn 0.9035230278968811 -0.42148557305336 -0.07743412256240845
vn 0.9028865098953247 -0.40920427441596985 -0.13171148300170898
vn 0.5473963022232056 -0.7963515520095825 -0.2572575807571411
vn 0.9953088760375977 -0.09516365826129913 -0.017436685040593147
vn 0.9952682852745056 -0.09252391755580902 -0.02967165596783161
vn 0.901827871799469 -0.3907318115234375 -0.18448634445667267
vn 0.5448851585388184 -0.757651686668396 -0.3592550456523895
vn 0.9952023029327393 -0.08853931725025177 -0.04162951931357384
vn 0.20176288485527039 -0.9781940579414368 -0.0492761991918087
vn 0.5490995049476624 -0.8346996307373047 -0.042026493698358536
vn 0.20163767039775848 -0.963260293006897 -0.17740286886692047
vn 0.9036655426025391 -0.4276927709579468 -0.021622739732265472
vn 0.9953185319900513 -0.09652487188577652 -0.004895398858934641
vn 0.9999679327011108 -0.007995296269655228 -0.0004079961800016463
vn 0.9999676942825317 -0.007902292534708977 -0.0014455266064032912
vn 0.9999674558639526 -0.007687253877520561 -0.002452367451041937
vn 0.999967098236084 -0.007350179832428694 -0.003428518306463957
vn 0.9999662637710571 -0.006921544671058655 -0.004404538776725531
vn 0.9950991272926331 -0.08324217051267624 -0.053371451795101166
vn 0.9002310633659363 -0.36602693796157837 -0.2358141839504242
vn 0.5411678552627563 -0.7058550715446472 -0.45706242322921753
vn 0.199410080909729 -0.8854988813400269 -0.4196752905845642
vn 0.19727595150470734 -0.8230316638946533 -0.5326360464096069
vn 0.20081748068332672 -0.9322212338447571 -0.301057904958725
vn -0.9628796577453613 0.2543503940105438 -0.09037952870130539
vn -0.963546097278595 0.26159539818763733 -0.05609610676765442
vn -0.9965416193008423 0.08126594126224518 -0.017343774437904358
vn -0.9964748024940491 0.0790829211473465 -0.027997836470603943
vn -0.9640083909034729 0.2649972438812256 -0.021543940529227257
vn -0.9965891242027283 0.08225703984498978 -0.006630075629800558
vn -0.9987831711769104 -0.04817335307598114 0.01055358350276947
vn -0.9987564086914062 -0.04687018692493439 0.0169948972761631
vn -0.9987982511520386 -0.04883653670549393 0.004113288596272469
vn -0.8198724985122681 0.5394223928451538 -0.1919182538986206
vn -0.8222867846488953 0.5563842058181763 -0.11950314790010452
vn -0.8239898681640625 0.564731776714325 -0.046030737459659576
vn -0.9703474640846252 -0.2408832609653473 0.020021064206957817
vn -0.9699785113334656 -0.23763063549995422 0.05170406028628349
vn -0.9694035649299622 -0.230961412191391 0.08314813673496246
vn 0.9994363784790039 0.0032206943724304438 -0.03341398015618324
vn 0.9994457364082336 0.0019691800698637962 -0.0332329124212265
vn 0.9870414137840271 0.009561874903738499 -0.16018052399158478
vn 0.9869101643562317 0.015635928139090538 -0.16051125526428223
vn 0.999448299407959 0.0016333876410499215 -0.033172428607940674
vn 0.9871045351028442 0.007974485866725445 -0.15987788140773773
vn 0.8792948722839355 0.028525935485959053 -0.47542282938957214
vn 0.8786013722419739 0.047049809247255325 -0.4752325415611267
vn 0.8796833753585815 0.023733530193567276 -0.47496727108955383
vn 0.999995768070221 0.0004620054387487471 -0.0028682940173894167
vn 0.999995768070221 0.0002484129508957267 -0.0028991105500608683
vn 0.9994423985481262 0.005570009350776672 -0.03292260318994522
vn 0.9999958872795105 0.00015681263175792992 -0.0028687191661447287
vn 0.9999958872795105 0.0001262933510588482 -0.00286876130849123
vn 0.5408546924591064 0.04203372076153755 -0.840065062046051
vn 0.5404375791549683 0.05070171132683754 -0.8398550152778625
vn 0.5401318669319153 0.08442212641239166 -0.8373353481292725
vn 0.8799801468849182 0.08103811740875244 -0.46804675459861755
vn 0.543236255645752 0.1454136222600937 -0.8268913626670837
vn 0.9870814681053162 0.026985296979546547 -0.157929927110672
vn 0.9993699193000793 -0.00892856065183878 0.03435169905424118
vn 0.9854556322097778 -0.04298555478453636 0.16440658271312714
vn 0.9856142997741699 -0.056742697954177856 0.15920020639896393
vn 0.9993761777877808 -0.011826436035335064 0.03327971324324608
vn 0.8686099052429199 -0.12594839930534363 0.4792221784591675
vn 0.8697968125343323 -0.1664569228887558 0.46448421478271484
vn 0.9859446287155151 -0.07214262336492538 0.15069365501403809
vn 0.9993895888328552 -0.015028712339699268 0.03153609856963158
vn 0.8721768260002136 -0.21214158833026886 0.4407985210418701
vn 0.9999951720237732 -0.0005228490335866809 0.0030510849319398403
vn 0.9993633031845093 -0.006121894810348749 0.03514885902404785
vn 0.9999951720237732 -0.0007669182377867401 0.002989706816151738
vn 0.9853169918060303 -0.029593367129564285 0.1681509166955948
vn 0.8677128553390503 -0.08677460998296738 0.48943284153938293
vn 0.5211712718009949 -0.15004009008407593 0.8401597738265991
vn 0.5227330327033997 -0.21780255436897278 0.8242039680480957
vn 0.5251771807670593 -0.2886366546154022 0.8005484342575073
vn 0.5297468304634094 -0.3697606027126312 0.7633121013641357
vn 0.5361319184303284 -0.45770758390426636 0.7092717289924622
vn 0.8755976557731628 -0.2607119381427765 0.40664222836494446
vn 0.9864277243614197 -0.08830015361309052 0.1384323388338089
vn 0.9994102120399475 -0.018443137407302856 0.028967425227165222
vn 0.9999954104423523 -0.001285406295210123 0.0027448313776403666
vn 0.9999955296516418 -0.0015903019811958075 0.002530772238969803
vn 0.9999952912330627 -0.0010109450668096542 0.0028978094924241304
vn 0.9996039867401123 0.021368911489844322 0.0183107852935791
vn 0.9907531142234802 0.10315555334091187 0.08813107013702393
vn 0.990406334400177 0.09245241433382034 0.10270334780216217
vn 0.9995880722999573 0.019166959449648857 0.021359331905841827
vn 0.9079886674880981 0.3190102279186249 0.27164119482040405
vn 0.9051957726478577 0.28497618436813354 0.31529247760772705
vn 0.989961564540863 0.08001049607992172 0.11650914698839188
vn 0.9995679259300232 0.01659950613975525 0.024255316704511642
vn 0.9017318487167358 0.24561545252799988 0.35574254393577576
vn 0.9999971389770508 0.0020126737654209137 0.0013150142040103674
vn 0.9996151924133301 0.02326512709259987 0.015108587220311165
vn 0.9999970197677612 0.0018596951849758625 0.001589475548826158
vn 0.9910215139389038 0.11221007257699966 0.07270035147666931
vn 0.9101792573928833 0.347944438457489 0.22474056482315063
vn 0.6049572825431824 0.6697930097579956 0.4305857717990875
vn 0.6001021265983582 0.6104317903518677 0.5169627666473389
vn 0.594122588634491 0.5412903428077698 0.5949984192848206
vn 0.5868833065032959 0.4625703990459442 0.6645272970199585
vn 0.578376054763794 0.3748100697994232 0.7245678901672363
vn 0.8976069092750549 0.20082160830497742 0.3923932611942291
vn 0.9894247651100159 0.06571080535650253 0.12930868566036224
vn 0.9995445609092712 0.013604564592242241 0.02693622000515461
vn 0.9999967217445374 0.0014317022869363427 0.0021077089477330446
vn 0.9999964833259583 0.0011872077593579888 0.002351523144170642
vn 0.9999968409538269 0.0016456772573292255 0.0018638516776263714
vn 0.0055852713994681835 -0.05613997206091881 0.9984073042869568
vn 0.034823015332221985 -0.056109730154275894 0.9978170990943909
vn 0.03534114733338356 -0.056139133870601654 0.9977973103523254
vn 0.005646298173815012 -0.056170377880334854 0.9984052777290344
vn 0.1767672598361969 -0.05523359775543213 0.9827017188072205
vn 0.17899399995803833 -0.055232685059309006 0.9822985529899597
vn 0.035799551755189896 -0.05607903376221657 0.9977842569351196
vn 0.0057073431089520454 -0.056139931082725525 0.9984066486358643
vn 0.18128454685211182 -0.055202070623636246 0.9818801283836365
vn 0.000397075607907027 -0.05617126449942589 0.9984210729598999
vn 0.005524225998669863 -0.05617041140794754 0.9984058737754822
vn 0.00042759557254612446 -0.05614084005355835 0.9984227418899536
vn 0.03445611521601677 -0.056139204651117325 0.9978283047676086
vn 0.17490452527999878 -0.05529477447271347 0.9830313920974731
vn 0.1831769496202469 -0.05489647388458252 0.9815460443496704
vn 0.036196269094944 -0.055834826081991196 0.9977837204933167
vn 0.005798982921987772 -0.0558660663664341 0.9984213709831238
vn 0.00042759557254612446 -0.05614084005355835 0.9984227418899536
vn 0.00042758879135362804 -0.055865343660116196 0.9984381794929504
vn 0.0004275948740541935 -0.05617126449942589 0.9984210729598999
vn 0.9996182918548584 0.026015352457761765 -0.009302735328674316
vn 0.991089403629303 0.12546709179878235 -0.04471973329782486
vn 0.9912704229354858 0.12889191508293152 -0.027746066451072693
vn 0.9996265172958374 0.026712583377957344 -0.005761608947068453
vn 0.9106993079185486 0.38925451040267944 -0.13823042809963226
vn 0.9121814370155334 0.40068167448043823 -0.08590293675661087
vn 0.9913848042488098 0.1305457055568695 -0.010683314874768257
vn 0.9996310472488403 0.02707400918006897 -0.002220883732661605
vn 0.9131046533584595 0.40637969970703125 -0.03309742361307144
vn 0.9999970197677612 0.0021686251275241375 -0.001095799496397376
vn 0.9996069669723511 0.024921312928199768 -0.01284431479871273
vn 0.9999971389770508 0.0022597587667405605 -0.0007904790691100061
vn 0.9908351898193359 0.12014862149953842 -0.06172586604952812
vn 0.9086272716522217 0.37174904346466064 -0.1902606338262558
vn 0.6015439033508301 0.7120422124862671 -0.3621337115764618
vn 0.606078565120697 0.7500407695770264 -0.26477816700935364
vn 0.6093440651893616 0.7755076885223389 -0.16518932580947876
vn 0.6114446520805359 0.7887269258499146 -0.06360267847776413
vn 0.6124014854431152 0.7895429134368896 0.03982760012149811
vn 0.9135246872901917 0.4062715172767639 0.02040252275764942
vn 0.991432249546051 0.13045893609523773 0.006529304198920727
vn 0.9996334910392761 0.027038587257266045 0.0013498381013050675
vn 0.9999971389770508 0.002350467024371028 -0.00017996526730712503
vn 0.9999972581863403 0.0023500851821154356 9.470861550653353e-05
vn 0.9999971389770508 0.002320372499525547 -0.00048520092968828976
vn 0.9993701577186584 -0.003589087165892124 0.035305220633745193
vn 0.9993878602981567 -0.0022762662265449762 0.03491091728210449
vn 0.9857413172721863 -0.011098252609372139 0.16790148615837097
vn 0.9854156374931335 -0.017448337748646736 0.16926774382591248
vn 0.9993990063667297 -0.0019706098828464746 0.0346054807305336
vn 0.9859747886657715 -0.009570403955876827 0.16662000119686127
vn 0.8702309131622314 -0.03263760358095169 0.4915617108345032
vn 0.8682407140731812 -0.05128728225827217 0.49348530173301697
vn 0.8717777729034424 -0.02817802131175995 0.4890904724597931
vn 0.9999952912330627 -0.0003092142578680068 0.00305138248950243
vn 0.9999954104423523 -0.0001870947889983654 0.003021033713594079
vn 0.9999955296516418 -0.00015653307491447777 0.002990557113662362
vn 0.5266427397727966 -0.048943571746349335 0.8486765623092651
vn 0.5240973830223083 -0.05660418048501015 0.8497752547264099
vn 0.5215520858764648 -0.08895538002252579 0.8485696315765381
vn 0.9994595050811768 0.008132023736834526 -0.031850434839725494
vn 0.9874727129936218 0.039307717233896255 -0.15281523764133453
vn 0.9878706336021423 0.05187263712286949 -0.1463584005832672
vn 0.9994770288467407 0.010724437423050404 -0.030504535883665085
vn 0.8828138113021851 0.11807283014059067 -0.45464134216308594
vn 0.8858122229576111 0.15619391202926636 -0.43696707487106323
vn 0.9883949756622314 0.06568507850170135 -0.13697059452533722
vn 0.9994987845420837 0.01362097542732954 -0.028577538207173347
vn 0.8897746205329895 0.1986152082681656 -0.41091760993003845
vn 0.9999958872795105 0.0006755130598321557 -0.0027764393016695976
vn 0.5484956502914429 0.21244238317012787 -0.8087154626846313
vn 0.5545536875724792 0.28295931220054626 -0.7825625538825989
vn 0.5625272393226624 0.36302077770233154 -0.7428182363510132
vn 0.5718071460723877 0.44839832186698914 -0.6870047450065613
vn 0.8943322896957397 0.24281461536884308 -0.37578028440475464
vn 0.9889947175979614 0.07988887280225754 -0.12452816963195801
vn 0.9995250701904297 0.016577638685703278 -0.025979192927479744
vn 0.9999962449073792 0.0011633974500000477 -0.00247056782245636
vn 0.9999963641166687 0.0014377740444615483 -0.002256551058962941
vn 0.9999960064888 0.0009194976300932467 -0.0026540227700024843
vn 0.9994194507598877 -0.011522036977112293 -0.03206156939268112
vn 0.9865986108779907 -0.055331453680992126 -0.15349793434143066
vn 0.98631751537323 -0.03945198282599449 -0.16006697714328766
vn 0.9994075298309326 -0.008193415589630604 -0.033429913222789764
vn 0.8767669200897217 -0.16396310925483704 -0.4521017074584961
vn 0.874678373336792 -0.11675248295068741 -0.4704322814941406
vn 0.9861892461776733 -0.025499582290649414 -0.1636478155851364
vn 0.9994024634361267 -0.0052930619567632675 -0.03415816277265549
vn 0.8736331462860107 -0.07553669065237045 -0.4806862473487854
vn 0.999995768070221 -0.0013084950624033809 -0.002596083329990506
vn 0.9994361400604248 -0.0150954844430089 -0.029990801587700844
vn 0.9999956488609314 -0.0009725280106067657 -0.00277873151935637
vn 0.9870144128799438 -0.07240501046180725 -0.1433876007795334
vn 0.8797091245651245 -0.21514855325222015 -0.4240555465221405
vn 0.5434929132461548 -0.3817978799343109 -0.7475599646568298
vn 0.5378104448318481 -0.2892586290836334 -0.7918897271156311
vn 0.5336968302726746 -0.2051713466644287 -0.8204099535942078
vn 0.5314344167709351 -0.1325719803571701 -0.8366612792015076
vn 0.5299411416053772 -0.06337215006351471 -0.84566330909729
vn 0.8727461695671082 -0.035853464156389236 -0.4868558347225189
vn 0.9860560894012451 -0.012037334963679314 -0.16597718000411987
vn 0.999396800994873 -0.0024541139136999846 -0.03464232012629509
vn 0.9999955296516418 -0.0004534454783424735 -0.00296112522482872
vn 0.9999955296516418 -0.0002092488284688443 -0.002991304500028491
vn 0.9999955296516418 -0.0006976845907047391 -0.0029004262760281563
vn 0.9995288848876953 -0.0301753431558609 -0.005596572998911142
vn 0.9890636205673218 -0.14501987397670746 -0.026875624433159828
vn 0.9889886975288391 -0.14071886241436005 -0.045821383595466614
vn 0.9995257258415222 -0.02928471937775612 -0.00953226163983345
vn 0.8946838974952698 -0.4392329752445221 -0.08133303374052048
vn 0.8941060304641724 -0.4259093403816223 -0.1384762078523636
vn 0.9888326525688171 -0.13444046676158905 -0.06430874764919281
vn 0.9995180368423462 -0.027997318655252457 -0.01340627670288086
vn 0.892943799495697 -0.40622130036354065 -0.19399894773960114
vn 0.9999964833259583 -0.002654785057529807 -0.00012589056859724224
vn 0.9995284080505371 -0.0306693222373724 -0.0015077056596055627
vn 0.9999964833259583 -0.0026237983256578445 -0.00046156038297340274
vn 0.9890590906143188 -0.1473352611064911 -0.0073770806193351746
vn 0.894702672958374 -0.4460994601249695 -0.022411560639739037
vn 0.572110116481781 -0.8191347718238831 -0.04133336991071701
vn 0.5720873475074768 -0.8065134286880493 -0.14917215704917908
vn 0.5709201097488403 -0.780935525894165 -0.2533572316169739
vn 0.5686099529266357 -0.7426897883415222 -0.35368698835372925
vn 0.5652490258216858 -0.6915534734725952 -0.44971904158592224
vn 0.891209065914154 -0.3798885643482208 -0.24785293638706207
vn 0.9885939359664917 -0.1260497272014618 -0.08242359757423401
vn 0.9995076060295105 -0.02625301480293274 -0.01718851365149021
vn 0.9999963641166687 -0.002439705654978752 -0.0011632493697106838
vn 0.9999962449073792 -0.0022866418585181236 -0.0014987491304054856
vn 0.9999964833259583 -0.0025317310355603695 -0.0008276645676232874
vn 0.0035709922667592764 -0.04808317869901657 0.9988369345664978
vn 0.016419701278209686 -0.04808411747217178 0.9987083077430725
vn 0.016480745747685432 -0.048053618520498276 0.9987087845802307
vn 0.003570997156202793 -0.04805272817611694 0.9988384246826172
vn 0.05359118804335594 -0.0480203777551651 0.9974077343940735
vn 0.053836338222026825 -0.04799070954322815 0.9973958730697632
vn 0.016572255641222 -0.04808399826288223 0.9987058043479919
vn 0.003601510776206851 -0.04808317869901657 0.9988369345664978
vn 0.05411013960838318 -0.04802045226097107 0.9973796606063843
vn 0.0003055088745895773 -0.04802258312702179 0.9988462328910828
vn 0.0035710022784769535 -0.04802227392792702 0.9988398551940918
vn 0.0003360268019605428 -0.048083484172821045 0.9988433122634888
vn 0.016358723863959312 -0.04802326112985611 0.9987122416496277
vn 0.053408749401569366 -0.04795994982123375 0.9974203705787659
vn 0.15751014649868011 -0.047425948083400726 0.9863778948783875
vn 0.15808962285518646 -0.047456227242946625 0.9862838387489319
vn 0.15879301726818085 -0.04745648801326752 0.986170768737793
vn 0.15949153900146484 -0.04745534062385559 0.9860579967498779
vn 0.16004474461078644 -0.04763943329453468 0.985959529876709
vn 0.05429389700293541 -0.048204097896814346 0.9973608255386353
vn 0.01660262420773506 -0.04826667532324791 0.9986964464187622
vn 0.003632108448073268 -0.04826729744672775 0.9988278746604919
vn 0.0003360268019605428 -0.048083484172821045 0.9988433122634888
vn 0.00033603422343730927 -0.048267610371112823 0.9988343119621277
vn 0.00030550843803212047 -0.04805302992463112 0.9988446235656738
vn 0.9994359016418457 -0.021551523357629776 0.02575846202671528
vn 0.9869906902313232 -0.10335660725831985 0.1231536939740181
vn 0.9875050783157349 -0.11615099012851715 0.10650244355201721
vn 0.9994587898254395 -0.02423212304711342 0.022244876250624657
vn 0.8795693516731262 -0.30661576986312866 0.3637920618057251
vn 0.8832219839096069 -0.3462211787700653 0.31630629301071167
vn 0.9879476428031921 -0.12674900889396667 0.08884905278682709
vn 0.9994786977767944 -0.02642485871911049 0.018549421802163124
vn 0.8864061832427979 -0.3794506788253784 0.26514363288879395
vn 0.999995768070221 -0.0018645512172952294 0.002225198084488511
vn 0.5432996153831482 -0.542817234992981 0.6404492259025574
vn 0.5500004291534424 -0.617986798286438 0.5617756843566895
vn 0.5560017228126526 -0.6824015378952026 0.4745419919490814
vn 0.561256468296051 -0.7357457280158997 0.37903743982315063
vn 0.8891463875770569 -0.40641164779663086 0.21035270392894745
vn 0.988315999507904 -0.13526473939418793 0.07024877518415451
vn 0.9994949698448181 -0.02818918600678444 0.014670793898403645
vn 0.9999961256980896 -0.0022909727413207293 0.001614218344911933
vn 0.9999962449073792 -0.0024431024212390184 0.0012782940175384283
vn 0.9999958872795105 -0.002108281245455146 0.0019196654902771115
vn 0.5421763062477112 -0.7915756702423096 0.2818739414215088
vn 0.9006434679031372 -0.40967386960983276 0.14494411647319794
vn 0.9020935893058777 -0.4220261871814728 0.09011651575565338
vn 0.5455586910247803 -0.819346010684967 0.17617563903331757
vn 0.995125412940979 -0.09303604066371918 0.032708652317523956
vn 0.9952183961868286 -0.09555190801620483 0.020253513008356094
vn 0.9031223654747009 -0.42798760533332825 0.03459298610687256
vn 0.5479118824005127 -0.8337580561637878 0.06811852008104324
vn 0.9952840209007263 -0.09669465571641922 0.007739237975329161
vn 0.19520269334316254 -0.8727757930755615 0.44739049673080444
vn 0.5375352501869202 -0.7502707242965698 0.38490211963653564
vn 0.19785501062870026 -0.923503577709198 0.3286251127719879
vn 0.8986515998840332 -0.39083734154701233 0.19917689263820648
vn 0.9949951171875 -0.08914892375469208 0.0451362207531929
vn 0.9999658465385437 -0.007390626240521669 0.0037129586562514305
vn 0.9999665021896362 -0.007724942173808813 0.002705356804654002
vn 0.999967098236084 -0.007937137968838215 0.0016674038488417864
vn 0.9999675750732422 -0.008027256466448307 0.0006296193460002542
vn 0.2010912001132965 -0.9763273000717163 0.07966991513967514
vn 0.199808269739151 -0.9579721093177795 0.2058299332857132
vn 0.9995208978652954 0.01045816857367754 0.029129380360245705
vn 0.9888886213302612 0.05049840360879898 0.1398184448480606
vn 0.9884158968925476 0.03605159372091293 0.14742596447467804
vn 0.9995015859603882 0.007434728555381298 0.030681975185871124
vn 0.8934739828109741 0.1538088321685791 0.4219561517238617
vn 0.8898108601570129 0.1095573902130127 0.4429827332496643
vn 0.9880546927452087 0.0231658685952425 0.15235286951065063
vn 0.9994865655899048 0.004747575614601374 0.03168489411473274
vn 0.8870303630828857 0.07032167166471481 0.4563243091106415
vn 0.9999963641166687 0.0008817598572932184 0.0025342139415442944
vn 0.5697647333145142 0.2846187949180603 0.7709476947784424
vn 0.5621980428695679 0.20134998857975006 0.8021169304847717
vn 0.5564545392990112 0.128777876496315 0.8208377957344055
vn 0.5513929128646851 0.06018632650375366 0.8320717811584473
vn 0.8843147158622742 0.03243463486433029 0.46576330065727234
vn 0.9876865744590759 0.010556265711784363 0.15608888864517212
vn 0.9994692802429199 0.002121854107826948 0.03250567242503166
vn 0.9999961256980896 0.0003931538085453212 0.0027471687644720078
vn 0.9999960064888 0.00017943380225915462 0.002807909855619073
vn 0.9999962449073792 0.0006374355871230364 0.0026559510733932257
vn 0.999633252620697 0.02663690410554409 0.004889535252004862
vn 0.9914306402206421 0.12848176062107086 0.023617031052708626
vn 0.9913641214370728 0.12479948252439499 0.04027615115046501
vn 0.999630331993103 0.02586900256574154 0.008367659524083138
vn 0.9135044813156128 0.4001288115978241 0.07352840900421143
vn 0.9129570722579956 0.3883994221687317 0.12512058019638062
vn 0.991231381893158 0.11940405517816544 0.05659596994519234
vn 0.9996241927146912 0.024765443056821823 0.01175370067358017
vn 0.9118651747703552 0.3710886538028717 0.17548535764217377
vn 0.9999972581863403 0.0023191412910819054 0.0003998593892902136
vn 0.6123013496398926 0.7776696085929871 0.1425374150276184
vn 0.6110827326774597 0.753667950630188 0.24199670553207397
vn 0.6086679697036743 0.7177919149398804 0.3380798399448395
vn 0.9999971389770508 0.0021351759787648916 0.0010099909268319607
vn 0.9999971389770508 0.002257677959278226 0.000704967591445893
vn 0.9994637370109558 -0.00019793213868979365 0.03274641931056976
vn 0.9875123500823975 -0.0008598767453804612 0.15753932297229767
vn 0.9876067042350769 -0.006871168967336416 0.15679894387722015
vn 0.9994707107543945 -0.0014183573657646775 0.03250079229474068
vn 0.8828940391540527 -0.0019349505892023444 0.4695681035518646
vn 0.8833856582641602 -0.020427856594324112 0.46820127964019775
vn 0.9875999093055725 -0.008427554741501808 0.1567651778459549
vn 0.999471127986908 -0.001723506604321301 0.032469864934682846
vn 0.883284330368042 -0.025219084694981575 0.46815890073776245
vn 0.9999960064888 -3.7243871702230535e-06 0.002838174579665065
vn 0.5482111573219299 -0.0019875294528901577 0.8363376259803772
vn 0.5481550693511963 -0.03613748773932457 0.8355957269668579
vn 0.5477356314659119 -0.04495794326066971 0.8354427218437195
vn 0.9999960064888 -0.0001257590774912387 0.0028074851725250483
vn 0.9999960064888 -9.5239796792157e-05 0.002807527780532837
vn 0.9995518326759338 0.01928945817053318 -0.022892918437719345
vn 0.9895994663238525 0.09289946407079697 -0.1098298504948616
vn 0.9901068210601807 0.10383618623018265 -0.09437397122383118
vn 0.9995746612548828 0.02154318243265152 -0.019654637202620506
vn 0.8989128470420837 0.283866286277771 -0.3337298333644867
vn 0.9028262495994568 0.3189028799533844 -0.2884538173675537
vn 0.9905097484588623 0.11290938407182693 -0.07836971431970596
vn 0.999592125415802 0.023431111127138138 -0.01632576994597912
vn 0.9060230851173401 0.3481321334838867 -0.240678608417511
vn 0.9999966025352478 0.0016815465642139316 -0.0019815380219370127
vn 0.5810564756393433 0.5298815965652466 -0.6177368760108948
vn 0.5891086459159851 0.6012141704559326 -0.5399004817008972
vn 0.5959181785583496 0.6619547009468079 -0.45464006066322327
vn 0.9999969005584717 0.0020469720475375652 -0.0014011624734848738
vn 0.9999968409538269 0.0018642807845026255 -0.0017066102009266615
vn 0.9994019865989685 4.833459388464689e-05 -0.034577980637550354
vn 0.9861319065093994 4.801994145964272e-05 -0.16596285998821259
vn 0.98641037940979 0.006149387452751398 -0.16418488323688507
vn 0.9994180202484131 0.0012684297980740666 -0.03408852592110634
vn 0.8731298446655273 -0.0002981583820655942 -0.4874875247478485
vn 0.8748275637626648 0.01803908683359623 -0.48409855365753174
vn 0.9865532517433167 0.007551919668912888 -0.16326574981212616
vn 0.999424934387207 0.001542770303785801 -0.03387371078133583
vn 0.8757637143135071 0.02227838523685932 -0.48222556710243225
vn 0.9999955296516418 4.386068667372456e-06 -0.0029910074081271887
vn 0.5302002429962158 -0.0012311668833717704 -0.8478715419769287
vn 0.5323439836502075 0.031391043215990067 -0.8459458947181702
vn 0.5337469577789307 0.039019085466861725 -0.8447436094284058
vn 0.999995768070221 0.00012637826148420572 -0.002929799724370241
vn 0.9999956488609314 9.590143599780276e-05 -0.002960361074656248
vn 0.9994946122169495 -0.024050302803516388 -0.020786462351679802
vn 0.9882993102073669 -0.11549805104732513 -0.09962256997823715
vn 0.9879360795021057 -0.10308543592691422 -0.115567147731781
vn 0.9994784593582153 -0.021482396870851517 -0.024109801277518272
vn 0.8890215754508972 -0.3471056818962097 -0.2985939085483551
vn 0.8863222599029541 -0.3087957799434662 -0.3450769782066345
vn 0.9875028729438782 -0.08872044086456299 -0.13025662302970886
vn 0.9994585514068604 -0.018486805260181427 -0.02721806801855564
vn 0.8831629753112793 -0.2647641897201538 -0.38719889521598816
vn 0.9999962449073792 -0.002072582021355629 -0.00180364481639117
vn 0.560975193977356 -0.6285891532897949 -0.5386859178543091
vn 0.5558222532272339 -0.5556946992874146 -0.6182758808135986
vn 0.5498907566070557 -0.4731242060661316 -0.6883121728897095
vn 0.9999958872795105 -0.0016140276566147804 -0.0023523541167378426
vn 0.9999960064888 -0.0018585219513624907 -0.0021085399203002453
vn 0.5031113028526306 -0.29490748047828674 -0.8123475313186646
vn 0.8822513222694397 -0.1625107377767563 -0.4418404996395111
vn 0.87728351354599 -0.11553955078125 -0.4658585786819458
vn 0.49410292506217957 -0.2062017321586609 -0.8445965051651001
vn 0.9938609004020691 -0.03864560276269913 -0.10366698354482651
vn 0.993479311466217 -0.027892792597413063 -0.11054768413305283
vn 0.8731823563575745 -0.07352146506309509 -0.48181653022766113
vn 0.48709362745285034 -0.1292392909526825 -0.8637343645095825
vn 0.9931538701057434 -0.017998095601797104 -0.11541812866926193
vn 0.1820148378610611 -0.4482042193412781 -0.875204861164093
vn 0.5130307674407959 -0.3907141089439392 -0.7642918229103088
vn 0.17704296112060547 -0.3364715874195099 -0.9249014854431152
vn 0.887382447719574 -0.21163159608840942 -0.4095907509326935
vn 0.9942341446876526 -0.04964490607380867 -0.09504599869251251
vn 0.9999601244926453 -0.004139378201216459 -0.007910347543656826
vn 0.9999574422836304 -0.003222776809707284 -0.008641508407890797
vn 0.9999547004699707 -0.0023369116242974997 -0.009220113977789879
vn 0.9999523758888245 -0.0015123015036806464 -0.009646209888160229
vn 0.9999508261680603 -0.0006879508146084845 -0.009889199398458004
vn 0.9929605722427368 -0.008350149728357792 -0.11815021187067032
vn 0.8706594109535217 -0.03313257545232773 -0.4907692074775696
vn 0.48225903511047363 -0.0565558485686779 -0.8742010593414307
vn 0.1693796068429947 -0.14623333513736725 -0.9746416807174683
vn 0.1669069528579712 -0.06400229781866074 -0.9838931560516357
vn 0.1726781725883484 -0.2341560572385788 -0.9567409753799438
vn 0.9995092153549194 -0.029465796425938606 0.01064066868275404
vn 0.9886237978935242 -0.14149466156959534 0.05101347714662552
vn 0.9888498783111572 -0.145498126745224 0.03172045946121216
vn 0.9995194673538208 -0.030283598229289055 0.006610836833715439
vn 0.8914139270782471 -0.4264793395996094 0.153285950422287
vn 0.8931134343147278 -0.439578652381897 0.09549323469400406
vn 0.9889928102493286 -0.14745338261127472 0.012276925146579742
vn 0.999525249004364 -0.030705390498042107 0.0025512687861919403
vn 0.8941912651062012 -0.44615525007247925 0.03697918727993965
vn 0.9999962449073792 -0.0025646700523793697 0.0009118927409872413
vn 0.5656517744064331 -0.7764409184455872 0.27780842781066895
vn 0.5689428448677063 -0.8038176894187927 0.17372719943523407
vn 0.571099579334259 -0.8181211948394775 0.06725439429283142
vn 0.9999964833259583 -0.0026552521158009768 0.00020982170826755464
vn 0.9999963641166687 -0.0026252418756484985 0.0005760956555604935
vn 0.0035405103117227554 -0.004534801002591848 0.9999834895133972
vn 0.016236400231719017 -0.004534612409770489 0.9998579025268555
vn 0.0162668339908123 -0.039141882210969925 0.9991012215614319
vn 0.0035405096132308245 -0.039142217487096786 0.9992272853851318
vn 0.053012192249298096 -0.004532855469733477 0.9985836148262024
vn 0.05307283252477646 -0.039079297333955765 0.9978257417678833
vn 0.01632813550531864 -0.046802371740341187 0.9987707138061523
vn 0.0035405743401497602 -0.04680278152227402 0.998897910118103
vn 0.05322589725255966 -0.046739496290683746 0.9974880814552307
vn 0.0003359569236636162 0.06608884036540985 0.9978137016296387
vn 0.0035404099617153406 0.06608842313289642 0.9978074431419373
vn 0.00030548698850907385 -0.0045348298735916615 0.9999896287918091
vn 0.01626710034906864 0.06609036773443222 0.9976810216903687
vn 0.0531027615070343 0.06599897891283035 0.9964056015014648
vn 0.15686838328838348 0.0652521476149559 0.9854614734649658
vn 0.1565341204404831 -0.00451764976605773 0.9876621961593628
vn 0.15659406781196594 -0.03866753354668617 0.9869057536125183
vn 0.15705347061157227 -0.046205680817365646 0.9865086674690247
vn 0.0003055066626984626 -0.04680169001221657 0.9989041090011597
vn 0.0003055061970371753 -0.039142463356256485 0.9992335438728333
vn 0.006317895837128162 -0.9027389883995056 -0.4301421344280243
vn 0.03943141922354698 -0.9020733833312988 -0.42977750301361084
vn 0.03970629349350929 -0.950404942035675 -0.3084702789783478
vn 0.006348456256091595 -0.9511246085166931 -0.3087419271469116
vn 0.19745878875255585 -0.885108232498169 -0.4214183986186981
vn 0.19880300760269165 -0.9322184920310974 -0.30240046977996826
vn 0.0398588702082634 -0.98253333568573 -0.1817672997713089
vn 0.0063790809363126755 -0.9832925796508789 -0.18192031979560852
vn 0.19947682321071625 -0.9635626673698425 -0.1782020777463913
vn 0.00045814135228283703 -0.8381481170654297 -0.5454424619674683
vn 0.006256734021008015 -0.8381458520889282 -0.5454104542732239
vn 0.0004582202236633748 -0.9027450680732727 -0.4301756024360657
vn 0.039003949612379074 -0.8375756740570068 -0.544927179813385
vn 0.19556498527526855 -0.8221970796585083 -0.5345523953437805
vn 0.1995043158531189 -0.9786509275436401 -0.04939887672662735
vn 0.039858561009168625 -0.9979364275932312 -0.05034119635820389
vn 0.006379162427037954 -0.9987100958824158 -0.05037331581115723
vn 0.00045833620242774487 -0.9833134412765503 -0.18191859126091003
vn 0.00045838620280846953 -0.9987303614616394 -0.05037283897399902
vn 0.00045827633584849536 -0.9511466026306152 -0.30873921513557434
vn 0.0035093803890049458 0.05498095974326134 -0.9984812140464783
vn 0.0035704125184565783 0.055011384189128876 -0.9984793663024902
vn 0.016449393704533577 0.05498039722442627 -0.9983519315719604
vn 0.016235817223787308 0.05498059466481209 -0.9983554482460022
vn 0.003631455358117819 0.05498093366622925 -0.9984807372093201
vn 0.01669347658753395 0.05498017743229866 -0.9983479380607605
vn 0.05383504927158356 0.05491747707128525 -0.9970384836196899
vn 0.053072623908519745 0.054918091744184494 -0.9970793724060059
vn 0.05453666299581528 0.0548865906894207 -0.997002124786377
vn 0.00030486847390420735 0.055011726915836334 -0.9984856247901917
vn 0.000304869026876986 0.0549812987446785 -0.9984872937202454
vn 0.0034788562916219234 0.05501140281558037 -0.9984797239303589
vn 0.00030486847390420735 0.055011726915836334 -0.9984856247901917
vn 0.0003353883803356439 0.0549812987446785 -0.9984872937202454
vn 0.0003353821230120957 0.054766662418842316 -0.9984990954399109
vn 0.003692423226311803 0.05476629361510277 -0.9984923601150513
vn 0.01687673106789589 0.054767005145549774 -0.9983565807342529
vn 0.05511698126792908 0.05470389872789383 -0.9969802498817444
vn 0.162482351064682 0.054077040404081345 -0.9852284789085388
vn 0.16080209612846375 0.05429048091173172 -0.9854923486709595
vn 0.15876120328903198 0.0543227382004261 -0.9858214855194092
vn 0.15671506524085999 0.0543227382004261 -0.9861487150192261
vn 0.052462246268987656 0.054948657751083374 -0.9971099495887756
vn 0.016052722930908203 0.05501118674874306 -0.9983566999435425
vn 0.005676181521266699 0.047686852514743805 -0.9988462328910828
vn 0.03549297899007797 0.04765535891056061 -0.9982330799102783
vn 0.03531014174222946 0.04762520641088486 -0.9982408881187439
vn 0.005645671859383583 0.047656409442424774 -0.9988477826118469
vn 0.17978720366954803 0.046901579946279526 -0.9825868010520935
vn 0.1789628118276596 0.04690169170498848 -0.9827373027801514
vn 0.03515768423676491 0.047655921429395676 -0.9982448220252991
vn 0.0056151458993554115 0.0476868711411953 -0.9988465905189514
vn 0.17823204398155212 0.046932827681303024 -0.9828686118125916
vn 0.00039642624324187636 0.04793122410774231 -0.9988504648208618
vn 0.0057068089954555035 0.04793187230825424 -0.9988343715667725
vn 0.000396430870750919 0.04768761247396469 -0.9988621473312378
vn 0.035615578293800354 0.04790017008781433 -0.9982169270515442
vn 0.1803678572177887 0.047145769000053406 -0.9824686646461487
vn 0.17756101489067078 0.04687206447124481 -0.982992947101593
vn 0.03503585606813431 0.04759521782398224 -0.9982520341873169
vn 0.005615162197500467 0.04762596637010574 -0.9988495111465454
vn 0.000396430870750919 0.04768761247396469 -0.9988621473312378
vn 0.0003964320640079677 0.047626715153455734 -0.9988651871681213
vn 0.0003964314819313586 0.04765716940164566 -0.998863697052002
vn 0.004517550580203533 -0.9422351121902466 0.3349217176437378
vn 0.020692404359579086 -0.9420320391654968 0.334884375333786
vn 0.020906370133161545 -0.9775201678276062 0.2098030000925064
vn 0.00454800296574831 -0.9777269959449768 0.20983172953128815
vn 0.06753899902105331 -0.9400513768196106 0.3342781364917755
vn 0.06824174523353577 -0.9754440188407898 0.20940904319286346
vn 0.021058961749076843 -0.9964779019355774 0.08116834610700607
vn 0.004578514955937862 -0.9966874718666077 0.08119823038578033
vn 0.06869950145483017 -0.9943397045135498 0.08104909956455231
vn 0.0003974306455347687 -0.8901194930076599 0.45572715997695923
vn 0.004456451628357172 -0.8901106715202332 0.4557226300239563
vn 0.0003974218270741403 -0.9422480463981628 0.334915429353714
vn 0.02038748562335968 -0.8899024724960327 0.4556952118873596
vn 0.06659305840730667 -0.8880642056465149 0.45487070083618164
vn 0.06891334801912308 -0.9963579773902893 -0.050217341631650925
vn 0.02111966535449028 -0.9985087513923645 -0.05034162476658821
vn 0.0046089389361441135 -0.9987198710441589 -0.05037230998277664
vn 0.00039737889892421663 -0.9967005252838135 0.08116624504327774
vn 0.00039734801976010203 -0.998730480670929 -0.05037284642457962
vn 0.0003974141145590693 -0.9777370095252991 0.20983389019966125
vn 0.004058455117046833 0.9834630489349365 0.18106350302696228
vn 0.01861577108502388 0.9833012223243713 0.18103106319904327
vn 0.01855517365038395 0.9514976739883423 0.3070959150791168
vn 0.0040280758403241634 0.9516592621803284 0.30712953209877014
vn 0.06082462891936302 0.9816504120826721 0.18072853982448578
vn 0.06060968339443207 0.9498967528343201 0.3066311776638031
vn 0.018433231860399246 0.9036009311676025 0.4279785454273224
vn 0.0039976416155695915 0.9037632346153259 0.4280139207839966
vn 0.06018263101577759 0.9020911455154419 0.42732834815979004
vn 0.00036563078174367547 0.9987319111824036 0.05034239962697029
vn 0.004058417864143848 0.9987238049507141 0.05034198984503746
vn 0.00036567734787240624 0.9834710955619812 0.18106497824192047
vn 0.01861627586185932 0.9985584616661072 0.0503426268696785
vn 0.06082302704453468 0.996882975101471 0.05024738609790802
vn 0.17902667820453644 0.9825983643531799 0.04949638992547989
vn 0.178994283080101 0.9675763845443726 0.17820487916469574
vn 0.1783236861228943 0.9363695979118347 0.30234524607658386
vn 0.17713239789009094 0.8893817067146301 0.42145514488220215
vn 0.17539472877979279 0.8265464305877686 0.5348435044288635
vn 0.05954262241721153 0.8381891250610352 0.5421196818351746
vn 0.01821957901120186 0.8395904898643494 0.5429142117500305
vn 0.003967120312154293 0.8397402763366699 0.5429737567901611
vn 0.00036579754669219255 0.9037760496139526 0.428005576133728
vn 0.0003658735367935151 0.8397468328475952 0.5429779887199402
vn 0.00036573049146682024 0.9516697525978088 0.3071231245994568
vn 0.005585518665611744 -0.43538665771484375 0.9002261757850647
vn 0.034914154559373856 -0.4352308511734009 0.8996416926383972
vn 0.03436463698744774 -0.3386022746562958 0.9403018355369568
vn 0.005493958946317434 -0.33873093128204346 0.9408671855926514
vn 0.17643015086650848 -0.4291076064109802 0.8858550190925598
vn 0.17392781376838684 -0.33397597074508667 0.9263957142829895
vn 0.034059617668390274 -0.2551405131816864 0.966303825378418
vn 0.005463393870741129 -0.25523558259010315 0.9668634533882141
vn 0.17252595722675323 -0.2516748905181885 0.9523100852966309
vn 0.0004278545966371894 -0.5415837168693542 0.8406467437744141
vn 0.005707734730094671 -0.5416103601455688 0.8406102061271667
vn 0.0003972782287746668 -0.4353567361831665 0.90025794506073
vn 0.03564685210585594 -0.5413873195648193 0.8400172591209412
vn 0.17991316318511963 -0.533380389213562 0.8265207409858704
vn 0.1717633605003357 -0.1732344627380371 0.9697871208190918
vn 0.033937837928533554 -0.17557314038276672 0.9838812351226807
vn 0.005432716570794582 -0.17563143372535706 0.9844410419464111
vn 0.00039718367042951286 -0.25523191690444946 0.9668797850608826
vn 0.00039714309968985617 -0.1756339967250824 0.9844554662704468
vn 0.0003972279082518071 -0.33872631192207336 0.9408848285675049
vn -0.7135269641876221 -0.03927445039153099 0.6995261311531067
vn -0.710067868232727 -0.03949403762817383 0.7030248045921326
vn -0.24619847536087036 -0.05441948398947716 0.9676904678344727
vn -0.24912528693675995 -0.054326243698596954 0.9669463634490967
vn -0.7065160274505615 -0.03968146815896034 0.7065837383270264
vn -0.24327054619789124 -0.05442092940211296 0.9684305787086487
vn -0.04181031137704849 -0.056108053773641586 0.9975489377975464
vn -0.04236002638936043 -0.056077998131513596 0.9975273609161377
vn -0.041261982172727585 -0.05607890337705612 0.9975733160972595
vn -0.9655965566635132 -0.014552900567650795 0.25963732600212097
vn -0.7162957191467285 -0.03893600031733513 0.6967097520828247
vn -0.9647608995437622 -0.01470960583537817 0.2627163827419281
vn -0.9638873338699341 -0.014897312968969345 0.26589328050613403
vn -0.7034981846809387 -0.03986894339323044 0.7095779180526733
vn -0.24079935252666473 -0.05448301509022713 0.9690444469451904
vn -0.04080364480614662 -0.05610871687531471 0.9975905418395996
vn -0.003051586216315627 -0.05617101490497589 0.9984166026115417
vn -0.003082109848037362 -0.05614057555794716 0.9984180331230164
vn -0.0031126237008720636 -0.0561710000038147 0.9984163641929626
vn -0.003173666773363948 -0.056140560656785965 0.9984177947044373
vn -0.0428176149725914 -0.055803075432777405 0.9975231885910034
vn -0.003204135922715068 -0.05586506053805351 0.9984331130981445
vn -0.2515079379081726 -0.05405119061470032 0.9663447141647339
vn 0.0054937745444476604 -0.05760535970330238 0.9983243346214294
vn 0.005432795267552137 -0.06648632138967514 0.9977725148200989
vn 0.033998556435108185 -0.06645414978265762 0.9972100257873535
vn 0.034181129187345505 -0.05757296457886696 0.9977559447288513
vn 0.005432660225778818 -0.10413990914821625 0.9945479035377502
vn 0.03390726447105408 -0.10408042371273041 0.9939907193183899
vn 0.17233982682228088 -0.06548745930194855 0.9828582406044006
vn 0.173468679189682 -0.05672893673181534 0.9832041263580322
vn 0.1716388761997223 -0.10271668434143066 0.9797905087471008
vn 0.0003970690886490047 -0.05760451406240463 0.9983394145965576
vn 0.0003970781690441072 -0.06648530811071396 0.9977872967720032
vn 0.0003971009864471853 -0.10414143651723862 0.9945624470710754
vn 0.007141097914427519 0.9045814275741577 0.426241010427475
vn 0.044618114829063416 0.9037428498268127 0.42574435472488403
vn 0.044954847544431686 0.9511458873748779 0.30545127391815186
vn 0.007201992906630039 0.9520740509033203 0.3057827055454254
vn 0.22126685082912445 0.8823557496070862 0.41531825065612793
vn 0.22275802493095398 0.9282504320144653 0.2978758215904236
vn 0.045136552304029465 0.9826037883758545 0.18014563620090485
vn 0.007232366595417261 0.9835795760154724 0.18032999336719513
vn 0.2235807329416275 0.9587205648422241 0.17568838596343994
vn 0.0005184609908610582 0.8410496711730957 0.5409576296806335
vn 0.007049619220197201 0.8410338759422302 0.5409364700317383
vn 0.0005183959729038179 0.9046099185943604 0.42624008655548096
vn 0.04413053020834923 0.8402994871139526 0.5403232574462891
vn 0.2190052717924118 0.8209348917007446 0.5273543000221252
vn 0.22364376485347748 0.9734325408935547 0.04911688715219498
vn 0.045167192816734314 0.9977118372917175 0.05030982196331024
vn 0.007232476491481066 0.9987057447433472 0.05034257844090462
vn 0.0005487947491928935 0.9835997223854065 0.1803642213344574
vn 0.0005182266468182206 0.9987319111824036 0.05034239962697029
vn 0.0005183357279747725 0.9520897269248962 0.30581822991371155
vn 0.003448248840868473 0.2483103722333908 -0.96867436170578
vn 0.015869708731770515 0.24828115105628967 -0.9685580730438232
vn 0.0160222090780735 0.33513233065605164 -0.9420348405838013
vn 0.0035092050675302744 0.3351890444755554 -0.9421443939208984
vn 0.051851168274879456 0.247969388961792 -0.9673793315887451
vn 0.05239986628293991 0.3346634805202484 -0.9408797025680542
vn 0.01629653386771679 0.43538331985473633 -0.9000976085662842
vn 0.0035396714229136705 0.4354768991470337 -0.90019291639328
vn 0.053286485373973846 0.43471938371658325 -0.8989880681037903
vn 0.00030479789711534977 0.16702787578105927 -0.9859520792961121
vn 0.0034482113551348448 0.16702689230442047 -0.9859462380409241
vn 0.00030476029496639967 0.2483118325471878 -0.9686800837516785
vn 0.01580834574997425 0.1669972687959671 -0.9858306050300598
vn 0.05163714662194252 0.16681167483329773 -0.9846356511116028
vn 0.15338978171348572 0.24530373513698578 -0.9572343826293945
vn 0.1548849195241928 0.3309038281440735 -0.9308670163154602
vn 0.15744946897029877 0.4296395182609558 -0.8891679048538208
vn 0.16080732643604279 0.5361625552177429 -0.8286559581756592
vn 0.054414983838796616 0.5427586436271667 -0.8381240963935852
vn 0.016632314771413803 0.5435835123062134 -0.8391901850700378
vn 0.003631242550909519 0.5437134504318237 -0.8392630219459534
vn 0.0003046617785003036 0.43547961115837097 -0.9001985192298889
vn 0.00030461332062259316 0.5437384843826294 -0.8392545580863953
vn 0.00030471145873889327 0.33519110083580017 -0.9421501755714417
vn 0.005951401311904192 -0.565996527671814 -0.8243862390518188
vn 0.03720272332429886 -0.5657135844230652 -0.8237621188163757
vn 0.03790505230426788 -0.6677031517028809 -0.7434620261192322
vn 0.006043022032827139 -0.6681017875671387 -0.7440453767776489
vn 0.1871747523546219 -0.5565221905708313 -0.8094744086265564
vn 0.19037915766239166 -0.6563079357147217 -0.7300792336463928
vn 0.038485366851091385 -0.7585734724998474 -0.6504499316215515
vn 0.006165177095681429 -0.7590562701225281 -0.6509958505630493
vn 0.1931867152452469 -0.7450928688049316 -0.6383693814277649
vn 0.0004272909718565643 -0.45429301261901855 -0.8908522725105286
vn 0.005829120986163616 -0.4542853534221649 -0.8908371925354004
vn 0.0004273770027793944 -0.5659922361373901 -0.8244104385375977
vn 0.03643977642059326 -0.4541062116622925 -0.8902020454406738
vn 0.18369312584400177 -0.44716575741767883 -0.8753854036331177
vn 0.00045806620619259775 -0.759055495262146 -0.6510257124900818
vn 0.000427462684456259 -0.6680986881256104 -0.7440724968910217
vn 0.0034177619963884354 0.09773280471563339 -0.9952068328857422
vn 0.003448267700150609 0.06373799592256546 -0.9979606866836548
vn 0.015808360651135445 0.0637076124548912 -0.9978434443473816
vn 0.015777943655848503 0.09773290902376175 -0.9950875639915466
vn 0.003448324277997017 0.05620136111974716 -0.9984134435653687
vn 0.015930619090795517 0.05620124936103821 -0.9982923865318298
vn 0.05172931030392647 0.06364542245864868 -0.9966310262680054
vn 0.05154571682214737 0.09760838001966476 -0.9938892126083374
vn 0.05206480249762535 0.056138116866350174 -0.9970645308494568
vn 0.0003048403887078166 0.09773337095975876 -0.9952126145362854
vn 0.0003048582002520561 0.06370798498392105 -0.9979685544967651
vn 0.0003048666985705495 0.05620169639587402 -0.9984193444252014
vn 0.005737301427870989 0.04994580149650574 -0.9987355470657349
vn 0.005706766154617071 0.060199394822120667 -0.9981700778007507
vn 0.0357067845761776 0.06016740947961807 -0.9975494146347046
vn 0.03567638248205185 0.049913983792066574 -0.9981160759925842
vn 0.00570678012445569 0.09993165731430054 -0.9949778914451599
vn 0.03579831123352051 0.0999290943145752 -0.9943503737449646
vn 0.18060940504074097 0.05929059162735939 -0.9817662239074707
vn 0.18060895800590515 0.049128513783216476 -0.9823272228240967
vn 0.18106716871261597 0.09868574142456055 -0.9785069227218628
vn 0.00039642330375500023 0.04994513466954231 -0.9987518787384033
vn 0.00039641643525101244 0.060198575258255005 -0.9981863498687744
vn 0.00039639684837311506 0.09990007430315018 -0.9949974417686462
vn 0.0004268747288733721 0.17267444729804993 -0.9849789142608643
vn 0.0057983179576694965 0.1726767122745514 -0.9849615097045898
vn 0.036225996911525726 0.17267443239688873 -0.9843125939369202
vn 0.18298931419849396 0.1703595519065857 -0.9682419896125793
vn 0.004608886782079935 -0.9834606051445007 -0.18106305599212646
vn 0.021089106798171997 -0.9832508563995361 -0.1810329258441925
vn 0.021028410643339157 -0.9514452815055847 -0.3070986270904541
vn 0.004578363616019487 -0.9516479969024658 -0.30715644359588623
vn 0.06888269633054733 -0.9811293482780457 -0.18066637217998505
vn 0.06860814988613129 -0.9493997693061829 -0.3064848780632019
vn 0.020844705402851105 -0.9035524725914001 -0.4279700219631195
vn 0.004547787364572287 -0.9037493467330933 -0.4280378818511963
vn 0.06808953732252121 -0.9016254544258118 -0.42712461948394775
vn 0.0003973001439590007 -0.9834710955619812 -0.18106497824192047
vn 0.067295141518116 -0.8377611041069031 -0.5418742895126343
vn 0.02060089446604252 -0.8395336866378784 -0.5429168939590454
vn 0.004486691206693649 -0.8397155404090881 -0.5430079698562622
vn 0.0003971841942984611 -0.9037586450576782 -0.4280422627925873
vn 0.0003971024416387081 -0.8397328853607178 -0.5429995059967041
vn 0.0003972367267124355 -0.9516607522964478 -0.3071507513523102
vn 0.0061643957160413265 0.4383808672428131 -0.8987681865692139
vn 0.03857553377747536 0.43825197219848633 -0.8980240225791931
vn 0.03756824508309364 0.3392740488052368 -0.9399371147155762
vn 0.0060117123648524284 0.3393653333187103 -0.9406354427337646
vn 0.1937960386276245 0.43102768063545227 -0.8812820911407471
vn 0.18918539583683014 0.33406177163124084 -0.9233696460723877
vn 0.03680555149912834 0.25346314907073975 -0.9666445851325989
vn 0.005889712367206812 0.25352388620376587 -0.9673111438751221
vn 0.18573999404907227 0.249749556183815 -0.9503293037414551
vn 0.0004572008620016277 0.5459250211715698 -0.8378339409828186
vn 0.006347401533275843 0.5459633469581604 -0.8377849459648132
vn 0.0004572625912260264 0.4383525252342224 -0.8988031148910522
vn 0.039765942841768265 0.5457192063331604 -0.8370240330696106
vn 0.19922785460948944 0.5359579920768738 -0.8204007148742676
vn 0.0004268252814654261 0.25349223613739014 -0.9673373699188232
vn 0.00042677982128225267 0.33933472633361816 -0.9406655430793762
vn 0.0039061636198312044 0.7611598968505859 0.6485524773597717
vn 0.018005942925810814 0.7610362768173218 0.6484593152999878
vn 0.017700746655464172 0.6704446077346802 0.7417483329772949
vn 0.0038452656008303165 0.6705814599990845 0.7418258786201477
vn 0.05874909833073616 0.7597591876983643 0.6475449204444885
vn 0.05783375725150108 0.6693556308746338 0.7406876683235168
vn 0.017395686358213425 0.5685226917266846 0.8224836587905884
vn 0.003784331027418375 0.5686586499214172 0.8225648999214172
vn 0.05679631605744362 0.5676155090332031 0.8213323950767517
vn 0.00033542560413479805 0.7611784338951111 0.6485423445701599
vn 0.1731024831533432 0.7494167685508728 0.6390697360038757
vn 0.17048108577728271 0.6604297757148743 0.7312788963317871
vn 0.167551651597023 0.5602160692214966 0.8112240433692932
vn 0.16434749960899353 0.44985729455947876 0.8778486847877502
vn 0.055667005479335785 0.45566731691360474 0.888407826423645
vn 0.01706017181277275 0.45642757415771484 0.8895969986915588
vn 0.0036928504705429077 0.4565260708332062 0.8897024393081665
vn 0.0003356030792929232 0.5686832666397095 0.8225564956665039
vn 0.0003356916131451726 0.45655325055122375 0.8896960020065308
vn 0.00033551434171386063 0.6706031560897827 0.7418162226676941
vn 0.006073984783142805 -0.8206930160522461 0.5713370442390442
vn 0.03793584182858467 -0.8202007412910461 0.570816695690155
vn 0.03723399341106415 -0.7391331791877747 0.672529399394989
vn 0.005951820872724056 -0.739553689956665 0.6730712652206421
vn 0.1904991865158081 -0.80601966381073 0.5603948831558228
vn 0.1872369349002838 -0.7269145250320435 0.6607099175453186
vn 0.036440182477235794 -0.6457428932189941 0.7626849412918091
vn 0.0058297705836594105 -0.6460535526275635 0.76326984167099
vn 0.18366459012031555 -0.6355971097946167 0.7498556971549988
vn 0.0004584648704621941 -0.8887720108032227 0.4583493769168854
vn 0.0061654881574213505 -0.888767659664154 0.4583166539669037
vn 0.0004584668204188347 -0.820708155632019 0.5713475346565247
vn 0.03857700899243355 -0.888168215751648 0.4578962028026581
vn 0.19340313971042633 -0.8722339272499084 0.44922497868537903
vn 0.0004278843116480857 -0.646049439907074 0.7632954120635986
vn 0.0004279129207134247 -0.7395515441894531 0.6730998158454895
vn 0.0058294362388551235 -0.05379033088684082 0.9985352754592896
vn 0.03643970191478729 -0.053758617490530014 0.9978888630867004
vn 0.036531392484903336 -0.043261028826236725 0.9983956217765808
vn 0.0058599901385605335 -0.043292827904224396 0.9990452527999878
vn 0.1842747926712036 -0.05285131558775902 0.9814527630805969
vn 0.18466925621032715 -0.0424748957157135 0.9818824529647827
vn 0.036715053021907806 -0.0026722161564975977 0.9993221759796143
vn 0.005859920289367437 -0.002764674834907055 0.9999789595603943
vn 0.18540529906749725 -0.002313286066055298 0.9826593995094299
vn 0.000427595863584429 -0.053791239857673645 0.9985520839691162
vn 0.18735568225383759 0.07096672803163528 0.9797252416610718
vn 0.03717253357172012 0.07170654833316803 0.9967328310012817
vn 0.005951523315161467 0.07164516299962997 0.9974124431610107
vn 0.0004275647515896708 -0.0027647234965115786 0.9999961256980896
vn 0.0004275130922906101 0.07161383330821991 0.997432291507721
vn 0.0004275791288819164 -0.04332275316119194 0.999061107635498
vn 0.003723714267835021 -0.24778658151626587 0.9688074588775635
vn 0.017182836309075356 -0.24773083627223969 0.9686764478683472
vn 0.017518483102321625 -0.33473309874534607 0.9421501755714417
vn 0.003815378760918975 -0.3348250389099121 0.9422726035118103
vn 0.056124743074178696 -0.24726763367652893 0.9673203825950623
vn 0.0572550930082798 -0.3341246247291565 0.9407882690429688
vn 0.01800655946135521 -0.4351981580257416 0.9001545310020447
vn 0.003906997386366129 -0.4353286623954773 0.9002631306648254
vn 0.05880998447537422 -0.4343717694282532 0.8988116979598999
vn 0.0003361011913511902 -0.16620665788650513 0.986090898513794
vn 0.003662675619125366 -0.1662055402994156 0.9860842823982239
vn 0.00033614240237511694 -0.24778831005096436 0.9688141942024231
vn 0.016907846555113792 -0.16614340245723724 0.9859566688537598
vn 0.05524071305990219 -0.1658397614955902 0.9846042990684509
vn 0.16294218599796295 -0.16365475952625275 0.9729680418968201
vn 0.16538092494010925 -0.2440139353275299 0.9555660486221313
vn 0.16877101361751556 -0.32952550053596497 0.928939938545227
vn 0.17328767478466034 -0.42810437083244324 0.8869600296020508
vn 0.17847523093223572 -0.5343155264854431 0.8262284398078918
vn 0.060641754418611526 -0.5424810647964478 0.8378763794898987
vn 0.018556328490376472 -0.5435575246810913 0.8391667604446411
vn 0.004059562459588051 -0.5436986684799194 0.8392706513404846
vn 0.00033624001662246883 -0.4353567361831665 0.90025794506073
vn 0.0003668151330202818 -0.5437169671058655 0.8392685055732727
vn 0.0003361903363838792 -0.33485451340675354 0.9422697424888611
vn 0.0036321128718554974 -0.09510906785726547 0.9954602718353271
vn 0.0036320339422672987 -0.05864179879426956 0.9982724189758301
vn 0.01666378788650036 -0.058642759919166565 0.9981398582458496
vn 0.01672462932765484 -0.0950775295495987 0.9953294396400452
vn 0.003632045118138194 -0.04991436004638672 0.9987468123435974
vn 0.016633350402116776 -0.04991518333554268 0.9986149668693542
vn 0.05441615357995033 -0.05854950472712517 0.9968001842498779
vn 0.054598379880189896 -0.0949229970574379 0.993986189365387
vn 0.05438587814569473 -0.0498523935675621 0.9972746968269348
vn 0.0003360598930157721 -0.09510967880487442 0.9954667091369629
vn 0.00030551428790204227 -0.0586421862244606 0.9982790350914001
vn 0.00033602933399379253 -0.04991469159722328 0.9987534284591675
vn 0.16037867963314056 -0.04928676784038544 0.9858242273330688
vn 0.16043873131275177 -0.05786165967583656 0.9853484034538269
vn 0.16110840439796448 -0.09368599951267242 0.9824800491333008
vn 0.0036921794526278973 0.6485203504562378 -0.7611883878707886
vn 0.017028769478201866 0.648389995098114 -0.7611178755760193
vn 0.01739530637860298 0.7416657209396362 -0.6705441474914551
vn 0.0037836949340999126 0.7418110966682434 -0.6705983281135559
vn 0.05563679337501526 0.6473739147186279 -0.7601391077041626
vn 0.05679509788751602 0.740497887134552 -0.6696544885635376
vn 0.017700320109725 0.8223925828933716 -0.5686450004577637
vn 0.0038447410333901644 0.8225505352020264 -0.5686789751052856
vn 0.05786393582820892 0.8210887908935547 -0.5678600072860718
vn 0.0003350909682922065 0.6485247611999512 -0.761193573474884
vn 0.16428202390670776 0.6392852663993835 -0.7512161731719971
vn 0.1675492376089096 0.7309685945510864 -0.6615226864814758
vn 0.17060025036334991 0.8102350234985352 -0.5607269406318665
vn 0.17334997653961182 0.8764433860778809 -0.44921794533729553
vn 0.0588100403547287 0.8885018825531006 -0.45508891344070435
vn 0.01800571382045746 0.8899371027946472 -0.45572778582572937
vn 0.003936329856514931 0.8900939226150513 -0.45576024055480957
vn 0.0003350417537149042 0.8225565552711487 -0.5686831474304199
vn 0.0003350275510456413 0.8901071548461914 -0.45575132966041565
vn 0.00033505918690934777 0.7418163418769836 -0.6706030368804932
vn 0.0066836378537118435 0.5708834528923035 0.8210039734840393
vn 0.04165802523493767 0.5705677270889282 0.8201932907104492
vn 0.04263538494706154 0.6721687912940979 0.7391692996025085
vn 0.006836097687482834 0.672651469707489 0.7399278879165649
vn 0.2080191671848297 0.5591870546340942 0.802519679069519
vn 0.2123236507177353 0.6579409837722778 0.7225180268287659
vn 0.04345874860882759 0.7622902989387512 0.6457746028900146
vn 0.006958192680031061 0.7629157900810242 0.6464604139328003
vn 0.21598543226718903 0.7453526854515076 0.6307135224342346
vn 0.0004882902139797807 0.4588470458984375 0.8885151147842407
vn 0.006500598508864641 0.4588739573955536 0.888477623462677
vn 0.0004881972854491323 0.570881724357605 0.8210321664810181
vn 0.040590133517980576 0.45868542790412903 0.887671172618866
vn 0.20298491418361664 0.4502650797367096 0.8695163130760193
vn 0.0005185449263080955 0.7629039883613586 0.6465115547180176
vn 0.0004881091881543398 0.6726518869400024 0.7399588823318481
vn 0.003722989000380039 0.007159354630857706 -0.9999674558639526
vn 0.017120929434895515 0.007189755327999592 -0.9998275637626648
vn 0.017029091715812683 0.044238023459911346 -0.9988758563995361
vn 0.0037230176385492086 0.04423890262842178 -0.9990139603614807
vn 0.05594036728143692 0.007218216545879841 -0.9984080195426941
vn 0.05566569045186043 0.044175028800964355 -0.9974717497825623
vn 0.01696820929646492 0.05308832973241806 -0.9984456896781921
vn 0.0036925245076417923 0.05308930203318596 -0.9985828995704651
vn 0.05551411584019661 0.05299528315663338 -0.9970505833625793
vn 0.0003354545042384416 -0.06526437401771545 -0.9978679418563843
vn 0.0037841491866856813 -0.06526593863964081 -0.9978607296943665
vn 0.0003354126529302448 0.007159402593970299 -0.9999743103981018
vn 0.017334407195448875 -0.06523433327674866 -0.997719407081604
vn 0.05661320686340332 -0.06505457311868668 -0.996274471282959
vn 0.1649847775697708 0.007262436673045158 -0.9862693548202515
vn 0.16409814357757568 0.043669991195201874 -0.9854768514633179
vn 0.16358071565628052 0.052398279309272766 -0.985137403011322
vn 0.00033538200659677386 0.05308808386325836 -0.9985896944999695
vn 0.0003353947540745139 0.044239211827516556 -0.9990209341049194
vn 0.005584811791777611 -0.15628781914710999 -0.9876957535743713
vn 0.03497426211833954 -0.15622541308403015 -0.9871020317077637
vn 0.03524946793913841 -0.24216333031654358 -0.9695948958396912
vn 0.005615338683128357 -0.24225196242332458 -0.9701970815658569
vn 0.17685970664024353 -0.15405231714248657 -0.9721052646636963
vn 0.1781735122203827 -0.2387700080871582 -0.9545904994010925
vn 0.035768043249845505 -0.34248900413513184 -0.9388407468795776
vn 0.00570707255974412 -0.3425862491130829 -0.939469039440155
vn 0.18051958084106445 -0.3375058174133301 -0.9238519072532654
vn 0.0003965009527746588 -0.07454358786344528 -0.9972176551818848
vn 0.00555427698418498 -0.0745447501540184 -0.9972022175788879
vn 0.00039655150612816215 -0.15628547966480255 -0.9877117872238159
vn 0.03482188656926155 -0.07454459369182587 -0.9966095089912415
vn 0.1761573851108551 -0.07362028956413269 -0.9816051721572876
vn 0.00042720380588434637 -0.3425818979740143 -0.9394878149032593
vn 0.00039661795017309487 -0.2422557920217514 -0.9702123999595642
vn -0.7088629603385925 0.03363537788391113 -0.7045438289642334
vn -0.7100500464439392 0.03357253223657608 -0.7033504843711853
vn -0.2461962252855301 0.046209752559661865 -0.9681178331375122
vn -0.24519148468971252 0.04624105989933014 -0.9683713316917419
vn -0.7112495303153992 0.0335407517850399 -0.7021389603614807
vn -0.24717170000076294 0.046209197491407394 -0.9678692817687988
vn -0.041841499507427216 0.04762446507811546 -0.9979885816574097
vn -0.04165865108370781 0.04765528440475464 -0.9979947805404663
vn -0.04202551022171974 0.04765595868229866 -0.9979794025421143
vn -0.964472234249115 0.012605206109583378 -0.2638832628726959
vn -0.7078269720077515 0.033667419105768204 -0.7055830955505371
vn -0.9647654891014099 0.012542525306344032 -0.26281192898750305
vn -0.9650650024414062 0.01251040305942297 -0.2617117464542389
vn -0.7121860980987549 0.03366106003522873 -0.7011832594871521
vn -0.24800099432468414 0.04645400494337082 -0.9676454067230225
vn -0.042146895080804825 0.04789932072162628 -0.9979625344276428
vn -0.0031742777209728956 0.047930989414453506 -0.998845636844635
vn -0.0031437946017831564 0.047687381505966187 -0.998857319355011
vn -0.003143799491226673 0.047656938433647156 -0.9988588690757751
vn -0.003113275859504938 0.04768738895654678 -0.9988574385643005
vn -0.041475966572761536 0.047594740986824036 -0.9980052709579468
vn -0.003113284707069397 0.04762648791074753 -0.9988604784011841
vn -0.24436646699905396 0.046210650354623795 -0.9685811400413513
vn 0.006866053678095341 0.8240939378738403 -0.566411554813385
vn 0.04287908971309662 0.8234384655952454 -0.5657831430435181
vn 0.04196330904960632 0.7431882619857788 -0.667765200138092
vn 0.006713464390486479 0.7436951398849487 -0.6684852838516235
vn 0.21342003345489502 0.8055608868598938 -0.5527418851852417
vn 0.20930065214633942 0.7278482913970947 -0.653016209602356
vn 0.040895380079746246 0.6502342820167542 -0.758632242679596
vn 0.006560901645570993 0.6506173610687256 -0.7593774795532227
vn 0.20456917583942413 0.6376326680183411 -0.7426816821098328
vn 0.0005181457963772118 0.8912116289138794 -0.45358744263648987
vn 0.006988136097788811 0.8912022709846497 -0.4535522162914276
vn 0.0004876318562310189 0.8240990042686462 -0.566445529460907
vn 0.043641895055770874 0.8904207944869995 -0.4530409574508667
vn 0.2168997824192047 0.8702932000160217 -0.44220393896102905
vn 0.00048768697888590395 0.6505985856056213 -0.7594215869903564
vn 0.00048764844541437924 0.7436966896057129 -0.6685170531272888
vn 0.0044255368411540985 -0.761158287525177 -0.6485511064529419
vn 0.020295482128858566 -0.7609773278236389 -0.6484610438346863
vn 0.019929446280002594 -0.6703981757164001 -0.7417338490486145
vn 0.004333863966166973 -0.6705648899078369 -0.7418382167816162
vn 0.06628687679767609 -0.7593817710876465 -0.6472598910331726
vn 0.0650661438703537 -0.6690093278884888 -0.740400493144989
vn 0.019471274688839912 -0.5684946179389954 -0.8224564790725708
vn 0.004242232535034418 -0.5686432719230652 -0.8225733041763306
vn 0.06360164284706116 -0.5673044323921204 -0.8210483193397522
vn 0.00039703011862002313 -0.7611656188964844 -0.6485573649406433
vn 0.1943770796060562 -0.7463471293449402 -0.6365402936935425
vn 0.19083654880523682 -0.6578345894813538 -0.728584349155426
vn 0.18674428761005402 -0.5581009387969971 -0.8084861636161804
vn 0.06192357465624809 -0.45539364218711853 -0.8881340622901917
vn 0.018952548503875732 -0.456339567899704 -0.8896037936210632
vn 0.004120106343179941 -0.456488698720932 -0.8897197246551514
vn 0.00036633966374211013 -0.5686483979225159 -0.8225806355476379
vn 0.0003662492672447115 -0.45651668310165405 -0.889714777469635
vn 0.00039695308078080416 -0.670586347579956 -0.7418313026428223
vn 0.0036318630445748568 0.3427071273326874 0.9394353032112122
vn 0.016724390909075737 0.342610239982605 0.9393287301063538
vn 0.016480373218655586 0.23855876922607422 0.9709881544113159
vn 0.003601359436288476 0.23861873149871826 0.9711066484451294
vn 0.054568514227867126 0.3420673906803131 0.9380896687507629
vn 0.053745247423648834 0.23819975554943085 0.9697279334068298
vn 0.016327932476997375 0.14926698803901672 0.98866206407547
vn 0.0035709405783563852 0.1492975801229477 0.9887858629226685
vn 0.05328723415732384 0.14905692636966705 0.9873917698860168
vn 0.0003357681562192738 0.3426995277404785 0.9394450783729553
vn 0.16123205423355103 0.3378069996833801 0.9273029565811157
vn 0.15885114669799805 0.2353709638118744 0.9588361382484436
vn 0.15744659304618835 0.14735956490039825 0.9764711260795593
vn 0.00033590930979698896 0.1492985188961029 0.9887920618057251
vn 0.0003358455724082887 0.23862025141716003 0.971112847328186
vn 0.006348501890897751 -0.9966078400611877 0.08205122500658035
vn 0.03973697870969772 -0.9958429336547852 0.08196312934160233
vn 0.03946210816502571 -0.9766375422477722 0.21123871207237244
vn 0.006318101659417152 -0.9773619174957275 0.2114800065755844
vn 0.19889481365680695 -0.9767296314239502 0.08024962246417999
vn 0.19764301180839539 -0.9581645727157593 0.2070215791463852
vn 0.039065055549144745 -0.9407612681388855 0.3368118405342102
vn 0.0062570711597800255 -0.9414315819740295 0.3371460437774658
vn 0.1958118975162506 -0.92336106300354 0.33024561405181885
vn 0.0004584245034493506 -0.9966278076171875 0.08205287158489227
vn 0.00045846603461541235 -0.9414401650428772 0.33717963099479675
vn 0.00045844336273148656 -0.9773827195167542 0.2114778757095337
vn 0.5359205603599548 -0.642159104347229 -0.5481064915657043
vn 0.8978986740112305 -0.33564817905426025 -0.2848125696182251
vn 0.8949821591377258 -0.2999127507209778 -0.3302410840988159
vn 0.5295079946517944 -0.5682152509689331 -0.6298831105232239
vn 0.9949477910995483 -0.07672590762376785 -0.06474602222442627
vn 0.9947535991668701 -0.06901939958333969 -0.07550765573978424
vn 0.891547441482544 -0.25852665305137634 -0.3718966841697693
vn 0.5219439268112183 -0.4841606318950653 -0.7022556662559509
vn 0.9945213198661804 -0.06000308319926262 -0.08559779077768326
vn 0.9999653697013855 -0.006370874587446451 -0.005349867511540651
vn 0.9999639391899109 -0.005728687159717083 -0.006264545489102602
vn 0.9999621510505676 -0.004995027557015419 -0.007118052802979946
vn 0.004151197616010904 -0.6485191583633423 0.7611870169639587
vn 0.01910538226366043 -0.6483630537986755 0.7610915899276733
vn 0.019594039767980576 -0.7416369318962097 0.6705152988433838
vn 0.004273291677236557 -0.741809606552124 0.6705969572067261
vn 0.0624125674366951 -0.6470900774002075 0.7598546147346497
vn 0.06399870663881302 -0.7401598691940308 0.6693785190582275
vn 0.020021425560116768 -0.8223752379417419 0.5685931444168091
vn 0.004364899825304747 -0.8225487470626831 0.5686777830123901
vn 0.065403513610363 -0.8206913471221924 0.5676161050796509
vn 0.00036685221130028367 -0.6485574841499329 0.7611656188964844
vn 0.18348298966884613 -0.6369741559028625 0.7487307786941528
vn 0.18796566128730774 -0.7281796336174011 0.65910804271698
vn 0.1918761432170868 -0.8069783449172974 0.5585424304008484
vn 0.00039742005174048245 -0.8225806951522827 0.5686481595039368
vn 0.0003668885037768632 -0.7418314218521118 0.6705862283706665
vn 0.47793570160865784 0.5688398480415344 -0.6693270206451416
vn 0.86934894323349 0.32094806432724 -0.3757987916469574
vn 0.8728876709938049 0.36229434609413147 -0.3268178105354309
vn 0.4846716821193695 0.6481869220733643 -0.5873218774795532
vn 0.9928810596466064 0.07761424779891968 -0.09035110473632812
vn 0.993157684803009 0.08690562099218369 -0.07800856977701187
vn 0.8761475086212158 0.3967660367488861 -0.27375566959381104
vn 0.4908722937107086 0.7161253094673157 -0.496194452047348
vn 0.9934022426605225 0.09454776346683502 -0.06490518897771835
vn 0.47061049938201904 0.47878432273864746 -0.7411419153213501
vn 0.8653775453567505 0.2730318605899811 -0.42020851373672485
vn 0.9925710558891296 0.06661242991685867 -0.10181063413619995
vn 0.9999482035636902 0.005566486623138189 -0.008507125079631805
vn 0.9999505877494812 0.006480705924332142 -0.007529267575591803
vn 0.9999527335166931 0.007242247927933931 -0.006490579806268215
vn 0.999954342842102 0.007881629280745983 -0.005391017068177462
vn 0.9999558925628662 0.008368374779820442 -0.004261142574250698
vn 0.9936150312423706 0.10057134181261063 -0.05113255977630615
vn 0.8789775967597961 0.4246388077735901 -0.21697945892810822
vn 0.49639374017715454 0.7723515033721924 -0.39631587266921997
vn 0.003966816235333681 0.9422277212142944 -0.3349495828151703
vn 0.01824970729649067 0.9420706033706665 -0.33491769433021545
vn 0.01843266189098358 0.9775642156600952 -0.20982976257801056
vn 0.0039973449893295765 0.9777292609214783 -0.20983222126960754
vn 0.059603501111269 0.9405214786529541 -0.3344649374485016
vn 0.0602128840982914 0.9759471416473389 -0.20952698588371277
vn 0.01855485327541828 0.9965253472328186 -0.08119766414165497
vn 0.004027905873954296 0.9966898560523987 -0.08119842410087585
vn 0.06061074137687683 0.9948605895042419 -0.08110958337783813
vn 0.00033503060694783926 0.9422481656074524 -0.3349154591560364
vn 0.17554481327533722 0.9275062680244446 -0.3300244212150574
vn 0.17722220718860626 0.9622116684913635 -0.20673878490924835
vn 0.17841480672359467 0.9806952476501465 -0.08003036677837372
vn 0.00036558654392138124 0.9966980218887329 -0.08119656145572662
vn 0.00036557039129547775 0.9777370095252991 -0.20983389019966125
vn 0.006043005269020796 0.15451788902282715 0.9879714846611023
vn 0.03775246441364288 0.15451866388320923 0.9872682690620422
vn 0.03848525136709213 0.2428383082151413 0.9693030118942261
vn 0.006164920516312122 0.2428615838289261 0.9700413942337036
vn 0.19001184403896332 0.1523141860961914 0.9698947668075562
vn 0.19336901605129242 0.23907512426376343 0.951552152633667
vn 0.03946160525083542 0.34560951590538025 0.9375482797622681
vn 0.006317462772130966 0.34569409489631653 0.9383260011672974
vn 0.19782331585884094 0.3397998511791229 0.9194574356079102
vn 0.0004274592793080956 0.15448619425296783 0.9879947900772095
vn 0.0004578443767968565 0.3456641137599945 0.9383581876754761
vn 0.00045791297452524304 0.24283021688461304 0.9700686931610107
vn 0.0055846842005848885 0.0461309589445591 -0.9989197850227356
vn 0.034913066774606705 0.04612947627902031 -0.9983251690864563
vn 0.034821584820747375 0.0370660163462162 -0.9987059235572815
vn 0.005554156843572855 0.03709771856665611 -0.9992961287498474
vn 0.17704352736473083 0.04540769010782242 -0.9831550121307373
vn 0.17652368545532227 0.036496423184871674 -0.9836195111274719
vn 0.03476037457585335 -0.0013561552623286843 -0.9993947148323059
vn 0.0055541424080729485 -0.0013553672470152378 -0.9999837279319763
vn 0.17600198090076447 -0.0014685839414596558 -0.9843887090682983
vn 0.0003964230709243566 0.04616076499223709 -0.9989339113235474
vn 0.00039646081859245896 -0.0013248699251562357 -0.9999989867210388
vn 0.0003964280476793647 0.03709719702601433 -0.9993115663528442
vn 0.4537368416786194 0.22106577455997467 -0.863280177116394
vn 0.8545117974281311 0.129644513130188 -0.5029930472373962
vn 0.8570623993873596 0.17338193953037262 -0.4851625859737396
vn 0.45727166533470154 0.2975402772426605 -0.8380765914916992
vn 0.9916255474090576 0.03249385580420494 -0.12499164044857025
vn 0.991860568523407 0.043167904019355774 -0.11978743970394135
vn 0.8608930706977844 0.22220858931541443 -0.4576970338821411
vn 0.4631316065788269 0.38510632514953613 -0.7982494235038757
vn 0.9921980500221252 0.05478481948375702 -0.11198917031288147
vn 0.9999411702156067 0.0027309819124639034 -0.010494719259440899
vn 0.9999431371688843 0.0036153902765363455 -0.01003572903573513
vn 0.9999456405639648 0.004591063596308231 -0.009362983517348766
vn 0.5072895288467407 0.8475152850151062 0.15612521767616272
vn 0.8843559622764587 0.4591062068939209 0.08447511494159698
vn 0.8837020993232727 0.4454667866230011 0.14363090693950653
vn 0.5060109496116638 0.8207559585571289 0.2651652991771698
vn 0.9940066337585449 0.10752211511135101 0.019742753356695175
vn 0.993958055973053 0.10448271781206131 0.03362514451146126
vn 0.8826128244400024 0.42494380474090576 0.20104090869426727
vn 0.5037298202514648 0.7805500030517578 0.37013235688209534
vn 0.9938788414001465 0.09991468489170074 0.04713806137442589
vn 0.5074712038040161 0.8605794906616211 0.04331371933221817
vn 0.8844868540763855 0.4659709632396698 0.02353791333734989
vn 0.9940155148506165 0.1090993583202362 0.005523090250790119
vn 0.9999585151672363 0.009094314649701118 0.00043980201007798314
vn 0.9999587535858154 0.008940065279603004 0.0016298339469358325
vn 0.9999582767486572 0.008694294840097427 0.002789217745885253
vn 0.9999576807022095 0.00832649040967226 0.00391791108995676
vn 0.9999569654464722 0.007806132081896067 0.005015871487557888
vn 0.9937641620635986 0.09376270323991776 0.06034465134143829
vn 0.8809993267059326 0.39746206998825073 0.2566402554512024
vn 0.5003989338874817 0.7267194390296936 0.4706164002418518
vn 0.0039979442954063416 -0.3425522744655609 -0.9394901990890503
vn 0.018402891233563423 -0.3424287736415863 -0.9393634796142578
vn 0.017945202067494392 -0.2381644994020462 -0.9710590839385986
vn 0.003906266763806343 -0.23825185000896454 -0.9711955189704895
vn 0.06018415838479996 -0.34170275926589966 -0.9378790855407715
vn 0.05862624943256378 -0.23767347633838654 -0.9695742130279541
vn 0.017609432339668274 -0.14868779480457306 -0.988727331161499
vn 0.0038451862055808306 -0.1487468034029007 -0.9888678789138794
vn 0.057467423379421234 -0.14838410913944244 -0.9872586131095886
vn 0.0003356501692906022 -0.3425550162792206 -0.9394977688789368
vn 0.0003355139051564038 -0.14874789118766785 -0.988875150680542
vn 0.00033557022106833756 -0.23828242719173431 -0.9711958169937134
vn 0.007201775908470154 0.9967314004898071 -0.08046438544988632
vn 0.04501424729824066 0.995750367641449 -0.0803433358669281
vn 0.044709041714668274 0.9770678877830505 -0.2081812024116516
vn 0.0071713561192154884 0.9780048131942749 -0.2084590643644333
vn 0.2229997217655182 0.9716734886169434 -0.07824097573757172
vn 0.22166216373443604 0.9537721276283264 -0.20293985307216644
vn 0.04425245150923729 0.9420176148414612 -0.332632839679718
vn 0.007079665083438158 0.9428821206092834 -0.3330514132976532
vn 0.21964406967163086 0.9200486540794373 -0.32444867491722107
vn 0.0005181950400583446 0.9967571496963501 -0.08046646416187286
vn 0.000518154411111027 0.942905604839325 -0.333059698343277
vn 0.0005181626183912158 0.9780311584472656 -0.20845815539360046
vn -0.7307817339897156 -0.6162018179893494 -0.29368913173675537
vn -0.26911893486976624 -0.8696222305297852 -0.4139229953289032
vn -0.2707682251930237 -0.915690541267395 -0.29697737097740173
vn -0.7325977087020874 -0.6474002599716187 -0.21017533540725708
vn -0.04660283029079437 -0.9018033146858215 -0.42962661385536194
vn -0.046937718987464905 -0.9501164555549622 -0.3083432912826538
vn -0.27164560556411743 -0.9463531374931335 -0.1749982386827469
vn -0.7334831357002258 -0.668366014957428 -0.12365026026964188
vn -0.04712115600705147 -0.9822234511375427 -0.18170495331287384
vn -0.7281052470207214 -0.5744692087173462 -0.3739623427391052
vn -0.26673832535743713 -0.808092474937439 -0.5252020955085754
vn -0.046144749969244 -0.8373319506645203 -0.5447438359260559
vn -0.0034483277704566717 -0.8381572365760803 -0.545417845249176
vn -0.003478757804259658 -0.9027397632598877 -0.4301730692386627
vn -0.0035092446487396955 -0.9511379599571228 -0.3087462782859802
vn -0.0035396283492445946 -0.983307421207428 -0.1819174736738205
vn -0.003539597848430276 -0.9987242221832275 -0.05037252977490425
vn -0.04712037742137909 -0.9976199269294739 -0.0503401942551136
vn -0.27168023586273193 -0.961162269115448 -0.04855034872889519
vn -0.7334433197975159 -0.6788891553878784 -0.03421073779463768
vn 4.296700808481546e-07 -0.9027451872825623 -0.43017563223838806
vn 4.296700808481546e-07 -0.9027451872825623 -0.43017563223838806
vn 4.947930278831336e-07 -0.9511467218399048 -0.3087392747402191
vn 4.947930278831336e-07 -0.9511467218399048 -0.3087392747402191
vn 4.296700808481546e-07 -0.9027451872825623 -0.43017563223838806
vn 4.947930278831336e-07 -0.9511467218399048 -0.3087392747402191
vn 5.515041721082525e-07 -0.9833136796951294 -0.18191862106323242
vn 5.515041721082525e-07 -0.9833136796951294 -0.18191862106323242
vn 5.515041721082525e-07 -0.9833136796951294 -0.18191862106323242
vn 3.563878294698952e-07 -0.8381482362747192 -0.545442521572113
vn 3.563878294698952e-07 -0.8381482362747192 -0.545442521572113
vn 3.563878294698952e-07 -0.8381482362747192 -0.545442521572113
vn 5.992942533339374e-07 -0.998730480670929 -0.05037284642457962
vn 5.992942533339374e-07 -0.998730480670929 -0.05037284642457962
vn 5.992942533339374e-07 -0.998730480670929 -0.05037284642457962
vn 0.46956905722618103 -0.08359424769878387 0.8789294362068176
vn 0.46706920862197876 -0.0517987422645092 0.8827022314071655
vn 0.8605411052703857 -0.030035974457859993 0.5084946751594543
vn 0.8630484342575073 -0.04873635619878769 0.5027644038200378
vn 0.46672219038009644 -0.044138163328170776 0.8833019137382507
vn 0.8600655794143677 -0.025490490719676018 0.509546160697937
vn 0.9920908212661743 -0.0074377162382006645 0.12530186772346497
vn 0.9923310279846191 -0.012195487506687641 0.12300579994916916
vn 0.9920409917831421 -0.006278498098254204 0.1257588118314743
vn 0.4739888310432434 -0.14568458497524261 0.8683953881263733
vn 0.4660011827945709 -0.04270542785525322 0.8837528824806213
vn 0.8596242666244507 -0.0246366485953331 0.5103325247764587
vn 0.9920031428337097 -0.006065433844923973 0.12606725096702576
vn 0.9999434947967529 -0.0005028500454500318 0.010619678534567356
vn 0.9999438524246216 -0.0005028077284805477 0.01058916375041008
vn 0.9999443292617798 -0.0006247975979931653 0.010527961887419224
vn 0.9999462366104126 -0.0010212446795776486 0.010313798673450947
vn 0.9926065802574158 -0.02082766778767109 0.11957575380802155
vn 0.9999483227729797 -0.0017532726051285863 0.010007614269852638
vn 0.8661590814590454 -0.08409366011619568 0.4926425516605377
vn 0.45900487899780273 0.048874497413635254 -0.887088418006897
vn 0.46328121423721313 0.048780232667922974 -0.8848677277565002
vn 0.8580196499824524 0.028272690251469612 -0.5128381252288818
vn 0.8555178046226501 0.028492124751210213 -0.5169888734817505
vn 0.46758463978767395 0.048624515533447266 -0.8826099038124084
vn 0.8605152368545532 0.028022494167089462 -0.5086532235145569
vn 0.9918686747550964 0.007013294845819473 -0.12707173824310303
vn 0.9916516542434692 0.007107163313776255 -0.12874971330165863
vn 0.9920753836631775 0.0069194394163787365 -0.12545348703861237
vn 0.4711816906929016 0.04834677651524544 -0.8807101845741272
vn 0.8625472784042358 0.027743594720959663 -0.5052153468132019
vn 0.992240846157074 0.00682614604011178 -0.12414291501045227
vn 0.9999450445175171 0.0005641252500936389 -0.010467255488038063
vn 0.9999440908432007 0.0005642520845867693 -0.01055880170315504
vn 0.999942421913147 0.0005644634366035461 -0.010711376555263996
vn 0.999940812587738 0.0005951932980678976 -0.010863909497857094
vn -0.7005609273910522 -0.3105390667915344 0.6424795985221863
vn -0.24229389429092407 -0.4231474697589874 0.8730635046958923
vn -0.23905667662620544 -0.3294445276260376 0.9134102463722229
vn -0.6973695755004883 -0.24256137013435364 0.6744180917739868
vn -0.041291672736406326 -0.4351709187030792 0.8994004726409912
vn -0.04065071791410446 -0.33857282996177673 0.9400617480278015
vn -0.23731482028961182 -0.24823573231697083 0.939180850982666
vn -0.6958555579185486 -0.18301035463809967 0.69447261095047
vn -0.04028511047363281 -0.25511282682418823 0.9660717248916626
vn -0.7052444219589233 -0.3838496804237366 0.5960618257522583
vn -0.24668949842453003 -0.5257044434547424 0.8141124248504639
vn -0.04214564710855484 -0.5413181185722351 0.839760959148407
vn -0.0031428916845470667 -0.5416026711463928 0.8406287431716919
vn -0.0030819294042885303 -0.435391366481781 0.9002359509468079
vn -0.003051481209695339 -0.3387344777584076 0.9408770799636841
vn -0.0030209149699658155 -0.25523075461387634 0.9668754935264587
vn -0.0029904646798968315 -0.17563320696353912 0.9844510555267334
vn -0.040101438760757446 -0.17554013431072235 0.9836552143096924
vn -0.23636794090270996 -0.17083266377449036 0.95652836561203
vn -0.6945052146911621 -0.12599441409111023 0.7083698511123657
vn 5.298342102832976e-07 -0.4353567659854889 0.9002580642700195
vn 5.298342102832976e-07 -0.4353567659854889 0.9002580642700195
vn 4.822636583412532e-07 -0.33872634172439575 0.9408849477767944
vn 4.822636583412532e-07 -0.33872634172439575 0.9408849477767944
vn 5.298342102832976e-07 -0.4353567659854889 0.9002580642700195
vn 4.822636583412532e-07 -0.33872634172439575 0.9408849477767944
vn 4.385067597922898e-07 -0.25523191690444946 0.9668797850608826
vn 4.385067597922898e-07 -0.25523191690444946 0.9668797850608826
vn 4.385067597922898e-07 -0.25523191690444946 0.9668797850608826
vn 5.777690716968209e-07 -0.5415699481964111 0.8406557440757751
vn 5.777690716968209e-07 -0.5415699481964111 0.8406557440757751
vn 5.777690716968209e-07 -0.5415699481964111 0.8406557440757751
vn 3.9469321677643165e-07 -0.1756339967250824 0.9844554662704468
vn 3.9469321677643165e-07 -0.1756339967250824 0.9844554662704468
vn 3.9469321677643165e-07 -0.1756339967250824 0.9844554662704468
vn -0.7011486887931824 -0.0410013273358345 0.7118352651596069
vn -0.698796808719635 -0.04741290584206581 0.7137471437454224
vn -0.23750214278697968 -0.06455448269844055 0.9692395925521851
vn -0.2389628142118454 -0.05591673403978348 0.9694174528121948
vn -0.6954660415649414 -0.07454531639814377 0.7146816849708557
vn -0.23636996746063232 -0.10129470378160477 0.9663687348365784
vn -0.04019267112016678 -0.06642237305641174 0.9969817399978638
vn -0.04043719172477722 -0.05757322534918785 0.9975219368934631
vn -0.04007082059979439 -0.1040785163640976 0.9937614798545837
vn -0.002990497276186943 -0.10414096713066101 0.9945579767227173
vn -0.0029905152041465044 -0.06648501753807068 0.9977829456329346
vn -0.0030211021658033133 -0.057605963200330734 0.9983348250389099
vn 3.261788492636697e-07 -0.05760452151298523 0.9983395338058472
vn 3.3147745170936105e-07 -0.06648531556129456 0.9977874159812927
vn 3.3147745170936105e-07 -0.06648531556129456 0.9977874159812927
vn 3.261788492636697e-07 -0.05760452151298523 0.9983395338058472
vn 3.536871702181088e-07 -0.10414144396781921 0.994562566280365
vn 3.536871702181088e-07 -0.10414144396781921 0.994562566280365
vn 3.3147745170936105e-07 -0.06648531556129456 0.9977874159812927
vn 3.261788492636697e-07 -0.05760452151298523 0.9983395338058472
vn 3.536871702181088e-07 -0.10414144396781921 0.994562566280365
vn 3.25321536820411e-07 -0.056171271950006485 0.9984211921691895
vn 3.25321536820411e-07 -0.056171271950006485 0.9984211921691895
vn 3.25321536820411e-07 -0.056171271950006485 0.9984211921691895
vn -0.7612600922584534 0.5864299535751343 0.276736319065094
vn -0.29893654584884644 0.8634355068206787 0.40634483098983765
vn -0.30079618096351624 0.9080862998962402 0.2913777828216553
vn -0.7631337642669678 0.6152065396308899 0.19785790145397186
vn -0.05273693799972534 0.9034064412117004 0.425529807806015
vn -0.0531342588365078 0.9507650136947632 0.30532392859458923
vn -0.30177438259124756 0.9377694129943848 0.17181573808193207
vn -0.764028012752533 0.6345849633216858 0.11646084487438202
vn -0.053347282111644745 0.9822091460227966 0.18005388975143433
vn -0.7584499716758728 0.5478684306144714 0.35297849774360657
vn -0.2961033880710602 0.8036927580833435 0.5161402225494385
vn -0.05215791240334511 0.8399960994720459 0.5400797128677368
vn -0.003906743600964546 0.8410434126853943 0.5409535765647888
vn -0.003967908676713705 0.9046028852462769 0.42623674869537354
vn -0.003998522646725178 0.9520822763442993 0.30581584572792053
vn -0.003998567350208759 0.983597457408905 0.18033327162265778
vn -0.003998579457402229 0.9987240433692932 0.050342001020908356
vn -0.05337909609079361 0.9973061084747314 0.050310324877500534
vn -0.30186718702316284 0.952136754989624 0.0480804480612278
vn -0.7640507221221924 0.6443395018577576 0.032453570514917374
vn -4.319481661241298e-07 0.9045982360839844 0.4262651205062866
vn -4.319626611959393e-07 0.9046100378036499 0.42624011635780334
vn -4.962236630490224e-07 0.9520899057388306 0.3058182895183563
vn -4.962236630490224e-07 0.9520899057388306 0.3058182895183563
vn -4.319626611959393e-07 0.9046100378036499 0.42624011635780334
vn -4.962236630490224e-07 0.9520899057388306 0.3058182895183563
vn -5.521328034774342e-07 0.9835999608039856 0.18036426603794098
vn -5.521328034774342e-07 0.9835999608039856 0.18036426603794098
vn -5.521328034774342e-07 0.9835999608039856 0.18036426603794098
vn -3.594682596030907e-07 0.841040849685669 0.5409715175628662
vn -3.594682596030907e-07 0.841040849685669 0.5409715175628662
vn -3.594682596030907e-07 0.841040849685669 0.5409715175628662
vn -5.993041440888192e-07 0.9987320303916931 0.05034240335226059
vn -5.993041440888192e-07 0.9987320303916931 0.05034240335226059
vn -5.993041440888192e-07 0.9987320303916931 0.05034240335226059
vn -0.7161718606948853 -0.3949164152145386 -0.5754467844963074
vn -0.25602829456329346 -0.547847330570221 -0.7964376211166382
vn -0.2601146996021271 -0.6456724405288696 -0.7179467678070068
vn -0.7208358645439148 -0.4629630446434021 -0.5158107876777649
vn -0.04400830715894699 -0.5656233429908752 -0.8234886527061462
vn -0.04480202496051788 -0.6675816774368286 -0.7431873679161072
vn -0.2636832296848297 -0.7326500415802002 -0.6274511814117432
vn -0.7248110771179199 -0.5228800773620605 -0.44860368967056274
vn -0.045533981174230576 -0.7583767175674438 -0.6502240300178528
vn -0.7111318707466125 -0.3192466199398041 -0.6263969540596008
vn -0.2516571283340454 -0.4404985308647156 -0.861759603023529
vn -0.043154146522283554 -0.4540477693080902 -0.8899317383766174
vn -0.0032350164838135242 -0.4542906582355499 -0.8908476233482361
vn -0.003295976435765624 -0.5660241842269897 -0.8243820071220398
vn -0.0033568989019840956 -0.668095052242279 -0.744068443775177
vn -0.0034178628120571375 -0.7590511441230774 -0.6510220766067505
vn 1.0783156767502078e-07 -0.5659922957420349 -0.8244105577468872
vn 1.0783156767502078e-07 -0.5659922957420349 -0.8244105577468872
vn 1.9399955419885373e-07 -0.6680987477302551 -0.7440725564956665
vn 1.9399955419885373e-07 -0.6680987477302551 -0.7440725564956665
vn 1.0783156767502078e-07 -0.5659922957420349 -0.8244105577468872
vn 1.9399955419885373e-07 -0.6680987477302551 -0.7440725564956665
vn 2.770147773389908e-07 -0.7590555548667908 -0.6510258316993713
vn 2.770147773389908e-07 -0.7590555548667908 -0.6510258316993713
vn 2.770147773389908e-07 -0.7590555548667908 -0.6510258316993713
vn 1.981375774562366e-08 -0.45429301261901855 -0.8908522725105286
vn 1.981375774562366e-08 -0.45429301261901855 -0.8908522725105286
vn 1.981375774562366e-08 -0.45429301261901855 -0.8908522725105286
vn -0.7124715447425842 0.0350344218313694 -0.7008257508277893
vn -0.7117961049079895 0.042206618934869766 -0.7011169791221619
vn -0.24823962152004242 0.05841536074876785 -0.9669358134269714
vn -0.24833764135837555 0.0484071709215641 -0.9674632549285889
vn -0.7102999091148376 0.07003895938396454 -0.7004060745239258
vn -0.24861349165439606 0.09726418554782867 -0.9637068510055542
vn -0.04226977378129959 0.060168102383613586 -0.9972928762435913
vn -0.042238105088472366 0.04991303011775017 -0.9978600144386292
vn -0.042422208935022354 0.09993010014295578 -0.9940897226333618
vn -0.7120996117591858 0.12081025540828705 -0.6916061043739319
vn -0.25092896819114685 0.16786961257457733 -0.9533385634422302
vn -0.04291075840592384 0.17267504334449768 -0.9840437173843384
vn -0.0032048847060650587 0.17267358303070068 -0.9849739074707031
vn -0.0031743100844323635 0.09992978721857071 -0.9949893951416016
vn -0.003174265380948782 0.06019827723503113 -0.9981814026832581
vn -0.0031742651481181383 0.049944888800382614 -0.998746931552887
vn -3.215903916498064e-07 0.04994514212012291 -0.9987519979476929
vn -3.2772891245258506e-07 0.060198575258255005 -0.9981863498687744
vn -3.2772891245258506e-07 0.060198575258255005 -0.9981863498687744
vn -3.215903916498064e-07 0.04994514212012291 -0.9987519979476929
vn -3.512064665756043e-07 0.09990007430315018 -0.9949974417686462
vn -3.512064665756043e-07 0.09990007430315018 -0.9949974417686462
vn -3.2772891245258506e-07 0.060198575258255005 -0.9981863498687744
vn -3.215903916498064e-07 0.04994514212012291 -0.9987519979476929
vn -3.512064665756043e-07 0.09990007430315018 -0.9949974417686462
vn -3.203810479135427e-07 0.04793122783303261 -0.9988505840301514
vn -3.9302636878346675e-07 0.17267447710037231 -0.9849790334701538
vn -3.9302636878346675e-07 0.17267447710037231 -0.9849790334701538
vn -3.9302636878346675e-07 0.17267447710037231 -0.9849790334701538
vn -3.203810479135427e-07 0.04793122783303261 -0.9988505840301514
vn -3.203810479135427e-07 0.04793122783303261 -0.9988505840301514
vn -0.7263528108596802 0.3007093071937561 -0.6180497407913208
vn -0.2646613121032715 0.42395469546318054 -0.8661504983901978
vn -0.2588352859020233 0.3288283348083496 -0.9082269072532654
vn -0.7205967903137207 0.23477888107299805 -0.6523948311805725
vn -0.04565652459859848 0.43821635842323303 -0.897709310054779
vn -0.04446665197610855 0.3392750024795532 -0.939635694026947
vn -0.2544407248497009 0.2459450215101242 -0.9352918863296509
vn -0.7162888050079346 0.17648646235466003 -0.675117015838623
vn -0.043581366539001465 0.2534610629081726 -0.9663634300231934
vn -0.7331631183624268 0.3706556558609009 -0.5701631903648376
vn -0.2714424431324005 0.5266698598861694 -0.8055667877197266
vn -0.04703063145279884 0.5456572771072388 -0.8366877436637878
vn -0.003540758742019534 0.5459570288658142 -0.8378056883811951
vn -0.0034186597913503647 0.43837466835975647 -0.8987858295440674
vn -0.003327068639919162 0.33936959505081177 -0.9406471848487854
vn -0.003266000421717763 0.2535269260406494 -0.967322826385498
vn -5.312464281814755e-07 0.43834054470062256 -0.898809015750885
vn -5.312464281814755e-07 0.43834054470062256 -0.898809015750885
vn -4.825737960345577e-07 0.33933475613594055 -0.9406656622886658
vn -4.825737960345577e-07 0.33933475613594055 -0.9406656622886658
vn -5.312464281814755e-07 0.43834054470062256 -0.898809015750885
vn -4.825737960345577e-07 0.33933475613594055 -0.9406656622886658
vn -4.3757060552707117e-07 0.25349223613739014 -0.9673373699188232
vn -4.3757060552707117e-07 0.25349223613739014 -0.9673373699188232
vn -4.3757060552707117e-07 0.25349223613739014 -0.9673373699188232
vn -5.796245545752754e-07 0.5459250807762146 -0.8378340005874634
vn -5.796245545752754e-07 0.5459250807762146 -0.8378340005874634
vn -5.796245545752754e-07 0.5459250807762146 -0.8378340005874634
vn -0.7209623456001282 -0.568642258644104 0.39605462551116943
vn -0.2602660059928894 -0.7928899526596069 0.5509873628616333
vn -0.2560845613479614 -0.7155081629753113 0.6499759554862976
vn -0.7162591218948364 -0.516004741191864 0.4697999358177185
vn -0.04483233392238617 -0.8199965357780457 0.5706100463867188
vn -0.04400802031159401 -0.7389816641807556 0.6722866296768188
vn -0.2515089511871338 -0.6260323524475098 0.738123893737793
vn -0.7109289169311523 -0.45424196124076843 0.5368840098381042
vn -0.04309309273958206 -0.6456358432769775 0.7624286413192749
vn -0.7250131368637085 -0.6120749711990356 0.3157851994037628
vn -0.26393479108810425 -0.8575812578201294 0.44146671891212463
vn -0.04556487128138542 -0.8879298567771912 0.45771655440330505
vn -0.0034174765460193157 -0.8887792825698853 0.4583226442337036
vn -0.003356396220624447 -0.8207135796546936 0.5713300108909607
vn -0.0032954225316643715 -0.7395627498626709 0.6730795502662659
vn -0.003234444884583354 -0.64606112241745 0.7632787823677063
vn 6.709292392770294e-07 -0.820693850517273 0.5713680982589722
vn 6.709292392770294e-07 -0.820693850517273 0.5713680982589722
vn 6.506768386316253e-07 -0.7395516633987427 0.6730998754501343
vn 6.506768386316253e-07 -0.7395516633987427 0.6730998754501343
vn 6.709292392770294e-07 -0.820693850517273 0.5713680982589722
vn 6.506768386316253e-07 -0.7395516633987427 0.6730998754501343
vn 6.194662773850723e-07 -0.6460494995117188 0.7632955312728882
vn 6.194662773850723e-07 -0.6460494995117188 0.7632955312728882
vn 6.194662773850723e-07 -0.6460494995117188 0.7632955312728882
vn 6.798633762628015e-07 -0.8887721300125122 0.45834943652153015
vn 6.798633762628015e-07 -0.8887721300125122 0.45834943652153015
vn 6.798633762628015e-07 -0.8887721300125122 0.45834943652153015
vn -0.7178388833999634 -0.037407245486974716 0.6952036023139954
vn -0.252944678068161 -0.05200651288032532 0.9660819172859192
vn -0.25340142846107483 -0.04178285226225853 0.9664584398269653
vn -0.717811107635498 -0.030205372720956802 0.6955824494361877
vn -0.04312308132648468 -0.053728263825178146 0.9976240396499634
vn -0.04324524104595184 -0.04323047772049904 0.9981287121772766
vn -0.2540437877178192 -0.0021697876509279013 0.9671903252601624
vn -0.7166242599487305 -0.0022218627855181694 0.6974558234214783
vn -0.04345809668302536 -0.0026413057930767536 0.9990518093109131
vn -0.003204199718311429 -0.05379096791148186 0.9985470175743103
vn -0.0032346455845981836 -0.04332252964377403 0.9990559220314026
vn -0.003234748262912035 -0.0027647099923342466 0.9999908804893494
vn -0.003295785514637828 0.07164381444454193 0.997424840927124
vn -0.043947137892246246 0.07173720002174377 0.9964548945426941
vn -0.25648194551467896 0.06998176127672195 0.9640121459960938
vn -0.7185077667236328 0.049360375851392746 0.6937652826309204
vn 3.238965575746988e-07 -0.053791239857673645 0.9985520839691162
vn 3.238965575746988e-07 -0.053791239857673645 0.9985520839691162
vn 3.1760930596647086e-07 -0.04332275316119194 0.999061107635498
vn 3.1760930596647086e-07 -0.04332275316119194 0.999061107635498
vn 3.238965575746988e-07 -0.053791239857673645 0.9985520839691162
vn 3.1760930596647086e-07 -0.04332275316119194 0.999061107635498
vn 2.9294875503182993e-07 -0.0027647234965115786 0.9999961256980896
vn 2.9294875503182993e-07 -0.0027647234965115786 0.9999961256980896
vn 2.9294875503182993e-07 -0.0027647234965115786 0.9999961256980896
vn 3.251384441682603e-07 -0.05586535111069679 0.99843829870224
vn 3.251384441682603e-07 -0.05586535111069679 0.99843829870224
vn 3.251384441682603e-07 -0.05586535111069679 0.99843829870224
vn 2.46478180088161e-07 0.0716138407588005 0.9974324107170105
vn 2.46478180088161e-07 0.0716138407588005 0.9974324107170105
vn 2.46478180088161e-07 0.0716138407588005 0.9974324107170105
vn -0.7447270154953003 0.3803901970386505 0.548347532749176
vn -0.28242915868759155 0.5486258864402771 0.7869202494621277
vn -0.2878626883029938 0.6449360251426697 0.7079495787620544
vn -0.7503424286842346 0.44416528940200806 0.48959529399871826
vn -0.049287840723991394 0.5704448819160461 0.8198556900024414
vn -0.0504186786711216 0.6719921827316284 0.7388399243354797
vn -0.2924075126647949 0.730113685131073 0.6176016926765442
vn -0.7548754215240479 0.4999944567680359 0.4244626760482788
vn -0.051364146173000336 0.7620528340339661 0.6454744338989258
vn -0.7382032871246338 0.30887657403945923 0.5997092723846436
vn -0.27614110708236694 0.4422319233417511 0.8533328771591187
vn -0.04800744354724884 0.4586360454559326 0.8873264789581299
vn -0.0036012616474181414 0.4588681757450104 0.888496994972229
vn -0.0036929245106875896 0.5708779096603394 0.821026623249054
vn -0.00378455244936049 0.6726471781730652 0.7399537563323975
vn -0.003845742205157876 0.7629135847091675 0.646489143371582
vn -1.118213219797326e-07 0.5708818435668945 0.8210322260856628
vn -1.118213219797326e-07 0.5708818435668945 0.8210322260856628
vn -1.9799669814801746e-07 0.6726519465446472 0.7399590015411377
vn -1.9799669814801746e-07 0.6726519465446472 0.7399590015411377
vn -1.1180960513001992e-07 0.5708674788475037 0.8210422396659851
vn -1.9799669814801746e-07 0.6726519465446472 0.7399590015411377
vn -2.8069538871022814e-07 0.7629040479660034 0.6465116143226624
vn -2.8069538871022814e-07 0.7629040479660034 0.6465116143226624
vn -2.8069538871022814e-07 0.7629040479660034 0.6465116143226624
vn -2.3284449923721695e-08 0.45883458852767944 0.8885216116905212
vn -2.3284449923721695e-08 0.45883458852767944 0.8885216116905212
vn -2.3284449923721695e-08 0.45883458852767944 0.8885216116905212
vn -0.7028857469558716 -0.1108447015285492 -0.7026130557060242
vn -0.24302572011947632 -0.15184380114078522 -0.9580616354942322
vn -0.24467319250106812 -0.23539911210536957 -0.9405967593193054
vn -0.7042049169540405 -0.17175114154815674 -0.6889098882675171
vn -0.04138362035155296 -0.15619541704654694 -0.9868589043617249
vn -0.04171958938241005 -0.2421320080757141 -0.9693459868431091
vn -0.24763120710849762 -0.3326426148414612 -0.9099602103233337
vn -0.7070123553276062 -0.24210181832313538 -0.664469838142395
vn -0.042299769818782806 -0.3424634635448456 -0.9385784864425659
vn -0.701569139957428 -0.05275527015328407 -0.7106459736824036
vn -0.24210990965366364 -0.07254117727279663 -0.9675332307815552
vn -0.041200872510671616 -0.0745450109243393 -0.9963662028312683
vn -0.0030826383735984564 -0.07454324513673782 -0.9972130656242371
vn -0.003113178303465247 -0.15628951787948608 -0.9877064228057861
vn -0.0031130926217883825 -0.24225462973117828 -0.970207691192627
vn -0.0031740295235067606 -0.3425801992416382 -0.9394831657409668
vn -1.9159553232839244e-07 -0.15628549456596375 -0.9877119064331055
vn -1.9161520015131828e-07 -0.15625573694705963 -0.9877166152000427
vn -1.33668649482388e-07 -0.24222709238529205 -0.9702195525169373
vn -1.33668649482388e-07 -0.24222709238529205 -0.9702195525169373
vn -1.9159553232839244e-07 -0.15628549456596375 -0.9877119064331055
vn -1.33668649482388e-07 -0.24222709238529205 -0.9702195525169373
vn -6.302531119217747e-08 -0.34258195757865906 -0.9394879341125488
vn -6.302531119217747e-08 -0.34258195757865906 -0.9394879341125488
vn -6.302531119217747e-08 -0.34258195757865906 -0.9394879341125488
vn -2.4461459702251886e-07 -0.07454359531402588 -0.9972177743911743
vn -2.4461459702251886e-07 -0.07454359531402588 -0.9972177743911743
vn -2.4461459702251886e-07 -0.07454359531402588 -0.9972177743911743
vn 0.47128063440322876 0.3014470040798187 0.8288692235946655
vn 0.8654030561447144 0.1723286509513855 0.4705107510089874
vn 0.8619208931922913 0.1216665655374527 0.4922292232513428
vn 0.46584129333496094 0.21063651144504547 0.8594324588775635
vn 0.992562472820282 0.042170923203229904 0.11419890075922012
vn 0.992264986038208 0.030077030882239342 0.12043937295675278
vn 0.8595678210258484 0.0769377052783966 0.5051968097686768
vn 0.46246039867401123 0.1321806162595749 0.8767317533493042
vn 0.9920555353164673 0.019176391884684563 0.12433115392923355
vn 0.4781087040901184 0.4000526964664459 0.7819014191627502
vn 0.8694373369216919 0.22608748078346252 0.43927568197250366
vn 0.9928924441337585 0.054756224155426025 0.10567053407430649
vn 0.9999505877494812 0.004565778188407421 0.008826191537082195
vn 0.9999480843544006 0.003527109744027257 0.009557176381349564
vn 0.999946117401123 0.0025192638859152794 0.010074573568999767
vn 0.9999442100524902 0.0016031904378905892 0.010439503937959671
vn 0.9999439716339111 0.0007484984816983342 0.010560386814177036
vn 0.9920039772987366 0.008736729621887207 0.12590482831001282
vn 0.8589383363723755 0.03453928232192993 0.5109127163887024
vn 0.4612702429294586 0.058525312691926956 0.8853273987770081
vn -0.9985978603363037 -0.002942510414868593 0.05285421758890152
vn -0.9986348748207092 -0.0029110342729836702 0.05215267464518547
vn -0.9953842163085938 0.005321371369063854 -0.09582287818193436
vn -0.9952596426010132 0.005384180229157209 -0.09710437059402466
vn -0.9986698627471924 -0.0028795944526791573 0.05148153379559517
vn -0.9955042600631714 0.005228061694651842 -0.0945715382695198
vn -0.9538106322288513 0.01662272773683071 -0.2999483048915863
vn -0.9526775479316711 0.016810741275548935 -0.30351755023002625
vn -0.9549193978309631 0.016404341906309128 -0.29641151428222656
vn -0.7930978536605835 0.033592935651540756 -0.6081671118736267
vn -0.7895557880401611 0.033873893320560455 -0.612743079662323
vn -0.7858979105949402 0.03409421071410179 -0.6174156069755554
vn -0.7516372203826904 0.5431900024414062 -0.3741472065448761
vn -0.2891729474067688 0.7894389629364014 -0.5414471626281738
vn -0.2840740382671356 0.7138214707374573 -0.6401256918907166
vn -0.7464922070503235 0.49438485503196716 -0.44534578919410706
vn -0.05069293454289436 0.8231863975524902 -0.5655036568641663
vn -0.049625519663095474 0.7429828643798828 -0.6674680709838867
vn -0.2781231999397278 0.6259279251098633 -0.7286025285720825
vn -0.7402873039245605 0.4368383586406708 -0.5110254883766174
vn -0.048403218388557434 0.65009605884552 -0.7583088278770447
vn -0.7558682560920715 0.583238422870636 -0.29748281836509705
vn -0.29347464442253113 0.8523367047309875 -0.43289098143577576
vn -0.051608938723802567 0.8901179432868958 -0.4527985751628876
vn -0.0038765855133533478 0.8912050724029541 -0.45358413457870483
vn -0.0038155149668455124 0.8240931034088135 -0.5664414763450623
vn -0.0037239925004541874 0.7437067031860352 -0.6684956550598145
vn -0.0036323892418295145 0.6505943536758423 -0.7594166994094849
vn -6.715870313200867e-07 0.8240892887115479 -0.5664598941802979
vn -6.715870313200867e-07 0.8240892887115479 -0.5664598941802979
vn -6.518863528981456e-07 0.7436830997467041 -0.6685323715209961
vn -6.518863528981456e-07 0.7436830997467041 -0.6685323715209961
vn -6.71588963996328e-07 0.8240991234779358 -0.5664455890655518
vn -6.518863528981456e-07 0.7436830997467041 -0.6685323715209961
vn -6.21134631728637e-07 0.6505986452102661 -0.759421706199646
vn -6.21134631728637e-07 0.6505986452102661 -0.759421706199646
vn -6.21134631728637e-07 0.6505986452102661 -0.759421706199646
vn -6.799761536058213e-07 0.8912116885185242 -0.45358750224113464
vn -6.799761536058213e-07 0.8912116885185242 -0.45358750224113464
vn -6.799761536058213e-07 0.8912116885185242 -0.45358750224113464
vn -0.7327046990394592 -0.6782459020614624 0.05591372400522232
vn -0.27091464400291443 -0.9593769907951355 0.07874654233455658
vn -0.2693338096141815 -0.9413520693778992 0.2032625377178192
vn -0.7310296893119812 -0.6668969392776489 0.14437496662139893
vn -0.04696859419345856 -0.9955329895019531 0.08190213888883591
vn -0.04663322493433952 -0.9763407111167908 0.2111494094133377
vn -0.2669827342033386 -0.907457172870636 0.3244097828865051
vn -0.7284664511680603 -0.6449219584465027 0.23111121356487274
vn -0.04617495462298393 -0.9404928088188171 0.3366619050502777
vn -0.0035090497694909573 -0.99662184715271 0.08205237239599228
vn -0.0035090744495391846 -0.9773753881454468 0.2114829272031784
vn -0.003478535683825612 -0.9414443373680115 0.3371506333351135
vn 6.365708600242215e-07 -0.996627926826477 0.08205287903547287
vn 6.365781928252545e-07 -0.996625542640686 0.08208319544792175
vn 6.624349566664023e-07 -0.9773827195167542 0.2114778757095337
vn 6.624349566664023e-07 -0.9773827195167542 0.2114778757095337
vn 6.365781928252545e-07 -0.996625542640686 0.08208319544792175
vn 6.624349566664023e-07 -0.9773827195167542 0.2114778757095337
vn 6.769501510461851e-07 -0.9414402842521667 0.33717966079711914
vn 6.769501510461851e-07 -0.9414402842521667 0.33717966079711914
vn 6.769501510461851e-07 -0.9414402842521667 0.33717966079711914
vn 3.253033185046661e-07 -0.05614084750413895 0.9984228610992432
vn 3.253033185046661e-07 -0.05614084750413895 0.9984228610992432
vn 3.25321536820411e-07 -0.056171271950006485 0.9984211921691895
vn 3.25321536820411e-07 -0.056171271950006485 0.9984211921691895
vn 3.253033185046661e-07 -0.05614084750413895 0.9984228610992432
vn 3.25321536820411e-07 -0.056171271950006485 0.9984211921691895
vn 3.253033185046661e-07 -0.05614084750413895 0.9984228610992432
vn 3.253033185046661e-07 -0.05614084750413895 0.9984228610992432
vn 3.253033185046661e-07 -0.05614084750413895 0.9984228610992432
vn 0.46194058656692505 -0.042616698890924454 0.8858864307403564
vn 0.8572295308113098 -0.024734238162636757 0.5143401026725769
vn 0.8580967783927917 -0.024670692160725594 0.5128951072692871
vn 0.46340513229370117 -0.04258508235216141 0.8851227164268494
vn 0.9917962551116943 -0.006128576584160328 0.12768162786960602
vn 0.9918668866157532 -0.006097352597862482 0.1271335631608963
vn 0.8589320182800293 -0.02460802160203457 0.5114980340003967
vn 0.46484440565109253 -0.04255395010113716 0.8843690752983093
vn 0.9919410347938538 -0.006066106725484133 0.1265554130077362
vn 0.46068108081817627 -0.04261687397956848 0.8865420818328857
vn 0.8565171360969543 -0.024766115471720695 0.5155240893363953
vn 0.9917371869087219 -0.006129225715994835 0.1281396597623825
vn 0.9999415278434753 -0.0005031037726439536 0.010802768170833588
vn 0.999941885471344 -0.0005030615138821304 0.010772254317998886
vn 0.9999425411224365 -0.0005029769381508231 0.010711224749684334
vn 0.9999431371688843 -0.0005028923042118549 0.010650193318724632
vn -0.7225986123085022 0.10632392019033432 0.683042049407959
vn -0.2599623501300812 0.14995652437210083 0.9539039134979248
vn -0.26417380571365356 0.23525284230709076 0.9353439807891846
vn -0.7266042232513428 0.16631843149662018 0.6666216850280762
vn -0.044618383049964905 0.15451723337173462 0.9869821071624756
vn -0.04550452157855034 0.24283893406391144 0.9689987301826477
vn -0.2697547674179077 0.3340831696987152 0.903117299079895
vn -0.73193359375 0.23489880561828613 0.6396058201789856
vn -0.04666292294859886 0.3456016182899475 0.9372204542160034
vn -0.0033568821381777525 0.15448534488677979 0.9879893064498901
vn -0.0034180369693785906 0.24283604323863983 0.9700613021850586
vn -0.0034791731741279364 0.34567201137542725 0.9383488893508911
vn 1.9278405716249836e-07 0.15448620915412903 0.987994909286499
vn 1.9278405716249836e-07 0.15448620915412903 0.987994909286499
vn 1.3325396253094368e-07 0.24283024668693542 0.9700688123703003
vn 1.3325396253094368e-07 0.24283024668693542 0.9700688123703003
vn 1.9278405716249836e-07 0.15448620915412903 0.987994909286499
vn 1.3325396253094368e-07 0.24283024668693542 0.9700688123703003
vn 6.082088788161855e-08 0.34563732147216797 0.9383682012557983
vn 6.082088788161855e-08 0.34563732147216797 0.9383682012557983
vn 6.082088788161855e-08 0.34563732147216797 0.9383682012557983
vn -0.7068589329719543 0.03266208991408348 -0.7066001296043396
vn -0.243635356426239 0.04477684572339058 -0.9688326716423035
vn -0.24280688166618347 0.03598746657371521 -0.9694069027900696
vn -0.7053514122962952 0.0263771191239357 -0.708366870880127
vn -0.04135313257575035 0.04609858617186546 -0.9980806112289429
vn -0.041231151670217514 0.03706566244363785 -0.998461902141571
vn -0.24198919534683228 -0.0014273287961259484 -0.9702779054641724
vn -0.7024057507514954 -0.0006883969181217253 -0.7117764353752136
vn -0.04113941639661789 -0.0013870331458747387 -0.9991524815559387
vn -0.0030827822629362345 0.046161916106939316 -0.9989292025566101
vn -0.0030827729497104883 0.03709811717271805 -0.999306857585907
vn -0.0030827282462269068 -0.0013553836615756154 -0.9999943375587463
vn -3.1931699595588725e-07 0.04616076871752739 -0.9989340305328369
vn -3.1931699595588725e-07 0.04616076871752739 -0.9989340305328369
vn -3.138551676329371e-07 0.037097200751304626 -0.9993116855621338
vn -3.138551676329371e-07 0.037097200751304626 -0.9993116855621338
vn -3.1931699595588725e-07 0.04616076871752739 -0.9989340305328369
vn -3.138551676329371e-07 0.037097200751304626 -0.9993116855621338
vn -2.904168070472224e-07 -0.001355389365926385 -0.9999990463256836
vn -2.904355937971559e-07 -0.0013248701579868793 -0.9999991059303284
vn -2.904168070472224e-07 -0.001355389365926385 -0.9999990463256836
vn -3.201980973699392e-07 0.047626715153455734 -0.9988651871681213
vn -3.201980973699392e-07 0.047626715153455734 -0.9988651871681213
vn -3.201980973699392e-07 0.047626715153455734 -0.9988651871681213
vn -3.2023470453168557e-07 0.04768761992454529 -0.9988622665405273
vn -3.2023470453168557e-07 0.04768761992454529 -0.9988622665405273
vn -3.202164293725218e-07 0.04765717312693596 -0.9988638162612915
vn -3.202164293725218e-07 0.04765717312693596 -0.9988638162612915
vn -3.2023470453168557e-07 0.04768761992454529 -0.9988622665405273
vn -3.202164293725218e-07 0.04765717312693596 -0.9988638162612915
vn -3.2023470453168557e-07 0.04768761992454529 -0.9988622665405273
vn -3.2023470453168557e-07 0.04768761992454529 -0.9988622665405273
vn -3.2023470453168557e-07 0.04768761992454529 -0.9988622665405273
vn 0.4789668917655945 -0.21683147549629211 0.8506320714950562
vn 0.8688592314720154 -0.12372139096260071 0.47935014963150024
vn 0.873214066028595 -0.1643735021352768 0.458779513835907
vn 0.48626577854156494 -0.29162970185279846 0.8237097263336182
vn 0.9928205013275146 -0.030283266678452492 0.11571720242500305
vn 0.9931710362434387 -0.039826735854148865 0.10965938121080399
vn 0.8785383105278015 -0.20919914543628693 0.42942556738853455
vn 0.49575385451316833 -0.37690189480781555 0.782414972782135
vn 0.9935871958732605 -0.05000949651002884 0.10140713304281235
vn 0.9999499917030334 -0.0025462976191192865 0.009670819155871868
vn 0.9999526143074036 -0.003339073620736599 0.009150919504463673
vn 0.9999555349349976 -0.004192638210952282 0.008447821252048016
vn 0.9999586343765259 -0.005015477072447538 0.0075921667739748955
vn 0.994001030921936 -0.060188110917806625 0.09132035076618195
vn 0.8840749859809875 -0.25525638461112976 0.39147868752479553
vn 0.5062541961669922 -0.4677395820617676 0.7245181202888489
vn -0.7633770108222961 0.6438448429107666 -0.05214648321270943
vn -0.3010985553264618 0.9505219459533691 -0.0764697790145874
vn -0.2994518280029297 0.9332389235496521 -0.19847820699214935
vn -0.7618187665939331 0.633491039276123 -0.13535597920417786
vn -0.053226444870233536 0.9953498840332031 -0.08028503507375717
vn -0.05285964161157608 0.9766860604286194 -0.20806290209293365
vn -0.2969249486923218 0.900584876537323 -0.31746241450309753
vn -0.7593261003494263 0.6134091019630432 -0.21714754402637482
vn -0.05234073847532272 0.9416689276695251 -0.3324457108974457
vn -0.003998656757175922 0.9967492818832397 -0.08046583086252213
vn -0.0039681135676801205 0.9780235886573792 -0.20845653116703033
vn -0.00393765838816762 0.9428983926773071 -0.33305713534355164
vn -6.361876785376808e-07 0.9967575669288635 -0.08046399056911469
vn -6.361876785376808e-07 0.9967575669288635 -0.08046399056911469
vn -6.619541750296776e-07 0.9780312776565552 -0.20845817029476166
vn -6.619541750296776e-07 0.9780312776565552 -0.20845817029476166
vn -6.361876785376808e-07 0.9967575669288635 -0.08046399056911469
vn -6.619541750296776e-07 0.9780312776565552 -0.20845817029476166
vn -6.766532010260562e-07 0.9428962469100952 -0.33308684825897217
vn -6.766532010260562e-07 0.9428962469100952 -0.33308684825897217
vn -6.766532010260562e-07 0.9428962469100952 -0.33308684825897217
vn -0.9986231923103333 0.0024837099481374025 -0.052398163825273514
vn -0.9953435063362122 -0.004620467312633991 0.09628091007471085
vn -0.995384693145752 -0.004589403513818979 0.09585471451282501
vn -0.9986360669136047 0.002483326243236661 -0.0521530881524086
vn -0.9534323215484619 -0.01445795502513647 0.3012601435184479
vn -0.9538164138793945 -0.014395489357411861 0.30004510283470154
vn -0.9954261183738708 -0.004558200016617775 0.09542561322450638
vn -0.998647153377533 0.0024830566253513098 -0.051940031349658966
vn -0.9542016386985779 -0.014332577586174011 0.29882076382637024
vn -0.7883167862892151 -0.029543541371822357 0.6145598888397217
vn -0.7895597815513611 -0.0294494666159153 0.6129665374755859
vn -0.7907989025115967 -0.02938576601445675 0.6113702654838562
vn 0.47765764594078064 0.006685404106974602 -0.8785206079483032
vn 0.8675490617752075 0.00285906670615077 -0.49734336137771606
vn 0.8648056387901306 0.022061927244067192 -0.5016219019889832
vn 0.4746672511100769 0.03900652006268501 -0.8793006539344788
vn 0.9926923513412476 0.00041227260953746736 -0.12067187577486038
vn 0.9924397468566895 0.0053285034373402596 -0.122617207467556
vn 0.8638477921485901 0.026733066886663437 -0.503042995929718
vn 0.4733797311782837 0.04678885266184807 -0.8796149492263794
vn 0.9923531413078308 0.006550177000463009 -0.12325701117515564
vn 0.9999486804008484 1.4322195966087747e-05 -0.010132351890206337
vn 0.9999467134475708 0.00044183889986015856 -0.010314849205315113
vn 0.9999459981918335 0.0005334796733222902 -0.010375752113759518
vn 0.5158635377883911 -0.554676353931427 0.6528545022010803
vn 0.8886935114860535 -0.2983229160308838 0.3481771945953369
vn 0.8925578594207764 -0.33527371287345886 0.3015492558479309
vn 0.5242040753364563 -0.6310549974441528 0.5718214511871338
vn 0.9943230748176575 -0.06957408040761948 0.08050496131181717
vn 0.9945905208587646 -0.07749278843402863 0.06917071342468262
vn 0.8958775401115417 -0.3660259246826172 0.2518501877784729
vn 0.5314329266548157 -0.696328341960907 0.4823959767818451
vn 0.9948140978813171 -0.0839778333902359 0.05738184601068497
vn 0.9999609589576721 -0.0057771941646933556 0.0066755483858287334
vn 0.9999627470970154 -0.006447310093790293 0.005728531163185835
vn 0.9999644160270691 -0.00696478970348835 0.004751202650368214
vn 0.45986294746398926 -0.004073676187545061 0.8879804611206055
vn 0.8574250936508179 -0.0018755202181637287 0.5146052837371826
vn 0.8558793067932129 -0.020129036158323288 0.516783595085144
vn 0.45906758308410645 -0.03477548435330391 0.8877204060554504
vn 0.9918534159660339 -0.00029908798751421273 0.12738406658172607
vn 0.9916918277740479 -0.004970145411789417 0.1285400539636612
vn 0.8560000658035278 -0.02415701374411583 0.5164109468460083
vn 0.459707111120224 -0.04154972732067108 0.8870980143547058
vn 0.9916982650756836 -0.005977190099656582 0.12844793498516083
vn 0.9999426603317261 -1.4679547348350752e-05 0.010711905546486378
vn 0.9999412894248962 -0.0004115905030630529 0.010833412408828735
vn 0.9999411702156067 -0.0005031460896134377 0.010833282954990864
vn 0.49588051438331604 0.6605128049850464 0.5637599229812622
vn 0.8786993622779846 0.3635993003845215 0.30932655930519104
vn 0.8759611248970032 0.323799729347229 0.3575555384159088
vn 0.4905659556388855 0.5836963653564453 0.647026777267456
vn 0.9935949444770813 0.08620533347129822 0.07305940240621567
vn 0.9933888912200928 0.07724746316671371 0.08491934090852737
vn 0.8729019165039062 0.27786654233932495 0.40103915333747864
vn 0.48464667797088623 0.4966162145137787 0.7200623750686646
vn 0.9931609034538269 0.0667349100112915 0.09580151736736298
vn 0.9999555349349976 0.0071942550130188465 0.006083179730921984
vn 0.999954342842102 0.00642991391941905 0.007058716844767332
vn 0.9999527335166931 0.005574100185185671 0.007973083294928074
vn 0.5007011890411377 0.8154264688491821 -0.2904788851737976
vn 0.881100594997406 0.4457152485847473 -0.1581125259399414
vn 0.8826949000358582 0.45953696966171265 -0.09836378693580627
vn 0.5039358139038086 0.8444203734397888 -0.18166705965995789
vn 0.9937698841094971 0.10509940981864929 -0.03708748146891594
vn 0.9938874244689941 0.10797863453626633 -0.022983435541391373
vn 0.8838551044464111 0.4662281572818756 -0.03783566504716873
vn 0.5062509179115295 0.8595176339149475 -0.0702800303697586
vn 0.9939698576927185 0.10930071771144867 -0.008790085092186928
vn 0.9999568462371826 0.008763473480939865 -0.00307035306468606
vn 0.9999576807022095 0.009006018750369549 -0.001910292194224894
vn 0.9999583959579468 0.009095926769077778 -0.0007199225947260857
vn 0.9999999403953552 2.2468464067060268e-07 -1.1905300567605082e-07
vn 0.9999999403953552 2.2468464067060268e-07 -1.1905300567605082e-07
vn 0.9999999403953552 2.2468464067060268e-07 -1.1905300567605082e-07
vn 0.9999999403953552 2.2468464067060268e-07 -1.1905300567605082e-07
vn 0.9999999403953552 2.2468464067060268e-07 -1.1905300567605082e-07
vn 0.9999999403953552 2.2468464067060268e-07 -1.1905300567605082e-07
vn 0.9999999403953552 2.2468464067060268e-07 -1.1905300567605082e-07
vn 0.9999999403953552 2.2468464067060268e-07 -1.1905300567605082e-07
vn 0.9999999403953552 2.2468464067060268e-07 -1.1905300567605082e-07
vn 0.9999999403953552 2.2468464067060268e-07 -1.1905300567605082e-07
vn 0.9999999403953552 2.2468464067060268e-07 -1.1905300567605082e-07
vn 0.9999999403953552 2.2468464067060268e-07 -1.1905300567605082e-07
vn 0.9999999403953552 2.2468464067060268e-07 -1.1905300567605082e-07
vn 0.9999999403953552 2.2468464067060268e-07 -1.1905300567605082e-07
vn 0.9999999403953552 2.2468464067060268e-07 -1.1905300567605082e-07
vn 0.9999999403953552 2.2468464067060268e-07 -1.1905300567605082e-07
vn 0.9999999403953552 2.2468464067060268e-07 -1.1905300567605082e-07
vn 0.9999999403953552 2.2468464067060268e-07 -1.1905300567605082e-07
vn 0.9999999403953552 2.2468464067060268e-07 -1.1905300567605082e-07
vn 0.9999999403953552 2.2468464067060268e-07 -1.1905300567605082e-07
vn 0.9999999403953552 2.2468464067060268e-07 -1.1905300567605082e-07
vn 0.9999999403953552 2.2468464067060268e-07 -1.1905300567605082e-07
vn 0.9999999403953552 2.2468464067060268e-07 -1.1905300567605082e-07
vn 0.9999999403953552 2.2468464067060268e-07 -1.1905300567605082e-07
vn 0.9999999403953552 2.2468464067060268e-07 -1.1905300567605082e-07
vn 0.9999999403953552 2.2468464067060268e-07 -1.1905300567605082e-07
vn 0.9999999403953552 2.2468464067060268e-07 -1.1905300567605082e-07
vn 0.9999999403953552 2.2468464067060268e-07 -1.1905300567605082e-07
vn 0.9999999403953552 2.2468464067060268e-07 -1.1905300567605082e-07
vn 0.9999999403953552 2.2468464067060268e-07 -1.1905300567605082e-07
vn 0.9999999403953552 2.2468464067060268e-07 -1.1905300567605082e-07
vn 0.9999999403953552 2.2468464067060268e-07 -1.1905300567605082e-07
vn 0.9999999403953552 2.2468464067060268e-07 -1.1905300567605082e-07
vn 0.9999999403953552 2.2468464067060268e-07 -1.1905300567605082e-07
vn 0.9999999403953552 2.2468464067060268e-07 -1.1905300567605082e-07
vn 0.9999999403953552 2.2468464067060268e-07 -1.1905300567605082e-07
vn 0.9999999403953552 2.2468464067060268e-07 -1.1905300567605082e-07
vn 0.9999999403953552 2.2468464067060268e-07 -1.1905300567605082e-07
vn 0.9999999403953552 2.2468464067060268e-07 -1.1905300567605082e-07
vn 0.9999999403953552 2.2468464067060268e-07 -1.1905300567605082e-07
vn 0.9999999403953552 2.2468464067060268e-07 -1.1905300567605082e-07
vn 0.9999999403953552 2.2468464067060268e-07 -1.1905300567605082e-07
vn 0.9999999403953552 2.2468464067060268e-07 -1.1905300567605082e-07
vn 0.9999999403953552 2.2468464067060268e-07 -1.1905300567605082e-07
vn 0.9999999403953552 2.2468464067060268e-07 -1.1905300567605082e-07
vn 0.9999999403953552 2.2468464067060268e-07 -1.1905300567605082e-07
vn 0.9999999403953552 2.2468464067060268e-07 -1.1905300567605082e-07
vn 0.9999999403953552 2.2468464067060268e-07 -1.1905300567605082e-07
vn 0.9999999403953552 2.2468464067060268e-07 -1.1905300567605082e-07
vn 0.9999999403953552 2.2468464067060268e-07 -1.1905300567605082e-07
vn 0.9999999403953552 2.2468464067060268e-07 -1.1905300567605082e-07
vn 0.9999999403953552 2.2468464067060268e-07 -1.1905300567605082e-07
vn 1.0 2.246846548814574e-07 -1.1905300567605082e-07
vn 0.9999999403953552 2.2468464067060268e-07 -1.1905300567605082e-07
vn 0.9999999403953552 2.2468464067060268e-07 -1.1905300567605082e-07
vn 0.9999999403953552 2.2468464067060268e-07 -1.1905300567605082e-07
vn 0.9999999403953552 2.2468464067060268e-07 -1.1905300567605082e-07
vn 0.9999999403953552 2.2468464067060268e-07 -1.1905300567605082e-07
vn 0.9999999403953552 2.2468464067060268e-07 -1.1905300567605082e-07
vn 0.9999999403953552 2.2468464067060268e-07 -1.1905300567605082e-07
vn 0.9999999403953552 2.2468464067060268e-07 -1.1905300567605082e-07
vn 0.9999999403953552 2.2468464067060268e-07 -1.1905300567605082e-07
vn 0.9999999403953552 2.2468464067060268e-07 -1.1905300567605082e-07
vn 0.9999999403953552 2.2468464067060268e-07 -1.1905300567605082e-07
vn 0.9999999403953552 2.2468464067060268e-07 -1.1905300567605082e-07
vn 0.9999999403953552 2.2468464067060268e-07 -1.1905300567605082e-07
vn 0.9999999403953552 2.2468464067060268e-07 -1.1905300567605082e-07
vn 0.9999999403953552 2.2468464067060268e-07 -1.1905300567605082e-07
vn 0.9999999403953552 2.2468464067060268e-07 -1.1905300567605082e-07
vn 0.9999999403953552 2.2468464067060268e-07 -1.1905300567605082e-07
vn 0.9999999403953552 2.2468464067060268e-07 -1.1905300567605082e-07
vn 0.9999999403953552 2.2468464067060268e-07 -1.1905300567605082e-07
vn 0.9999999403953552 2.2468464067060268e-07 -1.1905300567605082e-07
vn 0.9999999403953552 2.2468464067060268e-07 -1.1905300567605082e-07
vn 0.9999999403953552 2.2468464067060268e-07 -1.1905300567605082e-07
vn 0.9999999403953552 2.2468464067060268e-07 -1.1905300567605082e-07
vn 0.9999999403953552 2.2468464067060268e-07 -1.1905300567605082e-07
vn 0.9999999403953552 2.2468464067060268e-07 -1.1905300567605082e-07
vn 0.9999999403953552 2.2468464067060268e-07 -1.1905300567605082e-07
vn 0.9999999403953552 2.2468464067060268e-07 -1.1905300567605082e-07
vn 0.9999999403953552 2.2468464067060268e-07 -1.1905300567605082e-07
vn 0.9999999403953552 2.2468464067060268e-07 -1.1905300567605082e-07
vn 0.9999999403953552 2.2468464067060268e-07 -1.1905300567605082e-07
vn 0.9999999403953552 2.2468464067060268e-07 -1.1905300567605082e-07
vn 0.9999999403953552 2.2468464067060268e-07 -1.1905300567605082e-07
vn 0.9999999403953552 2.2468464067060268e-07 -1.1905300567605082e-07
vn 0.9999999403953552 2.2468464067060268e-07 -1.1905300567605082e-07
vn 0.9999999403953552 2.2468464067060268e-07 -1.1905300567605082e-07
vn 0.9999999403953552 2.2468464067060268e-07 -1.1905300567605082e-07
vn 0.9999999403953552 2.2468464067060268e-07 -1.1905300567605082e-07
vn 0.9999999403953552 2.2468464067060268e-07 -1.1905300567605082e-07
vn 0.9999999403953552 2.2468464067060268e-07 -1.1905300567605082e-07
vn 0.9999999403953552 2.2468464067060268e-07 -1.1905300567605082e-07
vn 0.9999999403953552 2.2468464067060268e-07 -1.1905300567605082e-07
vn 0.9999999403953552 2.2468464067060268e-07 -1.1905300567605082e-07
vn 0.9999999403953552 2.2468464067060268e-07 -1.1905300567605082e-07
vn 0.9999999403953552 2.2468464067060268e-07 -1.1905300567605082e-07
vn 0.9999999403953552 2.2468464067060268e-07 -1.1905300567605082e-07
vn 0.9999999403953552 2.2468464067060268e-07 -1.1905300567605082e-07
vn 0.9999999403953552 2.2468464067060268e-07 -1.1905300567605082e-07
vn 0.9999999403953552 2.2468464067060268e-07 -1.1905300567605082e-07
vn 0.9999999403953552 2.2468464067060268e-07 -1.1905300567605082e-07
vn 0.9999999403953552 2.2468464067060268e-07 -1.1905300567605082e-07
vn 0.9999999403953552 2.2468464067060268e-07 -1.1905300567605082e-07
vn 0.9999999403953552 2.2468464067060268e-07 -1.1905300567605082e-07
vn 0.9999999403953552 2.2468464067060268e-07 -1.1905300567605082e-07
vn 0.9999999403953552 2.2468464067060268e-07 -1.1905300567605082e-07
vn 0.9999999403953552 2.2468464067060268e-07 -1.1905300567605082e-07
vn 0.9999999403953552 2.2468464067060268e-07 -1.1905300567605082e-07
vn 0.9999999403953552 2.2468464067060268e-07 -1.1905300567605082e-07
vn 0.9999999403953552 2.2468464067060268e-07 -1.1905300567605082e-07
vn 0.9999999403953552 2.2468464067060268e-07 -1.1905300567605082e-07
vn 0.9999999403953552 2.2468464067060268e-07 -1.1905300567605082e-07
vn 0.9999999403953552 2.2468464067060268e-07 -1.1905300567605082e-07
vn 0.9999999403953552 2.2468464067060268e-07 -1.1905300567605082e-07
vn 0.9999999403953552 2.2468464067060268e-07 -1.1905300567605082e-07
vn 0.9999999403953552 2.2468464067060268e-07 -1.1905300567605082e-07
vn 0.9999999403953552 2.2468464067060268e-07 -1.1905300567605082e-07
vn 0.9999999403953552 2.2468464067060268e-07 -1.1905300567605082e-07
vn 0.9999999403953552 2.2468464067060268e-07 -1.1905300567605082e-07
vn 0.9999999403953552 2.2468464067060268e-07 -1.1905300567605082e-07
vn 0.9999999403953552 2.2468464067060268e-07 -1.1905300567605082e-07
vn 0.9999999403953552 2.2468464067060268e-07 -1.1905300567605082e-07
vn 0.9999999403953552 2.2468464067060268e-07 -1.1905300567605082e-07
vn 0.9999999403953552 2.2468464067060268e-07 -1.1905300567605082e-07
vn 0.9999999403953552 2.2468464067060268e-07 -1.1905300567605082e-07
vn 0.9999999403953552 2.2468464067060268e-07 -1.1905300567605082e-07
vn 0.9999999403953552 2.2468464067060268e-07 -1.1905300567605082e-07
vn 0.9999999403953552 2.2468464067060268e-07 -1.1905300567605082e-07
vn 0.9999999403953552 2.2468464067060268e-07 -1.1905300567605082e-07
vn 0.9999999403953552 2.2468464067060268e-07 -1.1905300567605082e-07
vn 0.9999999403953552 2.2468464067060268e-07 -1.1905300567605082e-07
vn 0.9999999403953552 2.2468464067060268e-07 -1.1905300567605082e-07
vn 0.9999999403953552 2.2468464067060268e-07 -1.1905300567605082e-07
vn 0.9999999403953552 2.2468464067060268e-07 -1.1905300567605082e-07
vn 0.9999999403953552 2.2468464067060268e-07 -1.1905300567605082e-07
vn 0.9999999403953552 2.2468464067060268e-07 -1.1905300567605082e-07
vn 0.9999999403953552 2.2468464067060268e-07 -1.1905300567605082e-07
vn 0.9999999403953552 2.2468464067060268e-07 -1.1905300567605082e-07
vn 0.9999999403953552 2.2468464067060268e-07 -1.1905300567605082e-07
vn 0.9999999403953552 2.2468464067060268e-07 -1.1905300567605082e-07
vn 0.9999999403953552 2.2468464067060268e-07 -1.1905300567605082e-07
vn 0.9999999403953552 2.2468464067060268e-07 -1.1905300567605082e-07
vn 0.9999999403953552 2.2468464067060268e-07 -1.1905300567605082e-07
vn 0.9999999403953552 2.2468464067060268e-07 -1.1905300567605082e-07
vn 0.9999999403953552 2.2468464067060268e-07 -1.1905300567605082e-07
vn 0.9999999403953552 2.2468464067060268e-07 -1.1905300567605082e-07
vn 0.9999999403953552 2.2468464067060268e-07 -1.1905300567605082e-07
vn 0.9999999403953552 2.2468464067060268e-07 -1.1905300567605082e-07
vn 0.9999999403953552 2.2468464067060268e-07 -1.1905300567605082e-07
vn 0.9999999403953552 2.2468464067060268e-07 -1.1905300567605082e-07
vn 0.9999999403953552 2.2468464067060268e-07 -1.1905300567605082e-07
vn 0.9999999403953552 2.2468464067060268e-07 -1.1905300567605082e-07
vn 0.9999999403953552 2.2468464067060268e-07 -1.1905300567605082e-07
vn 0.9999999403953552 2.2468464067060268e-07 -1.1905300567605082e-07
vn 0.9999999403953552 2.2468464067060268e-07 -1.1905300567605082e-07
vn 0.9999999403953552 2.2468464067060268e-07 -1.1905300567605082e-07
vn 0.9999999403953552 2.2468464067060268e-07 -1.1905300567605082e-07
vn 0.9999999403953552 2.2468464067060268e-07 -1.1905300567605082e-07
vn 0.9999999403953552 2.2468464067060268e-07 -1.1905300567605082e-07
vn 0.9999999403953552 2.2468464067060268e-07 -1.1905300567605082e-07
vn 0.9999999403953552 2.2468464067060268e-07 -1.1905300567605082e-07
vn 0.9999999403953552 2.2468464067060268e-07 -1.1905300567605082e-07
vn 0.9999999403953552 2.2468464067060268e-07 -1.1905300567605082e-07
vn 0.9999999403953552 2.2468464067060268e-07 -1.1905300567605082e-07
vn 0.9999999403953552 2.2468464067060268e-07 -1.1905300567605082e-07
vn 0.9999999403953552 2.2468464067060268e-07 -1.1905300567605082e-07
vn 0.9999999403953552 2.2468464067060268e-07 -1.1905300567605082e-07
vn 0.9999999403953552 2.2468464067060268e-07 -1.1905300567605082e-07
vn 0.9999999403953552 2.2468464067060268e-07 -1.1905300567605082e-07
vn 0.9999999403953552 2.2468464067060268e-07 -1.1905300567605082e-07
vn 0.9999999403953552 2.2468464067060268e-07 -1.1905300567605082e-07
vn 0.9999999403953552 2.2468464067060268e-07 -1.1905300567605082e-07
vn 0.9999999403953552 2.2468464067060268e-07 -1.1905300567605082e-07
vn 0.9999999403953552 2.2468464067060268e-07 -1.1905300567605082e-07
vn 0.9999999403953552 2.2468464067060268e-07 -1.1905300567605082e-07
vn 0.9999999403953552 2.2468464067060268e-07 -1.1905300567605082e-07
vn 0.9999999403953552 2.2468464067060268e-07 -1.1905300567605082e-07
vn 0.9999999403953552 2.2468464067060268e-07 -1.1905300567605082e-07
vn 0.9999999403953552 2.2468464067060268e-07 -1.1905300567605082e-07
vn 0.9999999403953552 2.2468464067060268e-07 -1.1905300567605082e-07
vn 0.9999999403953552 2.2468464067060268e-07 -1.1905300567605082e-07
vn 0.9999999403953552 2.2468464067060268e-07 -1.1905300567605082e-07
vn 0.9999999403953552 2.2468464067060268e-07 -1.1905300567605082e-07
vn 0.9999999403953552 2.2468464067060268e-07 -1.1905300567605082e-07
vn 0.9999999403953552 2.2468464067060268e-07 -1.1905300567605082e-07
vn 0.9999999403953552 2.2468464067060268e-07 -1.1905300567605082e-07
vn 0.9999999403953552 2.2468464067060268e-07 -1.1905300567605082e-07
vn 0.9999999403953552 2.2468464067060268e-07 -1.1905300567605082e-07
vn 0.9999999403953552 2.2468464067060268e-07 -1.1905300567605082e-07
vn 0.9999999403953552 2.2468464067060268e-07 -1.1905300567605082e-07
vn 0.9999999403953552 2.2468464067060268e-07 -1.1905300567605082e-07
vn 0.9999999403953552 2.2468464067060268e-07 -1.1905300567605082e-07
vn 1.0 2.246846548814574e-07 -1.1905300567605082e-07
vn 0.9999999403953552 2.2468464067060268e-07 -1.1905300567605082e-07
vn 0.9999999403953552 2.2468464067060268e-07 -1.1905300567605082e-07
vn 0.9999999403953552 2.2468464067060268e-07 -1.1905300567605082e-07
vn 0.9999999403953552 2.2468464067060268e-07 -1.1905300567605082e-07
vn 0.9999999403953552 2.2468464067060268e-07 -1.1905300567605082e-07
vn 0.9999999403953552 2.2468464067060268e-07 -1.1905300567605082e-07
vn 0.9999999403953552 2.2468464067060268e-07 -1.1905300567605082e-07
vn 0.9999999403953552 2.2468464067060268e-07 -1.1905300567605082e-07
vn 0.9999999403953552 2.2468464067060268e-07 -1.1905300567605082e-07
vn 0.9999999403953552 2.2468464067060268e-07 -1.1905300567605082e-07
vn 0.9999999403953552 2.2468464067060268e-07 -1.1905300567605082e-07
vn 0.9999999403953552 2.2468464067060268e-07 -1.1905300567605082e-07
vn 0.9999999403953552 2.2468464067060268e-07 -1.1905300567605082e-07
vn 0.9999999403953552 2.2468464067060268e-07 -1.1905300567605082e-07
vn 0.9999999403953552 2.2468464067060268e-07 -1.1905300567605082e-07
vn 0.9999999403953552 2.2468464067060268e-07 -1.1905300567605082e-07
vn 0.9999999403953552 2.2468464067060268e-07 -1.1905300567605082e-07
vn 0.9999999403953552 2.2468464067060268e-07 -1.1905300567605082e-07
vn 0.9999999403953552 2.2468464067060268e-07 -1.1905300567605082e-07
vn 0.9999999403953552 2.2468464067060268e-07 -1.1905300567605082e-07
vn 0.9999999403953552 2.2468464067060268e-07 -1.1905300567605082e-07
vn 0.9999999403953552 2.2468464067060268e-07 -1.1905300567605082e-07
vn -0.4523843228816986 -0.04283708333969116 0.8907936811447144
vn -0.1606200635433197 -0.04745515435934067 0.9858747720718384
vn -0.1613234281539917 -0.047424882650375366 0.9857614636421204
vn -0.4539177119731903 -0.04280615970492363 0.8900148272514343
vn -0.03579820692539215 -0.048052117228507996 0.9982031583786011
vn -0.03595064952969551 -0.04802139848470688 0.9981991052627563
vn -0.16202646493911743 -0.0474250391125679 0.98564612865448
vn -0.45543748140335083 -0.04277399182319641 0.8892396688461304
vn -0.03613457456231117 -0.04805295541882515 0.9981908798217773
vn -0.45113039016723633 -0.0428377240896225 0.8914293050765991
vn -0.1600113809108734 -0.04739474132657051 0.9859767556190491
vn -0.03564590588212013 -0.047991473227739334 0.9982115030288696
vn -0.003265178296715021 -0.048022326081991196 0.9988409280776978
vn -0.003295687260106206 -0.04808322340250015 0.9988378882408142
vn -0.003295691916719079 -0.048052772879600525 0.9988393187522888
vn -0.003295687260106206 -0.04808322340250015 0.9988378882408142
vn -0.0033262784127146006 -0.04826734960079193 0.9988288879394531
vn -0.03628666326403618 -0.048235390335321426 0.998176634311676
vn -0.16260434687137604 -0.04760744050145149 0.9855422377586365
vn -0.45662468671798706 -0.042925454676151276 0.8886232376098633
vn 3.204725373961992e-07 -0.048083484172821045 0.9988433122634888
vn 3.204725373961992e-07 -0.048083484172821045 0.9988433122634888
vn 3.20454233815326e-07 -0.04805303364992142 0.9988447427749634
vn 3.20454233815326e-07 -0.04805303364992142 0.9988447427749634
vn 3.204725373961992e-07 -0.048083484172821045 0.9988433122634888
vn 3.20454233815326e-07 -0.04805303364992142 0.9988447427749634
vn 3.204725373961992e-07 -0.048083484172821045 0.9988433122634888
vn 3.204725373961992e-07 -0.048083484172821045 0.9988433122634888
vn 3.204725373961992e-07 -0.048083484172821045 0.9988433122634888
vn 3.2043595865616226e-07 -0.04802258312702179 0.9988462328910828
vn 3.2043595865616226e-07 -0.04802258312702179 0.9988462328910828
vn 3.2043595865616226e-07 -0.04802258312702179 0.9988462328910828
vn 3.205831546893023e-07 -0.04826761409640312 0.9988344311714172
vn 3.205831546893023e-07 -0.04826761409640312 0.9988344311714172
vn 3.205831546893023e-07 -0.04826761409640312 0.9988344311714172
vn -0.4500296413898468 -0.0038366862572729588 0.89300537109375
vn -0.15906542539596558 -0.004486615303903818 0.9872578978538513
vn -0.1591254025697708 -0.03863626345992088 0.9865020513534546
vn -0.44940030574798584 -0.03487468138337135 0.8926494717597961
vn -0.03540150076150894 -0.0045644319616258144 0.9993627071380615
vn -0.035431742668151855 -0.03914092108607292 0.9986053109169006
vn -0.15955489873886108 -0.04617452993988991 0.986108660697937
vn -0.4501882493495941 -0.04174013063311577 0.8919575214385986
vn -0.035554297268390656 -0.04677072912454605 0.998272716999054
vn -0.4513430893421173 0.05928000807762146 0.8903792500495911
vn -0.15946371853351593 0.0652533695101738 0.9850447773933411
vn -0.0354631207883358 0.06602964550256729 0.9971871972084045
vn -0.0032652453519403934 0.0660884901881218 0.9978083968162537
vn -0.003234734758734703 -0.004534807987511158 0.9999845623970032
vn -0.00323469378054142 -0.03914225846529007 0.9992283582687378
vn -0.0032346451189368963 -0.04680144786834717 0.9988989233970642
vn 2.9403508960967883e-07 -0.004534830339252949 0.9999897480010986
vn 2.9403508960967883e-07 -0.004534830339252949 0.9999897480010986
vn 3.1508972142546554e-07 -0.039142463356256485 0.9992335438728333
vn 3.1508972142546554e-07 -0.039142463356256485 0.9992335438728333
vn 2.9403508960967883e-07 -0.004534830339252949 0.9999897480010986
vn 3.1508972142546554e-07 -0.039142463356256485 0.9992335438728333
vn 3.197022806489258e-07 -0.04680169001221657 0.9989041090011597
vn 3.197022806489258e-07 -0.04680169001221657 0.9989041090011597
vn 3.197022806489258e-07 -0.04680169001221657 0.9989041090011597
vn 2.499857032489672e-07 0.06608884036540985 0.9978137016296387
vn 2.499857032489672e-07 0.06608884036540985 0.9978137016296387
vn 2.499857032489672e-07 0.06608884036540985 0.9978137016296387
vn -0.44945642352104187 0.04918660596013069 -0.8919471502304077
vn -0.4539138972759247 0.049092087894678116 -0.8896921277046204
vn -0.16129261255264282 0.05432133004069328 -0.9854104518890381
vn -0.15921761095523834 0.05432189255952835 -0.9857478737831116
vn -0.4582765996456146 0.04893622174859047 -0.8874613642692566
vn -0.1633971482515335 0.054259397089481354 -0.9850671291351318
vn -0.03595190495252609 0.054980047047138214 -0.9978399872779846
vn -0.03546319156885147 0.05494894087314606 -0.9978591799736023
vn -0.03643962740898132 0.05494864657521248 -0.9978240132331848
vn -0.4457078278064728 0.04931185767054558 -0.8938192129135132
vn -0.4618445038795471 0.04865869879722595 -0.8856251835823059
vn -0.16507668793201447 0.05404571816325188 -0.984798789024353
vn -0.036836255341768265 0.05473484843969345 -0.9978212714195251
vn -0.0033878900576382875 0.05476635321974754 -0.9984934329986572
vn -0.0033269168343394995 0.05498099699616432 -0.9984818696975708
vn -0.003296392969787121 0.055011436343193054 -0.9984803199768066
vn -0.0032353601418435574 0.054981011897325516 -0.9984821081161499
vn -0.0350668802857399 0.054980140179395676 -0.997871458530426
vn -0.003204836044460535 0.05501144751906395 -0.9984805583953857
vn -0.15747851133346558 0.05435296148061752 -0.9860255122184753
vn -3.2460928878208506e-07 0.054981302469968796 -0.9984874129295349
vn -3.246274786761205e-07 0.05501173436641693 -0.9984857439994812
vn -3.246274786761205e-07 0.05501173436641693 -0.9984857439994812
vn -3.2460928878208506e-07 0.054981302469968796 -0.9984874129295349
vn -3.2460928878208506e-07 0.054981302469968796 -0.9984874129295349
vn -3.2460928878208506e-07 0.054981302469968796 -0.9984874129295349
vn -3.246274786761205e-07 0.05501173436641693 -0.9984857439994812
vn -3.2460928878208506e-07 0.054981302469968796 -0.9984874129295349
vn -3.2460928878208506e-07 0.054981302469968796 -0.9984874129295349
vn -3.246274786761205e-07 0.05501173436641693 -0.9984857439994812
vn -3.2448076581204077e-07 0.054766662418842316 -0.9984990954399109
vn -3.2448076581204077e-07 0.054766662418842316 -0.9984990954399109
vn -3.2448076581204077e-07 0.054766662418842316 -0.9984990954399109
vn -3.246274786761205e-07 0.05501173436641693 -0.9984857439994812
vn -3.246274786761205e-07 0.05501173436641693 -0.9984857439994812
vn -0.5342150926589966 -0.7964082956314087 0.2834572494029999
vn -0.2008187472820282 -0.9229148626327515 0.32848119735717773
vn -0.20276886224746704 -0.9573690891265869 0.20574085414409637
vn -0.5377212166786194 -0.8243024349212646 0.1771477907896042
vn -0.04513675719499588 -0.9412417411804199 0.33470359444618225
vn -0.04562574625015259 -0.9766978025436401 0.209712952375412
vn -0.2040792852640152 -0.9757096171379089 0.07963968068361282
vn -0.5401272177696228 -0.8387927412986755 0.06847774237394333
vn -0.04593036323785782 -0.9956415295600891 0.08116849511861801
vn -0.5294117331504822 -0.754906952381134 0.3870900869369507
vn -0.19816027581691742 -0.8722199201583862 0.44717442989349365
vn -0.044527072459459305 -0.8891446590423584 0.4554549753665924
vn -0.004088923800736666 -0.8900933265686035 0.4557599127292633
vn -0.004149971064180136 -0.9422366619110107 0.33492225408554077
vn -0.004180456977337599 -0.9777286052703857 0.2098320722579956
vn -0.004211017861962318 -0.9966890215873718 0.08119835704565048
vn -0.004211003426462412 -0.9987215995788574 -0.050372399389743805
vn -0.046083707362413406 -0.9976714253425598 -0.05028025433421135
vn -0.2047506719827652 -0.9775746464729309 -0.04924432560801506
vn -0.5413470268249512 -0.8397356867790222 -0.04227755591273308
vn 6.767874083379866e-07 -0.9422481656074524 0.3349154591560364
vn 6.767874083379866e-07 -0.9422481656074524 0.3349154591560364
vn 6.621739885304123e-07 -0.9777370095252991 0.20983389019966125
vn 6.621739885304123e-07 -0.9777370095252991 0.20983389019966125
vn 6.767874083379866e-07 -0.9422481656074524 0.3349154591560364
vn 6.621739885304123e-07 -0.9777370095252991 0.20983389019966125
vn 6.363571856127237e-07 -0.9967005252838135 0.08116624504327774
vn 6.363645184137567e-07 -0.9966981410980225 0.08119656890630722
vn 6.363571856127237e-07 -0.9967005252838135 0.08116624504327774
vn 6.799278935432085e-07 -0.8901194930076599 0.45572715997695923
vn 6.799278935432085e-07 -0.8901194930076599 0.45572715997695923
vn 6.799278935432085e-07 -0.8901194930076599 0.45572715997695923
vn 5.992942533339374e-07 -0.998730480670929 -0.05037284642457962
vn 5.992942533339374e-07 -0.998730480670929 -0.05037284642457962
vn 5.992942533339374e-07 -0.998730480670929 -0.05037284642457962
vn -0.49825888872146606 0.8526749014854431 0.15710976719856262
vn -0.18180523812770844 0.9670687317848206 0.17811468243598938
vn -0.18116351962089539 0.9358537793159485 0.30225399136543274
vn -0.49694931507110596 0.8257309198379517 0.26685184240341187
vn -0.04065223038196564 0.982653021812439 0.18094280362129211
vn -0.040468160063028336 0.9508691430091858 0.3069365322589874
vn -0.17997491359710693 0.8888797163963318 0.42130982875823975
vn -0.4946002662181854 0.7852692604064941 0.3724548816680908
vn -0.04019344970583916 0.9030008912086487 0.42775440216064453
vn -0.49841567873954773 0.8658413290977478 0.04359648376703262
vn -0.18189550936222076 0.9820730090141296 0.0494648739695549
vn -0.04065211862325668 0.9979074597358704 0.050280191004276276
vn -0.0037239131052047014 0.9987251162528992 0.050342053174972534
vn -0.0037238558288663626 0.983464241027832 0.181063711643219
vn -0.0037238760851323605 0.9516602754592896 0.3071298599243164
vn -0.0036933114752173424 0.9037643074989319 0.4280144274234772
vn -0.0036626497749239206 0.8397412896156311 0.5429744124412537
vn -0.039797741919755936 0.8390194177627563 0.5426441431045532
vn -0.1782291978597641 0.8260678052902222 0.5346460938453674
vn -0.49117422103881836 0.7310974597930908 0.4735444188117981
vn -5.518615466826304e-07 0.9834765791893005 0.18103545904159546
vn -5.518615466826304e-07 0.9834765791893005 0.18103545904159546
vn -4.955853114552156e-07 0.9516697525978088 0.3071231245994568
vn -4.955853114552156e-07 0.9516697525978088 0.3071231245994568
vn -5.518495527212508e-07 0.9834710955619812 0.18106497824192047
vn -4.955853114552156e-07 0.9516697525978088 0.3071231245994568
vn -4.309357848342188e-07 0.9037760496139526 0.428005576133728
vn -4.309357848342188e-07 0.9037760496139526 0.428005576133728
vn -4.309357848342188e-07 0.9037760496139526 0.428005576133728
vn -5.993041440888192e-07 0.9987320303916931 0.05034240335226059
vn -5.993041440888192e-07 0.9987320303916931 0.05034240335226059
vn -5.993041440888192e-07 0.9987320303916931 0.05034240335226059
vn -3.580883856102446e-07 0.83974689245224 0.542978048324585
vn -3.580883856102446e-07 0.83974689245224 0.542978048324585
vn -3.580883856102446e-07 0.83974689245224 0.542978048324585
vn -0.4436599314212799 0.22268672287464142 -0.868087887763977
vn -0.15595513582229614 0.24521292746067047 -0.9568430185317993
vn -0.1574496328830719 0.3307203948497772 -0.9305017590522766
vn -0.44725966453552246 0.29949817061424255 -0.8427690267562866
vn -0.034669775515794754 0.24812208116054535 -0.9681081175804138
vn -0.03500623255968094 0.33488747477531433 -0.9416077136993408
vn -0.1600751280784607 0.42936408519744873 -0.8888320922851562
vn -0.453146755695343 0.3874269723892212 -0.8028439879417419
vn -0.03558559715747833 0.4350482225418091 -0.8997037410736084
vn -0.44237884879112244 0.15007328987121582 -0.8841826319694519
vn -0.15531466901302338 0.16500140726566315 -0.9739875793457031
vn -0.034516993910074234 0.16690433025360107 -0.9853686690330505
vn -0.0031743268482387066 0.1670270562171936 -0.9859471917152405
vn -0.003174447687342763 0.2483106106519699 -0.9686752557754517
vn -0.003204979468137026 0.3351894021034241 -0.9421453475952148
vn -0.0032660632859915495 0.4354773163795471 -0.9001937508583069
vn -0.003327208338305354 0.5437139868736267 -0.839263916015625
vn -0.03637928515672684 0.5431858897209167 -0.8388239145278931
vn -0.1634625643491745 0.5357920527458191 -0.8283761143684387
vn -0.4606528878211975 0.4816189110279083 -0.7455482482910156
vn -4.3477703570715676e-07 0.2483118325471878 -0.9686800837516785
vn -4.3477703570715676e-07 0.2483118325471878 -0.9686800837516785
vn -4.804588797924225e-07 0.33519110083580017 -0.9421501755714417
vn -4.804727495866246e-07 0.335218220949173 -0.942140519618988
vn -4.3477703570715676e-07 0.2483118325471878 -0.9686800837516785
vn -4.804588797924225e-07 0.33519110083580017 -0.9421501755714417
vn -5.298924747876299e-07 0.43547967076301575 -0.9001986384391785
vn -5.298924747876299e-07 0.43547967076301575 -0.9001986384391785
vn -5.298924747876299e-07 0.43547967076301575 -0.9001986384391785
vn -3.8983858985375264e-07 0.16702790558338165 -0.9859521985054016
vn -3.8983858985375264e-07 0.16702790558338165 -0.9859521985054016
vn -3.8983858985375264e-07 0.16702790558338165 -0.9859521985054016
vn -5.786941983387806e-07 0.5437385439872742 -0.8392546772956848
vn -5.786941983387806e-07 0.5437385439872742 -0.8392546772956848
vn -5.786941983387806e-07 0.5437385439872742 -0.8392546772956848
vn -0.44125184416770935 0.08794856816530228 -0.8930631875991821
vn -0.4411914646625519 0.05734102427959442 -0.8955792188644409
vn -0.15531079471111298 0.06298927217721939 -0.9858553409576416
vn -0.1550348997116089 0.09658607095479965 -0.9831761121749878
vn -0.4429805874824524 0.05050269141793251 -0.895107626914978
vn -0.15622885525226593 0.05557446554303169 -0.986156165599823
vn -0.034548040479421616 0.06370791047811508 -0.9973704218864441
vn -0.03445597365498543 0.09767048060894012 -0.9946222305297852
vn -0.03479235991835594 0.05620107054710388 -0.9978131055831909
vn -0.0031743065919727087 0.05620141699910164 -0.9984143972396851
vn -0.0031742635183036327 0.06373805552721024 -0.9979615807533264
vn -0.0031437948346138 0.09773288667201996 -0.995207667350769
vn -3.4993715303244244e-07 0.09773337095975876 -0.9952126145362854
vn -3.2984098652377725e-07 0.0637383759021759 -0.9979666471481323
vn -3.2984098652377725e-07 0.0637383759021759 -0.9979666471481323
vn -3.4993715303244244e-07 0.09773337095975876 -0.9952126145362854
vn -3.2533972671444644e-07 0.05620170012116432 -0.998419463634491
vn -3.2533972671444644e-07 0.05620170012116432 -0.998419463634491
vn -3.2982285347316065e-07 0.06370798498392105 -0.9979685544967651
vn -3.4993715303244244e-07 0.09773337095975876 -0.9952126145362854
vn -3.2533972671444644e-07 0.05620170012116432 -0.998419463634491
vn -0.5410717129707336 -0.8270686864852905 -0.15231163799762726
vn -0.20462673902511597 -0.9626469016075134 -0.1773097962141037
vn -0.20380547642707825 -0.9316328763961792 -0.3008710741996765
vn -0.5396132469177246 -0.801172137260437 -0.2587291896343231
vn -0.04605218023061752 -0.9824211001396179 -0.18090862035751343
vn -0.04586978256702423 -0.9506420493125916 -0.3068806231021881
vn -0.2023712396621704 -0.8849268555641174 -0.4194643199443817
vn -0.5370432734489441 -0.7622606158256531 -0.36130762100219727
vn -0.0455341562628746 -0.902772843837738 -0.4277006685733795
vn -0.0042110467329621315 -0.983462393283844 -0.18106336891651154
vn -0.004211150109767914 -0.95164954662323 -0.3071569502353668
vn -0.004180702846497297 -0.9037508368492126 -0.4280385971069336
vn -0.004119750112295151 -0.8397168517112732 -0.5430088043212891
vn -0.045015450567007065 -0.8387983441352844 -0.5425779819488525
vn -0.2002050280570984 -0.8224826455116272 -0.5323910117149353
vn -0.5331431031227112 -0.7102189064025879 -0.459725558757782
vn 5.518495527212508e-07 -0.9834710955619812 -0.18106497824192047
vn 5.518495527212508e-07 -0.9834710955619812 -0.18106497824192047
vn 4.955674626216933e-07 -0.9516580104827881 -0.3071596622467041
vn 4.955717827215267e-07 -0.9516608715057373 -0.30715078115463257
vn 5.518495527212508e-07 -0.9834710955619812 -0.18106497824192047
vn 4.955674626216933e-07 -0.9516580104827881 -0.3071596622467041
vn 4.309212897624093e-07 -0.9037643074989319 -0.42803052067756653
vn 4.309212897624093e-07 -0.9037643074989319 -0.42803052067756653
vn 4.309212897624093e-07 -0.9037643074989319 -0.42803052067756653
vn 3.580735494779219e-07 -0.8397330045700073 -0.5429995656013489
vn 3.580883856102446e-07 -0.83974689245224 -0.542978048324585
vn 3.580735494779219e-07 -0.8397330045700073 -0.5429995656013489
vn -0.4865145683288574 0.6644793152809143 0.5672483444213867
vn -0.17594194412231445 0.7489620447158813 0.638827383518219
vn -0.17328932881355286 0.6600030660629272 0.7310039401054382
vn -0.4810754060745239 0.5872009992599487 0.6509695649147034
vn -0.03927851468324661 0.7604923844337463 0.6481577157974243
vn -0.0386374332010746 0.6699630618095398 0.7413882613182068
vn -0.1703292727470398 0.5598199963569641 0.8109188675880432
vn -0.4750032126903534 0.49957069754600525 0.7244315147399902
vn -0.03793519362807274 0.5680965781211853 0.8220871090888977
vn -0.0036015352234244347 0.7611607909202576 0.6485532522201538
vn -0.003540466772392392 0.6705822348594666 0.7418267726898193
vn -0.0034792707301676273 0.5686449408531189 0.8225756883621216
vn -0.003418127540498972 0.45651406049728394 0.8897096514701843
vn -0.0372028686106205 0.4560622572898865 0.8891698718070984
vn -0.16712237894535065 0.4495154321193695 0.8774997591972351
vn -0.4683210253715515 0.4024340510368347 0.7865890860557556
vn -2.790575592825917e-07 0.761193573474884 0.6485247015953064
vn -2.790575592825917e-07 0.761193573474884 0.6485247015953064
vn -1.961963107532938e-07 0.6706031560897827 0.7418162226676941
vn -1.961963107532938e-07 0.6706031560897827 0.7418162226676941
vn -2.790575592825917e-07 0.761193573474884 0.6485247015953064
vn -1.961963107532938e-07 0.6706031560897827 0.7418162226676941
vn -1.1002583022445833e-07 0.5686832666397095 0.8225564956665039
vn -1.1002583022445833e-07 0.5686832666397095 0.8225564956665039
vn -1.1002583022445833e-07 0.5686832666397095 0.8225564956665039
vn -2.1539985795016037e-08 0.45655331015586853 0.8896960616111755
vn -2.1539985795016037e-08 0.45655331015586853 0.8896960616111755
vn -2.1539985795016037e-08 0.45655331015586853 0.8896960616111755
vn -0.4695063829421997 -0.21842597424983978 0.8554846048355103
vn -0.16806656122207642 -0.2438315451145172 0.9551438093185425
vn -0.17148572206497192 -0.3292492926120758 0.9285405874252319
vn -0.4768908619880676 -0.29364803433418274 0.8284600377082825
vn -0.037476547062397 -0.24748073518276215 0.968167781829834
vn -0.03823982551693916 -0.3343948423862457 0.9416569471359253
vn -0.17606797814369202 -0.4277476370334625 0.8865845203399658
vn -0.4864840805530548 -0.3794180750846863 0.7870039343833923
vn -0.03930865228176117 -0.43475186824798584 0.8996919989585876
vn -0.464374840259552 -0.14691250026226044 0.8733686208724976
vn -0.16559650003910065 -0.1635320782661438 0.9725404381752014
vn -0.03689707815647125 -0.16596022248268127 0.9854419231414795
vn -0.0033872455824166536 -0.16617603600025177 0.9860902428627014
vn -0.0034482066985219717 -0.2477581650018692 0.9688157439231873
vn -0.003509230213239789 -0.33482539653778076 0.9422736167907715
vn -0.003600749420002103 -0.4353291690349579 0.9002642035484314
vn -0.003722765948623419 -0.5436778664588928 0.839285671710968
vn -0.040529392659664154 -0.5430116653442383 0.8387465476989746
vn -0.18134549260139465 -0.5338956713676453 0.8258748650550842
vn -0.4971906542778015 -0.47076883912086487 0.7288197875022888
vn 4.3449426812003367e-07 -0.24778831005096436 0.9688141942024231
vn 4.3449426812003367e-07 -0.24778831005096436 0.9688141942024231
vn 4.802868147635309e-07 -0.3348545432090759 0.9422698020935059
vn 4.802868147635309e-07 -0.3348545432090759 0.9422698020935059
vn 4.3449426812003367e-07 -0.24778831005096436 0.9688141942024231
vn 4.802868147635309e-07 -0.3348545432090759 0.9422698020935059
vn 5.298342102832976e-07 -0.4353567659854889 0.9002580642700195
vn 5.298342102832976e-07 -0.4353567659854889 0.9002580642700195
vn 5.298342102832976e-07 -0.4353567659854889 0.9002580642700195
vn 3.8937417912165984e-07 -0.16620667278766632 0.9860910177230835
vn 3.8937417912165984e-07 -0.16620667278766632 0.9860910177230835
vn 3.8937417912165984e-07 -0.16620667278766632 0.9860910177230835
vn 5.786941983387806e-07 -0.5437385439872742 0.8392546772956848
vn 5.786941983387806e-07 -0.5437385439872742 0.8392546772956848
vn 5.786941983387806e-07 -0.5437385439872742 0.8392546772956848
vn -0.45997676253318787 -0.08433230221271515 0.8839170932769775
vn -0.45763450860977173 -0.052171606570482254 0.8876084089279175
vn -0.16294361650943756 -0.05783167481422424 0.9849390983581543
vn -0.16370247304439545 -0.09362483769655228 0.9820569157600403
vn -0.4573251008987427 -0.044389620423316956 0.8881909251213074
vn -0.1629083901643753 -0.049254950135946274 0.9854109883308411
vn -0.036317501217126846 -0.05858105421066284 0.9976218342781067
vn -0.036469556391239166 -0.094985231757164 0.9948104023933411
vn -0.0363176092505455 -0.049883872270584106 0.9980945587158203
vn -0.003326219040900469 -0.049914419651031494 0.9987480044364929
vn -0.0033261983189731836 -0.05864185839891434 0.998273491859436
vn -0.0033567482605576515 -0.09510915726423264 0.9954611659049988
vn 3.484160231437272e-07 -0.09513993561267853 0.9954638481140137
vn 3.2679912465027883e-07 -0.0586421862244606 0.9982790350914001
vn 3.2679912465027883e-07 -0.0586421862244606 0.9982790350914001
vn 3.483983164187521e-07 -0.09510969370603561 0.9954668283462524
vn 3.215720880689332e-07 -0.04991469159722328 0.9987534284591675
vn 3.215720880689332e-07 -0.04991469159722328 0.9987534284591675
vn 3.2679912465027883e-07 -0.0586421862244606 0.9982790350914001
vn 3.483983164187521e-07 -0.09510969370603561 0.9954668283462524
vn 3.215720880689332e-07 -0.04991469159722328 0.9987534284591675
vn -0.46807965636253357 0.5722032189369202 -0.6734127998352051
vn -0.1670042872428894 0.6388761401176453 -0.7509639263153076
vn -0.17032881081104279 0.7305150032043457 -0.6613137722015381
vn -0.47499847412109375 0.6520678400993347 -0.5909178256988525
vn -0.03720373287796974 0.6479172110557556 -0.7608016133308411
vn -0.0379665307700634 0.7411458492279053 -0.6702695488929749
vn -0.17340894043445587 0.809744656085968 -0.5605738162994385
vn -0.4813424050807953 0.7204495668411255 -0.49926137924194336
vn -0.038698628544807434 0.8218413591384888 -0.5684005618095398
vn -0.003388233482837677 0.6485210061073303 -0.7611891627311707
vn -0.0034798909910023212 0.7417981624603271 -0.6706143021583557
vn -0.0035408963449299335 0.8225514888763428 -0.5686796307563782
vn -0.0036019799299538136 0.8900949954986572 -0.45576077699661255
vn -0.039339579641819 0.8893458247184753 -0.4555397927761078
vn -0.17615766823291779 0.8759475946426392 -0.4490927755832672
vn -0.4869646430015564 0.7770549654960632 -0.3988119065761566
vn -6.203757720868452e-07 0.6485247611999512 -0.761193573474884
vn -6.203757720868452e-07 0.6485247611999512 -0.761193573474884
vn -6.513418497888779e-07 0.7418163418769836 -0.6706030368804932
vn -6.513418497888779e-07 0.7418163418769836 -0.6706030368804932
vn -6.203757720868452e-07 0.6485247611999512 -0.761193573474884
vn -6.513418497888779e-07 0.7418163418769836 -0.6706030368804932
vn -6.712924118801311e-07 0.8225566148757935 -0.5686832070350647
vn -6.712924118801311e-07 0.8225566148757935 -0.5686832070350647
vn -6.712924118801311e-07 0.8225566148757935 -0.5686832070350647
vn -6.799273819524387e-07 0.8901071548461914 -0.45575132966041565
vn -6.799273819524387e-07 0.8901071548461914 -0.45575132966041565
vn -6.799273819524387e-07 0.8901071548461914 -0.45575132966041565
vn -0.4682628810405731 0.006509146653115749 -0.8835651874542236
vn -0.16764211654663086 0.00729231396690011 -0.985821008682251
vn -0.16666683554649353 0.04367046058177948 -0.9850457310676575
vn -0.4654240608215332 0.03916604816913605 -0.8842208385467529
vn -0.03741655498743057 0.0072499830275774 -0.999273419380188
vn -0.03720266371965408 0.044206853955984116 -0.9983294606208801
vn -0.16614489257335663 0.05236707627773285 -0.9847099184989929
vn -0.46413978934288025 0.047070786356925964 -0.884510338306427
vn -0.0371115505695343 0.053057312965393066 -0.9979016184806824
vn -0.4728037416934967 -0.057221002876758575 -0.8793079257011414
vn -0.16962313652038574 -0.06394179910421371 -0.9834324717521667
vn -0.03784437105059624 -0.06508402526378632 -0.997161865234375
vn -0.0034794602543115616 -0.06526601314544678 -0.9978618025779724
vn -0.0034489152021706104 0.007159359287470579 -0.999968409538269
vn -0.003418466541916132 0.04423895478248596 -0.9990151524543762
vn -0.003418500069528818 0.05308935046195984 -0.9985838532447815
vn -2.956440141588246e-07 0.007159402593970299 -0.9999743103981018
vn -2.956440141588246e-07 0.007159402593970299 -0.9999743103981018
vn -3.1816102818993386e-07 0.044239211827516556 -0.9990209341049194
vn -3.1816102818993386e-07 0.044239211827516556 -0.9990209341049194
vn -2.956440141588246e-07 0.007159402593970299 -0.9999743103981018
vn -3.1816102818993386e-07 0.044239211827516556 -0.9990209341049194
vn -3.2347529099752137e-07 0.05308809131383896 -0.998589813709259
vn -3.2347529099752137e-07 0.05308809131383896 -0.998589813709259
vn -3.2347529099752137e-07 0.05308809131383896 -0.998589813709259
vn -2.505083500636829e-07 -0.06526437401771545 -0.9978679418563843
vn -2.505083500636829e-07 -0.06526437401771545 -0.9978679418563843
vn -2.505083500636829e-07 -0.06526437401771545 -0.9978679418563843
vn -0.5277681946754456 -0.6461796164512634 -0.5512826442718506
vn -0.19730788469314575 -0.7458345293998718 -0.6362392902374268
vn -0.19376687705516815 -0.6573804020881653 -0.7282207608222961
vn -0.5211491584777832 -0.5718156099319458 -0.6335853338241577
vn -0.04431311413645744 -0.7603005170822144 -0.648058295249939
vn -0.043490197509527206 -0.6697894334793091 -0.7412763237953186
vn -0.1896459013223648 -0.5576818585395813 -0.8080997467041016
vn -0.5133395791053772 -0.4873007535934448 -0.7064136862754822
vn -0.042512938380241394 -0.5679457783699036 -0.8219671845436096
vn -0.0040587568655610085 -0.7611594200134277 -0.6485520601272583
vn -0.003997770603746176 -0.6705658435821533 -0.7418392300605774
vn -0.003906310070306063 -0.5686440467834473 -0.8225744366645813
vn -0.0038148765452206135 -0.456489235162735 -0.8897207975387573
vn -0.04138398543000221 -0.45587965846061707 -0.8890787959098816
vn -0.184915229678154 -0.4478414058685303 -0.8747825026512146
vn -0.5042139291763306 -0.3933047652244568 -0.768817126750946
vn 2.7903089971914596e-07 -0.7611657381057739 -0.6485574245452881
vn 2.7903089971914596e-07 -0.7611657381057739 -0.6485574245452881
vn 1.9616823010437656e-07 -0.6705712676048279 -0.7418451905250549
vn 1.9618155988609942e-07 -0.6705864071846008 -0.7418314218521118
vn 2.7903089971914596e-07 -0.7611657381057739 -0.6485574245452881
vn 1.9618155988609942e-07 -0.6705864071846008 -0.7418314218521118
vn 1.100141560073098e-07 -0.5686689615249634 -0.8225664496421814
vn 1.100141560073098e-07 -0.5686689615249634 -0.8225664496421814
vn 1.100141560073098e-07 -0.5686689615249634 -0.8225664496421814
vn 2.151201172750916e-08 -0.45651668310165405 -0.889714777469635
vn 2.151201172750916e-08 -0.45651668310165405 -0.889714777469635
vn 2.151201172750916e-08 -0.45651668310165405 -0.889714777469635
vn -0.461422860622406 0.3033018112182617 0.8337246775627136
vn -0.16394957900047302 0.3375663161277771 0.9269140362739563
vn -0.16147488355636597 0.23521792888641357 0.9584354758262634
vn -0.4559224545955658 0.21209435164928436 0.864378809928894
vn -0.03650078549981117 0.34230858087539673 0.9388783574104309
vn -0.035951461642980576 0.23837807774543762 0.9705067873001099
vn -0.16004261374473572 0.14730118215084076 0.9760578274726868
vn -0.4525717496871948 0.1333026885986328 0.8817081451416016
vn -0.0356154665350914 0.14917542040348053 0.9881691336631775
vn -0.0033570057712495327 0.3426707088947296 0.939449667930603
vn -0.003295902395620942 0.23861898481845856 0.9711077213287354
vn -0.0032653596717864275 0.14929774403572083 0.9887869358062744
vn 6.293344512187105e-08 0.34270939230918884 0.9394415020942688
vn 6.293344512187105e-08 0.34270939230918884 0.9394415020942688
vn 1.3614612726087216e-07 0.23862026631832123 0.9711129665374756
vn 1.3614612726087216e-07 0.23862026631832123 0.9711129665374756
vn 6.293344512187105e-08 0.34270939230918884 0.9394415020942688
vn 1.3614612726087216e-07 0.23862026631832123 0.9711129665374756
vn 1.9620534885689267e-07 0.1492985337972641 0.9887921810150146
vn 1.9620534885689267e-07 0.1492985337972641 0.9887921810150146
vn 1.9620534885689267e-07 0.1492985337972641 0.9887921810150146
vn -0.5070772171020508 -0.5582267642021179 0.656700611114502
vn -0.18638235330581665 -0.636520266532898 0.7484007477760315
vn -0.1908692866563797 -0.7276819944381714 0.6588230729103088
vn -0.5156824588775635 -0.6350510120391846 0.5751363635063171
vn -0.04171895608305931 -0.6477581858634949 0.760702908039093
vn -0.04278727248311043 -0.7409932613372803 0.6701478362083435
vn -0.1948024332523346 -0.8064499497413635 0.5582925081253052
vn -0.5231119990348816 -0.7006822824478149 0.4851784408092499
vn -0.043733447790145874 -0.8216683268547058 0.5682858228683472
vn -0.003814253956079483 -0.6485201120376587 0.7611880898475647
vn -0.0039057687390595675 -0.7418107390403748 0.6705979704856873
vn -0.003997334279119968 -0.8225500583648682 0.568678617477417
vn 6.20387709204806e-07 -0.6485574841499329 0.7611656188964844
vn 6.20387709204806e-07 -0.6485574841499329 0.7611656188964844
vn 6.513503194582881e-07 -0.7418452501296997 0.6705710887908936
vn 6.513503194582881e-07 -0.7418452501296997 0.6705710887908936
vn 6.20387709204806e-07 -0.6485574841499329 0.7611656188964844
vn 6.513503194582881e-07 -0.7418452501296997 0.6705710887908936
vn 6.712970730404777e-07 -0.8225808143615723 0.5686482787132263
vn 6.712970730404777e-07 -0.8225808143615723 0.5686482787132263
vn 6.712970730404777e-07 -0.8225808143615723 0.5686482787132263
vn -0.4914242923259735 0.8204030394554138 -0.2923029065132141
vn -0.17838600277900696 0.9269953370094299 -0.3299364447593689
vn -0.18009625375270844 0.9616833925247192 -0.20671357214450836
vn -0.49480006098747253 0.8495596051216125 -0.18281520903110504
vn -0.03985845670104027 0.9414581060409546 -0.3347652852535248
vn -0.040255095809698105 0.976928174495697 -0.20974016189575195
vn -0.18128353357315063 0.9801690578460693 -0.08003046363592148
vn -0.49718260765075684 0.8647582530975342 -0.07072965800762177
vn -0.040529292076826096 0.9958736300468445 -0.08119766414165497
vn -0.003662982489913702 0.9422288537025452 -0.33494997024536133
vn -0.0036934823729097843 0.9777304530143738 -0.20983247458934784
vn -0.003723990637809038 0.9966910481452942 -0.08119852095842361
vn -6.767874083379866e-07 0.9422481656074524 -0.3349154591560364
vn -6.767874083379866e-07 0.9422481656074524 -0.3349154591560364
vn -6.621739885304123e-07 0.9777370095252991 -0.20983389019966125
vn -6.621739885304123e-07 0.9777370095252991 -0.20983389019966125
vn -6.767874083379866e-07 0.9422481656074524 -0.3349154591560364
vn -6.621739885304123e-07 0.9777370095252991 -0.20983389019966125
vn -6.363645184137567e-07 0.9966981410980225 -0.08119656890630722
vn -6.363645184137567e-07 0.9966981410980225 -0.08119656890630722
vn -6.363645184137567e-07 0.9966981410980225 -0.08119656890630722
vn -0.49410268664360046 -0.2969120442867279 -0.8171327114105225
vn -0.179879829287529 -0.3361641466617584 -0.9244657754898071
vn -0.1754564791917801 -0.23394422233104706 -0.956287145614624
vn -0.48492586612701416 -0.20772488415241241 -0.8495277166366577
vn -0.0402245931327343 -0.34203699231147766 -0.9388251304626465
vn -0.03918687626719475 -0.23785993456840515 -0.9705087542533875
vn -0.17209619283676147 -0.14611200988292694 -0.9741837978363037
vn -0.477802038192749 -0.13032738864421844 -0.8687461614608765
vn -0.038423486053943634 -0.14850357174873352 -0.9881651401519775
vn -0.0036929224152117968 -0.34252578020095825 -0.9395012259483337
vn -0.003601356176659465 -0.23825211822986603 -0.9711966514587402
vn -0.0035403938964009285 -0.14874695241451263 -0.9888689517974854
vn -6.302531119217747e-08 -0.34258195757865906 -0.9394879341125488
vn -6.302531119217747e-08 -0.34258195757865906 -0.9394879341125488
vn -1.3637796314469597e-07 -0.2382824420928955 -0.9711959362030029
vn -1.3637796314469597e-07 -0.2382824420928955 -0.9711959362030029
vn -6.302531119217747e-08 -0.34258195757865906 -0.9394879341125488
vn -1.3637796314469597e-07 -0.2382824420928955 -0.9711959362030029
vn -1.9656803829093406e-07 -0.14874789118766785 -0.988875150680542
vn -1.9656803829093406e-07 -0.14874789118766785 -0.988875150680542
vn -1.9656803829093406e-07 -0.14874789118766785 -0.988875150680542
f 1//1 2//2 3//3
f 1//1 3//3 4//4
f 2//2 5//5 6//6
f 2//2 6//6 3//3
f 4//4 3//3 7//7
f 4//4 7//7 8//8
f 3//3 6//6 9//9
f 3//3 9//9 7//7
f 10//10 11//11 1//1
f 10//10 1//1 12//12
f 11//11 13//13 2//2
f 11//11 2//2 1//1
f 13//13 14//14 5//5
f 13//13 5//5 2//2
f 14//14 15//15 16//16
f 14//14 16//16 5//5
f 5//5 16//16 17//17
f 5//5 17//17 6//6
f 6//6 17//17 18//18
f 6//6 18//18 9//9
f 9//9 18//18 19//19
f 9//9 19//19 20//20
f 7//7 9//9 20//20
f 7//7 20//20 21//21
f 8//8 7//7 21//21
f 8//8 21//21 22//22
f 23//23 8//8 22//22
f 23//23 22//22 24//24
f 25//25 4//4 8//8
f 25//25 8//8 23//23
f 12//12 1//1 4//4
f 12//12 4//4 25//25
f 26//26 27//27 28//28
f 26//26 28//28 29//29
f 27//27 30//30 31//31
f 27//27 31//31 28//28
f 29//29 28//28 32//32
f 29//29 32//32 33//33
f 28//28 31//31 34//34
f 28//28 34//34 32//32
f 35//35 36//36 26//26
f 35//35 26//26 37//37
f 36//36 38//38 27//27
f 36//36 27//27 26//26
f 38//38 39//39 30//30
f 38//38 30//30 27//27
f 39//39 40//40 41//41
f 39//39 41//41 30//30
f 30//30 41//41 42//42
f 30//30 42//42 31//31
f 31//31 42//42 43//43
f 31//31 43//43 34//34
f 34//34 43//43 44//44
f 34//34 44//44 45//45
f 32//32 34//34 45//45
f 32//32 45//45 46//46
f 33//33 32//32 46//46
f 33//33 46//46 47//47
f 48//48 33//33 47//47
f 48//48 47//47 49//49
f 50//50 29//29 33//33
f 50//50 33//33 48//48
f 37//37 26//26 29//29
f 37//37 29//29 50//50
f 51//51 52//52 53//53
f 51//51 53//53 54//54
f 52//52 55//55 56//56
f 52//52 56//56 53//53
f 54//54 53//53 57//57
f 54//54 57//57 58//58
f 53//53 56//56 59//59
f 53//53 59//59 57//57
f 60//60 61//61 51//51
f 60//60 51//51 62//62
f 61//61 63//63 52//52
f 61//61 52//52 51//51
f 63//63 64//64 55//55
f 63//63 55//55 52//52
f 64//64 65//65 66//66
f 64//64 66//66 55//55
f 55//55 66//66 67//67
f 55//55 67//67 56//56
f 56//56 67//67 68//68
f 56//56 68//68 59//59
f 59//59 68//68 69//69
f 59//59 69//69 70//70
f 57//57 59//59 70//70
f 57//57 70//70 71//71
f 58//58 57//57 71//71
f 58//58 71//71 72//72
f 73//73 58//58 72//72
f 73//73 72//72 74//74
f 75//75 54//54 58//58
f 75//75 58//58 73//73
f 62//62 51//51 54//54
f 62//62 54//54 75//75
f 76//76 77//77 78//78
f 76//76 78//78 79//79
f 77//77 80//80 81//81
f 77//77 81//81 78//78
f 79//79 78//78 82//82
f 79//79 82//82 83//83
f 78//78 81//81 84//84
f 78//78 84//84 82//82
f 85//85 86//86 76//76
f 85//85 76//76 87//87
f 86//86 88//88 77//77
f 86//86 77//77 76//76
f 88//88 89//89 80//80
f 88//88 80//80 77//77
f 89//89 90//90 91//91
f 89//89 91//91 80//80
f 80//80 91//91 92//92
f 80//80 92//92 81//81
f 81//81 92//92 93//93
f 81//81 93//93 84//84
f 84//84 93//93 94//94
f 84//84 94//94 95//95
f 82//82 84//84 95//95
f 82//82 95//95 96//96
f 83//83 82//82 96//96
f 83//83 96//96 97//97
f 98//98 83//83 97//97
f 98//98 97//97 99//99
f 100//100 79//79 83//83
f 100//100 83//83 98//98
f 87//87 76//76 79//79
f 87//87 79//79 100//100
f 101//101 102//102 103//103
f 101//101 103//103 104//104
f 102//102 105//105 106//106
f 102//102 106//106 103//103
f 104//104 103//103 107//107
f 104//104 107//107 108//108
f 103//103 106//106 109//109
f 103//103 109//109 107//107
f 110//110 111//111 101//101
f 110//110 101//101 112//112
f 111//111 113//113 102//102
f 111//111 102//102 101//101
f 113//113 114//114 105//105
f 113//113 105//105 102//102
f 114//114 115//115 116//116
f 114//114 116//116 105//105
f 105//105 116//116 117//117
f 105//105 117//117 106//106
f 106//106 117//117 118//118
f 106//106 118//118 109//109
f 109//109 118//118 119//119
f 109//109 119//119 120//120
f 107//107 109//109 120//120
f 107//107 120//120 121//121
f 108//108 107//107 121//121
f 108//108 121//121 122//122
f 123//123 108//108 122//122
f 123//123 122//122 124//124
f 125//125 104//104 108//108
f 125//125 108//108 123//123
f 112//112 101//101 104//104
f 112//112 104//104 125//125
f 126//126 127//127 128//128
f 126//126 128//128 129//129
f 127//127 130//130 131//131
f 127//127 131//131 128//128
f 129//129 128//128 132//132
f 129//129 132//132 133//133
f 128//128 131//131 134//134
f 128//128 134//134 132//132
f 35//35 37//37 126//126
f 35//35 126//126 135//135
f 37//37 50//50 127//127
f 37//37 127//127 126//126
f 50//50 48//48 130//130
f 50//50 130//130 127//127
f 48//48 49//49 136//136
f 48//48 136//136 130//130
f 130//130 136//136 137//137
f 130//130 137//137 131//131
f 131//131 137//137 138//138
f 131//131 138//138 134//134
f 134//134 138//138 139//139
f 134//134 139//139 140//140
f 132//132 134//134 140//140
f 132//132 140//140 141//141
f 133//133 132//132 141//141
f 133//133 141//141 142//142
f 143//143 133//133 142//142
f 143//143 142//142 144//144
f 145//145 129//129 133//133
f 145//145 133//133 143//143
f 135//135 126//126 129//129
f 135//135 129//129 145//145
f 146//146 147//147 148//148
f 146//146 148//148 149//149
f 147//147 150//150 151//151
f 147//147 151//151 148//148
f 149//149 148//148 152//152
f 149//149 152//152 153//153
f 148//148 151//151 154//154
f 148//148 154//154 152//152
f 10//10 155//155 146//146
f 10//10 146//146 11//11
f 155//155 156//156 147//147
f 155//155 147//147 146//146
f 156//156 157//157 150//150
f 156//156 150//150 147//147
f 157//157 158//158 159//159
f 157//157 159//159 150//150
f 150//150 159//159 160//160
f 150//150 160//160 151//151
f 151//151 160//160 161//161
f 151//151 161//161 154//154
f 154//154 161//161 162//162
f 154//154 162//162 163//163
f 152//152 154//154 163//163
f 152//152 163//163 164//164
f 153//153 152//152 164//164
f 153//153 164//164 165//165
f 14//14 153//153 165//165
f 14//14 165//165 15//15
f 13//13 149//149 153//153
f 13//13 153//153 14//14
f 11//11 146//146 149//149
f 11//11 149//149 13//13
f 166//166 167//167 168//168
f 166//166 168//168 169//169
f 167//167 170//170 171//171
f 167//167 171//171 168//168
f 169//169 168//168 172//172
f 169//169 172//172 173//173
f 168//168 171//171 174//174
f 168//168 174//174 172//172
f 175//175 176//176 166//166
f 175//175 166//166 177//177
f 176//176 178//178 167//167
f 176//176 167//167 166//166
f 178//178 179//179 170//170
f 178//178 170//170 167//167
f 179//179 180//180 181//181
f 179//179 181//181 170//170
f 170//170 181//181 182//182
f 170//170 182//182 171//171
f 171//171 182//182 183//183
f 171//171 183//183 174//174
f 174//174 183//183 184//184
f 174//174 184//184 185//185
f 172//172 174//174 185//185
f 172//172 185//185 186//186
f 173//173 172//172 186//186
f 173//173 186//186 187//187
f 188//188 173//173 187//187
f 188//188 187//187 189//189
f 190//190 169//169 173//173
f 190//190 173//173 188//188
f 177//177 166//166 169//169
f 177//177 169//169 190//190
f 191//191 192//192 193//193
f 191//191 193//193 194//194
f 192//192 195//195 196//196
f 192//192 196//196 193//193
f 194//194 193//193 197//197
f 194//194 197//197 198//198
f 193//193 196//196 199//199
f 193//193 199//199 197//197
f 200//200 201//201 191//191
f 200//200 191//191 202//202
f 201//201 203//203 192//192
f 201//201 192//192 191//191
f 203//203 204//204 195//195
f 203//203 195//195 192//192
f 204//204 205//205 206//206
f 204//204 206//206 195//195
f 195//195 206//206 207//207
f 195//195 207//207 196//196
f 196//196 207//207 208//208
f 196//196 208//208 199//199
f 199//199 208//208 209//209
f 199//199 209//209 210//210
f 197//197 199//199 210//210
f 197//197 210//210 211//211
f 198//198 197//197 211//211
f 198//198 211//211 212//212
f 213//213 198//198 212//212
f 213//213 212//212 214//214
f 215//215 194//194 198//198
f 215//215 198//198 213//213
f 202//202 191//191 194//194
f 202//202 194//194 215//215
f 216//216 217//217 218//218
f 216//216 218//218 219//219
f 217//217 220//220 221//221
f 217//217 221//221 218//218
f 219//219 218//218 222//222
f 219//219 222//222 223//223
f 218//218 221//221 224//224
f 218//218 224//224 222//222
f 225//225 226//226 216//216
f 225//225 216//216 227//227
f 226//226 228//228 217//217
f 226//226 217//217 216//216
f 228//228 229//229 220//220
f 228//228 220//220 217//217
f 229//229 230//230 231//231
f 229//229 231//231 220//220
f 220//220 231//231 232//232
f 220//220 232//232 221//221
f 221//221 232//232 233//233
f 221//221 233//233 224//224
f 224//224 233//233 234//234
f 224//224 234//234 235//235
f 222//222 224//224 235//235
f 222//222 235//235 236//236
f 223//223 222//222 236//236
f 223//223 236//236 237//237
f 238//238 223//223 237//237
f 238//238 237//237 239//239
f 240//240 219//219 223//223
f 240//240 223//223 238//238
f 227//227 216//216 219//219
f 227//227 219//219 240//240
f 241//241 242//242 243//243
f 241//241 243//243 244//244
f 242//242 245//245 246//246
f 242//242 246//246 243//243
f 244//244 243//243 247//247
f 244//244 247//247 248//248
f 243//243 246//246 249//249
f 243//243 249//249 247//247
f 40//40 250//250 241//241
f 40//40 241//241 41//41
f 250//250 251//251 242//242
f 250//250 242//242 241//241
f 251//251 252//252 245//245
f 251//251 245//245 242//242
f 252//252 253//253 254//254
f 252//252 254//254 245//245
f 245//245 254//254 255//255
f 245//245 255//255 246//246
f 246//246 255//255 256//256
f 246//246 256//256 249//249
f 249//249 256//256 257//257
f 249//249 257//257 258//258
f 247//247 249//249 258//258
f 247//247 258//258 259//259
f 248//248 247//247 259//259
f 248//248 259//259 260//260
f 43//43 248//248 260//260
f 43//43 260//260 44//44
f 42//42 244//244 248//248
f 42//42 248//248 43//43
f 41//41 241//241 244//244
f 41//41 244//244 42//42
f 261//261 262//262 263//263
f 261//261 263//263 264//264
f 262//262 265//265 266//266
f 262//262 266//266 263//263
f 264//264 263//263 267//267
f 264//264 267//267 268//268
f 263//263 266//266 269//269
f 263//263 269//269 267//267
f 270//270 271//271 261//261
f 270//270 261//261 272//272
f 271//271 273//273 262//262
f 271//271 262//262 261//261
f 273//273 274//274 265//265
f 273//273 265//265 262//262
f 274//274 275//275 276//276
f 274//274 276//276 265//265
f 265//265 276//276 277//277
f 265//265 277//277 266//266
f 266//266 277//277 278//278
f 266//266 278//278 269//269
f 269//269 278//278 279//279
f 269//269 279//279 280//280
f 267//267 269//269 280//280
f 267//267 280//280 281//281
f 268//268 267//267 281//281
f 268//268 281//281 282//282
f 283//283 268//268 282//282
f 283//283 282//282 284//284
f 285//285 264//264 268//268
f 285//285 268//268 283//283
f 272//272 261//261 264//264
f 272//272 264//264 285//285
f 286//286 287//287 288//288
f 286//286 288//288 289//289
f 287//287 290//290 291//291
f 287//287 291//291 288//288
f 289//289 288//288 292//292
f 289//289 292//292 293//293
f 288//288 291//291 294//294
f 288//288 294//294 292//292
f 65//65 295//295 286//286
f 65//65 286//286 66//66
f 295//295 296//296 287//287
f 295//295 287//287 286//286
f 296//296 297//297 290//290
f 296//296 290//290 287//287
f 297//297 298//298 299//299
f 297//297 299//299 290//290
f 290//290 299//299 300//300
f 290//290 300//300 291//291
f 291//291 300//300 301//301
f 291//291 301//301 294//294
f 294//294 301//301 302//302
f 294//294 302//302 303//303
f 292//292 294//294 303//303
f 292//292 303//303 304//304
f 293//293 292//292 304//304
f 293//293 304//304 305//305
f 68//68 293//293 305//305
f 68//68 305//305 69//69
f 67//67 289//289 293//293
f 67//67 293//293 68//68
f 66//66 286//286 289//289
f 66//66 289//289 67//67
f 306//306 307//307 308//308
f 306//306 308//308 309//309
f 307//307 310//310 311//311
f 307//307 311//311 308//308
f 309//309 308//308 312//312
f 309//309 312//312 313//313
f 308//308 311//311 314//314
f 308//308 314//314 312//312
f 115//115 315//315 306//306
f 115//115 306//306 116//116
f 315//315 316//316 307//307
f 315//315 307//307 306//306
f 316//316 317//317 310//310
f 316//316 310//310 307//307
f 317//317 60//60 62//62
f 317//317 62//62 310//310
f 310//310 62//62 75//75
f 310//310 75//75 311//311
f 311//311 75//75 73//73
f 311//311 73//73 314//314
f 314//314 73//73 74//74
f 314//314 74//74 318//318
f 312//312 314//314 318//318
f 312//312 318//318 319//319
f 313//313 312//312 319//319
f 313//313 319//319 320//320
f 118//118 313//313 320//320
f 118//118 320//320 119//119
f 117//117 309//309 313//313
f 117//117 313//313 118//118
f 116//116 306//306 309//309
f 116//116 309//309 117//117
f 321//321 322//322 323//323
f 321//321 323//323 324//324
f 322//322 325//325 326//326
f 322//322 326//326 323//323
f 324//324 323//323 327//327
f 324//324 327//327 328//328
f 323//323 326//326 329//329
f 323//323 329//329 327//327
f 298//298 330//330 321//321
f 298//298 321//321 299//299
f 330//330 331//331 322//322
f 330//330 322//322 321//321
f 331//331 332//332 325//325
f 331//331 325//325 322//322
f 332//332 333//333 334//334
f 332//332 334//334 325//325
f 325//325 334//334 335//335
f 325//325 335//335 326//326
f 326//326 335//335 336//336
f 326//326 336//336 329//329
f 329//329 336//336 337//337
f 329//329 337//337 338//338
f 327//327 329//329 338//338
f 327//327 338//338 339//339
f 328//328 327//327 339//339
f 328//328 339//339 340//340
f 301//301 328//328 340//340
f 301//301 340//340 302//302
f 300//300 324//324 328//328
f 300//300 328//328 301//301
f 299//299 321//321 324//324
f 299//299 324//324 300//300
f 341//341 342//342 343//343
f 341//341 343//343 344//344
f 342//342 345//345 346//346
f 342//342 346//346 343//343
f 344//344 343//343 347//347
f 344//344 347//347 348//348
f 343//343 346//346 349//349
f 343//343 349//349 347//347
f 158//158 350//350 341//341
f 158//158 341//341 159//159
f 350//350 351//351 342//342
f 350//350 342//342 341//341
f 351//351 352//352 345//345
f 351//351 345//345 342//342
f 352//352 110//110 112//112
f 352//352 112//112 345//345
f 345//345 112//112 125//125
f 345//345 125//125 346//346
f 346//346 125//125 123//123
f 346//346 123//123 349//349
f 349//349 123//123 124//124
f 349//349 124//124 353//353
f 347//347 349//349 353//353
f 347//347 353//353 354//354
f 348//348 347//347 354//354
f 348//348 354//354 355//355
f 161//161 348//348 355//355
f 161//161 355//355 162//162
f 160//160 344//344 348//348
f 160//160 348//348 161//161
f 159//159 341//341 344//344
f 159//159 344//344 160//160
f 356//356 357//357 358//358
f 356//356 358//358 359//359
f 357//357 360//360 361//361
f 357//357 361//361 358//358
f 359//359 358//358 362//362
f 359//359 362//362 363//363
f 358//358 361//361 364//364
f 358//358 364//364 362//362
f 180//180 365//365 356//356
f 180//180 356//356 181//181
f 365//365 366//366 357//357
f 365//365 357//357 356//356
f 366//366 367//367 360//360
f 366//366 360//360 357//357
f 367//367 368//368 369//369
f 367//367 369//369 360//360
f 360//360 369//369 370//370
f 360//360 370//370 361//361
f 361//361 370//370 371//371
f 361//361 371//371 364//364
f 364//364 371//371 372//372
f 364//364 372//372 373//373
f 362//362 364//364 373//373
f 362//362 373//373 374//374
f 363//363 362//362 374//374
f 363//363 374//374 375//375
f 183//183 363//363 375//375
f 183//183 375//375 184//184
f 182//182 359//359 363//363
f 182//182 363//363 183//183
f 181//181 356//356 359//359
f 181//181 359//359 182//182
f 376//376 377//377 378//378
f 376//376 378//378 379//379
f 377//377 380//380 381//381
f 377//377 381//381 378//378
f 379//379 378//378 382//382
f 379//379 382//382 383//383
f 378//378 381//381 384//384
f 378//378 384//384 382//382
f 205//205 385//385 376//376
f 205//205 376//376 206//206
f 385//385 386//386 377//377
f 385//385 377//377 376//376
f 386//386 387//387 380//380
f 386//386 380//380 377//377
f 387//387 175//175 177//177
f 387//387 177//177 380//380
f 380//380 177//177 190//190
f 380//380 190//190 381//381
f 381//381 190//190 188//188
f 381//381 188//188 384//384
f 384//384 188//188 189//189
f 384//384 189//189 388//388
f 382//382 384//384 388//388
f 382//382 388//388 389//389
f 383//383 382//382 389//389
f 383//383 389//389 390//390
f 208//208 383//383 390//390
f 208//208 390//390 209//209
f 207//207 379//379 383//383
f 207//207 383//383 208//208
f 206//206 376//376 379//379
f 206//206 379//379 207//207
f 391//391 392//392 393//393
f 391//391 393//393 394//394
f 392//392 395//395 396//396
f 392//392 396//396 393//393
f 394//394 393//393 397//397
f 394//394 397//397 398//398
f 393//393 396//396 399//399
f 393//393 399//399 397//397
f 400//400 401//401 391//391
f 400//400 391//391 402//402
f 401//401 403//403 392//392
f 401//401 392//392 391//391
f 403//403 404//404 395//395
f 403//403 395//395 392//392
f 404//404 405//405 406//406
f 404//404 406//406 395//395
f 395//395 406//406 407//407
f 395//395 407//407 396//396
f 396//396 407//407 408//408
f 396//396 408//408 399//399
f 399//399 408//408 409//409
f 399//399 409//409 410//410
f 397//397 399//399 410//410
f 397//397 410//410 411//411
f 398//398 397//397 411//411
f 398//398 411//411 412//412
f 413//413 398//398 412//412
f 413//413 412//412 414//414
f 415//415 394//394 398//398
f 415//415 398//398 413//413
f 402//402 391//391 394//394
f 402//402 394//394 415//415
f 416//416 417//417 418//418
f 416//416 418//418 419//419
f 417//417 420//420 421//421
f 417//417 421//421 418//418
f 419//419 418//418 422//422
f 419//419 422//422 423//423
f 418//418 421//421 424//424
f 418//418 424//424 422//422
f 253//253 425//425 416//416
f 253//253 416//416 254//254
f 425//425 426//426 417//417
f 425//425 417//417 416//416
f 426//426 427//427 420//420
f 426//426 420//420 417//417
f 427//427 200//200 202//202
f 427//427 202//202 420//420
f 420//420 202//202 215//215
f 420//420 215//215 421//421
f 421//421 215//215 213//213
f 421//421 213//213 424//424
f 424//424 213//213 214//214
f 424//424 214//214 428//428
f 422//422 424//424 428//428
f 422//422 428//428 429//429
f 423//423 422//422 429//429
f 423//423 429//429 430//430
f 256//256 423//423 430//430
f 256//256 430//430 257//257
f 255//255 419//419 423//423
f 255//255 423//423 256//256
f 254//254 416//416 419//419
f 254//254 419//419 255//255
f 431//431 432//432 433//433
f 431//431 433//433 434//434
f 432//432 435//435 436//436
f 432//432 436//436 433//433
f 434//434 433//433 437//437
f 434//434 437//437 438//438
f 433//433 436//436 439//439
f 433//433 439//439 437//437
f 440//440 441//441 431//431
f 440//440 431//431 442//442
f 441//441 443//443 432//432
f 441//441 432//432 431//431
f 443//443 444//444 435//435
f 443//443 435//435 432//432
f 444//444 239//239 237//237
f 444//444 237//237 435//435
f 435//435 237//237 236//236
f 435//435 236//236 436//436
f 436//436 236//236 235//235
f 436//436 235//235 439//439
f 439//439 235//235 234//234
f 439//439 234//234 445//445
f 437//437 439//439 445//445
f 437//437 445//445 446//446
f 438//438 437//437 446//446
f 438//438 446//446 447//447
f 448//448 438//438 447//447
f 448//448 447//447 449//449
f 450//450 434//434 438//438
f 450//450 438//438 448//448
f 442//442 431//431 434//434
f 442//442 434//434 450//450
f 451//451 452//452 453//453
f 451//451 453//453 454//454
f 452//452 455//455 456//456
f 452//452 456//456 453//453
f 454//454 453//453 457//457
f 454//454 457//457 458//458
f 453//453 456//456 459//459
f 453//453 459//459 457//457
f 460//460 461//461 451//451
f 460//460 451//451 462//462
f 461//461 463//463 452//452
f 461//461 452//452 451//451
f 463//463 464//464 455//455
f 463//463 455//455 452//452
f 464//464 465//465 466//466
f 464//464 466//466 455//455
f 455//455 466//466 467//467
f 455//455 467//467 456//456
f 456//456 467//467 468//468
f 456//456 468//468 459//459
f 459//459 468//468 469//469
f 459//459 469//469 470//470
f 457//457 459//459 470//470
f 457//457 470//470 471//471
f 458//458 457//457 471//471
f 458//458 471//471 472//472
f 473//473 458//458 472//472
f 473//473 472//472 474//474
f 475//475 454//454 458//458
f 475//475 458//458 473//473
f 462//462 451//451 454//454
f 462//462 454//454 475//475
f 476//476 477//477 478//478
f 476//476 478//478 479//479
f 477//477 480//480 481//481
f 477//477 481//481 478//478
f 479//479 478//478 482//482
f 479//479 482//482 483//483
f 478//478 481//481 484//484
f 478//478 484//484 482//482
f 485//485 486//486 476//476
f 485//485 476//476 487//487
f 486//486 488//488 477//477
f 486//486 477//477 476//476
f 488//488 489//489 480//480
f 488//488 480//480 477//477
f 489//489 490//490 491//491
f 489//489 491//491 480//480
f 480//480 491//491 492//492
f 480//480 492//492 481//481
f 481//481 492//492 493//493
f 481//481 493//493 484//484
f 484//484 493//493 494//494
f 484//484 494//494 495//495
f 482//482 484//484 495//495
f 482//482 495//495 496//496
f 483//483 482//482 496//496
f 483//483 496//496 497//497
f 498//498 483//483 497//497
f 498//498 497//497 499//499
f 500//500 479//479 483//483
f 500//500 483//483 498//498
f 487//487 476//476 479//479
f 487//487 479//479 500//500
f 501//501 502//502 503//503
f 501//501 503//503 504//504
f 502//502 505//505 506//506
f 502//502 506//506 503//503
f 504//504 503//503 507//507
f 504//504 507//507 508//508
f 503//503 506//506 509//509
f 503//503 509//509 507//507
f 510//510 511//511 501//501
f 510//510 501//501 512//512
f 511//511 513//513 502//502
f 511//511 502//502 501//501
f 513//513 514//514 505//505
f 513//513 505//505 502//502
f 514//514 99//99 97//97
f 514//514 97//97 505//505
f 505//505 97//97 96//96
f 505//505 96//96 506//506
f 506//506 96//96 95//95
f 506//506 95//95 509//509
f 509//509 95//95 94//94
f 509//509 94//94 515//515
f 507//507 509//509 515//515
f 507//507 515//515 516//516
f 508//508 507//507 516//516
f 508//508 516//516 517//517
f 518//518 508//508 517//517
f 518//518 517//517 519//519
f 520//520 504//504 508//508
f 520//520 508//508 518//518
f 512//512 501//501 504//504
f 512//512 504//504 520//520
f 521//521 522//522 523//523
f 521//521 523//523 524//524
f 522//522 525//525 526//526
f 522//522 526//526 523//523
f 524//524 523//523 527//527
f 524//524 527//527 528//528
f 523//523 526//526 529//529
f 523//523 529//529 527//527
f 530//530 531//531 521//521
f 530//530 521//521 532//532
f 531//531 533//533 522//522
f 531//531 522//522 521//521
f 533//533 534//534 525//525
f 533//533 525//525 522//522
f 534//534 535//535 536//536
f 534//534 536//536 525//525
f 525//525 536//536 537//537
f 525//525 537//537 526//526
f 526//526 537//537 538//538
f 526//526 538//538 529//529
f 529//529 538//538 539//539
f 529//529 539//539 540//540
f 527//527 529//529 540//540
f 527//527 540//540 541//541
f 528//528 527//527 541//541
f 528//528 541//541 542//542
f 543//543 528//528 542//542
f 543//543 542//542 544//544
f 545//545 524//524 528//528
f 545//545 528//528 543//543
f 532//532 521//521 524//524
f 532//532 524//524 545//545
f 546//546 547//547 548//548
f 546//546 548//548 549//549
f 547//547 550//550 551//551
f 547//547 551//551 548//548
f 549//549 548//548 552//552
f 549//549 552//552 553//553
f 548//548 551//551 554//554
f 548//548 554//554 552//552
f 460//460 555//555 546//546
f 460//460 546//546 461//461
f 555//555 556//556 547//547
f 555//555 547//547 546//546
f 556//556 557//557 550//550
f 556//556 550//550 547//547
f 557//557 85//85 87//87
f 557//557 87//87 550//550
f 550//550 87//87 100//100
f 550//550 100//100 551//551
f 551//551 100//100 98//98
f 551//551 98//98 554//554
f 554//554 98//98 99//99
f 554//554 99//99 558//558
f 552//552 554//554 558//558
f 552//552 558//558 559//559
f 553//553 552//552 559//559
f 553//553 559//559 560//560
f 464//464 553//553 560//560
f 464//464 560//560 465//465
f 463//463 549//549 553//553
f 463//463 553//553 464//464
f 461//461 546//546 549//549
f 461//461 549//549 463//463
f 561//561 562//562 563//563
f 561//561 563//563 564//564
f 562//562 565//565 566//566
f 562//562 566//566 563//563
f 564//564 563//563 567//567
f 564//564 567//567 568//568
f 563//563 566//566 569//569
f 563//563 569//569 567//567
f 440//440 442//442 561//561
f 440//440 561//561 570//570
f 442//442 450//450 562//562
f 442//442 562//562 561//561
f 450//450 448//448 565//565
f 450//450 565//565 562//562
f 448//448 449//449 571//571
f 448//448 571//571 565//565
f 565//565 571//571 572//572
f 565//565 572//572 566//566
f 566//566 572//572 573//573
f 566//566 573//573 569//569
f 569//569 573//573 574//574
f 569//569 574//574 575//575
f 567//567 569//569 575//575
f 567//567 575//575 576//576
f 568//568 567//567 576//576
f 568//568 576//576 577//577
f 578//578 568//568 577//577
f 578//578 577//577 579//579
f 580//580 564//564 568//568
f 580//580 568//568 578//578
f 570//570 561//561 564//564
f 570//570 564//564 580//580
f 581//581 582//582 583//583
f 581//581 583//583 584//584
f 582//582 585//585 586//586
f 582//582 586//586 583//583
f 584//584 583//583 587//587
f 584//584 587//587 588//588
f 583//583 586//586 589//589
f 583//583 589//589 587//587
f 590//590 591//591 581//581
f 590//590 581//581 592//592
f 591//591 593//593 582//582
f 591//591 582//582 581//581
f 593//593 594//594 585//585
f 593//593 585//585 582//582
f 594//594 595//595 596//596
f 594//594 596//596 585//585
f 585//585 596//596 597//597
f 585//585 597//597 586//586
f 586//586 597//597 598//598
f 586//586 598//598 589//589
f 589//589 598//598 599//599
f 589//589 599//599 600//600
f 587//587 589//589 600//600
f 587//587 600//600 601//601
f 588//588 587//587 601//601
f 588//588 601//601 602//602
f 603//603 588//588 602//602
f 603//603 602//602 604//604
f 605//605 584//584 588//588
f 605//605 588//588 603//603
f 592//592 581//581 584//584
f 592//592 584//584 605//605
f 606//606 607//607 608//608
f 606//606 608//608 609//609
f 607//607 610//610 611//611
f 607//607 611//611 608//608
f 609//609 608//608 612//612
f 609//609 612//612 613//613
f 608//608 611//611 614//614
f 608//608 614//614 612//612
f 615//615 616//616 606//606
f 615//615 606//606 617//617
f 616//616 618//618 607//607
f 616//616 607//607 606//606
f 618//618 619//619 610//610
f 618//618 610//610 607//607
f 619//619 620//620 621//621
f 619//619 621//621 610//610
f 610//610 621//621 622//622
f 610//610 622//622 611//611
f 611//611 622//622 623//623
f 611//611 623//623 614//614
f 614//614 623//623 624//624
f 614//614 624//624 625//625
f 612//612 614//614 625//625
f 612//612 625//625 626//626
f 613//613 612//612 626//626
f 613//613 626//626 627//627
f 628//628 613//613 627//627
f 628//628 627//627 629//629
f 630//630 609//609 613//613
f 630//630 613//613 628//628
f 617//617 606//606 609//609
f 617//617 609//609 630//630
f 631//631 632//632 633//633
f 631//631 633//633 634//634
f 632//632 635//635 636//636
f 632//632 636//636 633//633
f 634//634 633//633 637//637
f 634//634 637//637 638//638
f 633//633 636//636 639//639
f 633//633 639//639 637//637
f 640//640 641//641 631//631
f 640//640 631//631 642//642
f 641//641 643//643 632//632
f 641//641 632//632 631//631
f 643//643 644//644 635//635
f 643//643 635//635 632//632
f 644//644 645//645 646//646
f 644//644 646//646 635//635
f 635//635 646//646 647//647
f 635//635 647//647 636//636
f 636//636 647//647 648//648
f 636//636 648//648 639//639
f 639//639 648//648 649//649
f 639//639 649//649 650//650
f 637//637 639//639 650//650
f 637//637 650//650 651//651
f 638//638 637//637 651//651
f 638//638 651//651 652//652
f 653//653 638//638 652//652
f 653//653 652//652 654//654
f 655//655 634//634 638//638
f 655//655 638//638 653//653
f 642//642 631//631 634//634
f 642//642 634//634 655//655
f 656//656 657//657 658//658
f 656//656 658//658 659//659
f 657//657 660//660 661//661
f 657//657 661//661 658//658
f 659//659 658//658 662//662
f 659//659 662//662 663//663
f 658//658 661//661 664//664
f 658//658 664//664 662//662
f 474//474 472//472 656//656
f 474//474 656//656 665//665
f 472//472 471//471 657//657
f 472//472 657//657 656//656
f 471//471 470//470 660//660
f 471//471 660//660 657//657
f 470//470 469//469 666//666
f 470//470 666//666 660//660
f 660//660 666//666 667//667
f 660//660 667//667 661//661
f 661//661 667//667 668//668
f 661//661 668//668 664//664
f 664//664 668//668 669//669
f 664//664 669//669 670//670
f 662//662 664//664 670//670
f 662//662 670//670 671//671
f 663//663 662//662 671//671
f 663//663 671//671 672//672
f 673//673 663//663 672//672
f 673//673 672//672 674//674
f 675//675 659//659 663//663
f 675//675 663//663 673//673
f 665//665 656//656 659//659
f 665//665 659//659 675//675
f 676//676 677//677 678//678
f 676//676 678//678 679//679
f 677//677 680//680 681//681
f 677//677 681//681 678//678
f 679//679 678//678 682//682
f 679//679 682//682 683//683
f 678//678 681//681 684//684
f 678//678 684//684 682//682
f 685//685 686//686 676//676
f 685//685 676//676 687//687
f 686//686 688//688 677//677
f 686//686 677//677 676//676
f 688//688 689//689 680//680
f 688//688 680//680 677//677
f 689//689 690//690 691//691
f 689//689 691//691 680//680
f 680//680 691//691 692//692
f 680//680 692//692 681//681
f 681//681 692//692 693//693
f 681//681 693//693 684//684
f 684//684 693//693 405//405
f 684//684 405//405 404//404
f 682//682 684//684 404//404
f 682//682 404//404 403//403
f 683//683 682//682 403//403
f 683//683 403//403 401//401
f 694//694 683//683 401//401
f 694//694 401//401 400//400
f 695//695 679//679 683//683
f 695//695 683//683 694//694
f 687//687 676//676 679//679
f 687//687 679//679 695//695
f 696//696 697//697 698//698
f 696//696 698//698 699//699
f 697//697 700//700 701//701
f 697//697 701//701 698//698
f 699//699 698//698 702//702
f 699//699 702//702 703//703
f 698//698 701//701 704//704
f 698//698 704//704 702//702
f 499//499 497//497 696//696
f 499//499 696//696 705//705
f 497//497 496//496 697//697
f 497//497 697//697 696//696
f 496//496 495//495 700//700
f 496//496 700//700 697//697
f 495//495 494//494 706//706
f 495//495 706//706 700//700
f 700//700 706//706 707//707
f 700//700 707//707 701//701
f 701//701 707//707 708//708
f 701//701 708//708 704//704
f 704//704 708//708 709//709
f 704//704 709//709 710//710
f 702//702 704//704 710//710
f 702//702 710//710 711//711
f 703//703 702//702 711//711
f 703//703 711//711 712//712
f 713//713 703//703 712//712
f 713//713 712//712 714//714
f 715//715 699//699 703//703
f 715//715 703//703 713//713
f 705//705 696//696 699//699
f 705//705 699//699 715//715
f 716//716 717//717 718//718
f 716//716 718//718 719//719
f 717//717 720//720 721//721
f 717//717 721//721 718//718
f 719//719 718//718 722//722
f 719//719 722//722 723//723
f 718//718 721//721 724//724
f 718//718 724//724 722//722
f 544//544 542//542 716//716
f 544//544 716//716 725//725
f 542//542 541//541 717//717
f 542//542 717//717 716//716
f 541//541 540//540 720//720
f 541//541 720//720 717//717
f 540//540 539//539 726//726
f 540//540 726//726 720//720
f 720//720 726//726 727//727
f 720//720 727//727 721//721
f 721//721 727//727 728//728
f 721//721 728//728 724//724
f 724//724 728//728 490//490
f 724//724 490//490 489//489
f 722//722 724//724 489//489
f 722//722 489//489 488//488
f 723//723 722//722 488//488
f 723//723 488//488 486//486
f 729//729 723//723 486//486
f 729//729 486//486 485//485
f 730//730 719//719 723//723
f 730//730 723//723 729//729
f 725//725 716//716 719//719
f 725//725 719//719 730//730
f 731//731 732//732 733//733
f 731//731 733//733 734//734
f 732//732 735//735 736//736
f 732//732 736//736 733//733
f 734//734 733//733 737//737
f 734//734 737//737 738//738
f 733//733 736//736 739//739
f 733//733 739//739 737//737
f 714//714 712//712 731//731
f 714//714 731//731 740//740
f 712//712 711//711 732//732
f 712//712 732//732 731//731
f 711//711 710//710 735//735
f 711//711 735//735 732//732
f 710//710 709//709 741//741
f 710//710 741//741 735//735
f 735//735 741//741 742//742
f 735//735 742//742 736//736
f 736//736 742//742 743//743
f 736//736 743//743 739//739
f 739//739 743//743 94//94
f 739//739 94//94 93//93
f 737//737 739//739 93//93
f 737//737 93//93 92//92
f 738//738 737//737 92//92
f 738//738 92//92 91//91
f 744//744 738//738 91//91
f 744//744 91//91 90//90
f 745//745 734//734 738//738
f 745//745 738//738 744//744
f 740//740 731//731 734//734
f 740//740 734//734 745//745
f 746//746 747//747 748//748
f 746//746 748//748 749//749
f 747//747 750//750 751//751
f 747//747 751//751 748//748
f 749//749 748//748 752//752
f 749//749 752//752 753//753
f 748//748 751//751 754//754
f 748//748 754//754 752//752
f 579//579 577//577 746//746
f 579//579 746//746 755//755
f 577//577 576//576 747//747
f 577//577 747//747 746//746
f 576//576 575//575 750//750
f 576//576 750//750 747//747
f 575//575 574//574 756//756
f 575//575 756//756 750//750
f 750//750 756//756 757//757
f 750//750 757//757 751//751
f 751//751 757//757 758//758
f 751//751 758//758 754//754
f 754//754 758//758 535//535
f 754//754 535//535 534//534
f 752//752 754//754 534//534
f 752//752 534//534 533//533
f 753//753 752//752 533//533
f 753//753 533//533 531//531
f 759//759 753//753 531//531
f 759//759 531//531 530//530
f 760//760 749//749 753//753
f 760//760 753//753 759//759
f 755//755 746//746 749//749
f 755//755 749//749 760//760
f 761//761 762//762 763//763
f 761//761 763//763 764//764
f 762//762 765//765 766//766
f 762//762 766//766 763//763
f 764//764 763//763 767//767
f 764//764 767//767 768//768
f 763//763 766//766 769//769
f 763//763 769//769 767//767
f 604//604 602//602 761//761
f 604//604 761//761 770//770
f 602//602 601//601 762//762
f 602//602 762//762 761//761
f 601//601 600//600 765//765
f 601//601 765//765 762//762
f 600//600 599//599 771//771
f 600//600 771//771 765//765
f 765//765 771//771 772//772
f 765//765 772//772 766//766
f 766//766 772//772 773//773
f 766//766 773//773 769//769
f 769//769 773//773 230//230
f 769//769 230//230 229//229
f 767//767 769//769 229//229
f 767//767 229//229 228//228
f 768//768 767//767 228//228
f 768//768 228//228 226//226
f 774//774 768//768 226//226
f 774//774 226//226 225//225
f 775//775 764//764 768//768
f 775//775 768//768 774//774
f 770//770 761//761 764//764
f 770//770 764//764 775//775
f 776//776 777//777 778//778
f 776//776 778//778 779//779
f 777//777 780//780 781//781
f 777//777 781//781 778//778
f 779//779 778//778 782//782
f 779//779 782//782 783//783
f 778//778 781//781 784//784
f 778//778 784//784 782//782
f 629//629 627//627 776//776
f 629//629 776//776 785//785
f 627//627 626//626 777//777
f 627//627 777//777 776//776
f 626//626 625//625 780//780
f 626//626 780//780 777//777
f 625//625 624//624 786//786
f 625//625 786//786 780//780
f 780//780 786//786 787//787
f 780//780 787//787 781//781
f 781//781 787//787 788//788
f 781//781 788//788 784//784
f 784//784 788//788 595//595
f 784//784 595//595 594//594
f 782//782 784//784 594//594
f 782//782 594//594 593//593
f 783//783 782//782 593//593
f 783//783 593//593 591//591
f 789//789 783//783 591//591
f 789//789 591//591 590//590
f 790//790 779//779 783//783
f 790//790 783//783 789//789
f 785//785 776//776 779//779
f 785//785 779//779 790//790
f 791//791 792//792 793//793
f 791//791 793//793 794//794
f 792//792 795//795 796//796
f 792//792 796//796 793//793
f 794//794 793//793 797//797
f 794//794 797//797 798//798
f 793//793 796//796 799//799
f 793//793 799//799 797//797
f 800//800 801//801 791//791
f 800//800 791//791 802//802
f 801//801 803//803 792//792
f 801//801 792//792 791//791
f 803//803 804//804 795//795
f 803//803 795//795 792//792
f 804//804 805//805 806//806
f 804//804 806//806 795//795
f 795//795 806//806 807//807
f 795//795 807//807 796//796
f 796//796 807//807 808//808
f 796//796 808//808 799//799
f 799//799 808//808 809//809
f 799//799 809//809 810//810
f 797//797 799//799 810//810
f 797//797 810//810 811//811
f 798//798 797//797 811//811
f 798//798 811//811 812//812
f 813//813 798//798 812//812
f 813//813 812//812 814//814
f 815//815 794//794 798//798
f 815//815 798//798 813//813
f 802//802 791//791 794//794
f 802//802 794//794 815//815
f 816//816 817//817 818//818
f 816//816 818//818 819//819
f 817//817 820//820 821//821
f 817//817 821//821 818//818
f 819//819 818//818 822//822
f 819//819 822//822 823//823
f 818//818 821//821 824//824
f 818//818 824//824 822//822
f 674//674 672//672 816//816
f 674//674 816//816 825//825
f 672//672 671//671 817//817
f 672//672 817//817 816//816
f 671//671 670//670 820//820
f 671//671 820//820 817//817
f 670//670 669//669 826//826
f 670//670 826//826 820//820
f 820//820 826//826 827//827
f 820//820 827//827 821//821
f 821//821 827//827 828//828
f 821//821 828//828 824//824
f 824//824 828//828 620//620
f 824//824 620//620 619//619
f 822//822 824//824 619//619
f 822//822 619//619 618//618
f 823//823 822//822 618//618
f 823//823 618//618 616//616
f 829//829 823//823 616//616
f 829//829 616//616 615//615
f 830//830 819//819 823//823
f 830//830 823//823 829//829
f 825//825 816//816 819//819
f 825//825 819//819 830//830
f 831//831 832//832 833//833
f 831//831 833//833 834//834
f 832//832 835//835 836//836
f 832//832 836//836 833//833
f 834//834 833//833 837//837
f 834//834 837//837 838//838
f 833//833 836//836 839//839
f 833//833 839//839 837//837
f 840//840 841//841 831//831
f 840//840 831//831 842//842
f 841//841 843//843 832//832
f 841//841 832//832 831//831
f 843//843 844//844 835//835
f 843//843 835//835 832//832
f 844//844 845//845 846//846
f 844//844 846//846 835//835
f 835//835 846//846 847//847
f 835//835 847//847 836//836
f 836//836 847//847 848//848
f 836//836 848//848 839//839
f 839//839 848//848 645//645
f 839//839 645//645 644//644
f 837//837 839//839 644//644
f 837//837 644//644 643//643
f 838//838 837//837 643//643
f 838//838 643//643 641//641
f 849//849 838//838 641//641
f 849//849 641//641 640//640
f 850//850 834//834 838//838
f 850//850 838//838 849//849
f 842//842 831//831 834//834
f 842//842 834//834 850//850
f 851//851 852//852 853//853
f 851//851 853//853 854//854
f 852//852 855//855 856//856
f 852//852 856//856 853//853
f 854//854 853//853 857//857
f 854//854 857//857 858//858
f 853//853 856//856 859//859
f 853//853 859//859 857//857
f 860//860 861//861 851//851
f 860//860 851//851 862//862
f 861//861 863//863 852//852
f 861//861 852//852 851//851
f 863//863 864//864 855//855
f 863//863 855//855 852//852
f 864//864 624//624 623//623
f 864//864 623//623 855//855
f 855//855 623//623 622//622
f 855//855 622//622 856//856
f 856//856 622//622 621//621
f 856//856 621//621 859//859
f 859//859 621//621 620//620
f 859//859 620//620 865//865
f 857//857 859//859 865//865
f 857//857 865//865 866//866
f 858//858 857//857 866//866
f 858//858 866//866 867//867
f 868//868 858//858 867//867
f 868//868 867//867 869//869
f 870//870 854//854 858//858
f 870//870 858//858 868//868
f 862//862 851//851 854//854
f 862//862 854//854 870//870
f 871//871 872//872 873//873
f 871//871 873//873 874//874
f 872//872 875//875 876//876
f 872//872 876//876 873//873
f 874//874 873//873 877//877
f 874//874 877//877 878//878
f 873//873 876//876 879//879
f 873//873 879//879 877//877
f 880//880 881//881 871//871
f 880//880 871//871 882//882
f 881//881 883//883 872//872
f 881//881 872//872 871//871
f 883//883 884//884 875//875
f 883//883 875//875 872//872
f 884//884 885//885 886//886
f 884//884 886//886 875//875
f 875//875 886//886 887//887
f 875//875 887//887 876//876
f 876//876 887//887 888//888
f 876//876 888//888 879//879
f 879//879 888//888 889//889
f 879//879 889//889 890//890
f 877//877 879//879 890//890
f 877//877 890//890 891//891
f 878//878 877//877 891//891
f 878//878 891//891 892//892
f 893//893 878//878 892//892
f 893//893 892//892 275//275
f 894//894 874//874 878//878
f 894//894 878//878 893//893
f 882//882 871//871 874//874
f 882//882 874//874 894//894
f 895//895 896//896 897//897
f 895//895 897//897 898//898
f 896//896 899//899 900//900
f 896//896 900//900 897//897
f 898//898 897//897 901//901
f 898//898 901//901 902//902
f 897//897 900//900 903//903
f 897//897 903//903 901//901
f 904//904 905//905 895//895
f 904//904 895//895 906//906
f 905//905 907//907 896//896
f 905//905 896//896 895//895
f 907//907 908//908 899//899
f 907//907 899//899 896//896
f 908//908 234//234 233//233
f 908//908 233//233 899//899
f 899//899 233//233 232//232
f 899//899 232//232 900//900
f 900//900 232//232 231//231
f 900//900 231//231 903//903
f 903//903 231//231 230//230
f 903//903 230//230 909//909
f 901//901 903//903 909//909
f 901//901 909//909 910//910
f 902//902 901//901 910//910
f 902//902 910//910 911//911
f 912//912 902//902 911//911
f 912//912 911//911 913//913
f 914//914 898//898 902//902
f 914//914 902//902 912//912
f 906//906 895//895 898//898
f 906//906 898//898 914//914
f 915//915 916//916 917//917
f 915//915 917//917 918//918
f 916//916 919//919 920//920
f 916//916 920//920 917//917
f 918//918 917//917 921//921
f 918//918 921//921 922//922
f 917//917 920//920 923//923
f 917//917 923//923 921//921
f 924//924 925//925 915//915
f 924//924 915//915 926//926
f 925//925 927//927 916//916
f 925//925 916//916 915//915
f 927//927 928//928 919//919
f 927//927 919//919 916//916
f 928//928 685//685 687//687
f 928//928 687//687 919//919
f 919//919 687//687 695//695
f 919//919 695//695 920//920
f 920//920 695//695 694//694
f 920//920 694//694 923//923
f 923//923 694//694 400//400
f 923//923 400//400 929//929
f 921//921 923//923 929//929
f 921//921 929//929 930//930
f 922//922 921//921 930//930
f 922//922 930//930 931//931
f 932//932 922//922 931//931
f 932//932 931//931 933//933
f 934//934 918//918 922//922
f 934//934 922//922 932//932
f 926//926 915//915 918//918
f 926//926 918//918 934//934
f 935//935 936//936 937//937
f 935//935 937//937 938//938
f 936//936 939//939 940//940
f 936//936 940//940 937//937
f 938//938 937//937 941//941
f 938//938 941//941 942//942
f 937//937 940//940 943//943
f 937//937 943//943 941//941
f 944//944 945//945 935//935
f 944//944 935//935 946//946
f 945//945 947//947 936//936
f 945//945 936//936 935//935
f 947//947 948//948 939//939
f 947//947 939//939 936//936
f 948//948 949//949 950//950
f 948//948 950//950 939//939
f 939//939 950//950 951//951
f 939//939 951//951 940//940
f 940//940 951//951 952//952
f 940//940 952//952 943//943
f 943//943 952//952 953//953
f 943//943 953//953 954//954
f 941//941 943//943 954//954
f 941//941 954//954 955//955
f 942//942 941//941 955//955
f 942//942 955//955 956//956
f 957//957 942//942 956//956
f 957//957 956//956 958//958
f 959//959 938//938 942//942
f 959//959 942//942 957//957
f 946//946 935//935 938//938
f 946//946 938//938 959//959
f 960//960 961//961 962//962
f 960//960 962//962 963//963
f 961//961 964//964 965//965
f 961//961 965//965 962//962
f 963//963 962//962 966//966
f 963//963 966//966 967//967
f 962//962 965//965 968//968
f 962//962 968//968 966//966
f 969//969 970//970 960//960
f 969//969 960//960 971//971
f 970//970 972//972 961//961
f 970//970 961//961 960//960
f 972//972 973//973 964//964
f 972//972 964//964 961//961
f 973//973 469//469 468//468
f 973//973 468//468 964//964
f 964//964 468//468 467//467
f 964//964 467//467 965//965
f 965//965 467//467 466//466
f 965//965 466//466 968//968
f 968//968 466//466 465//465
f 968//968 465//465 974//974
f 966//966 968//968 974//974
f 966//966 974//974 975//975
f 967//967 966//966 975//975
f 967//967 975//975 976//976
f 977//977 967//967 976//976
f 977//977 976//976 978//978
f 979//979 963//963 967//967
f 979//979 967//967 977//977
f 971//971 960//960 963//963
f 971//971 963//963 979//979
f 980//980 981//981 982//982
f 980//980 982//982 983//983
f 981//981 984//984 985//985
f 981//981 985//985 982//982
f 983//983 982//982 986//986
f 983//983 986//986 987//987
f 982//982 985//985 988//988
f 982//982 988//988 986//986
f 337//337 989//989 980//980
f 337//337 980//980 990//990
f 989//989 991//991 981//981
f 989//989 981//981 980//980
f 991//991 992//992 984//984
f 991//991 984//984 981//981
f 992//992 139//139 993//993
f 992//992 993//993 984//984
f 984//984 993//993 994//994
f 984//984 994//994 985//985
f 985//985 994//994 995//995
f 985//985 995//995 988//988
f 988//988 995//995 996//996
f 988//988 996//996 997//997
f 986//986 988//988 997//997
f 986//986 997//997 998//998
f 987//987 986//986 998//998
f 987//987 998//998 999//999
f 1000//1000 987//987 999//999
f 1000//1000 999//999 1001//1001
f 1002//1002 983//983 987//987
f 1002//1002 987//987 1000//1000
f 990//990 980//980 983//983
f 990//990 983//983 1002//1002
f 1003//1003 1004//1004 1005//1005
f 1003//1003 1005//1005 1006//1006
f 1004//1004 1007//1007 1008//1008
f 1004//1004 1008//1008 1005//1005
f 1006//1006 1005//1005 1009//1009
f 1006//1006 1009//1009 1010//1010
f 1005//1005 1008//1008 1011//1011
f 1005//1005 1011//1011 1009//1009
f 510//510 1012//1012 1003//1003
f 510//510 1003//1003 511//511
f 1012//1012 1013//1013 1004//1004
f 1012//1012 1004//1004 1003//1003
f 1013//1013 1014//1014 1007//1007
f 1013//1013 1007//1007 1004//1004
f 1014//1014 978//978 976//976
f 1014//1014 976//976 1007//1007
f 1007//1007 976//976 975//975
f 1007//1007 975//975 1008//1008
f 1008//1008 975//975 974//974
f 1008//1008 974//974 1011//1011
f 1011//1011 974//974 465//465
f 1011//1011 465//465 560//560
f 1009//1009 1011//1011 560//560
f 1009//1009 560//560 559//559
f 1010//1010 1009//1009 559//559
f 1010//1010 559//559 558//558
f 514//514 1010//1010 558//558
f 514//514 558//558 99//99
f 513//513 1006//1006 1010//1010
f 513//513 1010//1010 514//514
f 511//511 1003//1003 1006//1006
f 511//511 1006//1006 513//513
f 1015//1015 1016//1016 1017//1017
f 1015//1015 1017//1017 1018//1018
f 1016//1016 1019//1019 1020//1020
f 1016//1016 1020//1020 1017//1017
f 1018//1018 1017//1017 1021//1021
f 1018//1018 1021//1021 1022//1022
f 1017//1017 1020//1020 1023//1023
f 1017//1017 1023//1023 1021//1021
f 1024//1024 1025//1025 1015//1015
f 1024//1024 1015//1015 1026//1026
f 1025//1025 1027//1027 1016//1016
f 1025//1025 1016//1016 1015//1015
f 1027//1027 1028//1028 1019//1019
f 1027//1027 1019//1019 1016//1016
f 1028//1028 490//490 728//728
f 1028//1028 728//728 1019//1019
f 1019//1019 728//728 727//727
f 1019//1019 727//727 1020//1020
f 1020//1020 727//727 726//726
f 1020//1020 726//726 1023//1023
f 1023//1023 726//726 539//539
f 1023//1023 539//539 1029//1029
f 1021//1021 1023//1023 1029//1029
f 1021//1021 1029//1029 1030//1030
f 1022//1022 1021//1021 1030//1030
f 1022//1022 1030//1030 1031//1031
f 1032//1032 1022//1022 1031//1031
f 1032//1032 1031//1031 1033//1033
f 1034//1034 1018//1018 1022//1022
f 1034//1034 1022//1022 1032//1032
f 1026//1026 1015//1015 1018//1018
f 1026//1026 1018//1018 1034//1034
f 1035//1035 1036//1036 1037//1037
f 1035//1035 1037//1037 1038//1038
f 1036//1036 1039//1039 1040//1040
f 1036//1036 1040//1040 1037//1037
f 1038//1038 1037//1037 1041//1041
f 1038//1038 1041//1041 1042//1042
f 1037//1037 1040//1040 1043//1043
f 1037//1037 1043//1043 1041//1041
f 1044//1044 1045//1045 1035//1035
f 1044//1044 1035//1035 1046//1046
f 1045//1045 1047//1047 1036//1036
f 1045//1045 1036//1036 1035//1035
f 1047//1047 1048//1048 1039//1039
f 1047//1047 1039//1039 1036//1036
f 1048//1048 270//270 1049//1049
f 1048//1048 1049//1049 1039//1039
f 1039//1039 1049//1049 1050//1050
f 1039//1039 1050//1050 1040//1040
f 1040//1040 1050//1050 1051//1051
f 1040//1040 1051//1051 1043//1043
f 1043//1043 1051//1051 1052//1052
f 1043//1043 1052//1052 1053//1053
f 1041//1041 1043//1043 1053//1053
f 1041//1041 1053//1053 1054//1054
f 1042//1042 1041//1041 1054//1054
f 1042//1042 1054//1054 1055//1055
f 1056//1056 1042//1042 1055//1055
f 1056//1056 1055//1055 1057//1057
f 1058//1058 1038//1038 1042//1042
f 1058//1058 1042//1042 1056//1056
f 1046//1046 1035//1035 1038//1038
f 1046//1046 1038//1038 1058//1058
f 1059//1059 1060//1060 1061//1061
f 1059//1059 1061//1061 1062//1062
f 1060//1060 1063//1063 1064//1064
f 1060//1060 1064//1064 1061//1061
f 1062//1062 1061//1061 1065//1065
f 1062//1062 1065//1065 1066//1066
f 1061//1061 1064//1064 1067//1067
f 1061//1061 1067//1067 1065//1065
f 1068//1068 1069//1069 1059//1059
f 1068//1068 1059//1059 1070//1070
f 1069//1069 1071//1071 1060//1060
f 1069//1069 1060//1060 1059//1059
f 1071//1071 1072//1072 1063//1063
f 1071//1071 1063//1063 1060//1060
f 1072//1072 595//595 788//788
f 1072//1072 788//788 1063//1063
f 1063//1063 788//788 787//787
f 1063//1063 787//787 1064//1064
f 1064//1064 787//787 786//786
f 1064//1064 786//786 1067//1067
f 1067//1067 786//786 624//624
f 1067//1067 624//624 864//864
f 1065//1065 1067//1067 864//864
f 1065//1065 864//864 863//863
f 1066//1066 1065//1065 863//863
f 1066//1066 863//863 861//861
f 1073//1073 1066//1066 861//861
f 1073//1073 861//861 860//860
f 1074//1074 1062//1062 1066//1066
f 1074//1074 1066//1066 1073//1073
f 1070//1070 1059//1059 1062//1062
f 1070//1070 1062//1062 1074//1074
f 1075//1075 1076//1076 1077//1077
f 1075//1075 1077//1077 1078//1078
f 1076//1076 1079//1079 1080//1080
f 1076//1076 1080//1080 1077//1077
f 1078//1078 1077//1077 1081//1081
f 1078//1078 1081//1081 1082//1082
f 1077//1077 1080//1080 1083//1083
f 1077//1077 1083//1083 1081//1081
f 1044//1044 1084//1084 1075//1075
f 1044//1044 1075//1075 1045//1045
f 1084//1084 1085//1085 1076//1076
f 1084//1084 1076//1076 1075//1075
f 1085//1085 1086//1086 1079//1079
f 1085//1085 1079//1079 1076//1076
f 1086//1086 880//880 882//882
f 1086//1086 882//882 1079//1079
f 1079//1079 882//882 894//894
f 1079//1079 894//894 1080//1080
f 1080//1080 894//894 893//893
f 1080//1080 893//893 1083//1083
f 1083//1083 893//893 275//275
f 1083//1083 275//275 274//274
f 1081//1081 1083//1083 274//274
f 1081//1081 274//274 273//273
f 1082//1082 1081//1081 273//273
f 1082//1082 273//273 271//271
f 1048//1048 1082//1082 271//271
f 1048//1048 271//271 270//270
f 1047//1047 1078//1078 1082//1082
f 1047//1047 1082//1082 1048//1048
f 1045//1045 1075//1075 1078//1078
f 1045//1045 1078//1078 1047//1047
f 1087//1087 1088//1088 1089//1089
f 1087//1087 1089//1089 1090//1090
f 1088//1088 1091//1091 1092//1092
f 1088//1088 1092//1092 1089//1089
f 1090//1090 1089//1089 1093//1093
f 1090//1090 1093//1093 1094//1094
f 1089//1089 1092//1092 1095//1095
f 1089//1089 1095//1095 1093//1093
f 904//904 1096//1096 1087//1087
f 904//904 1087//1087 905//905
f 1096//1096 1097//1097 1088//1088
f 1096//1096 1088//1088 1087//1087
f 1097//1097 1098//1098 1091//1091
f 1097//1097 1091//1091 1088//1088
f 1098//1098 1099//1099 1100//1100
f 1098//1098 1100//1100 1091//1091
f 1091//1091 1100//1100 1101//1101
f 1091//1091 1101//1101 1092//1092
f 1092//1092 1101//1101 1102//1102
f 1092//1092 1102//1102 1095//1095
f 1095//1095 1102//1102 449//449
f 1095//1095 449//449 447//447
f 1093//1093 1095//1095 447//447
f 1093//1093 447//447 446//446
f 1094//1094 1093//1093 446//446
f 1094//1094 446//446 445//445
f 908//908 1094//1094 445//445
f 908//908 445//445 234//234
f 907//907 1090//1090 1094//1094
f 907//907 1094//1094 908//908
f 905//905 1087//1087 1090//1090
f 905//905 1090//1090 907//907
f 1103//1103 1104//1104 1105//1105
f 1103//1103 1105//1105 1106//1106
f 1104//1104 1107//1107 1108//1108
f 1104//1104 1108//1108 1105//1105
f 1106//1106 1105//1105 1109//1109
f 1106//1106 1109//1109 1110//1110
f 1105//1105 1108//1108 1111//1111
f 1105//1105 1111//1111 1109//1109
f 933//933 931//931 1103//1103
f 933//933 1103//1103 1112//1112
f 931//931 930//930 1104//1104
f 931//931 1104//1104 1103//1103
f 930//930 929//929 1107//1107
f 930//930 1107//1107 1104//1104
f 929//929 400//400 402//402
f 929//929 402//402 1107//1107
f 1107//1107 402//402 415//415
f 1107//1107 415//415 1108//1108
f 1108//1108 415//415 413//413
f 1108//1108 413//413 1111//1111
f 1111//1111 413//413 414//414
f 1111//1111 414//414 1113//1113
f 1109//1109 1111//1111 1113//1113
f 1109//1109 1113//1113 1114//1114
f 1110//1110 1109//1109 1114//1114
f 1110//1110 1114//1114 1115//1115
f 1116//1116 1110//1110 1115//1115
f 1116//1116 1115//1115 1117//1117
f 1118//1118 1106//1106 1110//1110
f 1118//1118 1110//1110 1116//1116
f 1112//1112 1103//1103 1106//1106
f 1112//1112 1106//1106 1118//1118
f 1119//1119 1120//1120 1121//1121
f 1119//1119 1121//1121 1122//1122
f 1120//1120 1123//1123 1124//1124
f 1120//1120 1124//1124 1121//1121
f 1122//1122 1121//1121 1125//1125
f 1122//1122 1125//1125 1126//1126
f 1121//1121 1124//1124 1127//1127
f 1121//1121 1127//1127 1125//1125
f 1128//1128 1129//1129 1119//1119
f 1128//1128 1119//1119 1130//1130
f 1129//1129 1131//1131 1120//1120
f 1129//1129 1120//1120 1119//1119
f 1131//1131 1132//1132 1123//1123
f 1131//1131 1123//1123 1120//1120
f 1132//1132 574//574 573//573
f 1132//1132 573//573 1123//1123
f 1123//1123 573//573 572//572
f 1123//1123 572//572 1124//1124
f 1124//1124 572//572 571//571
f 1124//1124 571//571 1127//1127
f 1127//1127 571//571 449//449
f 1127//1127 449//449 1102//1102
f 1125//1125 1127//1127 1102//1102
f 1125//1125 1102//1102 1101//1101
f 1126//1126 1125//1125 1101//1101
f 1126//1126 1101//1101 1100//1100
f 1133//1133 1126//1126 1100//1100
f 1133//1133 1100//1100 1099//1099
f 1134//1134 1122//1122 1126//1126
f 1134//1134 1126//1126 1133//1133
f 1130//1130 1119//1119 1122//1122
f 1130//1130 1122//1122 1134//1134
f 1135//1135 1136//1136 1137//1137
f 1135//1135 1137//1137 1138//1138
f 1136//1136 1139//1139 1140//1140
f 1136//1136 1140//1140 1137//1137
f 1138//1138 1137//1137 1141//1141
f 1138//1138 1141//1141 1142//1142
f 1137//1137 1140//1140 1143//1143
f 1137//1137 1143//1143 1141//1141
f 958//958 956//956 1135//1135
f 958//958 1135//1135 1144//1144
f 956//956 955//955 1136//1136
f 956//956 1136//1136 1135//1135
f 955//955 954//954 1139//1139
f 955//955 1139//1139 1136//1136
f 954//954 953//953 1145//1145
f 954//954 1145//1145 1139//1139
f 1139//1139 1145//1145 1146//1146
f 1139//1139 1146//1146 1140//1140
f 1140//1140 1146//1146 1147//1147
f 1140//1140 1147//1147 1143//1143
f 1143//1143 1147//1147 1148//1148
f 1143//1143 1148//1148 1149//1149
f 1141//1141 1143//1143 1149//1149
f 1141//1141 1149//1149 1150//1150
f 1142//1142 1141//1141 1150//1150
f 1142//1142 1150//1150 1151//1151
f 1152//1152 1142//1142 1151//1151
f 1152//1152 1151//1151 1153//1153
f 1154//1154 1138//1138 1142//1142
f 1154//1154 1142//1142 1152//1152
f 1144//1144 1135//1135 1138//1138
f 1144//1144 1138//1138 1154//1154
f 1155//1155 1156//1156 1157//1157
f 1155//1155 1157//1157 1158//1158
f 1156//1156 1159//1159 1160//1160
f 1156//1156 1160//1160 1157//1157
f 1158//1158 1157//1157 1161//1161
f 1158//1158 1161//1161 1162//1162
f 1157//1157 1160//1160 1163//1163
f 1157//1157 1163//1163 1161//1161
f 1164//1164 1165//1165 1155//1155
f 1164//1164 1155//1155 1166//1166
f 1165//1165 1167//1167 1156//1156
f 1165//1165 1156//1156 1155//1155
f 1167//1167 1168//1168 1159//1159
f 1167//1167 1159//1159 1156//1156
f 1168//1168 669//669 668//668
f 1168//1168 668//668 1159//1159
f 1159//1159 668//668 667//667
f 1159//1159 667//667 1160//1160
f 1160//1160 667//667 666//666
f 1160//1160 666//666 1163//1163
f 1163//1163 666//666 469//469
f 1163//1163 469//469 973//973
f 1161//1161 1163//1163 973//973
f 1161//1161 973//973 972//972
f 1162//1162 1161//1161 972//972
f 1162//1162 972//972 970//970
f 1169//1169 1162//1162 970//970
f 1169//1169 970//970 969//969
f 1170//1170 1158//1158 1162//1162
f 1170//1170 1162//1162 1169//1169
f 1166//1166 1155//1155 1158//1158
f 1166//1166 1158//1158 1170//1170
f 1171//1171 1172//1172 1173//1173
f 1171//1171 1173//1173 1174//1174
f 1172//1172 1175//1175 1176//1176
f 1172//1172 1176//1176 1173//1173
f 1174//1174 1173//1173 1177//1177
f 1174//1174 1177//1177 1178//1178
f 1173//1173 1176//1176 1179//1179
f 1173//1173 1179//1179 1177//1177
f 519//519 517//517 1171//1171
f 519//519 1171//1171 1180//1180
f 517//517 516//516 1172//1172
f 517//517 1172//1172 1171//1171
f 516//516 515//515 1175//1175
f 516//516 1175//1175 1172//1172
f 515//515 94//94 743//743
f 515//515 743//743 1175//1175
f 1175//1175 743//743 742//742
f 1175//1175 742//742 1176//1176
f 1176//1176 742//742 741//741
f 1176//1176 741//741 1179//1179
f 1179//1179 741//741 709//709
f 1179//1179 709//709 1181//1181
f 1177//1177 1179//1179 1181//1181
f 1177//1177 1181//1181 1182//1182
f 1178//1178 1177//1177 1182//1182
f 1178//1178 1182//1182 1183//1183
f 1184//1184 1178//1178 1183//1183
f 1184//1184 1183//1183 1185//1185
f 1186//1186 1174//1174 1178//1178
f 1186//1186 1178//1178 1184//1184
f 1180//1180 1171//1171 1174//1174
f 1180//1180 1174//1174 1186//1186
f 1187//1187 1188//1188 1189//1189
f 1187//1187 1189//1189 1190//1190
f 1188//1188 1191//1191 1192//1192
f 1188//1188 1192//1192 1189//1189
f 1190//1190 1189//1189 1193//1193
f 1190//1190 1193//1193 1194//1194
f 1189//1189 1192//1192 1195//1195
f 1189//1189 1195//1195 1193//1193
f 1196//1196 1197//1197 1187//1187
f 1196//1196 1187//1187 1198//1198
f 1197//1197 1199//1199 1188//1188
f 1197//1197 1188//1188 1187//1187
f 1199//1199 1200//1200 1191//1191
f 1199//1199 1191//1191 1188//1188
f 1200//1200 1201//1201 1202//1202
f 1200//1200 1202//1202 1191//1191
f 1191//1191 1202//1202 1203//1203
f 1191//1191 1203//1203 1192//1192
f 1192//1192 1203//1203 1204//1204
f 1192//1192 1204//1204 1195//1195
f 1195//1195 1204//1204 1205//1205
f 1195//1195 1205//1205 1206//1206
f 1193//1193 1195//1195 1206//1206
f 1193//1193 1206//1206 1207//1207
f 1194//1194 1193//1193 1207//1207
f 1194//1194 1207//1207 1208//1208
f 1209//1209 1194//1194 1208//1208
f 1209//1209 1208//1208 1210//1210
f 1211//1211 1190//1190 1194//1194
f 1211//1211 1194//1194 1209//1209
f 1198//1198 1187//1187 1190//1190
f 1198//1198 1190//1190 1211//1211
f 1212//1212 1213//1213 1214//1214
f 1212//1212 1214//1214 1215//1215
f 1213//1213 1216//1216 1217//1217
f 1213//1213 1217//1217 1214//1214
f 1215//1215 1214//1214 1218//1218
f 1215//1215 1218//1218 1219//1219
f 1214//1214 1217//1217 1220//1220
f 1214//1214 1220//1220 1218//1218
f 1196//1196 1221//1221 1212//1212
f 1196//1196 1212//1212 1197//1197
f 1221//1221 1222//1222 1213//1213
f 1221//1221 1213//1213 1212//1212
f 1222//1222 1223//1223 1216//1216
f 1222//1222 1216//1216 1213//1213
f 1223//1223 654//654 652//652
f 1223//1223 652//652 1216//1216
f 1216//1216 652//652 651//651
f 1216//1216 651//651 1217//1217
f 1217//1217 651//651 650//650
f 1217//1217 650//650 1220//1220
f 1220//1220 650//650 649//649
f 1220//1220 649//649 1224//1224
f 1218//1218 1220//1220 1224//1224
f 1218//1218 1224//1224 1225//1225
f 1219//1219 1218//1218 1225//1225
f 1219//1219 1225//1225 1226//1226
f 1200//1200 1219//1219 1226//1226
f 1200//1200 1226//1226 1201//1201
f 1199//1199 1215//1215 1219//1219
f 1199//1199 1219//1219 1200//1200
f 1197//1197 1212//1212 1215//1215
f 1197//1197 1215//1215 1199//1199
f 1227//1227 1228//1228 1229//1229
f 1227//1227 1229//1229 1230//1230
f 1228//1228 1231//1231 1232//1232
f 1228//1228 1232//1232 1229//1229
f 1230//1230 1229//1229 1233//1233
f 1230//1230 1233//1233 1234//1234
f 1229//1229 1232//1232 1235//1235
f 1229//1229 1235//1235 1233//1233
f 1057//1057 1055//1055 1227//1227
f 1057//1057 1227//1227 1236//1236
f 1055//1055 1054//1054 1228//1228
f 1055//1055 1228//1228 1227//1227
f 1054//1054 1053//1053 1231//1231
f 1054//1054 1231//1231 1228//1228
f 1053//1053 1052//1052 1237//1237
f 1053//1053 1237//1237 1231//1231
f 1231//1231 1237//1237 1238//1238
f 1231//1231 1238//1238 1232//1232
f 1232//1232 1238//1238 1239//1239
f 1232//1232 1239//1239 1235//1235
f 1235//1235 1239//1239 1240//1240
f 1235//1235 1240//1240 1241//1241
f 1233//1233 1235//1235 1241//1241
f 1233//1233 1241//1241 1242//1242
f 1234//1234 1233//1233 1242//1242
f 1234//1234 1242//1242 1243//1243
f 1244//1244 1234//1234 1243//1243
f 1244//1244 1243//1243 1245//1245
f 1246//1246 1230//1230 1234//1234
f 1246//1246 1234//1234 1244//1244
f 1236//1236 1227//1227 1230//1230
f 1236//1236 1230//1230 1246//1246
f 1247//1247 1248//1248 1249//1249
f 1247//1247 1249//1249 1250//1250
f 1248//1248 1251//1251 1252//1252
f 1248//1248 1252//1252 1249//1249
f 1250//1250 1249//1249 1253//1253
f 1250//1250 1253//1253 1254//1254
f 1249//1249 1252//1252 1255//1255
f 1249//1249 1255//1255 1253//1253
f 1256//1256 1257//1257 1247//1247
f 1256//1256 1247//1247 1258//1258
f 1257//1257 1259//1259 1248//1248
f 1257//1257 1248//1248 1247//1247
f 1259//1259 1260//1260 1251//1251
f 1259//1259 1251//1251 1248//1248
f 1260//1260 494//494 493//493
f 1260//1260 493//493 1251//1251
f 1251//1251 493//493 492//492
f 1251//1251 492//492 1252//1252
f 1252//1252 492//492 491//491
f 1252//1252 491//491 1255//1255
f 1255//1255 491//491 490//490
f 1255//1255 490//490 1028//1028
f 1253//1253 1255//1255 1028//1028
f 1253//1253 1028//1028 1027//1027
f 1254//1254 1253//1253 1027//1027
f 1254//1254 1027//1027 1025//1025
f 1261//1261 1254//1254 1025//1025
f 1261//1261 1025//1025 1024//1024
f 1262//1262 1250//1250 1254//1254
f 1262//1262 1254//1254 1261//1261
f 1258//1258 1247//1247 1250//1250
f 1258//1258 1250//1250 1262//1262
f 1263//1263 1264//1264 1265//1265
f 1263//1263 1265//1265 1266//1266
f 1264//1264 1267//1267 1268//1268
f 1264//1264 1268//1268 1265//1265
f 1266//1266 1265//1265 1269//1269
f 1266//1266 1269//1269 1270//1270
f 1265//1265 1268//1268 1271//1271
f 1265//1265 1271//1271 1269//1269
f 1272//1272 1273//1273 1263//1263
f 1272//1272 1263//1263 1274//1274
f 1273//1273 1275//1275 1264//1264
f 1273//1273 1264//1264 1263//1263
f 1275//1275 1276//1276 1267//1267
f 1275//1275 1267//1267 1264//1264
f 1276//1276 814//814 1277//1277
f 1276//1276 1277//1277 1267//1267
f 1267//1267 1277//1277 1278//1278
f 1267//1267 1278//1278 1268//1268
f 1268//1268 1278//1278 1279//1279
f 1268//1268 1279//1279 1271//1271
f 1271//1271 1279//1279 889//889
f 1271//1271 889//889 888//888
f 1269//1269 1271//1271 888//888
f 1269//1269 888//888 887//887
f 1270//1270 1269//1269 887//887
f 1270//1270 887//887 886//886
f 1280//1280 1270//1270 886//886
f 1280//1280 886//886 885//885
f 1281//1281 1266//1266 1270//1270
f 1281//1281 1270//1270 1280//1280
f 1274//1274 1263//1263 1266//1266
f 1274//1274 1266//1266 1281//1281
f 1282//1282 1283//1283 1284//1284
f 1282//1282 1284//1284 1285//1285
f 1283//1283 1286//1286 1287//1287
f 1283//1283 1287//1287 1284//1284
f 1285//1285 1284//1284 1288//1288
f 1285//1285 1288//1288 1289//1289
f 1284//1284 1287//1287 1290//1290
f 1284//1284 1290//1290 1288//1288
f 1291//1291 1292//1292 1282//1282
f 1291//1291 1282//1282 1293//1293
f 1292//1292 1294//1294 1283//1283
f 1292//1292 1283//1283 1282//1282
f 1294//1294 1295//1295 1286//1286
f 1294//1294 1286//1286 1283//1283
f 1295//1295 599//599 598//598
f 1295//1295 598//598 1286//1286
f 1286//1286 598//598 597//597
f 1286//1286 597//597 1287//1287
f 1287//1287 597//597 596//596
f 1287//1287 596//596 1290//1290
f 1290//1290 596//596 595//595
f 1290//1290 595//595 1072//1072
f 1288//1288 1290//1290 1072//1072
f 1288//1288 1072//1072 1071//1071
f 1289//1289 1288//1288 1071//1071
f 1289//1289 1071//1071 1069//1069
f 1296//1296 1289//1289 1069//1069
f 1296//1296 1069//1069 1068//1068
f 1297//1297 1285//1285 1289//1289
f 1297//1297 1289//1289 1296//1296
f 1293//1293 1282//1282 1285//1285
f 1293//1293 1285//1285 1297//1297
f 1298//1298 1299//1299 1300//1300
f 1298//1298 1300//1300 1301//1301
f 1299//1299 1302//1302 1303//1303
f 1299//1299 1303//1303 1300//1300
f 1301//1301 1300//1300 1304//1304
f 1301//1301 1304//1304 1305//1305
f 1300//1300 1303//1303 1306//1306
f 1300//1300 1306//1306 1304//1304
f 372//372 1307//1307 1298//1298
f 372//372 1298//1298 1308//1308
f 1307//1307 1309//1309 1299//1299
f 1307//1307 1299//1299 1298//1298
f 1309//1309 1310//1310 1302//1302
f 1309//1309 1302//1302 1299//1299
f 1310//1310 19//19 1311//1311
f 1310//1310 1311//1311 1302//1302
f 1302//1302 1311//1311 1312//1312
f 1302//1302 1312//1312 1303//1303
f 1303//1303 1312//1312 1313//1313
f 1303//1303 1313//1313 1306//1306
f 1306//1306 1313//1313 1314//1314
f 1306//1306 1314//1314 1315//1315
f 1304//1304 1306//1306 1315//1315
f 1304//1304 1315//1315 1316//1316
f 1305//1305 1304//1304 1316//1316
f 1305//1305 1316//1316 1317//1317
f 1318//1318 1305//1305 1317//1317
f 1318//1318 1317//1317 1319//1319
f 1320//1320 1301//1301 1305//1305
f 1320//1320 1305//1305 1318//1318
f 1308//1308 1298//1298 1301//1301
f 1308//1308 1301//1301 1320//1320
f 1321//1321 1322//1322 1323//1323
f 1321//1321 1323//1323 1324//1324
f 1322//1322 1325//1325 1326//1326
f 1322//1322 1326//1326 1323//1323
f 1324//1324 1323//1323 1327//1327
f 1324//1324 1327//1327 1328//1328
f 1323//1323 1326//1326 1329//1329
f 1323//1323 1329//1329 1327//1327
f 1330//1330 1331//1331 1321//1321
f 1330//1330 1321//1321 1332//1332
f 1331//1331 1333//1333 1322//1322
f 1331//1331 1322//1322 1321//1321
f 1333//1333 1334//1334 1325//1325
f 1333//1333 1325//1325 1322//1322
f 1334//1334 535//535 758//758
f 1334//1334 758//758 1325//1325
f 1325//1325 758//758 757//757
f 1325//1325 757//757 1326//1326
f 1326//1326 757//757 756//756
f 1326//1326 756//756 1329//1329
f 1329//1329 756//756 574//574
f 1329//1329 574//574 1132//1132
f 1327//1327 1329//1329 1132//1132
f 1327//1327 1132//1132 1131//1131
f 1328//1328 1327//1327 1131//1131
f 1328//1328 1131//1131 1129//1129
f 1335//1335 1328//1328 1129//1129
f 1335//1335 1129//1129 1128//1128
f 1336//1336 1324//1324 1328//1328
f 1336//1336 1328//1328 1335//1335
f 1332//1332 1321//1321 1324//1324
f 1332//1332 1324//1324 1336//1336
f 1337//1337 1338//1338 1339//1339
f 1337//1337 1339//1339 1340//1340
f 1338//1338 1341//1341 1342//1342
f 1338//1338 1342//1342 1339//1339
f 1340//1340 1339//1339 1343//1343
f 1340//1340 1343//1343 1344//1344
f 1339//1339 1342//1342 1345//1345
f 1339//1339 1345//1345 1343//1343
f 1117//1117 1115//1115 1337//1337
f 1117//1117 1337//1337 1346//1346
f 1115//1115 1114//1114 1338//1338
f 1115//1115 1338//1338 1337//1337
f 1114//1114 1113//1113 1341//1341
f 1114//1114 1341//1341 1338//1338
f 1113//1113 414//414 1347//1347
f 1113//1113 1347//1347 1341//1341
f 1341//1341 1347//1347 1348//1348
f 1341//1341 1348//1348 1342//1342
f 1342//1342 1348//1348 1349//1349
f 1342//1342 1349//1349 1345//1345
f 1345//1345 1349//1349 800//800
f 1345//1345 800//800 1350//1350
f 1343//1343 1345//1345 1350//1350
f 1343//1343 1350//1350 1351//1351
f 1344//1344 1343//1343 1351//1351
f 1344//1344 1351//1351 1352//1352
f 1353//1353 1344//1344 1352//1352
f 1353//1353 1352//1352 1354//1354
f 1355//1355 1340//1340 1344//1344
f 1355//1355 1344//1344 1353//1353
f 1346//1346 1337//1337 1340//1340
f 1346//1346 1340//1340 1355//1355
f 1356//1356 1357//1357 1358//1358
f 1356//1356 1358//1358 1359//1359
f 1357//1357 1360//1360 1361//1361
f 1357//1357 1361//1361 1358//1358
f 1359//1359 1358//1358 1362//1362
f 1359//1359 1362//1362 1363//1363
f 1358//1358 1361//1361 1364//1364
f 1358//1358 1364//1364 1362//1362
f 1153//1153 1151//1151 1356//1356
f 1153//1153 1356//1356 1365//1365
f 1151//1151 1150//1150 1357//1357
f 1151//1151 1357//1357 1356//1356
f 1150//1150 1149//1149 1360//1360
f 1150//1150 1360//1360 1357//1357
f 1149//1149 1148//1148 1366//1366
f 1149//1149 1366//1366 1360//1360
f 1360//1360 1366//1366 1367//1367
f 1360//1360 1367//1367 1361//1361
f 1361//1361 1367//1367 1368//1368
f 1361//1361 1368//1368 1364//1364
f 1364//1364 1368//1368 845//845
f 1364//1364 845//845 844//844
f 1362//1362 1364//1364 844//844
f 1362//1362 844//844 843//843
f 1363//1363 1362//1362 843//843
f 1363//1363 843//843 841//841
f 1369//1369 1363//1363 841//841
f 1369//1369 841//841 840//840
f 1370//1370 1359//1359 1363//1363
f 1370//1370 1363//1363 1369//1369
f 1365//1365 1356//1356 1359//1359
f 1365//1365 1359//1359 1370//1370
f 1371//1371 1372//1372 1373//1373
f 1371//1371 1373//1373 1374//1374
f 1372//1372 1375//1375 1376//1376
f 1372//1372 1376//1376 1373//1373
f 1374//1374 1373//1373 1377//1377
f 1374//1374 1377//1377 1378//1378
f 1373//1373 1376//1376 1379//1379
f 1373//1373 1379//1379 1377//1377
f 869//869 867//867 1371//1371
f 869//869 1371//1371 1380//1380
f 867//867 866//866 1372//1372
f 867//867 1372//1372 1371//1371
f 866//866 865//865 1375//1375
f 866//866 1375//1375 1372//1372
f 865//865 620//620 828//828
f 865//865 828//828 1375//1375
f 1375//1375 828//828 827//827
f 1375//1375 827//827 1376//1376
f 1376//1376 827//827 826//826
f 1376//1376 826//826 1379//1379
f 1379//1379 826//826 669//669
f 1379//1379 669//669 1168//1168
f 1377//1377 1379//1379 1168//1168
f 1377//1377 1168//1168 1167//1167
f 1378//1378 1377//1377 1167//1167
f 1378//1378 1167//1167 1165//1165
f 1381//1381 1378//1378 1165//1165
f 1381//1381 1165//1165 1164//1164
f 1382//1382 1374//1374 1378//1378
f 1382//1382 1378//1378 1381//1381
f 1380//1380 1371//1371 1374//1374
f 1380//1380 1374//1374 1382//1382
f 1383//1383 1384//1384 1385//1385
f 1383//1383 1385//1385 1386//1386
f 1384//1384 1387//1387 1388//1388
f 1384//1384 1388//1388 1385//1385
f 1386//1386 1385//1385 1389//1389
f 1386//1386 1389//1389 1390//1390
f 1385//1385 1388//1388 1391//1391
f 1385//1385 1391//1391 1389//1389
f 414//414 412//412 1383//1383
f 414//414 1383//1383 1347//1347
f 412//412 411//411 1384//1384
f 412//412 1384//1384 1383//1383
f 411//411 410//410 1387//1387
f 411//411 1387//1387 1384//1384
f 410//410 409//409 1392//1392
f 410//410 1392//1392 1387//1387
f 1387//1387 1392//1392 1393//1393
f 1387//1387 1393//1393 1388//1388
f 1388//1388 1393//1393 1394//1394
f 1388//1388 1394//1394 1391//1391
f 1391//1391 1394//1394 805//805
f 1391//1391 805//805 804//804
f 1389//1389 1391//1391 804//804
f 1389//1389 804//804 803//803
f 1390//1390 1389//1389 803//803
f 1390//1390 803//803 801//801
f 1349//1349 1390//1390 801//801
f 1349//1349 801//801 800//800
f 1348//1348 1386//1386 1390//1390
f 1348//1348 1390//1390 1349//1349
f 1347//1347 1383//1383 1386//1386
f 1347//1347 1386//1386 1348//1348
f 1395//1395 1396//1396 1397//1397
f 1395//1395 1397//1397 1398//1398
f 1396//1396 1399//1399 1400//1400
f 1396//1396 1400//1400 1397//1397
f 1398//1398 1397//1397 1401//1401
f 1398//1398 1401//1401 1402//1402
f 1397//1397 1400//1400 1403//1403
f 1397//1397 1403//1403 1401//1401
f 1210//1210 1208//1208 1395//1395
f 1210//1210 1395//1395 1404//1404
f 1208//1208 1207//1207 1396//1396
f 1208//1208 1396//1396 1395//1395
f 1207//1207 1206//1206 1399//1399
f 1207//1207 1399//1399 1396//1396
f 1206//1206 1205//1205 1405//1405
f 1206//1206 1405//1405 1399//1399
f 1399//1399 1405//1405 1406//1406
f 1399//1399 1406//1406 1400//1400
f 1400//1400 1406//1406 1407//1407
f 1400//1400 1407//1407 1403//1403
f 1403//1403 1407//1407 685//685
f 1403//1403 685//685 928//928
f 1401//1401 1403//1403 928//928
f 1401//1401 928//928 927//927
f 1402//1402 1401//1401 927//927
f 1402//1402 927//927 925//925
f 1408//1408 1402//1402 925//925
f 1408//1408 925//925 924//924
f 1409//1409 1398//1398 1402//1402
f 1409//1409 1402//1402 1408//1408
f 1404//1404 1395//1395 1398//1398
f 1404//1404 1398//1398 1409//1409
f 1410//1410 1411//1411 1412//1412
f 1410//1410 1412//1412 1413//1413
f 1411//1411 1414//1414 1415//1415
f 1411//1411 1415//1415 1412//1412
f 1413//1413 1412//1412 1416//1416
f 1413//1413 1416//1416 1417//1417
f 1412//1412 1415//1415 1418//1418
f 1412//1412 1418//1418 1416//1416
f 1052//1052 1419//1419 1410//1410
f 1052//1052 1410//1410 1237//1237
f 1419//1419 1420//1420 1411//1411
f 1419//1419 1411//1411 1410//1410
f 1420//1420 1421//1421 1414//1414
f 1420//1420 1414//1414 1411//1411
f 1421//1421 1422//1422 1423//1423
f 1421//1421 1423//1423 1414//1414
f 1414//1414 1423//1423 1424//1424
f 1414//1414 1424//1424 1415//1415
f 1415//1415 1424//1424 1425//1425
f 1415//1415 1425//1425 1418//1418
f 1418//1418 1425//1425 1426//1426
f 1418//1418 1426//1426 1427//1427
f 1416//1416 1418//1418 1427//1427
f 1416//1416 1427//1427 1428//1428
f 1417//1417 1416//1416 1428//1428
f 1417//1417 1428//1428 1429//1429
f 1239//1239 1417//1417 1429//1429
f 1239//1239 1429//1429 1240//1240
f 1238//1238 1413//1413 1417//1417
f 1238//1238 1417//1417 1239//1239
f 1237//1237 1410//1410 1413//1413
f 1237//1237 1413//1413 1238//1238
f 1430//1430 1431//1431 1432//1432
f 1430//1430 1432//1432 1433//1433
f 1431//1431 1434//1434 1435//1435
f 1431//1431 1435//1435 1432//1432
f 1433//1433 1432//1432 1436//1436
f 1433//1433 1436//1436 1437//1437
f 1432//1432 1435//1435 1438//1438
f 1432//1432 1438//1438 1436//1436
f 1245//1245 1243//1243 1430//1430
f 1245//1245 1430//1430 1439//1439
f 1243//1243 1242//1242 1431//1431
f 1243//1243 1431//1431 1430//1430
f 1242//1242 1241//1241 1434//1434
f 1242//1242 1434//1434 1431//1431
f 1241//1241 1240//1240 1440//1440
f 1241//1241 1440//1440 1434//1434
f 1434//1434 1440//1440 1441//1441
f 1434//1434 1441//1441 1435//1435
f 1435//1435 1441//1441 1442//1442
f 1435//1435 1442//1442 1438//1438
f 1438//1438 1442//1442 949//949
f 1438//1438 949//949 948//948
f 1436//1436 1438//1438 948//948
f 1436//1436 948//948 947//947
f 1437//1437 1436//1436 947//947
f 1437//1437 947//947 945//945
f 1443//1443 1437//1437 945//945
f 1443//1443 945//945 944//944
f 1444//1444 1433//1433 1437//1437
f 1444//1444 1437//1437 1443//1443
f 1439//1439 1430//1430 1433//1433
f 1439//1439 1433//1433 1444//1444
f 1445//1445 1446//1446 1447//1447
f 1445//1445 1447//1447 1448//1448
f 1446//1446 1449//1449 1450//1450
f 1446//1446 1450//1450 1447//1447
f 1448//1448 1447//1447 1451//1451
f 1448//1448 1451//1451 1452//1452
f 1447//1447 1450//1450 1453//1453
f 1447//1447 1453//1453 1451//1451
f 1185//1185 1183//1183 1445//1445
f 1185//1185 1445//1445 1454//1454
f 1183//1183 1182//1182 1446//1446
f 1183//1183 1446//1446 1445//1445
f 1182//1182 1181//1181 1449//1449
f 1182//1182 1449//1449 1446//1446
f 1181//1181 709//709 708//708
f 1181//1181 708//708 1449//1449
f 1449//1449 708//708 707//707
f 1449//1449 707//707 1450//1450
f 1450//1450 707//707 706//706
f 1450//1450 706//706 1453//1453
f 1453//1453 706//706 494//494
f 1453//1453 494//494 1260//1260
f 1451//1451 1453//1453 1260//1260
f 1451//1451 1260//1260 1259//1259
f 1452//1452 1451//1451 1259//1259
f 1452//1452 1259//1259 1257//1257
f 1455//1455 1452//1452 1257//1257
f 1455//1455 1257//1257 1256//1256
f 1456//1456 1448//1448 1452//1452
f 1456//1456 1452//1452 1455//1455
f 1454//1454 1445//1445 1448//1448
f 1454//1454 1448//1448 1456//1456
f 1457//1457 1458//1458 1459//1459
f 1457//1457 1459//1459 1460//1460
f 1458//1458 1461//1461 1462//1462
f 1458//1458 1462//1462 1459//1459
f 1460//1460 1459//1459 1463//1463
f 1460//1460 1463//1463 1464//1464
f 1459//1459 1462//1462 1465//1465
f 1459//1459 1465//1465 1463//1463
f 913//913 911//911 1457//1457
f 913//913 1457//1457 1466//1466
f 911//911 910//910 1458//1458
f 911//911 1458//1458 1457//1457
f 910//910 909//909 1461//1461
f 910//910 1461//1461 1458//1458
f 909//909 230//230 773//773
f 909//909 773//773 1461//1461
f 1461//1461 773//773 772//772
f 1461//1461 772//772 1462//1462
f 1462//1462 772//772 771//771
f 1462//1462 771//771 1465//1465
f 1465//1465 771//771 599//599
f 1465//1465 599//599 1295//1295
f 1463//1463 1465//1465 1295//1295
f 1463//1463 1295//1295 1294//1294
f 1464//1464 1463//1463 1294//1294
f 1464//1464 1294//1294 1292//1292
f 1467//1467 1464//1464 1292//1292
f 1467//1467 1292//1292 1291//1291
f 1468//1468 1460//1460 1464//1464
f 1468//1468 1464//1464 1467//1467
f 1466//1466 1457//1457 1460//1460
f 1466//1466 1460//1460 1468//1468
f 1469//1469 1470//1470 1471//1471
f 1469//1469 1471//1471 1472//1472
f 1470//1470 1473//1473 1474//1474
f 1470//1470 1474//1474 1471//1471
f 1472//1472 1471//1471 1475//1475
f 1472//1472 1475//1475 1476//1476
f 1471//1471 1474//1474 1477//1477
f 1471//1471 1477//1477 1475//1475
f 270//270 272//272 1469//1469
f 270//270 1469//1469 1049//1049
f 272//272 285//285 1470//1470
f 272//272 1470//1470 1469//1469
f 285//285 283//283 1473//1473
f 285//285 1473//1473 1470//1470
f 283//283 284//284 1478//1478
f 283//283 1478//1478 1473//1473
f 1473//1473 1478//1478 1479//1479
f 1473//1473 1479//1479 1474//1474
f 1474//1474 1479//1479 1480//1480
f 1474//1474 1480//1480 1477//1477
f 1477//1477 1480//1480 1422//1422
f 1477//1477 1422//1422 1421//1421
f 1475//1475 1477//1477 1421//1421
f 1475//1475 1421//1421 1420//1420
f 1476//1476 1475//1475 1420//1420
f 1476//1476 1420//1420 1419//1419
f 1051//1051 1476//1476 1419//1419
f 1051//1051 1419//1419 1052//1052
f 1050//1050 1472//1472 1476//1476
f 1050//1050 1476//1476 1051//1051
f 1049//1049 1469//1469 1472//1472
f 1049//1049 1472//1472 1050//1050
f 1481//1481 1482//1482 1483//1483
f 1481//1481 1483//1483 1484//1484
f 1482//1482 1485//1485 1486//1486
f 1482//1482 1486//1486 1483//1483
f 1484//1484 1483//1483 1487//1487
f 1484//1484 1487//1487 1488//1488
f 1483//1483 1486//1486 1489//1489
f 1483//1483 1489//1489 1487//1487
f 949//949 1490//1490 1481//1481
f 949//949 1481//1481 950//950
f 1490//1490 1491//1491 1482//1482
f 1490//1490 1482//1482 1481//1481
f 1491//1491 1492//1492 1485//1485
f 1491//1491 1485//1485 1482//1482
f 1492//1492 1493//1493 1494//1494
f 1492//1492 1494//1494 1485//1485
f 1485//1485 1494//1494 1495//1495
f 1485//1485 1495//1495 1486//1486
f 1486//1486 1495//1495 1496//1496
f 1486//1486 1496//1496 1489//1489
f 1489//1489 1496//1496 1497//1497
f 1489//1489 1497//1497 1498//1498
f 1487//1487 1489//1489 1498//1498
f 1487//1487 1498//1498 1499//1499
f 1488//1488 1487//1487 1499//1499
f 1488//1488 1499//1499 1500//1500
f 952//952 1488//1488 1500//1500
f 952//952 1500//1500 953//953
f 951//951 1484//1484 1488//1488
f 951//951 1488//1488 952//952
f 950//950 1481//1481 1484//1484
f 950//950 1484//1484 951//951
f 1501//1501 1502//1502 1503//1503
f 1501//1501 1503//1503 1504//1504
f 1502//1502 1505//1505 1506//1506
f 1502//1502 1506//1506 1503//1503
f 1504//1504 1503//1503 1507//1507
f 1504//1504 1507//1507 1508//1508
f 1503//1503 1506//1506 1509//1509
f 1503//1503 1509//1509 1507//1507
f 1354//1354 1352//1352 1501//1501
f 1354//1354 1501//1501 1510//1510
f 1352//1352 1351//1351 1502//1502
f 1352//1352 1502//1502 1501//1501
f 1351//1351 1350//1350 1505//1505
f 1351//1351 1505//1505 1502//1502
f 1350//1350 800//800 802//802
f 1350//1350 802//802 1505//1505
f 1505//1505 802//802 815//815
f 1505//1505 815//815 1506//1506
f 1506//1506 815//815 813//813
f 1506//1506 813//813 1509//1509
f 1509//1509 813//813 814//814
f 1509//1509 814//814 1276//1276
f 1507//1507 1509//1509 1276//1276
f 1507//1507 1276//1276 1275//1275
f 1508//1508 1507//1507 1275//1275
f 1508//1508 1275//1275 1273//1273
f 1511//1511 1508//1508 1273//1273
f 1511//1511 1273//1273 1272//1272
f 1512//1512 1504//1504 1508//1508
f 1512//1512 1508//1508 1511//1511
f 1510//1510 1501//1501 1504//1504
f 1510//1510 1504//1504 1512//1512
f 1513//1513 1514//1514 1515//1515
f 1513//1513 1515//1515 1516//1516
f 1514//1514 1517//1517 1518//1518
f 1514//1514 1518//1518 1515//1515
f 1516//1516 1515//1515 1519//1519
f 1516//1516 1519//1519 1520//1520
f 1515//1515 1518//1518 1521//1521
f 1515//1515 1521//1521 1519//1519
f 1033//1033 1031//1031 1513//1513
f 1033//1033 1513//1513 1522//1522
f 1031//1031 1030//1030 1514//1514
f 1031//1031 1514//1514 1513//1513
f 1030//1030 1029//1029 1517//1517
f 1030//1030 1517//1517 1514//1514
f 1029//1029 539//539 538//538
f 1029//1029 538//538 1517//1517
f 1517//1517 538//538 537//537
f 1517//1517 537//537 1518//1518
f 1518//1518 537//537 536//536
f 1518//1518 536//536 1521//1521
f 1521//1521 536//536 535//535
f 1521//1521 535//535 1334//1334
f 1519//1519 1521//1521 1334//1334
f 1519//1519 1334//1334 1333//1333
f 1520//1520 1519//1519 1333//1333
f 1520//1520 1333//1333 1331//1331
f 1523//1523 1520//1520 1331//1331
f 1523//1523 1331//1331 1330//1330
f 1524//1524 1516//1516 1520//1520
f 1524//1524 1520//1520 1523//1523
f 1522//1522 1513//1513 1516//1516
f 1522//1522 1516//1516 1524//1524
f 1525//1525 1526//1526 1527//1527
f 1525//1525 1527//1527 1528//1528
f 1526//1526 1529//1529 1530//1530
f 1526//1526 1530//1530 1527//1527
f 1528//1528 1527//1527 1531//1531
f 1528//1528 1531//1531 1532//1532
f 1527//1527 1530//1530 1533//1533
f 1527//1527 1533//1533 1531//1531
f 209//209 1534//1534 1525//1525
f 209//209 1525//1525 210//210
f 1534//1534 1535//1535 1526//1526
f 1534//1534 1526//1526 1525//1525
f 1535//1535 1536//1536 1529//1529
f 1535//1535 1529//1529 1526//1526
f 1536//1536 1537//1537 1538//1538
f 1536//1536 1538//1538 1529//1529
f 1529//1529 1538//1538 1539//1539
f 1529//1529 1539//1539 1530//1530
f 1530//1530 1539//1539 1540//1540
f 1530//1530 1540//1540 1533//1533
f 1533//1533 1540//1540 1541//1541
f 1533//1533 1541//1541 1542//1542
f 1531//1531 1533//1533 1542//1542
f 1531//1531 1542//1542 1543//1543
f 1532//1532 1531//1531 1543//1543
f 1532//1532 1543//1543 1544//1544
f 212//212 1532//1532 1544//1544
f 212//212 1544//1544 214//214
f 211//211 1528//1528 1532//1532
f 211//211 1532//1532 212//212
f 210//210 1525//1525 1528//1528
f 210//210 1528//1528 211//211
f 1545//1545 1546//1546 1547//1547
f 1545//1545 1547//1547 1548//1548
f 1546//1546 1549//1549 1550//1550
f 1546//1546 1550//1550 1547//1547
f 1548//1548 1547//1547 1551//1551
f 1548//1548 1551//1551 1552//1552
f 1547//1547 1550//1550 1553//1553
f 1547//1547 1553//1553 1551//1551
f 1537//1537 1554//1554 1545//1545
f 1537//1537 1545//1545 1538//1538
f 1554//1554 1555//1555 1546//1546
f 1554//1554 1546//1546 1545//1545
f 1555//1555 1556//1556 1549//1549
f 1555//1555 1549//1549 1546//1546
f 1556//1556 860//860 862//862
f 1556//1556 862//862 1549//1549
f 1549//1549 862//862 870//870
f 1549//1549 870//870 1550//1550
f 1550//1550 870//870 868//868
f 1550//1550 868//868 1553//1553
f 1553//1553 868//868 869//869
f 1553//1553 869//869 1557//1557
f 1551//1551 1553//1553 1557//1557
f 1551//1551 1557//1557 1558//1558
f 1552//1552 1551//1551 1558//1558
f 1552//1552 1558//1558 1559//1559
f 1540//1540 1552//1552 1559//1559
f 1540//1540 1559//1559 1541//1541
f 1539//1539 1548//1548 1552//1552
f 1539//1539 1552//1552 1540//1540
f 1538//1538 1545//1545 1548//1548
f 1538//1538 1548//1548 1539//1539
f 1560//1560 1561//1561 1562//1562
f 1560//1560 1562//1562 1563//1563
f 1561//1561 1564//1564 1565//1565
f 1561//1561 1565//1565 1562//1562
f 1563//1563 1562//1562 1566//1566
f 1563//1563 1566//1566 1567//1567
f 1562//1562 1565//1565 1568//1568
f 1562//1562 1568//1568 1566//1566
f 1201//1201 1226//1226 1560//1560
f 1201//1201 1560//1560 1569//1569
f 1226//1226 1225//1225 1561//1561
f 1226//1226 1561//1561 1560//1560
f 1225//1225 1224//1224 1564//1564
f 1225//1225 1564//1564 1561//1561
f 1224//1224 649//649 1570//1570
f 1224//1224 1570//1570 1564//1564
f 1564//1564 1570//1570 1571//1571
f 1564//1564 1571//1571 1565//1565
f 1565//1565 1571//1571 1572//1572
f 1565//1565 1572//1572 1568//1568
f 1568//1568 1572//1572 1573//1573
f 1568//1568 1573//1573 1574//1574
f 1566//1566 1568//1568 1574//1574
f 1566//1566 1574//1574 1575//1575
f 1567//1567 1566//1566 1575//1575
f 1567//1567 1575//1575 1576//1576
f 1577//1577 1567//1567 1576//1576
f 1577//1577 1576//1576 1578//1578
f 1579//1579 1563//1563 1567//1567
f 1579//1579 1567//1567 1577//1577
f 1569//1569 1560//1560 1563//1563
f 1569//1569 1563//1563 1579//1579
f 1580//1580 1581//1581 1582//1582
f 1580//1580 1582//1582 1583//1583
f 1581//1581 1584//1584 1585//1585
f 1581//1581 1585//1585 1582//1582
f 1583//1583 1582//1582 1586//1586
f 1583//1583 1586//1586 1587//1587
f 1582//1582 1585//1585 1588//1588
f 1582//1582 1588//1588 1586//1586
f 275//275 892//892 1580//1580
f 275//275 1580//1580 276//276
f 892//892 891//891 1581//1581
f 892//892 1581//1581 1580//1580
f 891//891 890//890 1584//1584
f 891//891 1584//1584 1581//1581
f 890//890 889//889 1589//1589
f 890//890 1589//1589 1584//1584
f 1584//1584 1589//1589 1590//1590
f 1584//1584 1590//1590 1585//1585
f 1585//1585 1590//1590 1591//1591
f 1585//1585 1591//1591 1588//1588
f 1588//1588 1591//1591 1592//1592
f 1588//1588 1592//1592 1593//1593
f 1586//1586 1588//1588 1593//1593
f 1586//1586 1593//1593 1594//1594
f 1587//1587 1586//1586 1594//1594
f 1587//1587 1594//1594 1595//1595
f 278//278 1587//1587 1595//1595
f 278//278 1595//1595 279//279
f 277//277 1583//1583 1587//1587
f 277//277 1587//1587 278//278
f 276//276 1580//1580 1583//1583
f 276//276 1583//1583 277//277
f 1596//1596 1597//1597 1598//1598
f 1596//1596 1598//1598 1599//1599
f 1597//1597 1600//1600 1601//1601
f 1597//1597 1601//1601 1598//1598
f 1599//1599 1598//1598 1602//1602
f 1599//1599 1602//1602 1603//1603
f 1598//1598 1601//1601 1604//1604
f 1598//1598 1604//1604 1602//1602
f 44//44 1605//1605 1596//1596
f 44//44 1596//1596 45//45
f 1605//1605 1606//1606 1597//1597
f 1605//1605 1597//1597 1596//1596
f 1606//1606 1607//1607 1600//1600
f 1606//1606 1600//1600 1597//1597
f 1607//1607 1608//1608 1609//1609
f 1607//1607 1609//1609 1600//1600
f 1600//1600 1609//1609 1610//1610
f 1600//1600 1610//1610 1601//1601
f 1601//1601 1610//1610 1611//1611
f 1601//1601 1611//1611 1604//1604
f 1604//1604 1611//1611 1612//1612
f 1604//1604 1612//1612 1613//1613
f 1602//1602 1604//1604 1613//1613
f 1602//1602 1613//1613 1614//1614
f 1603//1603 1602//1602 1614//1614
f 1603//1603 1614//1614 1615//1615
f 47//47 1603//1603 1615//1615
f 47//47 1615//1615 49//49
f 46//46 1599//1599 1603//1603
f 46//46 1603//1603 47//47
f 45//45 1596//1596 1599//1599
f 45//45 1599//1599 46//46
f 1616//1616 1617//1617 1618//1618
f 1616//1616 1618//1618 1619//1619
f 1617//1617 1620//1620 1621//1621
f 1617//1617 1621//1621 1618//1618
f 1619//1619 1618//1618 1622//1622
f 1619//1619 1622//1622 1623//1623
f 1618//1618 1621//1621 1624//1624
f 1618//1618 1624//1624 1622//1622
f 1608//1608 1625//1625 1616//1616
f 1608//1608 1616//1616 1609//1609
f 1625//1625 1626//1626 1617//1617
f 1625//1625 1617//1617 1616//1616
f 1626//1626 1627//1627 1620//1620
f 1626//1626 1620//1620 1617//1617
f 1627//1627 969//969 971//971
f 1627//1627 971//971 1620//1620
f 1620//1620 971//971 979//979
f 1620//1620 979//979 1621//1621
f 1621//1621 979//979 977//977
f 1621//1621 977//977 1624//1624
f 1624//1624 977//977 978//978
f 1624//1624 978//978 1628//1628
f 1622//1622 1624//1624 1628//1628
f 1622//1622 1628//1628 1629//1629
f 1623//1623 1622//1622 1629//1629
f 1623//1623 1629//1629 1630//1630
f 1611//1611 1623//1623 1630//1630
f 1611//1611 1630//1630 1612//1612
f 1610//1610 1619//1619 1623//1623
f 1610//1610 1623//1623 1611//1611
f 1609//1609 1616//1616 1619//1619
f 1609//1609 1619//1619 1610//1610
f 1631//1631 1632//1632 1633//1633
f 1631//1631 1633//1633 1634//1634
f 1632//1632 1635//1635 1636//1636
f 1632//1632 1636//1636 1633//1633
f 1634//1634 1633//1633 1637//1637
f 1634//1634 1637//1637 1638//1638
f 1633//1633 1636//1636 1639//1639
f 1633//1633 1639//1639 1637//1637
f 139//139 138//138 1631//1631
f 139//139 1631//1631 993//993
f 138//138 137//137 1632//1632
f 138//138 1632//1632 1631//1631
f 137//137 136//136 1635//1635
f 137//137 1635//1635 1632//1632
f 136//136 49//49 1615//1615
f 136//136 1615//1615 1635//1635
f 1635//1635 1615//1615 1614//1614
f 1635//1635 1614//1614 1636//1636
f 1636//1636 1614//1614 1613//1613
f 1636//1636 1613//1613 1639//1639
f 1639//1639 1613//1613 1612//1612
f 1639//1639 1612//1612 1640//1640
f 1637//1637 1639//1639 1640//1640
f 1637//1637 1640//1640 1641//1641
f 1638//1638 1637//1637 1641//1641
f 1638//1638 1641//1641 1642//1642
f 995//995 1638//1638 1642//1642
f 995//995 1642//1642 996//996
f 994//994 1634//1634 1638//1638
f 994//994 1638//1638 995//995
f 993//993 1631//1631 1634//1634
f 993//993 1634//1634 994//994
f 1643//1643 1644//1644 1645//1645
f 1643//1643 1645//1645 1646//1646
f 1644//1644 1647//1647 1648//1648
f 1644//1644 1648//1648 1645//1645
f 1646//1646 1645//1645 1649//1649
f 1646//1646 1649//1649 1650//1650
f 1645//1645 1648//1648 1651//1651
f 1645//1645 1651//1651 1649//1649
f 996//996 1642//1642 1643//1643
f 996//996 1643//1643 1652//1652
f 1642//1642 1641//1641 1644//1644
f 1642//1642 1644//1644 1643//1643
f 1641//1641 1640//1640 1647//1647
f 1641//1641 1647//1647 1644//1644
f 1640//1640 1612//1612 1630//1630
f 1640//1640 1630//1630 1647//1647
f 1647//1647 1630//1630 1629//1629
f 1647//1647 1629//1629 1648//1648
f 1648//1648 1629//1629 1628//1628
f 1648//1648 1628//1628 1651//1651
f 1651//1651 1628//1628 978//978
f 1651//1651 978//978 1014//1014
f 1649//1649 1651//1651 1014//1014
f 1649//1649 1014//1014 1013//1013
f 1650//1650 1649//1649 1013//1013
f 1650//1650 1013//1013 1012//1012
f 1653//1653 1650//1650 1012//1012
f 1653//1653 1012//1012 510//510
f 1654//1654 1646//1646 1650//1650
f 1654//1654 1650//1650 1653//1653
f 1652//1652 1643//1643 1646//1646
f 1652//1652 1646//1646 1654//1654
f 1655//1655 1656//1656 1657//1657
f 1655//1655 1657//1657 1658//1658
f 1656//1656 1659//1659 1660//1660
f 1656//1656 1660//1660 1657//1657
f 1658//1658 1657//1657 1661//1661
f 1658//1658 1661//1661 1662//1662
f 1657//1657 1660//1660 1663//1663
f 1657//1657 1663//1663 1661//1661
f 74//74 1664//1664 1655//1655
f 74//74 1655//1655 318//318
f 1664//1664 1665//1665 1656//1656
f 1664//1664 1656//1656 1655//1655
f 1665//1665 1666//1666 1659//1659
f 1665//1665 1659//1659 1656//1656
f 1666//1666 1667//1667 1668//1668
f 1666//1666 1668//1668 1659//1659
f 1659//1659 1668//1668 1669//1669
f 1659//1659 1669//1669 1660//1660
f 1660//1660 1669//1669 1670//1670
f 1660//1660 1670//1670 1663//1663
f 1663//1663 1670//1670 1671//1671
f 1663//1663 1671//1671 1672//1672
f 1661//1661 1663//1663 1672//1672
f 1661//1661 1672//1672 1673//1673
f 1662//1662 1661//1661 1673//1673
f 1662//1662 1673//1673 1674//1674
f 320//320 1662//1662 1674//1674
f 320//320 1674//1674 119//119
f 319//319 1658//1658 1662//1662
f 319//319 1662//1662 320//320
f 318//318 1655//1655 1658//1658
f 318//318 1658//1658 319//319
f 1675//1675 1676//1676 1677//1677
f 1675//1675 1677//1677 1678//1678
f 1676//1676 1679//1679 1680//1680
f 1676//1676 1680//1680 1677//1677
f 1678//1678 1677//1677 1681//1681
f 1678//1678 1681//1681 1682//1682
f 1677//1677 1680//1680 1683//1683
f 1677//1677 1683//1683 1681//1681
f 1667//1667 1684//1684 1675//1675
f 1667//1667 1675//1675 1668//1668
f 1684//1684 1685//1685 1676//1676
f 1684//1684 1676//1676 1675//1675
f 1685//1685 1686//1686 1679//1679
f 1685//1685 1679//1679 1676//1676
f 1686//1686 1024//1024 1026//1026
f 1686//1686 1026//1026 1679//1679
f 1679//1679 1026//1026 1034//1034
f 1679//1679 1034//1034 1680//1680
f 1680//1680 1034//1034 1032//1032
f 1680//1680 1032//1032 1683//1683
f 1683//1683 1032//1032 1033//1033
f 1683//1683 1033//1033 1687//1687
f 1681//1681 1683//1683 1687//1687
f 1681//1681 1687//1687 1688//1688
f 1682//1682 1681//1681 1688//1688
f 1682//1682 1688//1688 1689//1689
f 1670//1670 1682//1682 1689//1689
f 1670//1670 1689//1689 1671//1671
f 1669//1669 1678//1678 1682//1682
f 1669//1669 1682//1682 1670//1670
f 1668//1668 1675//1675 1678//1678
f 1668//1668 1678//1678 1669//1669
f 1690//1690 1691//1691 1692//1692
f 1690//1690 1692//1692 1693//1693
f 1691//1691 1694//1694 1695//1695
f 1691//1691 1695//1695 1692//1692
f 1693//1693 1692//1692 1696//1696
f 1693//1693 1696//1696 1697//1697
f 1692//1692 1695//1695 1698//1698
f 1692//1692 1698//1698 1696//1696
f 189//189 1699//1699 1690//1690
f 189//189 1690//1690 388//388
f 1699//1699 1700//1700 1691//1691
f 1699//1699 1691//1691 1690//1690
f 1700//1700 1701//1701 1694//1694
f 1700//1700 1694//1694 1691//1691
f 1701//1701 1702//1702 1703//1703
f 1701//1701 1703//1703 1694//1694
f 1694//1694 1703//1703 1704//1704
f 1694//1694 1704//1704 1695//1695
f 1695//1695 1704//1704 1705//1705
f 1695//1695 1705//1705 1698//1698
f 1698//1698 1705//1705 1537//1537
f 1698//1698 1537//1537 1536//1536
f 1696//1696 1698//1698 1536//1536
f 1696//1696 1536//1536 1535//1535
f 1697//1697 1696//1696 1535//1535
f 1697//1697 1535//1535 1534//1534
f 390//390 1697//1697 1534//1534
f 390//390 1534//1534 209//209
f 389//389 1693//1693 1697//1697
f 389//389 1697//1697 390//390
f 388//388 1690//1690 1693//1693
f 388//388 1693//1693 389//389
f 1706//1706 1707//1707 1708//1708
f 1706//1706 1708//1708 1709//1709
f 1707//1707 1710//1710 1711//1711
f 1707//1707 1711//1711 1708//1708
f 1709//1709 1708//1708 1712//1712
f 1709//1709 1712//1712 1713//1713
f 1708//1708 1711//1711 1714//1714
f 1708//1708 1714//1714 1712//1712
f 1702//1702 1715//1715 1706//1706
f 1702//1702 1706//1706 1703//1703
f 1715//1715 1716//1716 1707//1707
f 1715//1715 1707//1707 1706//1706
f 1716//1716 1717//1717 1710//1710
f 1716//1716 1710//1710 1707//1707
f 1717//1717 1068//1068 1070//1070
f 1717//1717 1070//1070 1710//1710
f 1710//1710 1070//1070 1074//1074
f 1710//1710 1074//1074 1711//1711
f 1711//1711 1074//1074 1073//1073
f 1711//1711 1073//1073 1714//1714
f 1714//1714 1073//1073 860//860
f 1714//1714 860//860 1556//1556
f 1712//1712 1714//1714 1556//1556
f 1712//1712 1556//1556 1555//1555
f 1713//1713 1712//1712 1555//1555
f 1713//1713 1555//1555 1554//1554
f 1705//1705 1713//1713 1554//1554
f 1705//1705 1554//1554 1537//1537
f 1704//1704 1709//1709 1713//1713
f 1704//1704 1713//1713 1705//1705
f 1703//1703 1706//1706 1709//1709
f 1703//1703 1709//1709 1704//1704
f 1718//1718 1719//1719 1720//1720
f 1718//1718 1720//1720 1721//1721
f 1719//1719 1722//1722 1723//1723
f 1719//1719 1723//1723 1720//1720
f 1721//1721 1720//1720 1724//1724
f 1721//1721 1724//1724 1725//1725
f 1720//1720 1723//1723 1726//1726
f 1720//1720 1726//1726 1724//1724
f 19//19 18//18 1718//1718
f 19//19 1718//1718 1311//1311
f 18//18 17//17 1719//1719
f 18//18 1719//1719 1718//1718
f 17//17 16//16 1722//1722
f 17//17 1722//1722 1719//1719
f 16//16 15//15 1727//1727
f 16//16 1727//1727 1722//1722
f 1722//1722 1727//1727 1728//1728
f 1722//1722 1728//1728 1723//1723
f 1723//1723 1728//1728 1729//1729
f 1723//1723 1729//1729 1726//1726
f 1726//1726 1729//1729 1730//1730
f 1726//1726 1730//1730 1731//1731
f 1724//1724 1726//1726 1731//1731
f 1724//1724 1731//1731 1732//1732
f 1725//1725 1724//1724 1732//1732
f 1725//1725 1732//1732 1733//1733
f 1313//1313 1725//1725 1733//1733
f 1313//1313 1733//1733 1314//1314
f 1312//1312 1721//1721 1725//1725
f 1312//1312 1725//1725 1313//1313
f 1311//1311 1718//1718 1721//1721
f 1311//1311 1721//1721 1312//1312
f 1734//1734 1735//1735 1736//1736
f 1734//1734 1736//1736 1737//1737
f 1735//1735 1738//1738 1739//1739
f 1735//1735 1739//1739 1736//1736
f 1737//1737 1736//1736 1740//1740
f 1737//1737 1740//1740 1741//1741
f 1736//1736 1739//1739 1742//1742
f 1736//1736 1742//1742 1740//1740
f 1314//1314 1733//1733 1734//1734
f 1314//1314 1734//1734 1743//1743
f 1733//1733 1732//1732 1735//1735
f 1733//1733 1735//1735 1734//1734
f 1732//1732 1731//1731 1738//1738
f 1732//1732 1738//1738 1735//1735
f 1731//1731 1730//1730 1744//1744
f 1731//1731 1744//1744 1738//1738
f 1738//1738 1744//1744 1745//1745
f 1738//1738 1745//1745 1739//1739
f 1739//1739 1745//1745 1746//1746
f 1739//1739 1746//1746 1742//1742
f 1742//1742 1746//1746 1099//1099
f 1742//1742 1099//1099 1098//1098
f 1740//1740 1742//1742 1098//1098
f 1740//1740 1098//1098 1097//1097
f 1741//1741 1740//1740 1097//1097
f 1741//1741 1097//1097 1096//1096
f 1747//1747 1741//1741 1096//1096
f 1747//1747 1096//1096 904//904
f 1748//1748 1737//1737 1741//1741
f 1748//1748 1741//1741 1747//1747
f 1743//1743 1734//1734 1737//1737
f 1743//1743 1737//1737 1748//1748
f 1749//1749 1750//1750 1751//1751
f 1749//1749 1751//1751 1752//1752
f 1750//1750 1753//1753 1754//1754
f 1750//1750 1754//1754 1751//1751
f 1752//1752 1751//1751 1755//1755
f 1752//1752 1755//1755 1756//1756
f 1751//1751 1754//1754 1757//1757
f 1751//1751 1757//1757 1755//1755
f 162//162 1758//1758 1749//1749
f 162//162 1749//1749 163//163
f 1758//1758 1759//1759 1750//1750
f 1758//1758 1750//1750 1749//1749
f 1759//1759 1760//1760 1753//1753
f 1759//1759 1753//1753 1750//1750
f 1760//1760 1761//1761 1762//1762
f 1760//1760 1762//1762 1753//1753
f 1753//1753 1762//1762 1763//1763
f 1753//1753 1763//1763 1754//1754
f 1754//1754 1763//1763 1764//1764
f 1754//1754 1764//1764 1757//1757
f 1757//1757 1764//1764 1730//1730
f 1757//1757 1730//1730 1729//1729
f 1755//1755 1757//1757 1729//1729
f 1755//1755 1729//1729 1728//1728
f 1756//1756 1755//1755 1728//1728
f 1756//1756 1728//1728 1727//1727
f 165//165 1756//1756 1727//1727
f 165//165 1727//1727 15//15
f 164//164 1752//1752 1756//1756
f 164//164 1756//1756 165//165
f 163//163 1749//1749 1752//1752
f 163//163 1752//1752 164//164
f 1765//1765 1766//1766 1767//1767
f 1765//1765 1767//1767 1768//1768
f 1766//1766 1769//1769 1770//1770
f 1766//1766 1770//1770 1767//1767
f 1768//1768 1767//1767 1771//1771
f 1768//1768 1771//1771 1772//1772
f 1767//1767 1770//1770 1773//1773
f 1767//1767 1773//1773 1771//1771
f 1761//1761 1774//1774 1765//1765
f 1761//1761 1765//1765 1762//1762
f 1774//1774 1775//1775 1766//1766
f 1774//1774 1766//1766 1765//1765
f 1775//1775 1776//1776 1769//1769
f 1775//1775 1769//1769 1766//1766
f 1776//1776 1128//1128 1130//1130
f 1776//1776 1130//1130 1769//1769
f 1769//1769 1130//1130 1134//1134
f 1769//1769 1134//1134 1770//1770
f 1770//1770 1134//1134 1133//1133
f 1770//1770 1133//1133 1773//1773
f 1773//1773 1133//1133 1099//1099
f 1773//1773 1099//1099 1746//1746
f 1771//1771 1773//1773 1746//1746
f 1771//1771 1746//1746 1745//1745
f 1772//1772 1771//1771 1745//1745
f 1772//1772 1745//1745 1744//1744
f 1764//1764 1772//1772 1744//1744
f 1764//1764 1744//1744 1730//1730
f 1763//1763 1768//1768 1772//1772
f 1763//1763 1772//1772 1764//1764
f 1762//1762 1765//1765 1768//1768
f 1762//1762 1768//1768 1763//1763
f 1777//1777 1778//1778 1779//1779
f 1777//1777 1779//1779 1780//1780
f 1778//1778 1781//1781 1782//1782
f 1778//1778 1782//1782 1779//1779
f 1780//1780 1779//1779 1783//1783
f 1780//1780 1783//1783 1784//1784
f 1779//1779 1782//1782 1785//1785
f 1779//1779 1785//1785 1783//1783
f 257//257 1786//1786 1777//1777
f 257//257 1777//1777 258//258
f 1786//1786 1787//1787 1778//1778
f 1786//1786 1778//1778 1777//1777
f 1787//1787 1788//1788 1781//1781
f 1787//1787 1781//1781 1778//1778
f 1788//1788 1789//1789 1790//1790
f 1788//1788 1790//1790 1781//1781
f 1781//1781 1790//1790 1791//1791
f 1781//1781 1791//1791 1782//1782
f 1782//1782 1791//1791 1792//1792
f 1782//1782 1792//1792 1785//1785
f 1785//1785 1792//1792 1608//1608
f 1785//1785 1608//1608 1607//1607
f 1783//1783 1785//1785 1607//1607
f 1783//1783 1607//1607 1606//1606
f 1784//1784 1783//1783 1606//1606
f 1784//1784 1606//1606 1605//1605
f 260//260 1784//1784 1605//1605
f 260//260 1605//1605 44//44
f 259//259 1780//1780 1784//1784
f 259//259 1784//1784 260//260
f 258//258 1777//1777 1780//1780
f 258//258 1780//1780 259//259
f 1793//1793 1794//1794 1795//1795
f 1793//1793 1795//1795 1796//1796
f 1794//1794 1797//1797 1798//1798
f 1794//1794 1798//1798 1795//1795
f 1796//1796 1795//1795 1799//1799
f 1796//1796 1799//1799 1800//1800
f 1795//1795 1798//1798 1801//1801
f 1795//1795 1801//1801 1799//1799
f 1789//1789 1802//1802 1793//1793
f 1789//1789 1793//1793 1790//1790
f 1802//1802 1803//1803 1794//1794
f 1802//1802 1794//1794 1793//1793
f 1803//1803 1804//1804 1797//1797
f 1803//1803 1797//1797 1794//1794
f 1804//1804 1164//1164 1166//1166
f 1804//1804 1166//1166 1797//1797
f 1797//1797 1166//1166 1170//1170
f 1797//1797 1170//1170 1798//1798
f 1798//1798 1170//1170 1169//1169
f 1798//1798 1169//1169 1801//1801
f 1801//1801 1169//1169 969//969
f 1801//1801 969//969 1627//1627
f 1799//1799 1801//1801 1627//1627
f 1799//1799 1627//1627 1626//1626
f 1800//1800 1799//1799 1626//1626
f 1800//1800 1626//1626 1625//1625
f 1792//1792 1800//1800 1625//1625
f 1792//1792 1625//1625 1608//1608
f 1791//1791 1796//1796 1800//1800
f 1791//1791 1800//1800 1792//1792
f 1790//1790 1793//1793 1796//1796
f 1790//1790 1796//1796 1791//1791
f 1805//1805 1806//1806 1807//1807
f 1805//1805 1807//1807 1808//1808
f 1806//1806 1809//1809 1810//1810
f 1806//1806 1810//1810 1807//1807
f 1808//1808 1807//1807 1811//1811
f 1808//1808 1811//1811 1812//1812
f 1807//1807 1810//1810 1813//1813
f 1807//1807 1813//1813 1811//1811
f 337//337 990//990 1805//1805
f 337//337 1805//1805 338//338
f 990//990 1002//1002 1806//1806
f 990//990 1806//1806 1805//1805
f 1002//1002 1000//1000 1809//1809
f 1002//1002 1809//1809 1806//1806
f 1000//1000 1001//1001 1814//1814
f 1000//1000 1814//1814 1809//1809
f 1809//1809 1814//1814 1815//1815
f 1809//1809 1815//1815 1810//1810
f 1810//1810 1815//1815 1816//1816
f 1810//1810 1816//1816 1813//1813
f 1813//1813 1816//1816 1817//1817
f 1813//1813 1817//1817 1818//1818
f 1811//1811 1813//1813 1818//1818
f 1811//1811 1818//1818 1819//1819
f 1812//1812 1811//1811 1819//1819
f 1812//1812 1819//1819 1820//1820
f 340//340 1812//1812 1820//1820
f 340//340 1820//1820 302//302
f 339//339 1808//1808 1812//1812
f 339//339 1812//1812 340//340
f 338//338 1805//1805 1808//1808
f 338//338 1808//1808 339//339
f 1821//1821 1822//1822 1823//1823
f 1821//1821 1823//1823 1824//1824
f 1822//1822 1825//1825 1826//1826
f 1822//1822 1826//1826 1823//1823
f 1824//1824 1823//1823 1827//1827
f 1824//1824 1827//1827 1828//1828
f 1823//1823 1826//1826 1829//1829
f 1823//1823 1829//1829 1827//1827
f 1001//1001 1830//1830 1821//1821
f 1001//1001 1821//1821 1814//1814
f 1830//1830 1831//1831 1822//1822
f 1830//1830 1822//1822 1821//1821
f 1831//1831 1832//1832 1825//1825
f 1831//1831 1825//1825 1822//1822
f 1832//1832 519//519 1180//1180
f 1832//1832 1180//1180 1825//1825
f 1825//1825 1180//1180 1186//1186
f 1825//1825 1186//1186 1826//1826
f 1826//1826 1186//1186 1184//1184
f 1826//1826 1184//1184 1829//1829
f 1829//1829 1184//1184 1185//1185
f 1829//1829 1185//1185 1833//1833
f 1827//1827 1829//1829 1833//1833
f 1827//1827 1833//1833 1834//1834
f 1828//1828 1827//1827 1834//1834
f 1828//1828 1834//1834 1835//1835
f 1816//1816 1828//1828 1835//1835
f 1816//1816 1835//1835 1817//1817
f 1815//1815 1824//1824 1828//1828
f 1815//1815 1828//1828 1816//1816
f 1814//1814 1821//1821 1824//1824
f 1814//1814 1824//1824 1815//1815
f 1836//1836 1837//1837 1838//1838
f 1836//1836 1838//1838 1839//1839
f 1837//1837 1840//1840 1841//1841
f 1837//1837 1841//1841 1838//1838
f 1839//1839 1838//1838 1842//1842
f 1839//1839 1842//1842 1843//1843
f 1838//1838 1841//1841 1844//1844
f 1838//1838 1844//1844 1842//1842
f 69//69 1845//1845 1836//1836
f 69//69 1836//1836 70//70
f 1845//1845 1846//1846 1837//1837
f 1845//1845 1837//1837 1836//1836
f 1846//1846 1847//1847 1840//1840
f 1846//1846 1840//1840 1837//1837
f 1847//1847 1848//1848 1849//1849
f 1847//1847 1849//1849 1840//1840
f 1840//1840 1849//1849 1850//1850
f 1840//1840 1850//1850 1841//1841
f 1841//1841 1850//1850 1851//1851
f 1841//1841 1851//1851 1844//1844
f 1844//1844 1851//1851 1667//1667
f 1844//1844 1667//1667 1666//1666
f 1842//1842 1844//1844 1666//1666
f 1842//1842 1666//1666 1665//1665
f 1843//1843 1842//1842 1665//1665
f 1843//1843 1665//1665 1664//1664
f 72//72 1843//1843 1664//1664
f 72//72 1664//1664 74//74
f 71//71 1839//1839 1843//1843
f 71//71 1843//1843 72//72
f 70//70 1836//1836 1839//1839
f 70//70 1839//1839 71//71
f 1852//1852 1853//1853 1854//1854
f 1852//1852 1854//1854 1855//1855
f 1853//1853 1856//1856 1857//1857
f 1853//1853 1857//1857 1854//1854
f 1855//1855 1854//1854 1858//1858
f 1855//1855 1858//1858 1859//1859
f 1854//1854 1857//1857 1860//1860
f 1854//1854 1860//1860 1858//1858
f 1848//1848 1861//1861 1852//1852
f 1848//1848 1852//1852 1849//1849
f 1861//1861 1862//1862 1853//1853
f 1861//1861 1853//1853 1852//1852
f 1862//1862 1863//1863 1856//1856
f 1862//1862 1856//1856 1853//1853
f 1863//1863 1256//1256 1258//1258
f 1863//1863 1258//1258 1856//1856
f 1856//1856 1258//1258 1262//1262
f 1856//1856 1262//1262 1857//1857
f 1857//1857 1262//1262 1261//1261
f 1857//1857 1261//1261 1860//1860
f 1860//1860 1261//1261 1024//1024
f 1860//1860 1024//1024 1686//1686
f 1858//1858 1860//1860 1686//1686
f 1858//1858 1686//1686 1685//1685
f 1859//1859 1858//1858 1685//1685
f 1859//1859 1685//1685 1684//1684
f 1851//1851 1859//1859 1684//1684
f 1851//1851 1684//1684 1667//1667
f 1850//1850 1855//1855 1859//1859
f 1850//1850 1859//1859 1851//1851
f 1849//1849 1852//1852 1855//1855
f 1849//1849 1855//1855 1850//1850
f 1864//1864 1865//1865 1866//1866
f 1864//1864 1866//1866 1867//1867
f 1865//1865 1868//1868 1869//1869
f 1865//1865 1869//1869 1866//1866
f 1867//1867 1866//1866 1870//1870
f 1867//1867 1870//1870 1871//1871
f 1866//1866 1869//1869 1872//1872
f 1866//1866 1872//1872 1870//1870
f 184//184 1873//1873 1864//1864
f 184//184 1864//1864 185//185
f 1873//1873 1874//1874 1865//1865
f 1873//1873 1865//1865 1864//1864
f 1874//1874 1875//1875 1868//1868
f 1874//1874 1868//1868 1865//1865
f 1875//1875 1876//1876 1877//1877
f 1875//1875 1877//1877 1868//1868
f 1868//1868 1877//1877 1878//1878
f 1868//1868 1878//1878 1869//1869
f 1869//1869 1878//1878 1879//1879
f 1869//1869 1879//1879 1872//1872
f 1872//1872 1879//1879 1702//1702
f 1872//1872 1702//1702 1701//1701
f 1870//1870 1872//1872 1701//1701
f 1870//1870 1701//1701 1700//1700
f 1871//1871 1870//1870 1700//1700
f 1871//1871 1700//1700 1699//1699
f 187//187 1871//1871 1699//1699
f 187//187 1699//1699 189//189
f 186//186 1867//1867 1871//1871
f 186//186 1871//1871 187//187
f 185//185 1864//1864 1867//1867
f 185//185 1867//1867 186//186
f 1880//1880 1881//1881 1882//1882
f 1880//1880 1882//1882 1883//1883
f 1881//1881 1884//1884 1885//1885
f 1881//1881 1885//1885 1882//1882
f 1883//1883 1882//1882 1886//1886
f 1883//1883 1886//1886 1887//1887
f 1882//1882 1885//1885 1888//1888
f 1882//1882 1888//1888 1886//1886
f 1876//1876 1889//1889 1880//1880
f 1876//1876 1880//1880 1877//1877
f 1889//1889 1890//1890 1881//1881
f 1889//1889 1881//1881 1880//1880
f 1890//1890 1891//1891 1884//1884
f 1890//1890 1884//1884 1881//1881
f 1891//1891 1291//1291 1293//1293
f 1891//1891 1293//1293 1884//1884
f 1884//1884 1293//1293 1297//1297
f 1884//1884 1297//1297 1885//1885
f 1885//1885 1297//1297 1296//1296
f 1885//1885 1296//1296 1888//1888
f 1888//1888 1296//1296 1068//1068
f 1888//1888 1068//1068 1717//1717
f 1886//1886 1888//1888 1717//1717
f 1886//1886 1717//1717 1716//1716
f 1887//1887 1886//1886 1716//1716
f 1887//1887 1716//1716 1715//1715
f 1879//1879 1887//1887 1715//1715
f 1879//1879 1715//1715 1702//1702
f 1878//1878 1883//1883 1887//1887
f 1878//1878 1887//1887 1879//1879
f 1877//1877 1880//1880 1883//1883
f 1877//1877 1883//1883 1878//1878
f 1892//1892 1893//1893 1894//1894
f 1892//1892 1894//1894 1895//1895
f 1893//1893 1896//1896 1897//1897
f 1893//1893 1897//1897 1894//1894
f 1895//1895 1894//1894 1898//1898
f 1895//1895 1898//1898 1899//1899
f 1894//1894 1897//1897 1900//1900
f 1894//1894 1900//1900 1898//1898
f 1148//1148 1901//1901 1892//1892
f 1148//1148 1892//1892 1366//1366
f 1901//1901 1902//1902 1893//1893
f 1901//1901 1893//1893 1892//1892
f 1902//1902 1903//1903 1896//1896
f 1902//1902 1896//1896 1893//1893
f 1903//1903 1904//1904 1905//1905
f 1903//1903 1905//1905 1896//1896
f 1896//1896 1905//1905 1906//1906
f 1896//1896 1906//1906 1897//1897
f 1897//1897 1906//1906 1907//1907
f 1897//1897 1907//1907 1900//1900
f 1900//1900 1907//1907 1908//1908
f 1900//1900 1908//1908 1909//1909
f 1898//1898 1900//1900 1909//1909
f 1898//1898 1909//1909 1910//1910
f 1899//1899 1898//1898 1910//1910
f 1899//1899 1910//1910 1911//1911
f 1368//1368 1899//1899 1911//1911
f 1368//1368 1911//1911 845//845
f 1367//1367 1895//1895 1899//1899
f 1367//1367 1899//1899 1368//1368
f 1366//1366 1892//1892 1895//1895
f 1366//1366 1895//1895 1367//1367
f 1912//1912 1913//1913 1914//1914
f 1912//1912 1914//1914 1915//1915
f 1913//1913 1916//1916 1917//1917
f 1913//1913 1917//1917 1914//1914
f 1915//1915 1914//1914 1918//1918
f 1915//1915 1918//1918 1919//1919
f 1914//1914 1917//1917 1920//1920
f 1914//1914 1920//1920 1918//1918
f 139//139 992//992 1912//1912
f 139//139 1912//1912 140//140
f 992//992 991//991 1913//1913
f 992//992 1913//1913 1912//1912
f 991//991 989//989 1916//1916
f 991//991 1916//1916 1913//1913
f 989//989 337//337 336//336
f 989//989 336//336 1916//1916
f 1916//1916 336//336 335//335
f 1916//1916 335//335 1917//1917
f 1917//1917 335//335 334//334
f 1917//1917 334//334 1920//1920
f 1920//1920 334//334 333//333
f 1920//1920 333//333 1921//1921
f 1918//1918 1920//1920 1921//1921
f 1918//1918 1921//1921 1922//1922
f 1919//1919 1918//1918 1922//1922
f 1919//1919 1922//1922 1923//1923
f 142//142 1919//1919 1923//1923
f 142//142 1923//1923 144//144
f 141//141 1915//1915 1919//1919
f 141//141 1919//1919 142//142
f 140//140 1912//1912 1915//1915
f 140//140 1915//1915 141//141
f 1924//1924 1925//1925 1926//1926
f 1924//1924 1926//1926 1927//1927
f 1925//1925 1928//1928 1929//1929
f 1925//1925 1929//1929 1926//1926
f 1927//1927 1926//1926 1930//1930
f 1927//1927 1930//1930 1931//1931
f 1926//1926 1929//1929 1932//1932
f 1926//1926 1932//1932 1930//1930
f 124//124 1933//1933 1924//1924
f 124//124 1924//1924 353//353
f 1933//1933 1934//1934 1925//1925
f 1933//1933 1925//1925 1924//1924
f 1934//1934 1935//1935 1928//1928
f 1934//1934 1928//1928 1925//1925
f 1935//1935 1936//1936 1937//1937
f 1935//1935 1937//1937 1928//1928
f 1928//1928 1937//1937 1938//1938
f 1928//1928 1938//1938 1929//1929
f 1929//1929 1938//1938 1939//1939
f 1929//1929 1939//1939 1932//1932
f 1932//1932 1939//1939 1761//1761
f 1932//1932 1761//1761 1760//1760
f 1930//1930 1932//1932 1760//1760
f 1930//1930 1760//1760 1759//1759
f 1931//1931 1930//1930 1759//1759
f 1931//1931 1759//1759 1758//1758
f 355//355 1931//1931 1758//1758
f 355//355 1758//1758 162//162
f 354//354 1927//1927 1931//1931
f 354//354 1931//1931 355//355
f 353//353 1924//1924 1927//1927
f 353//353 1927//1927 354//354
f 1940//1940 1941//1941 1942//1942
f 1940//1940 1942//1942 1943//1943
f 1941//1941 1944//1944 1945//1945
f 1941//1941 1945//1945 1942//1942
f 1943//1943 1942//1942 1946//1946
f 1943//1943 1946//1946 1947//1947
f 1942//1942 1945//1945 1948//1948
f 1942//1942 1948//1948 1946//1946
f 1936//1936 1949//1949 1940//1940
f 1936//1936 1940//1940 1937//1937
f 1949//1949 1950//1950 1941//1941
f 1949//1949 1941//1941 1940//1940
f 1950//1950 1951//1951 1944//1944
f 1950//1950 1944//1944 1941//1941
f 1951//1951 1330//1330 1332//1332
f 1951//1951 1332//1332 1944//1944
f 1944//1944 1332//1332 1336//1336
f 1944//1944 1336//1336 1945//1945
f 1945//1945 1336//1336 1335//1335
f 1945//1945 1335//1335 1948//1948
f 1948//1948 1335//1335 1128//1128
f 1948//1948 1128//1128 1776//1776
f 1946//1946 1948//1948 1776//1776
f 1946//1946 1776//1776 1775//1775
f 1947//1947 1946//1946 1775//1775
f 1947//1947 1775//1775 1774//1774
f 1939//1939 1947//1947 1774//1774
f 1939//1939 1774//1774 1761//1761
f 1938//1938 1943//1943 1947//1947
f 1938//1938 1947//1947 1939//1939
f 1937//1937 1940//1940 1943//1943
f 1937//1937 1943//1943 1938//1938
f 1952//1952 1953//1953 1954//1954
f 1952//1952 1954//1954 1955//1955
f 1953//1953 1956//1956 1957//1957
f 1953//1953 1957//1957 1954//1954
f 1955//1955 1954//1954 1958//1958
f 1955//1955 1958//1958 1959//1959
f 1954//1954 1957//1957 1960//1960
f 1954//1954 1960//1960 1958//1958
f 214//214 1544//1544 1952//1952
f 214//214 1952//1952 428//428
f 1544//1544 1543//1543 1953//1953
f 1544//1544 1953//1953 1952//1952
f 1543//1543 1542//1542 1956//1956
f 1543//1543 1956//1956 1953//1953
f 1542//1542 1541//1541 1961//1961
f 1542//1542 1961//1961 1956//1956
f 1956//1956 1961//1961 1962//1962
f 1956//1956 1962//1962 1957//1957
f 1957//1957 1962//1962 1963//1963
f 1957//1957 1963//1963 1960//1960
f 1960//1960 1963//1963 1789//1789
f 1960//1960 1789//1789 1788//1788
f 1958//1958 1960//1960 1788//1788
f 1958//1958 1788//1788 1787//1787
f 1959//1959 1958//1958 1787//1787
f 1959//1959 1787//1787 1786//1786
f 430//430 1959//1959 1786//1786
f 430//430 1786//1786 257//257
f 429//429 1955//1955 1959//1959
f 429//429 1959//1959 430//430
f 428//428 1952//1952 1955//1955
f 428//428 1955//1955 429//429
f 1964//1964 1965//1965 1966//1966
f 1964//1964 1966//1966 1967//1967
f 1965//1965 1968//1968 1969//1969
f 1965//1965 1969//1969 1966//1966
f 1967//1967 1966//1966 1970//1970
f 1967//1967 1970//1970 1971//1971
f 1966//1966 1969//1969 1972//1972
f 1966//1966 1972//1972 1970//1970
f 1541//1541 1559//1559 1964//1964
f 1541//1541 1964//1964 1961//1961
f 1559//1559 1558//1558 1965//1965
f 1559//1559 1965//1965 1964//1964
f 1558//1558 1557//1557 1968//1968
f 1558//1558 1968//1968 1965//1965
f 1557//1557 869//869 1380//1380
f 1557//1557 1380//1380 1968//1968
f 1968//1968 1380//1380 1382//1382
f 1968//1968 1382//1382 1969//1969
f 1969//1969 1382//1382 1381//1381
f 1969//1969 1381//1381 1972//1972
f 1972//1972 1381//1381 1164//1164
f 1972//1972 1164//1164 1804//1804
f 1970//1970 1972//1972 1804//1804
f 1970//1970 1804//1804 1803//1803
f 1971//1971 1970//1970 1803//1803
f 1971//1971 1803//1803 1802//1802
f 1963//1963 1971//1971 1802//1802
f 1963//1963 1802//1802 1789//1789
f 1962//1962 1967//1967 1971//1971
f 1962//1962 1971//1971 1963//1963
f 1961//1961 1964//1964 1967//1967
f 1961//1961 1967//1967 1962//1962
f 1973//1973 1974//1974 1975//1975
f 1973//1973 1975//1975 1976//1976
f 1974//1974 1977//1977 1978//1978
f 1974//1974 1978//1978 1975//1975
f 1976//1976 1975//1975 1979//1979
f 1976//1976 1979//1979 1980//1980
f 1975//1975 1978//1978 1981//1981
f 1975//1975 1981//1981 1979//1979
f 996//996 1652//1652 1973//1973
f 996//996 1973//1973 997//997
f 1652//1652 1654//1654 1974//1974
f 1652//1652 1974//1974 1973//1973
f 1654//1654 1653//1653 1977//1977
f 1654//1654 1977//1977 1974//1974
f 1653//1653 510//510 512//512
f 1653//1653 512//512 1977//1977
f 1977//1977 512//512 520//520
f 1977//1977 520//520 1978//1978
f 1978//1978 520//520 518//518
f 1978//1978 518//518 1981//1981
f 1981//1981 518//518 519//519
f 1981//1981 519//519 1832//1832
f 1979//1979 1981//1981 1832//1832
f 1979//1979 1832//1832 1831//1831
f 1980//1980 1979//1979 1831//1831
f 1980//1980 1831//1831 1830//1830
f 999//999 1980//1980 1830//1830
f 999//999 1830//1830 1001//1001
f 998//998 1976//1976 1980//1980
f 998//998 1980//1980 999//999
f 997//997 1973//1973 1976//1976
f 997//997 1976//1976 998//998
f 1982//1982 1983//1983 1984//1984
f 1982//1982 1984//1984 1985//1985
f 1983//1983 1986//1986 1987//1987
f 1983//1983 1987//1987 1984//1984
f 1985//1985 1984//1984 1988//1988
f 1985//1985 1988//1988 1989//1989
f 1984//1984 1987//1987 1990//1990
f 1984//1984 1990//1990 1988//1988
f 645//645 1991//1991 1982//1982
f 645//645 1982//1982 646//646
f 1991//1991 1992//1992 1983//1983
f 1991//1991 1983//1983 1982//1982
f 1992//1992 1993//1993 1986//1986
f 1992//1992 1986//1986 1983//1983
f 1993//1993 1994//1994 1995//1995
f 1993//1993 1995//1995 1986//1986
f 1986//1986 1995//1995 1996//1996
f 1986//1986 1996//1996 1987//1987
f 1987//1987 1996//1996 1997//1997
f 1987//1987 1997//1997 1990//1990
f 1990//1990 1997//1997 1573//1573
f 1990//1990 1573//1573 1572//1572
f 1988//1988 1990//1990 1572//1572
f 1988//1988 1572//1572 1571//1571
f 1989//1989 1988//1988 1571//1571
f 1989//1989 1571//1571 1570//1570
f 648//648 1989//1989 1570//1570
f 648//648 1570//1570 649//649
f 647//647 1985//1985 1989//1989
f 647//647 1989//1989 648//648
f 646//646 1982//1982 1985//1985
f 646//646 1985//1985 647//647
f 1998//1998 1999//1999 2000//2000
f 1998//1998 2000//2000 2001//2001
f 1999//1999 2002//2002 2003//2003
f 1999//1999 2003//2003 2000//2000
f 2001//2001 2000//2000 2004//2004
f 2001//2001 2004//2004 2005//2005
f 2000//2000 2003//2003 2006//2006
f 2000//2000 2006//2006 2004//2004
f 302//302 1820//1820 1998//1998
f 302//302 1998//1998 303//303
f 1820//1820 1819//1819 1999//1999
f 1820//1820 1999//1999 1998//1998
f 1819//1819 1818//1818 2002//2002
f 1819//1819 2002//2002 1999//1999
f 1818//1818 1817//1817 2007//2007
f 1818//1818 2007//2007 2002//2002
f 2002//2002 2007//2007 2008//2008
f 2002//2002 2008//2008 2003//2003
f 2003//2003 2008//2008 2009//2009
f 2003//2003 2009//2009 2006//2006
f 2006//2006 2009//2009 1848//1848
f 2006//2006 1848//1848 1847//1847
f 2004//2004 2006//2006 1847//1847
f 2004//2004 1847//1847 1846//1846
f 2005//2005 2004//2004 1846//1846
f 2005//2005 1846//1846 1845//1845
f 305//305 2005//2005 1845//1845
f 305//305 1845//1845 69//69
f 304//304 2001//2001 2005//2005
f 304//304 2005//2005 305//305
f 303//303 1998//1998 2001//2001
f 303//303 2001//2001 304//304
f 2010//2010 2011//2011 2012//2012
f 2010//2010 2012//2012 2013//2013
f 2011//2011 2014//2014 2015//2015
f 2011//2011 2015//2015 2012//2012
f 2013//2013 2012//2012 2016//2016
f 2013//2013 2016//2016 2017//2017
f 2012//2012 2015//2015 2018//2018
f 2012//2012 2018//2018 2016//2016
f 1817//1817 1835//1835 2010//2010
f 1817//1817 2010//2010 2007//2007
f 1835//1835 1834//1834 2011//2011
f 1835//1835 2011//2011 2010//2010
f 1834//1834 1833//1833 2014//2014
f 1834//1834 2014//2014 2011//2011
f 1833//1833 1185//1185 1454//1454
f 1833//1833 1454//1454 2014//2014
f 2014//2014 1454//1454 1456//1456
f 2014//2014 1456//1456 2015//2015
f 2015//2015 1456//1456 1455//1455
f 2015//2015 1455//1455 2018//2018
f 2018//2018 1455//1455 1256//1256
f 2018//2018 1256//1256 1863//1863
f 2016//2016 2018//2018 1863//1863
f 2016//2016 1863//1863 1862//1862
f 2017//2017 2016//2016 1862//1862
f 2017//2017 1862//1862 1861//1861
f 2009//2009 2017//2017 1861//1861
f 2009//2009 1861//1861 1848//1848
f 2008//2008 2013//2013 2017//2017
f 2008//2008 2017//2017 2009//2009
f 2007//2007 2010//2010 2013//2013
f 2007//2007 2013//2013 2008//2008
f 2019//2019 2020//2020 2021//2021
f 2019//2019 2021//2021 2022//2022
f 2020//2020 2023//2023 2024//2024
f 2020//2020 2024//2024 2021//2021
f 2022//2022 2021//2021 2025//2025
f 2022//2022 2025//2025 2026//2026
f 2021//2021 2024//2024 2027//2027
f 2021//2021 2027//2027 2025//2025
f 372//372 1308//1308 2019//2019
f 372//372 2019//2019 373//373
f 1308//1308 1320//1320 2020//2020
f 1308//1308 2020//2020 2019//2019
f 1320//1320 1318//1318 2023//2023
f 1320//1320 2023//2023 2020//2020
f 1318//1318 1319//1319 2028//2028
f 1318//1318 2028//2028 2023//2023
f 2023//2023 2028//2028 2029//2029
f 2023//2023 2029//2029 2024//2024
f 2024//2024 2029//2029 2030//2030
f 2024//2024 2030//2030 2027//2027
f 2027//2027 2030//2030 1876//1876
f 2027//2027 1876//1876 1875//1875
f 2025//2025 2027//2027 1875//1875
f 2025//2025 1875//1875 1874//1874
f 2026//2026 2025//2025 1874//1874
f 2026//2026 1874//1874 1873//1873
f 375//375 2026//2026 1873//1873
f 375//375 1873//1873 184//184
f 374//374 2022//2022 2026//2026
f 374//374 2026//2026 375//375
f 373//373 2019//2019 2022//2022
f 373//373 2022//2022 374//374
f 2031//2031 2032//2032 2033//2033
f 2031//2031 2033//2033 2034//2034
f 2032//2032 2035//2035 2036//2036
f 2032//2032 2036//2036 2033//2033
f 2034//2034 2033//2033 2037//2037
f 2034//2034 2037//2037 2038//2038
f 2033//2033 2036//2036 2039//2039
f 2033//2033 2039//2039 2037//2037
f 1319//1319 2040//2040 2031//2031
f 1319//1319 2031//2031 2028//2028
f 2040//2040 2041//2041 2032//2032
f 2040//2040 2032//2032 2031//2031
f 2041//2041 2042//2042 2035//2035
f 2041//2041 2035//2035 2032//2032
f 2042//2042 913//913 1466//1466
f 2042//2042 1466//1466 2035//2035
f 2035//2035 1466//1466 1468//1468
f 2035//2035 1468//1468 2036//2036
f 2036//2036 1468//1468 1467//1467
f 2036//2036 1467//1467 2039//2039
f 2039//2039 1467//1467 1291//1291
f 2039//2039 1291//1291 1891//1891
f 2037//2037 2039//2039 1891//1891
f 2037//2037 1891//1891 1890//1890
f 2038//2038 2037//2037 1890//1890
f 2038//2038 1890//1890 1889//1889
f 2030//2030 2038//2038 1889//1889
f 2030//2030 1889//1889 1876//1876
f 2029//2029 2034//2034 2038//2038
f 2029//2029 2038//2038 2030//2030
f 2028//2028 2031//2031 2034//2034
f 2028//2028 2034//2034 2029//2029
f 2043//2043 2044//2044 2045//2045
f 2043//2043 2045//2045 2046//2046
f 2044//2044 2047//2047 2048//2048
f 2044//2044 2048//2048 2045//2045
f 2046//2046 2045//2045 2049//2049
f 2046//2046 2049//2049 2050//2050
f 2045//2045 2048//2048 2051//2051
f 2045//2045 2051//2051 2049//2049
f 1314//1314 1743//1743 2043//2043
f 1314//1314 2043//2043 1315//1315
f 1743//1743 1748//1748 2044//2044
f 1743//1743 2044//2044 2043//2043
f 1748//1748 1747//1747 2047//2047
f 1748//1748 2047//2047 2044//2044
f 1747//1747 904//904 906//906
f 1747//1747 906//906 2047//2047
f 2047//2047 906//906 914//914
f 2047//2047 914//914 2048//2048
f 2048//2048 914//914 912//912
f 2048//2048 912//912 2051//2051
f 2051//2051 912//912 913//913
f 2051//2051 913//913 2042//2042
f 2049//2049 2051//2051 2042//2042
f 2049//2049 2042//2042 2041//2041
f 2050//2050 2049//2049 2041//2041
f 2050//2050 2041//2041 2040//2040
f 1317//1317 2050//2050 2040//2040
f 1317//1317 2040//2040 1319//1319
f 1316//1316 2046//2046 2050//2050
f 1316//1316 2050//2050 1317//1317
f 1315//1315 2043//2043 2046//2046
f 1315//1315 2046//2046 1316//1316
f 2052//2052 2053//2053 2054//2054
f 2052//2052 2054//2054 2055//2055
f 2053//2053 2056//2056 2057//2057
f 2053//2053 2057//2057 2054//2054
f 2055//2055 2054//2054 2058//2058
f 2055//2055 2058//2058 2059//2059
f 2054//2054 2057//2057 2060//2060
f 2054//2054 2060//2060 2058//2058
f 1201//1201 1569//1569 2052//2052
f 1201//1201 2052//2052 1202//1202
f 1569//1569 1579//1579 2053//2053
f 1569//1569 2053//2053 2052//2052
f 1579//1579 1577//1577 2056//2056
f 1579//1579 2056//2056 2053//2053
f 1577//1577 1578//1578 2061//2061
f 1577//1577 2061//2061 2056//2056
f 2056//2056 2061//2061 2062//2062
f 2056//2056 2062//2062 2057//2057
f 2057//2057 2062//2062 2063//2063
f 2057//2057 2063//2063 2060//2060
f 2060//2060 2063//2063 2064//2064
f 2060//2060 2064//2064 2065//2065
f 2058//2058 2060//2060 2065//2065
f 2058//2058 2065//2065 2066//2066
f 2059//2059 2058//2058 2066//2066
f 2059//2059 2066//2066 2067//2067
f 1204//1204 2059//2059 2067//2067
f 1204//1204 2067//2067 1205//1205
f 1203//1203 2055//2055 2059//2059
f 1203//1203 2059//2059 1204//1204
f 1202//1202 2052//2052 2055//2055
f 1202//1202 2055//2055 1203//1203
f 2068//2068 2069//2069 2070//2070
f 2068//2068 2070//2070 2071//2071
f 2069//2069 2072//2072 2073//2073
f 2069//2069 2073//2073 2070//2070
f 2071//2071 2070//2070 2074//2074
f 2071//2071 2074//2074 2075//2075
f 2070//2070 2073//2073 2076//2076
f 2070//2070 2076//2076 2074//2074
f 119//119 1674//1674 2068//2068
f 119//119 2068//2068 120//120
f 1674//1674 1673//1673 2069//2069
f 1674//1674 2069//2069 2068//2068
f 1673//1673 1672//1672 2072//2072
f 1673//1673 2072//2072 2069//2069
f 1672//1672 1671//1671 2077//2077
f 1672//1672 2077//2077 2072//2072
f 2072//2072 2077//2077 2078//2078
f 2072//2072 2078//2078 2073//2073
f 2073//2073 2078//2078 2079//2079
f 2073//2073 2079//2079 2076//2076
f 2076//2076 2079//2079 1936//1936
f 2076//2076 1936//1936 1935//1935
f 2074//2074 2076//2076 1935//1935
f 2074//2074 1935//1935 1934//1934
f 2075//2075 2074//2074 1934//1934
f 2075//2075 1934//1934 1933//1933
f 122//122 2075//2075 1933//1933
f 122//122 1933//1933 124//124
f 121//121 2071//2071 2075//2075
f 121//121 2075//2075 122//122
f 120//120 2068//2068 2071//2071
f 120//120 2071//2071 121//121
f 2080//2080 2081//2081 2082//2082
f 2080//2080 2082//2082 2083//2083
f 2081//2081 2084//2084 2085//2085
f 2081//2081 2085//2085 2082//2082
f 2083//2083 2082//2082 2086//2086
f 2083//2083 2086//2086 2087//2087
f 2082//2082 2085//2085 2088//2088
f 2082//2082 2088//2088 2086//2086
f 1671//1671 1689//1689 2080//2080
f 1671//1671 2080//2080 2077//2077
f 1689//1689 1688//1688 2081//2081
f 1689//1689 2081//2081 2080//2080
f 1688//1688 1687//1687 2084//2084
f 1688//1688 2084//2084 2081//2081
f 1687//1687 1033//1033 1522//1522
f 1687//1687 1522//1522 2084//2084
f 2084//2084 1522//1522 1524//1524
f 2084//2084 1524//1524 2085//2085
f 2085//2085 1524//1524 1523//1523
f 2085//2085 1523//1523 2088//2088
f 2088//2088 1523//1523 1330//1330
f 2088//2088 1330//1330 1951//1951
f 2086//2086 2088//2088 1951//1951
f 2086//2086 1951//1951 1950//1950
f 2087//2087 2086//2086 1950//1950
f 2087//2087 1950//1950 1949//1949
f 2079//2079 2087//2087 1949//1949
f 2079//2079 1949//1949 1936//1936
f 2078//2078 2083//2083 2087//2087
f 2078//2078 2087//2087 2079//2079
f 2077//2077 2080//2080 2083//2083
f 2077//2077 2083//2083 2078//2078
f 2089//2089 2090//2090 2091//2091
f 2089//2089 2091//2091 2092//2092
f 2090//2090 2093//2093 2094//2094
f 2090//2090 2094//2094 2091//2091
f 2092//2092 2091//2091 2095//2095
f 2092//2092 2095//2095 2096//2096
f 2091//2091 2094//2094 2097//2097
f 2091//2091 2097//2097 2095//2095
f 372//372 371//371 2089//2089
f 372//372 2089//2089 1307//1307
f 371//371 370//370 2090//2090
f 371//371 2090//2090 2089//2089
f 370//370 369//369 2093//2093
f 370//370 2093//2093 2090//2090
f 369//369 368//368 2098//2098
f 369//369 2098//2098 2093//2093
f 2093//2093 2098//2098 2099//2099
f 2093//2093 2099//2099 2094//2094
f 2094//2094 2099//2099 2100//2100
f 2094//2094 2100//2100 2097//2097
f 2097//2097 2100//2100 24//24
f 2097//2097 24//24 22//22
f 2095//2095 2097//2097 22//22
f 2095//2095 22//22 21//21
f 2096//2096 2095//2095 21//21
f 2096//2096 21//21 20//20
f 1310//1310 2096//2096 20//20
f 1310//1310 20//20 19//19
f 1309//1309 2092//2092 2096//2096
f 1309//1309 2096//2096 1310//1310
f 1307//1307 2089//2089 2092//2092
f 1307//1307 2092//2092 1309//1309
f 2101//2101 2102//2102 2103//2103
f 2101//2101 2103//2103 2104//2104
f 2102//2102 2105//2105 2106//2106
f 2102//2102 2106//2106 2103//2103
f 2104//2104 2103//2103 2107//2107
f 2104//2104 2107//2107 2108//2108
f 2103//2103 2106//2106 2109//2109
f 2103//2103 2109//2109 2107//2107
f 814//814 812//812 2101//2101
f 814//814 2101//2101 1277//1277
f 812//812 811//811 2102//2102
f 812//812 2102//2102 2101//2101
f 811//811 810//810 2105//2105
f 811//811 2105//2105 2102//2102
f 810//810 809//809 2110//2110
f 810//810 2110//2110 2105//2105
f 2105//2105 2110//2110 2111//2111
f 2105//2105 2111//2111 2106//2106
f 2106//2106 2111//2111 2112//2112
f 2106//2106 2112//2112 2109//2109
f 2109//2109 2112//2112 1592//1592
f 2109//2109 1592//1592 1591//1591
f 2107//2107 2109//2109 1591//1591
f 2107//2107 1591//1591 1590//1590
f 2108//2108 2107//2107 1590//1590
f 2108//2108 1590//1590 1589//1589
f 1279//1279 2108//2108 1589//1589
f 1279//1279 1589//1589 889//889
f 1278//1278 2104//2104 2108//2108
f 1278//1278 2108//2108 1279//1279
f 1277//1277 2101//2101 2104//2104
f 1277//1277 2104//2104 1278//1278
f 2113//2113 2114//2114 2115//2115
f 2113//2113 2115//2115 2116//2116
f 2114//2114 2117//2117 2118//2118
f 2114//2114 2118//2118 2115//2115
f 2116//2116 2115//2115 2119//2119
f 2116//2116 2119//2119 2120//2120
f 2115//2115 2118//2118 2121//2121
f 2115//2115 2121//2121 2119//2119
f 1205//1205 2067//2067 2113//2113
f 1205//1205 2113//2113 1405//1405
f 2067//2067 2066//2066 2114//2114
f 2067//2067 2114//2114 2113//2113
f 2066//2066 2065//2065 2117//2117
f 2066//2066 2117//2117 2114//2114
f 2065//2065 2064//2064 2122//2122
f 2065//2065 2122//2122 2117//2117
f 2117//2117 2122//2122 2123//2123
f 2117//2117 2123//2123 2118//2118
f 2118//2118 2123//2123 2124//2124
f 2118//2118 2124//2124 2121//2121
f 2121//2121 2124//2124 690//690
f 2121//2121 690//690 689//689
f 2119//2119 2121//2121 689//689
f 2119//2119 689//689 688//688
f 2120//2120 2119//2119 688//688
f 2120//2120 688//688 686//686
f 1407//1407 2120//2120 686//686
f 1407//1407 686//686 685//685
f 1406//1406 2116//2116 2120//2120
f 1406//1406 2120//2120 1407//1407
f 1405//1405 2113//2113 2116//2116
f 1405//1405 2116//2116 1406//1406
f 2125//2125 2126//2126 2127//2127
f 2125//2125 2127//2127 2128//2128
f 2126//2126 2129//2129 2130//2130
f 2126//2126 2130//2130 2127//2127
f 2128//2128 2127//2127 2131//2131
f 2128//2128 2131//2131 2132//2132
f 2127//2127 2130//2130 2133//2133
f 2127//2127 2133//2133 2131//2131
f 845//845 1911//1911 2125//2125
f 845//845 2125//2125 846//846
f 1911//1911 1910//1910 2126//2126
f 1911//1911 2126//2126 2125//2125
f 1910//1910 1909//1909 2129//2129
f 1910//1910 2129//2129 2126//2126
f 1909//1909 1908//1908 2134//2134
f 1909//1909 2134//2134 2129//2129
f 2129//2129 2134//2134 2135//2135
f 2129//2129 2135//2135 2130//2130
f 2130//2130 2135//2135 2136//2136
f 2130//2130 2136//2136 2133//2133
f 2133//2133 2136//2136 1994//1994
f 2133//2133 1994//1994 1993//1993
f 2131//2131 2133//2133 1993//1993
f 2131//2131 1993//1993 1992//1992
f 2132//2132 2131//2131 1992//1992
f 2132//2132 1992//1992 1991//1991
f 848//848 2132//2132 1991//1991
f 848//848 1991//1991 645//645
f 847//847 2128//2128 2132//2132
f 847//847 2132//2132 848//848
f 846//846 2125//2125 2128//2128
f 846//846 2128//2128 847//847
f 2137//2137 2138//2138 2139//2139
f 2137//2137 2139//2139 2140//2140
f 2138//2138 2141//2141 2142//2142
f 2138//2138 2142//2142 2139//2139
f 2140//2140 2139//2139 2143//2143
f 2140//2140 2143//2143 2144//2144
f 2139//2139 2142//2142 2145//2145
f 2139//2139 2145//2145 2143//2143
f 953//953 1500//1500 2137//2137
f 953//953 2137//2137 1145//1145
f 1500//1500 1499//1499 2138//2138
f 1500//1500 2138//2138 2137//2137
f 1499//1499 1498//1498 2141//2141
f 1499//1499 2141//2141 2138//2138
f 1498//1498 1497//1497 2146//2146
f 1498//1498 2146//2146 2141//2141
f 2141//2141 2146//2146 2147//2147
f 2141//2141 2147//2147 2142//2142
f 2142//2142 2147//2147 2148//2148
f 2142//2142 2148//2148 2145//2145
f 2145//2145 2148//2148 1904//1904
f 2145//2145 1904//1904 1903//1903
f 2143//2143 2145//2145 1903//1903
f 2143//2143 1903//1903 1902//1902
f 2144//2144 2143//2143 1902//1902
f 2144//2144 1902//1902 1901//1901
f 1147//1147 2144//2144 1901//1901
f 1147//1147 1901//1901 1148//1148
f 1146//1146 2140//2140 2144//2144
f 1146//1146 2144//2144 1147//1147
f 1145//1145 2137//2137 2140//2140
f 1145//1145 2140//2140 1146//1146
f 2149//2149 2150//2150 2151//2151
f 2149//2149 2151//2151 2152//2152
f 2150//2150 2153//2153 2154//2154
f 2150//2150 2154//2154 2151//2151
f 2152//2152 2151//2151 2155//2155
f 2152//2152 2155//2155 2156//2156
f 2151//2151 2154//2154 2157//2157
f 2151//2151 2157//2157 2155//2155
f 1240//1240 1429//1429 2149//2149
f 1240//1240 2149//2149 1440//1440
f 1429//1429 1428//1428 2150//2150
f 1429//1429 2150//2150 2149//2149
f 1428//1428 1427//1427 2153//2153
f 1428//1428 2153//2153 2150//2150
f 1427//1427 1426//1426 2158//2158
f 1427//1427 2158//2158 2153//2153
f 2153//2153 2158//2158 2159//2159
f 2153//2153 2159//2159 2154//2154
f 2154//2154 2159//2159 2160//2160
f 2154//2154 2160//2160 2157//2157
f 2157//2157 2160//2160 1493//1493
f 2157//2157 1493//1493 1492//1492
f 2155//2155 2157//2157 1492//1492
f 2155//2155 1492//1492 1491//1491
f 2156//2156 2155//2155 1491//1491
f 2156//2156 1491//1491 1490//1490
f 1442//1442 2156//2156 1490//1490
f 1442//1442 1490//1490 949//949
f 1441//1441 2152//2152 2156//2156
f 1441//1441 2156//2156 1442//1442
f 1440//1440 2149//2149 2152//2152
f 1440//1440 2152//2152 1441//1441
f 2161//2161 2162//2162 2163//2163
f 2161//2161 2163//2163 2164//2164
f 2162//2162 2165//2165 2166//2166
f 2162//2162 2166//2166 2163//2163
f 2164//2164 2163//2163 2167//2167
f 2164//2164 2167//2167 2168//2168
f 2163//2163 2166//2166 2169//2169
f 2163//2163 2169//2169 2167//2167
f 279//279 1595//1595 2161//2161
f 279//279 2161//2161 2170//2170
f 1595//1595 1594//1594 2162//2162
f 1595//1595 2162//2162 2161//2161
f 1594//1594 1593//1593 2165//2165
f 1594//1594 2165//2165 2162//2162
f 1593//1593 1592//1592 2171//2171
f 1593//1593 2171//2171 2165//2165
f 2165//2165 2171//2171 2172//2172
f 2165//2165 2172//2172 2166//2166
f 2166//2166 2172//2172 2173//2173
f 2166//2166 2173//2173 2169//2169
f 2169//2169 2173//2173 90//90
f 2169//2169 90//90 89//89
f 2167//2167 2169//2169 89//89
f 2167//2167 89//89 88//88
f 2168//2168 2167//2167 88//88
f 2168//2168 88//88 86//86
f 2174//2174 2168//2168 86//86
f 2174//2174 86//86 85//85
f 2175//2175 2164//2164 2168//2168
f 2175//2175 2168//2168 2174//2174
f 2170//2170 2161//2161 2164//2164
f 2170//2170 2164//2164 2175//2175
f 2176//2176 2177//2177 2178//2178
f 2176//2176 2178//2178 2179//2179
f 2177//2177 2180//2180 2181//2181
f 2177//2177 2181//2181 2178//2178
f 2179//2179 2178//2178 2182//2182
f 2179//2179 2182//2182 2183//2183
f 2178//2178 2181//2181 2184//2184
f 2178//2178 2184//2184 2182//2182
f 1994//1994 2185//2185 2176//2176
f 1994//1994 2176//2176 1995//1995
f 2185//2185 2186//2186 2177//2177
f 2185//2185 2177//2177 2176//2176
f 2186//2186 2187//2187 2180//2180
f 2186//2186 2180//2180 2177//2177
f 2187//2187 225//225 227//227
f 2187//2187 227//227 2180//2180
f 2180//2180 227//227 240//240
f 2180//2180 240//240 2181//2181
f 2181//2181 240//240 238//238
f 2181//2181 238//238 2184//2184
f 2184//2184 238//238 239//239
f 2184//2184 239//239 2188//2188
f 2182//2182 2184//2184 2188//2188
f 2182//2182 2188//2188 2189//2189
f 2183//2183 2182//2182 2189//2189
f 2183//2183 2189//2189 2190//2190
f 1997//1997 2183//2183 2190//2190
f 1997//1997 2190//2190 1573//1573
f 1996//1996 2179//2179 2183//2183
f 1996//1996 2183//2183 1997//1997
f 1995//1995 2176//2176 2179//2179
f 1995//1995 2179//2179 1996//1996
f 2191//2191 2192//2192 2193//2193
f 2191//2191 2193//2193 2194//2194
f 2192//2192 2195//2195 2196//2196
f 2192//2192 2196//2196 2193//2193
f 2194//2194 2193//2193 2197//2197
f 2194//2194 2197//2197 2198//2198
f 2193//2193 2196//2196 2199//2199
f 2193//2193 2199//2199 2197//2197
f 1578//1578 1576//1576 2191//2191
f 1578//1578 2191//2191 2200//2200
f 1576//1576 1575//1575 2192//2192
f 1576//1576 2192//2192 2191//2191
f 1575//1575 1574//1574 2195//2195
f 1575//1575 2195//2195 2192//2192
f 1574//1574 1573//1573 2190//2190
f 1574//1574 2190//2190 2195//2195
f 2195//2195 2190//2190 2189//2189
f 2195//2195 2189//2189 2196//2196
f 2196//2196 2189//2189 2188//2188
f 2196//2196 2188//2188 2199//2199
f 2199//2199 2188//2188 239//239
f 2199//2199 239//239 444//444
f 2197//2197 2199//2199 444//444
f 2197//2197 444//444 443//443
f 2198//2198 2197//2197 443//443
f 2198//2198 443//443 441//441
f 2201//2201 2198//2198 441//441
f 2201//2201 441//441 440//440
f 2202//2202 2194//2194 2198//2198
f 2202//2202 2198//2198 2201//2201
f 2200//2200 2191//2191 2194//2194
f 2200//2200 2194//2194 2202//2202
f 2203//2203 2204//2204 2205//2205
f 2203//2203 2205//2205 2206//2206
f 2204//2204 2207//2207 2208//2208
f 2204//2204 2208//2208 2205//2205
f 2206//2206 2205//2205 2209//2209
f 2206//2206 2209//2209 2210//2210
f 2205//2205 2208//2208 2211//2211
f 2205//2205 2211//2211 2209//2209
f 284//284 2212//2212 2203//2203
f 284//284 2203//2203 1478//1478
f 2212//2212 2213//2213 2204//2204
f 2212//2212 2204//2204 2203//2203
f 2213//2213 2214//2214 2207//2207
f 2213//2213 2207//2207 2204//2204
f 2214//2214 460//460 462//462
f 2214//2214 462//462 2207//2207
f 2207//2207 462//462 475//475
f 2207//2207 475//475 2208//2208
f 2208//2208 475//475 473//473
f 2208//2208 473//473 2211//2211
f 2211//2211 473//473 474//474
f 2211//2211 474//474 2215//2215
f 2209//2209 2211//2211 2215//2215
f 2209//2209 2215//2215 2216//2216
f 2210//2210 2209//2209 2216//2216
f 2210//2210 2216//2216 2217//2217
f 1480//1480 2210//2210 2217//2217
f 1480//1480 2217//2217 1422//1422
f 1479//1479 2206//2206 2210//2210
f 1479//1479 2210//2210 1480//1480
f 1478//1478 2203//2203 2206//2206
f 1478//1478 2206//2206 1479//1479
f 2218//2218 2219//2219 2220//2220
f 2218//2218 2220//2220 2221//2221
f 2219//2219 2222//2222 2223//2223
f 2219//2219 2223//2223 2220//2220
f 2221//2221 2220//2220 2224//2224
f 2221//2221 2224//2224 2225//2225
f 2220//2220 2223//2223 2226//2226
f 2220//2220 2226//2226 2224//2224
f 409//409 2227//2227 2218//2218
f 409//409 2218//2218 1392//1392
f 2227//2227 2228//2228 2219//2219
f 2227//2227 2219//2219 2218//2218
f 2228//2228 2229//2229 2222//2222
f 2228//2228 2222//2222 2219//2219
f 2229//2229 485//485 487//487
f 2229//2229 487//487 2222//2222
f 2222//2222 487//487 500//500
f 2222//2222 500//500 2223//2223
f 2223//2223 500//500 498//498
f 2223//2223 498//498 2226//2226
f 2226//2226 498//498 499//499
f 2226//2226 499//499 2230//2230
f 2224//2224 2226//2226 2230//2230
f 2224//2224 2230//2230 2231//2231
f 2225//2225 2224//2224 2231//2231
f 2225//2225 2231//2231 2232//2232
f 1394//1394 2225//2225 2232//2232
f 1394//1394 2232//2232 805//805
f 1393//1393 2221//2221 2225//2225
f 1393//1393 2225//2225 1394//1394
f 1392//1392 2218//2218 2221//2221
f 1392//1392 2221//2221 1393//1393
f 2233//2233 2234//2234 2235//2235
f 2233//2233 2235//2235 2236//2236
f 2234//2234 2237//2237 2238//2238
f 2234//2234 2238//2238 2235//2235
f 2236//2236 2235//2235 2239//2239
f 2236//2236 2239//2239 2240//2240
f 2235//2235 2238//2238 2241//2241
f 2235//2235 2241//2241 2239//2239
f 690//690 2242//2242 2233//2233
f 690//690 2233//2233 691//691
f 2242//2242 2243//2243 2234//2234
f 2242//2242 2234//2234 2233//2233
f 2243//2243 2244//2244 2237//2237
f 2243//2243 2237//2237 2234//2234
f 2244//2244 530//530 532//532
f 2244//2244 532//532 2237//2237
f 2237//2237 532//532 545//545
f 2237//2237 545//545 2238//2238
f 2238//2238 545//545 543//543
f 2238//2238 543//543 2241//2241
f 2241//2241 543//543 544//544
f 2241//2241 544//544 2245//2245
f 2239//2239 2241//2241 2245//2245
f 2239//2239 2245//2245 2246//2246
f 2240//2240 2239//2239 2246//2246
f 2240//2240 2246//2246 2247//2247
f 693//693 2240//2240 2247//2247
f 693//693 2247//2247 405//405
f 692//692 2236//2236 2240//2240
f 692//692 2240//2240 693//693
f 691//691 2233//2233 2236//2236
f 691//691 2236//2236 692//692
f 2248//2248 2249//2249 2250//2250
f 2248//2248 2250//2250 2251//2251
f 2249//2249 2252//2252 2253//2253
f 2249//2249 2253//2253 2250//2250
f 2251//2251 2250//2250 2254//2254
f 2251//2251 2254//2254 2255//2255
f 2250//2250 2253//2253 2256//2256
f 2250//2250 2256//2256 2254//2254
f 284//284 282//282 2248//2248
f 284//284 2248//2248 2212//2212
f 282//282 281//281 2249//2249
f 282//282 2249//2249 2248//2248
f 281//281 280//280 2252//2252
f 281//281 2252//2252 2249//2249
f 280//280 279//279 2170//2170
f 280//280 2170//2170 2252//2252
f 2252//2252 2170//2170 2175//2175
f 2252//2252 2175//2175 2253//2253
f 2253//2253 2175//2175 2174//2174
f 2253//2253 2174//2174 2256//2256
f 2256//2256 2174//2174 85//85
f 2256//2256 85//85 557//557
f 2254//2254 2256//2256 557//557
f 2254//2254 557//557 556//556
f 2255//2255 2254//2254 556//556
f 2255//2255 556//556 555//555
f 2214//2214 2255//2255 555//555
f 2214//2214 555//555 460//460
f 2213//2213 2251//2251 2255//2255
f 2213//2213 2255//2255 2214//2214
f 2212//2212 2248//2248 2251//2251
f 2212//2212 2251//2251 2213//2213
f 2257//2257 2258//2258 2259//2259
f 2257//2257 2259//2259 2260//2260
f 2258//2258 2261//2261 2262//2262
f 2258//2258 2262//2262 2259//2259
f 2260//2260 2259//2259 2263//2263
f 2260//2260 2263//2263 2264//2264
f 2259//2259 2262//2262 2265//2265
f 2259//2259 2265//2265 2263//2263
f 1578//1578 2200//2200 2257//2257
f 1578//1578 2257//2257 2061//2061
f 2200//2200 2202//2202 2258//2258
f 2200//2200 2258//2258 2257//2257
f 2202//2202 2201//2201 2261//2261
f 2202//2202 2261//2261 2258//2258
f 2201//2201 440//440 570//570
f 2201//2201 570//570 2261//2261
f 2261//2261 570//570 580//580
f 2261//2261 580//580 2262//2262
f 2262//2262 580//580 578//578
f 2262//2262 578//578 2265//2265
f 2265//2265 578//578 579//579
f 2265//2265 579//579 2266//2266
f 2263//2263 2265//2265 2266//2266
f 2263//2263 2266//2266 2267//2267
f 2264//2264 2263//2263 2267//2267
f 2264//2264 2267//2267 2268//2268
f 2063//2063 2264//2264 2268//2268
f 2063//2063 2268//2268 2064//2064
f 2062//2062 2260//2260 2264//2264
f 2062//2062 2264//2264 2063//2063
f 2061//2061 2257//2257 2260//2260
f 2061//2061 2260//2260 2062//2062
f 2269//2269 2270//2270 2271//2271
f 2269//2269 2271//2271 2272//2272
f 2270//2270 2273//2273 2274//2274
f 2270//2270 2274//2274 2271//2271
f 2272//2272 2271//2271 2275//2275
f 2272//2272 2275//2275 2276//2276
f 2271//2271 2274//2274 2277//2277
f 2271//2271 2277//2277 2275//2275
f 1904//1904 2278//2278 2269//2269
f 1904//1904 2269//2269 1905//1905
f 2278//2278 2279//2279 2270//2270
f 2278//2278 2270//2270 2269//2269
f 2279//2279 2280//2280 2273//2273
f 2279//2279 2273//2273 2270//2270
f 2280//2280 590//590 592//592
f 2280//2280 592//592 2273//2273
f 2273//2273 592//592 605//605
f 2273//2273 605//605 2274//2274
f 2274//2274 605//605 603//603
f 2274//2274 603//603 2277//2277
f 2277//2277 603//603 604//604
f 2277//2277 604//604 2281//2281
f 2275//2275 2277//2277 2281//2281
f 2275//2275 2281//2281 2282//2282
f 2276//2276 2275//2275 2282//2282
f 2276//2276 2282//2282 2283//2283
f 1907//1907 2276//2276 2283//2283
f 1907//1907 2283//2283 1908//1908
f 1906//1906 2272//2272 2276//2276
f 1906//1906 2276//2276 1907//1907
f 1905//1905 2269//2269 2272//2272
f 1905//1905 2272//2272 1906//1906
f 2284//2284 2285//2285 2286//2286
f 2284//2284 2286//2286 2287//2287
f 2285//2285 2288//2288 2289//2289
f 2285//2285 2289//2289 2286//2286
f 2287//2287 2286//2286 2290//2290
f 2287//2287 2290//2290 2291//2291
f 2286//2286 2289//2289 2292//2292
f 2286//2286 2292//2292 2290//2290
f 1493//1493 2293//2293 2284//2284
f 1493//1493 2284//2284 1494//1494
f 2293//2293 2294//2294 2285//2285
f 2293//2293 2285//2285 2284//2284
f 2294//2294 2295//2295 2288//2288
f 2294//2294 2288//2288 2285//2285
f 2295//2295 615//615 617//617
f 2295//2295 617//617 2288//2288
f 2288//2288 617//617 630//630
f 2288//2288 630//630 2289//2289
f 2289//2289 630//630 628//628
f 2289//2289 628//628 2292//2292
f 2292//2292 628//628 629//629
f 2292//2292 629//629 2296//2296
f 2290//2290 2292//2292 2296//2296
f 2290//2290 2296//2296 2297//2297
f 2291//2291 2290//2290 2297//2297
f 2291//2291 2297//2297 2298//2298
f 1496//1496 2291//2291 2298//2298
f 1496//1496 2298//2298 1497//1497
f 1495//1495 2287//2287 2291//2291
f 1495//1495 2291//2291 1496//1496
f 1494//1494 2284//2284 2287//2287
f 1494//1494 2287//2287 1495//1495
f 2299//2299 2300//2300 2301//2301
f 2299//2299 2301//2301 2302//2302
f 2300//2300 2303//2303 2304//2304
f 2300//2300 2304//2304 2301//2301
f 2302//2302 2301//2301 2305//2305
f 2302//2302 2305//2305 2306//2306
f 2301//2301 2304//2304 2307//2307
f 2301//2301 2307//2307 2305//2305
f 1422//1422 2217//2217 2299//2299
f 1422//1422 2299//2299 1423//1423
f 2217//2217 2216//2216 2300//2300
f 2217//2217 2300//2300 2299//2299
f 2216//2216 2215//2215 2303//2303
f 2216//2216 2303//2303 2300//2300
f 2215//2215 474//474 665//665
f 2215//2215 665//665 2303//2303
f 2303//2303 665//665 675//675
f 2303//2303 675//675 2304//2304
f 2304//2304 675//675 673//673
f 2304//2304 673//673 2307//2307
f 2307//2307 673//673 674//674
f 2307//2307 674//674 2308//2308
f 2305//2305 2307//2307 2308//2308
f 2305//2305 2308//2308 2309//2309
f 2306//2306 2305//2305 2309//2309
f 2306//2306 2309//2309 2310//2310
f 1425//1425 2306//2306 2310//2310
f 1425//1425 2310//2310 1426//1426
f 1424//1424 2302//2302 2306//2306
f 1424//1424 2306//2306 1425//1425
f 1423//1423 2299//2299 2302//2302
f 1423//1423 2302//2302 1424//1424
f 2311//2311 2312//2312 2313//2313
f 2311//2311 2313//2313 2314//2314
f 2312//2312 2315//2315 2316//2316
f 2312//2312 2316//2316 2313//2313
f 2314//2314 2313//2313 2317//2317
f 2314//2314 2317//2317 2318//2318
f 2313//2313 2316//2316 2319//2319
f 2313//2313 2319//2319 2317//2317
f 805//805 2232//2232 2311//2311
f 805//805 2311//2311 806//806
f 2232//2232 2231//2231 2312//2312
f 2232//2232 2312//2312 2311//2311
f 2231//2231 2230//2230 2315//2315
f 2231//2231 2315//2315 2312//2312
f 2230//2230 499//499 705//705
f 2230//2230 705//705 2315//2315
f 2315//2315 705//705 715//715
f 2315//2315 715//715 2316//2316
f 2316//2316 715//715 713//713
f 2316//2316 713//713 2319//2319
f 2319//2319 713//713 714//714
f 2319//2319 714//714 2320//2320
f 2317//2317 2319//2319 2320//2320
f 2317//2317 2320//2320 2321//2321
f 2318//2318 2317//2317 2321//2321
f 2318//2318 2321//2321 2322//2322
f 808//808 2318//2318 2322//2322
f 808//808 2322//2322 809//809
f 807//807 2314//2314 2318//2318
f 807//807 2318//2318 808//808
f 806//806 2311//2311 2314//2314
f 806//806 2314//2314 807//807
f 2323//2323 2324//2324 2325//2325
f 2323//2323 2325//2325 2326//2326
f 2324//2324 2327//2327 2328//2328
f 2324//2324 2328//2328 2325//2325
f 2326//2326 2325//2325 2329//2329
f 2326//2326 2329//2329 2330//2330
f 2325//2325 2328//2328 2331//2331
f 2325//2325 2331//2331 2329//2329
f 405//405 2247//2247 2323//2323
f 405//405 2323//2323 406//406
f 2247//2247 2246//2246 2324//2324
f 2247//2247 2324//2324 2323//2323
f 2246//2246 2245//2245 2327//2327
f 2246//2246 2327//2327 2324//2324
f 2245//2245 544//544 725//725
f 2245//2245 725//725 2327//2327
f 2327//2327 725//725 730//730
f 2327//2327 730//730 2328//2328
f 2328//2328 730//730 729//729
f 2328//2328 729//729 2331//2331
f 2331//2331 729//729 485//485
f 2331//2331 485//485 2229//2229
f 2329//2329 2331//2331 2229//2229
f 2329//2329 2229//2229 2228//2228
f 2330//2330 2329//2329 2228//2228
f 2330//2330 2228//2228 2227//2227
f 408//408 2330//2330 2227//2227
f 408//408 2227//2227 409//409
f 407//407 2326//2326 2330//2330
f 407//407 2330//2330 408//408
f 406//406 2323//2323 2326//2326
f 406//406 2326//2326 407//407
f 2332//2332 2333//2333 2334//2334
f 2332//2332 2334//2334 2335//2335
f 2333//2333 2336//2336 2337//2337
f 2333//2333 2337//2337 2334//2334
f 2335//2335 2334//2334 2338//2338
f 2335//2335 2338//2338 2339//2339
f 2334//2334 2337//2337 2340//2340
f 2334//2334 2340//2340 2338//2338
f 809//809 2322//2322 2332//2332
f 809//809 2332//2332 2110//2110
f 2322//2322 2321//2321 2333//2333
f 2322//2322 2333//2333 2332//2332
f 2321//2321 2320//2320 2336//2336
f 2321//2321 2336//2336 2333//2333
f 2320//2320 714//714 740//740
f 2320//2320 740//740 2336//2336
f 2336//2336 740//740 745//745
f 2336//2336 745//745 2337//2337
f 2337//2337 745//745 744//744
f 2337//2337 744//744 2340//2340
f 2340//2340 744//744 90//90
f 2340//2340 90//90 2173//2173
f 2338//2338 2340//2340 2173//2173
f 2338//2338 2173//2173 2172//2172
f 2339//2339 2338//2338 2172//2172
f 2339//2339 2172//2172 2171//2171
f 2112//2112 2339//2339 2171//2171
f 2112//2112 2171//2171 1592//1592
f 2111//2111 2335//2335 2339//2339
f 2111//2111 2339//2339 2112//2112
f 2110//2110 2332//2332 2335//2335
f 2110//2110 2335//2335 2111//2111
f 2341//2341 2342//2342 2343//2343
f 2341//2341 2343//2343 2344//2344
f 2342//2342 2345//2345 2346//2346
f 2342//2342 2346//2346 2343//2343
f 2344//2344 2343//2343 2347//2347
f 2344//2344 2347//2347 2348//2348
f 2343//2343 2346//2346 2349//2349
f 2343//2343 2349//2349 2347//2347
f 2064//2064 2268//2268 2341//2341
f 2064//2064 2341//2341 2122//2122
f 2268//2268 2267//2267 2342//2342
f 2268//2268 2342//2342 2341//2341
f 2267//2267 2266//2266 2345//2345
f 2267//2267 2345//2345 2342//2342
f 2266//2266 579//579 755//755
f 2266//2266 755//755 2345//2345
f 2345//2345 755//755 760//760
f 2345//2345 760//760 2346//2346
f 2346//2346 760//760 759//759
f 2346//2346 759//759 2349//2349
f 2349//2349 759//759 530//530
f 2349//2349 530//530 2244//2244
f 2347//2347 2349//2349 2244//2244
f 2347//2347 2244//2244 2243//2243
f 2348//2348 2347//2347 2243//2243
f 2348//2348 2243//2243 2242//2242
f 2124//2124 2348//2348 2242//2242
f 2124//2124 2242//2242 690//690
f 2123//2123 2344//2344 2348//2348
f 2123//2123 2348//2348 2124//2124
f 2122//2122 2341//2341 2344//2344
f 2122//2122 2344//2344 2123//2123
f 2350//2350 2351//2351 2352//2352
f 2350//2350 2352//2352 2353//2353
f 2351//2351 2354//2354 2355//2355
f 2351//2351 2355//2355 2352//2352
f 2353//2353 2352//2352 2356//2356
f 2353//2353 2356//2356 2357//2357
f 2352//2352 2355//2355 2358//2358
f 2352//2352 2358//2358 2356//2356
f 1908//1908 2283//2283 2350//2350
f 1908//1908 2350//2350 2134//2134
f 2283//2283 2282//2282 2351//2351
f 2283//2283 2351//2351 2350//2350
f 2282//2282 2281//2281 2354//2354
f 2282//2282 2354//2354 2351//2351
f 2281//2281 604//604 770//770
f 2281//2281 770//770 2354//2354
f 2354//2354 770//770 775//775
f 2354//2354 775//775 2355//2355
f 2355//2355 775//775 774//774
f 2355//2355 774//774 2358//2358
f 2358//2358 774//774 225//225
f 2358//2358 225//225 2187//2187
f 2356//2356 2358//2358 2187//2187
f 2356//2356 2187//2187 2186//2186
f 2357//2357 2356//2356 2186//2186
f 2357//2357 2186//2186 2185//2185
f 2136//2136 2357//2357 2185//2185
f 2136//2136 2185//2185 1994//1994
f 2135//2135 2353//2353 2357//2357
f 2135//2135 2357//2357 2136//2136
f 2134//2134 2350//2350 2353//2353
f 2134//2134 2353//2353 2135//2135
f 2359//2359 2360//2360 2361//2361
f 2359//2359 2361//2361 2362//2362
f 2360//2360 2363//2363 2364//2364
f 2360//2360 2364//2364 2361//2361
f 2362//2362 2361//2361 2365//2365
f 2362//2362 2365//2365 2366//2366
f 2361//2361 2364//2364 2367//2367
f 2361//2361 2367//2367 2365//2365
f 1497//1497 2298//2298 2359//2359
f 1497//1497 2359//2359 2146//2146
f 2298//2298 2297//2297 2360//2360
f 2298//2298 2360//2360 2359//2359
f 2297//2297 2296//2296 2363//2363
f 2297//2297 2363//2363 2360//2360
f 2296//2296 629//629 785//785
f 2296//2296 785//785 2363//2363
f 2363//2363 785//785 790//790
f 2363//2363 790//790 2364//2364
f 2364//2364 790//790 789//789
f 2364//2364 789//789 2367//2367
f 2367//2367 789//789 590//590
f 2367//2367 590//590 2280//2280
f 2365//2365 2367//2367 2280//2280
f 2365//2365 2280//2280 2279//2279
f 2366//2366 2365//2365 2279//2279
f 2366//2366 2279//2279 2278//2278
f 2148//2148 2366//2366 2278//2278
f 2148//2148 2278//2278 1904//1904
f 2147//2147 2362//2362 2366//2366
f 2147//2147 2366//2366 2148//2148
f 2146//2146 2359//2359 2362//2362
f 2146//2146 2362//2362 2147//2147
f 2368//2368 2369//2369 2370//2370
f 2368//2368 2370//2370 2371//2371
f 2369//2369 2372//2372 2373//2373
f 2369//2369 2373//2373 2370//2370
f 2371//2371 2370//2370 2374//2374
f 2371//2371 2374//2374 2375//2375
f 2370//2370 2373//2373 2376//2376
f 2370//2370 2376//2376 2374//2374
f 1426//1426 2310//2310 2368//2368
f 1426//1426 2368//2368 2158//2158
f 2310//2310 2309//2309 2369//2369
f 2310//2310 2369//2369 2368//2368
f 2309//2309 2308//2308 2372//2372
f 2309//2309 2372//2372 2369//2369
f 2308//2308 674//674 825//825
f 2308//2308 825//825 2372//2372
f 2372//2372 825//825 830//830
f 2372//2372 830//830 2373//2373
f 2373//2373 830//830 829//829
f 2373//2373 829//829 2376//2376
f 2376//2376 829//829 615//615
f 2376//2376 615//615 2295//2295
f 2374//2374 2376//2376 2295//2295
f 2374//2374 2295//2295 2294//2294
f 2375//2375 2374//2374 2294//2294
f 2375//2375 2294//2294 2293//2293
f 2160//2160 2375//2375 2293//2293
f 2160//2160 2293//2293 1493//1493
f 2159//2159 2371//2371 2375//2375
f 2159//2159 2375//2375 2160//2160
f 2158//2158 2368//2368 2371//2371
f 2158//2158 2371//2371 2159//2159
f 2377//2377 2378//2378 2379//2379
f 2377//2377 2379//2379 2380//2380
f 2378//2378 2381//2381 2382//2382
f 2378//2378 2382//2382 2379//2379
f 2380//2380 2379//2379 2383//2383
f 2380//2380 2383//2383 2384//2384
f 2379//2379 2382//2382 2385//2385
f 2379//2379 2385//2385 2383//2383
f 368//368 2386//2386 2377//2377
f 368//368 2377//2377 2098//2098
f 2386//2386 2387//2387 2378//2378
f 2386//2386 2378//2378 2377//2377
f 2387//2387 2388//2388 2381//2381
f 2387//2387 2381//2381 2378//2378
f 2388//2388 2389//2389 2390//2390
f 2388//2388 2390//2390 2381//2381
f 2381//2381 2390//2390 2391//2391
f 2381//2381 2391//2391 2382//2382
f 2382//2382 2391//2391 2392//2392
f 2382//2382 2392//2392 2385//2385
f 2385//2385 2392//2392 2393//2393
f 2385//2385 2393//2393 2394//2394
f 2383//2383 2385//2385 2394//2394
f 2383//2383 2394//2394 2395//2395
f 2384//2384 2383//2383 2395//2395
f 2384//2384 2395//2395 2396//2396
f 2100//2100 2384//2384 2396//2396
f 2100//2100 2396//2396 24//24
f 2099//2099 2380//2380 2384//2384
f 2099//2099 2384//2384 2100//2100
f 2098//2098 2377//2377 2380//2380
f 2098//2098 2380//2380 2099//2099
f 2397//2397 2398//2398 2399//2399
f 2397//2397 2399//2399 2400//2400
f 2398//2398 2401//2401 2402//2402
f 2398//2398 2402//2402 2399//2399
f 2400//2400 2399//2399 2403//2403
f 2400//2400 2403//2403 2404//2404
f 2399//2399 2402//2402 2405//2405
f 2399//2399 2405//2405 2403//2403
f 2389//2389 2406//2406 2397//2397
f 2389//2389 2397//2397 2390//2390
f 2406//2406 2407//2407 2398//2398
f 2406//2406 2398//2398 2397//2397
f 2407//2407 2408//2408 2401//2401
f 2407//2407 2401//2401 2398//2398
f 2408//2408 640//640 642//642
f 2408//2408 642//642 2401//2401
f 2401//2401 642//642 655//655
f 2401//2401 655//655 2402//2402
f 2402//2402 655//655 653//653
f 2402//2402 653//653 2405//2405
f 2405//2405 653//653 654//654
f 2405//2405 654//654 2409//2409
f 2403//2403 2405//2405 2409//2409
f 2403//2403 2409//2409 2410//2410
f 2404//2404 2403//2403 2410//2410
f 2404//2404 2410//2410 2411//2411
f 2392//2392 2404//2404 2411//2411
f 2392//2392 2411//2411 2393//2393
f 2391//2391 2400//2400 2404//2404
f 2391//2391 2404//2404 2392//2392
f 2390//2390 2397//2397 2400//2400
f 2390//2390 2400//2400 2391//2391
f 2412//2412 2413//2413 2414//2414
f 2412//2412 2414//2414 2415//2415
f 2413//2413 2416//2416 2417//2417
f 2413//2413 2417//2417 2414//2414
f 2415//2415 2414//2414 2418//2418
f 2415//2415 2418//2418 2419//2419
f 2414//2414 2417//2417 2420//2420
f 2414//2414 2420//2420 2418//2418
f 180//180 2421//2421 2412//2412
f 180//180 2412//2412 365//365
f 2421//2421 2422//2422 2413//2413
f 2421//2421 2413//2413 2412//2412
f 2422//2422 2423//2423 2416//2416
f 2422//2422 2416//2416 2413//2413
f 2423//2423 2424//2424 2425//2425
f 2423//2423 2425//2425 2416//2416
f 2416//2416 2425//2425 2426//2426
f 2416//2416 2426//2426 2417//2417
f 2417//2417 2426//2426 2427//2427
f 2417//2417 2427//2427 2420//2420
f 2420//2420 2427//2427 2389//2389
f 2420//2420 2389//2389 2388//2388
f 2418//2418 2420//2420 2388//2388
f 2418//2418 2388//2388 2387//2387
f 2419//2419 2418//2418 2387//2387
f 2419//2419 2387//2387 2386//2386
f 367//367 2419//2419 2386//2386
f 367//367 2386//2386 368//368
f 366//366 2415//2415 2419//2419
f 366//366 2419//2419 367//367
f 365//365 2412//2412 2415//2415
f 365//365 2415//2415 366//366
f 2428//2428 2429//2429 2430//2430
f 2428//2428 2430//2430 2431//2431
f 2429//2429 2432//2432 2433//2433
f 2429//2429 2433//2433 2430//2430
f 2431//2431 2430//2430 2434//2434
f 2431//2431 2434//2434 2435//2435
f 2430//2430 2433//2433 2436//2436
f 2430//2430 2436//2436 2434//2434
f 2424//2424 2437//2437 2428//2428
f 2424//2424 2428//2428 2425//2425
f 2437//2437 2438//2438 2429//2429
f 2437//2437 2429//2429 2428//2428
f 2438//2438 2439//2439 2432//2432
f 2438//2438 2432//2432 2429//2429
f 2439//2439 840//840 842//842
f 2439//2439 842//842 2432//2432
f 2432//2432 842//842 850//850
f 2432//2432 850//850 2433//2433
f 2433//2433 850//850 849//849
f 2433//2433 849//849 2436//2436
f 2436//2436 849//849 640//640
f 2436//2436 640//640 2408//2408
f 2434//2434 2436//2436 2408//2408
f 2434//2434 2408//2408 2407//2407
f 2435//2435 2434//2434 2407//2407
f 2435//2435 2407//2407 2406//2406
f 2427//2427 2435//2435 2406//2406
f 2427//2427 2406//2406 2389//2389
f 2426//2426 2431//2431 2435//2435
f 2426//2426 2435//2435 2427//2427
f 2425//2425 2428//2428 2431//2431
f 2425//2425 2431//2431 2426//2426
f 2440//2440 2441//2441 2442//2442
f 2440//2440 2442//2442 2443//2443
f 2441//2441 2444//2444 2445//2445
f 2441//2441 2445//2445 2442//2442
f 2443//2443 2442//2442 2446//2446
f 2443//2443 2446//2446 2447//2447
f 2442//2442 2445//2445 2448//2448
f 2442//2442 2448//2448 2446//2446
f 144//144 1923//1923 2440//2440
f 144//144 2440//2440 2449//2449
f 1923//1923 1922//1922 2441//2441
f 1923//1923 2441//2441 2440//2440
f 1922//1922 1921//1921 2444//2444
f 1922//1922 2444//2444 2441//2441
f 1921//1921 333//333 2450//2450
f 1921//1921 2450//2450 2444//2444
f 2444//2444 2450//2450 2451//2451
f 2444//2444 2451//2451 2445//2445
f 2445//2445 2451//2451 2452//2452
f 2445//2445 2452//2452 2448//2448
f 2448//2448 2452//2452 2453//2453
f 2448//2448 2453//2453 2454//2454
f 2446//2446 2448//2448 2454//2454
f 2446//2446 2454//2454 2455//2455
f 2447//2447 2446//2446 2455//2455
f 2447//2447 2455//2455 2456//2456
f 2457//2457 2447//2447 2456//2456
f 2457//2457 2456//2456 2458//2458
f 2459//2459 2443//2443 2447//2447
f 2459//2459 2447//2447 2457//2457
f 2449//2449 2440//2440 2443//2443
f 2449//2449 2443//2443 2459//2459
f 2460//2460 2461//2461 2462//2462
f 2460//2460 2462//2462 2463//2463
f 2461//2461 2464//2464 2465//2465
f 2461//2461 2465//2465 2462//2462
f 2463//2463 2462//2462 2466//2466
f 2463//2463 2466//2466 2467//2467
f 2462//2462 2465//2465 2468//2468
f 2462//2462 2468//2468 2466//2466
f 2458//2458 2456//2456 2460//2460
f 2458//2458 2460//2460 2469//2469
f 2456//2456 2455//2455 2461//2461
f 2456//2456 2461//2461 2460//2460
f 2455//2455 2454//2454 2464//2464
f 2455//2455 2464//2464 2461//2461
f 2454//2454 2453//2453 2470//2470
f 2454//2454 2470//2470 2464//2464
f 2464//2464 2470//2470 2471//2471
f 2464//2464 2471//2471 2465//2465
f 2465//2465 2471//2471 2472//2472
f 2465//2465 2472//2472 2468//2468
f 2468//2468 2472//2472 885//885
f 2468//2468 885//885 884//884
f 2466//2466 2468//2468 884//884
f 2466//2466 884//884 883//883
f 2467//2467 2466//2466 883//883
f 2467//2467 883//883 881//881
f 2473//2473 2467//2467 881//881
f 2473//2473 881//881 880//880
f 2474//2474 2463//2463 2467//2467
f 2474//2474 2467//2467 2473//2473
f 2469//2469 2460//2460 2463//2463
f 2469//2469 2463//2463 2474//2474
f 2475//2475 2476//2476 2477//2477
f 2475//2475 2477//2477 2478//2478
f 2476//2476 2479//2479 2480//2480
f 2476//2476 2480//2480 2477//2477
f 2478//2478 2477//2477 2481//2481
f 2478//2478 2481//2481 2482//2482
f 2477//2477 2480//2480 2483//2483
f 2477//2477 2483//2483 2481//2481
f 110//110 2484//2484 2475//2475
f 110//110 2475//2475 111//111
f 2484//2484 2485//2485 2476//2476
f 2484//2484 2476//2476 2475//2475
f 2485//2485 2486//2486 2479//2479
f 2485//2485 2479//2479 2476//2476
f 2486//2486 2487//2487 2488//2488
f 2486//2486 2488//2488 2479//2479
f 2479//2479 2488//2488 2489//2489
f 2479//2479 2489//2489 2480//2480
f 2480//2480 2489//2489 2490//2490
f 2480//2480 2490//2490 2483//2483
f 2483//2483 2490//2490 2491//2491
f 2483//2483 2491//2491 2492//2492
f 2481//2481 2483//2483 2492//2492
f 2481//2481 2492//2492 2493//2493
f 2482//2482 2481//2481 2493//2493
f 2482//2482 2493//2493 2494//2494
f 114//114 2482//2482 2494//2494
f 114//114 2494//2494 115//115
f 113//113 2478//2478 2482//2482
f 113//113 2482//2482 114//114
f 111//111 2475//2475 2478//2478
f 111//111 2478//2478 113//113
f 2495//2495 2496//2496 2497//2497
f 2495//2495 2497//2497 2498//2498
f 2496//2496 2499//2499 2500//2500
f 2496//2496 2500//2500 2497//2497
f 2498//2498 2497//2497 2501//2501
f 2498//2498 2501//2501 2502//2502
f 2497//2497 2500//2500 2503//2503
f 2497//2497 2503//2503 2501//2501
f 2487//2487 2504//2504 2495//2495
f 2487//2487 2495//2495 2488//2488
f 2504//2504 2505//2505 2496//2496
f 2504//2504 2496//2496 2495//2495
f 2505//2505 2506//2506 2499//2499
f 2505//2505 2499//2499 2496//2496
f 2506//2506 924//924 926//926
f 2506//2506 926//926 2499//2499
f 2499//2499 926//926 934//934
f 2499//2499 934//934 2500//2500
f 2500//2500 934//934 932//932
f 2500//2500 932//932 2503//2503
f 2503//2503 932//932 933//933
f 2503//2503 933//933 2507//2507
f 2501//2501 2503//2503 2507//2507
f 2501//2501 2507//2507 2508//2508
f 2502//2502 2501//2501 2508//2508
f 2502//2502 2508//2508 2509//2509
f 2490//2490 2502//2502 2509//2509
f 2490//2490 2509//2509 2491//2491
f 2489//2489 2498//2498 2502//2502
f 2489//2489 2502//2502 2490//2490
f 2488//2488 2495//2495 2498//2498
f 2488//2488 2498//2498 2489//2489
f 2510//2510 2511//2511 2512//2512
f 2510//2510 2512//2512 2513//2513
f 2511//2511 2514//2514 2515//2515
f 2511//2511 2515//2515 2512//2512
f 2513//2513 2512//2512 2516//2516
f 2513//2513 2516//2516 2517//2517
f 2512//2512 2515//2515 2518//2518
f 2512//2512 2518//2518 2516//2516
f 200//200 2519//2519 2510//2510
f 200//200 2510//2510 201//201
f 2519//2519 2520//2520 2511//2511
f 2519//2519 2511//2511 2510//2510
f 2520//2520 2521//2521 2514//2514
f 2520//2520 2514//2514 2511//2511
f 2521//2521 2522//2522 2523//2523
f 2521//2521 2523//2523 2514//2514
f 2514//2514 2523//2523 2524//2524
f 2514//2514 2524//2524 2515//2515
f 2515//2515 2524//2524 2525//2525
f 2515//2515 2525//2525 2518//2518
f 2518//2518 2525//2525 2526//2526
f 2518//2518 2526//2526 2527//2527
f 2516//2516 2518//2518 2527//2527
f 2516//2516 2527//2527 2528//2528
f 2517//2517 2516//2516 2528//2528
f 2517//2517 2528//2528 2529//2529
f 204//204 2517//2517 2529//2529
f 204//204 2529//2529 205//205
f 203//203 2513//2513 2517//2517
f 203//203 2517//2517 204//204
f 201//201 2510//2510 2513//2513
f 201//201 2513//2513 203//203
f 2530//2530 2531//2531 2532//2532
f 2530//2530 2532//2532 2533//2533
f 2531//2531 2534//2534 2535//2535
f 2531//2531 2535//2535 2532//2532
f 2533//2533 2532//2532 2536//2536
f 2533//2533 2536//2536 2537//2537
f 2532//2532 2535//2535 2538//2538
f 2532//2532 2538//2538 2536//2536
f 2522//2522 2539//2539 2530//2530
f 2522//2522 2530//2530 2523//2523
f 2539//2539 2540//2540 2531//2531
f 2539//2539 2531//2531 2530//2530
f 2540//2540 2541//2541 2534//2534
f 2540//2540 2534//2534 2531//2531
f 2541//2541 944//944 946//946
f 2541//2541 946//946 2534//2534
f 2534//2534 946//946 959//959
f 2534//2534 959//959 2535//2535
f 2535//2535 959//959 957//957
f 2535//2535 957//957 2538//2538
f 2538//2538 957//957 958//958
f 2538//2538 958//958 2542//2542
f 2536//2536 2538//2538 2542//2542
f 2536//2536 2542//2542 2543//2543
f 2537//2537 2536//2536 2543//2543
f 2537//2537 2543//2543 2544//2544
f 2525//2525 2537//2537 2544//2544
f 2525//2525 2544//2544 2526//2526
f 2524//2524 2533//2533 2537//2537
f 2524//2524 2537//2537 2525//2525
f 2523//2523 2530//2530 2533//2533
f 2523//2523 2533//2533 2524//2524
f 2545//2545 2546//2546 2547//2547
f 2545//2545 2547//2547 2548//2548
f 2546//2546 2549//2549 2550//2550
f 2546//2546 2550//2550 2547//2547
f 2548//2548 2547//2547 2551//2551
f 2548//2548 2551//2551 2552//2552
f 2547//2547 2550//2550 2553//2553
f 2547//2547 2553//2553 2551//2551
f 35//35 2554//2554 2545//2545
f 35//35 2545//2545 36//36
f 2554//2554 2555//2555 2546//2546
f 2554//2554 2546//2546 2545//2545
f 2555//2555 2556//2556 2549//2549
f 2555//2555 2549//2549 2546//2546
f 2556//2556 2557//2557 2558//2558
f 2556//2556 2558//2558 2549//2549
f 2549//2549 2558//2558 2559//2559
f 2549//2549 2559//2559 2550//2550
f 2550//2550 2559//2559 2560//2560
f 2550//2550 2560//2560 2553//2553
f 2553//2553 2560//2560 2561//2561
f 2553//2553 2561//2561 2562//2562
f 2551//2551 2553//2553 2562//2562
f 2551//2551 2562//2562 2563//2563
f 2552//2552 2551//2551 2563//2563
f 2552//2552 2563//2563 2564//2564
f 39//39 2552//2552 2564//2564
f 39//39 2564//2564 40//40
f 38//38 2548//2548 2552//2552
f 38//38 2552//2552 39//39
f 36//36 2545//2545 2548//2548
f 36//36 2548//2548 38//38
f 2565//2565 2566//2566 2567//2567
f 2565//2565 2567//2567 2568//2568
f 2566//2566 2569//2569 2570//2570
f 2566//2566 2570//2570 2567//2567
f 2568//2568 2567//2567 2571//2571
f 2568//2568 2571//2571 2572//2572
f 2567//2567 2570//2570 2573//2573
f 2567//2567 2573//2573 2571//2571
f 2557//2557 2574//2574 2565//2565
f 2557//2557 2565//2565 2558//2558
f 2574//2574 2575//2575 2566//2566
f 2574//2574 2566//2566 2565//2565
f 2575//2575 2576//2576 2569//2569
f 2575//2575 2569//2569 2566//2566
f 2576//2576 1044//1044 1046//1046
f 2576//2576 1046//1046 2569//2569
f 2569//2569 1046//1046 1058//1058
f 2569//2569 1058//1058 2570//2570
f 2570//2570 1058//1058 1056//1056
f 2570//2570 1056//1056 2573//2573
f 2573//2573 1056//1056 1057//1057
f 2573//2573 1057//1057 2577//2577
f 2571//2571 2573//2573 2577//2577
f 2571//2571 2577//2577 2578//2578
f 2572//2572 2571//2571 2578//2578
f 2572//2572 2578//2578 2579//2579
f 2560//2560 2572//2572 2579//2579
f 2560//2560 2579//2579 2561//2561
f 2559//2559 2568//2568 2572//2572
f 2559//2559 2572//2572 2560//2560
f 2558//2558 2565//2565 2568//2568
f 2558//2558 2568//2568 2559//2559
f 2580//2580 2581//2581 2582//2582
f 2580//2580 2582//2582 2583//2583
f 2581//2581 2584//2584 2585//2585
f 2581//2581 2585//2585 2582//2582
f 2583//2583 2582//2582 2586//2586
f 2583//2583 2586//2586 2587//2587
f 2582//2582 2585//2585 2588//2588
f 2582//2582 2588//2588 2586//2586
f 35//35 135//135 2580//2580
f 35//35 2580//2580 2554//2554
f 135//135 145//145 2581//2581
f 135//135 2581//2581 2580//2580
f 145//145 143//143 2584//2584
f 145//145 2584//2584 2581//2581
f 143//143 144//144 2449//2449
f 143//143 2449//2449 2584//2584
f 2584//2584 2449//2449 2459//2459
f 2584//2584 2459//2459 2585//2585
f 2585//2585 2459//2459 2457//2457
f 2585//2585 2457//2457 2588//2588
f 2588//2588 2457//2457 2458//2458
f 2588//2588 2458//2458 2589//2589
f 2586//2586 2588//2588 2589//2589
f 2586//2586 2589//2589 2590//2590
f 2587//2587 2586//2586 2590//2590
f 2587//2587 2590//2590 2591//2591
f 2556//2556 2587//2587 2591//2591
f 2556//2556 2591//2591 2557//2557
f 2555//2555 2583//2583 2587//2587
f 2555//2555 2587//2587 2556//2556
f 2554//2554 2580//2580 2583//2583
f 2554//2554 2583//2583 2555//2555
f 2592//2592 2593//2593 2594//2594
f 2592//2592 2594//2594 2595//2595
f 2593//2593 2596//2596 2597//2597
f 2593//2593 2597//2597 2594//2594
f 2595//2595 2594//2594 2598//2598
f 2595//2595 2598//2598 2599//2599
f 2594//2594 2597//2597 2600//2600
f 2594//2594 2600//2600 2598//2598
f 2557//2557 2591//2591 2592//2592
f 2557//2557 2592//2592 2574//2574
f 2591//2591 2590//2590 2593//2593
f 2591//2591 2593//2593 2592//2592
f 2590//2590 2589//2589 2596//2596
f 2590//2590 2596//2596 2593//2593
f 2589//2589 2458//2458 2469//2469
f 2589//2589 2469//2469 2596//2596
f 2596//2596 2469//2469 2474//2474
f 2596//2596 2474//2474 2597//2597
f 2597//2597 2474//2474 2473//2473
f 2597//2597 2473//2473 2600//2600
f 2600//2600 2473//2473 880//880
f 2600//2600 880//880 1086//1086
f 2598//2598 2600//2600 1086//1086
f 2598//2598 1086//1086 1085//1085
f 2599//2599 2598//2598 1085//1085
f 2599//2599 1085//1085 1084//1084
f 2576//2576 2599//2599 1084//1084
f 2576//2576 1084//1084 1044//1044
f 2575//2575 2595//2595 2599//2599
f 2575//2575 2599//2599 2576//2576
f 2574//2574 2592//2592 2595//2595
f 2574//2574 2595//2595 2575//2575
f 2601//2601 2602//2602 2603//2603
f 2601//2601 2603//2603 2604//2604
f 2602//2602 2605//2605 2606//2606
f 2602//2602 2606//2606 2603//2603
f 2604//2604 2603//2603 2607//2607
f 2604//2604 2607//2607 2608//2608
f 2603//2603 2606//2606 2609//2609
f 2603//2603 2609//2609 2607//2607
f 115//115 2494//2494 2601//2601
f 115//115 2601//2601 315//315
f 2494//2494 2493//2493 2602//2602
f 2494//2494 2602//2602 2601//2601
f 2493//2493 2492//2492 2605//2605
f 2493//2493 2605//2605 2602//2602
f 2492//2492 2491//2491 2610//2610
f 2492//2492 2610//2610 2605//2605
f 2605//2605 2610//2610 2611//2611
f 2605//2605 2611//2611 2606//2606
f 2606//2606 2611//2611 2612//2612
f 2606//2606 2612//2612 2609//2609
f 2609//2609 2612//2612 2613//2613
f 2609//2609 2613//2613 2614//2614
f 2607//2607 2609//2609 2614//2614
f 2607//2607 2614//2614 2615//2615
f 2608//2608 2607//2607 2615//2615
f 2608//2608 2615//2615 2616//2616
f 317//317 2608//2608 2616//2616
f 317//317 2616//2616 60//60
f 316//316 2604//2604 2608//2608
f 316//316 2608//2608 317//317
f 315//315 2601//2601 2604//2604
f 315//315 2604//2604 316//316
f 2617//2617 2618//2618 2619//2619
f 2617//2617 2619//2619 2620//2620
f 2618//2618 2621//2621 2622//2622
f 2618//2618 2622//2622 2619//2619
f 2620//2620 2619//2619 2623//2623
f 2620//2620 2623//2623 2624//2624
f 2619//2619 2622//2622 2625//2625
f 2619//2619 2625//2625 2623//2623
f 2491//2491 2509//2509 2617//2617
f 2491//2491 2617//2617 2610//2610
f 2509//2509 2508//2508 2618//2618
f 2509//2509 2618//2618 2617//2617
f 2508//2508 2507//2507 2621//2621
f 2508//2508 2621//2621 2618//2618
f 2507//2507 933//933 1112//1112
f 2507//2507 1112//1112 2621//2621
f 2621//2621 1112//1112 1118//1118
f 2621//2621 1118//1118 2622//2622
f 2622//2622 1118//1118 1116//1116
f 2622//2622 1116//1116 2625//2625
f 2625//2625 1116//1116 1117//1117
f 2625//2625 1117//1117 2626//2626
f 2623//2623 2625//2625 2626//2626
f 2623//2623 2626//2626 2627//2627
f 2624//2624 2623//2623 2627//2627
f 2624//2624 2627//2627 2628//2628
f 2612//2612 2624//2624 2628//2628
f 2612//2612 2628//2628 2613//2613
f 2611//2611 2620//2620 2624//2624
f 2611//2611 2624//2624 2612//2612
f 2610//2610 2617//2617 2620//2620
f 2610//2610 2620//2620 2611//2611
f 2629//2629 2630//2630 2631//2631
f 2629//2629 2631//2631 2632//2632
f 2630//2630 2633//2633 2634//2634
f 2630//2630 2634//2634 2631//2631
f 2632//2632 2631//2631 2635//2635
f 2632//2632 2635//2635 2636//2636
f 2631//2631 2634//2634 2637//2637
f 2631//2631 2637//2637 2635//2635
f 205//205 2529//2529 2629//2629
f 205//205 2629//2629 385//385
f 2529//2529 2528//2528 2630//2630
f 2529//2529 2630//2630 2629//2629
f 2528//2528 2527//2527 2633//2633
f 2528//2528 2633//2633 2630//2630
f 2527//2527 2526//2526 2638//2638
f 2527//2527 2638//2638 2633//2633
f 2633//2633 2638//2638 2639//2639
f 2633//2633 2639//2639 2634//2634
f 2634//2634 2639//2639 2640//2640
f 2634//2634 2640//2640 2637//2637
f 2637//2637 2640//2640 2641//2641
f 2637//2637 2641//2641 2642//2642
f 2635//2635 2637//2637 2642//2642
f 2635//2635 2642//2642 2643//2643
f 2636//2636 2635//2635 2643//2643
f 2636//2636 2643//2643 2644//2644
f 387//387 2636//2636 2644//2644
f 387//387 2644//2644 175//175
f 386//386 2632//2632 2636//2636
f 386//386 2636//2636 387//387
f 385//385 2629//2629 2632//2632
f 385//385 2632//2632 386//386
f 2645//2645 2646//2646 2647//2647
f 2645//2645 2647//2647 2648//2648
f 2646//2646 2649//2649 2650//2650
f 2646//2646 2650//2650 2647//2647
f 2648//2648 2647//2647 2651//2651
f 2648//2648 2651//2651 2652//2652
f 2647//2647 2650//2650 2653//2653
f 2647//2647 2653//2653 2651//2651
f 2526//2526 2544//2544 2645//2645
f 2526//2526 2645//2645 2638//2638
f 2544//2544 2543//2543 2646//2646
f 2544//2544 2646//2646 2645//2645
f 2543//2543 2542//2542 2649//2649
f 2543//2543 2649//2649 2646//2646
f 2542//2542 958//958 1144//1144
f 2542//2542 1144//1144 2649//2649
f 2649//2649 1144//1144 1154//1154
f 2649//2649 1154//1154 2650//2650
f 2650//2650 1154//1154 1152//1152
f 2650//2650 1152//1152 2653//2653
f 2653//2653 1152//1152 1153//1153
f 2653//2653 1153//1153 2654//2654
f 2651//2651 2653//2653 2654//2654
f 2651//2651 2654//2654 2655//2655
f 2652//2652 2651//2651 2655//2655
f 2652//2652 2655//2655 2656//2656
f 2640//2640 2652//2652 2656//2656
f 2640//2640 2656//2656 2641//2641
f 2639//2639 2648//2648 2652//2652
f 2639//2639 2652//2652 2640//2640
f 2638//2638 2645//2645 2648//2648
f 2638//2638 2648//2648 2639//2639
f 2657//2657 2658//2658 2659//2659
f 2657//2657 2659//2659 2660//2660
f 2658//2658 2661//2661 2662//2662
f 2658//2658 2662//2662 2659//2659
f 2660//2660 2659//2659 2663//2663
f 2660//2660 2663//2663 2664//2664
f 2659//2659 2662//2662 2665//2665
f 2659//2659 2665//2665 2663//2663
f 10//10 2666//2666 2657//2657
f 10//10 2657//2657 155//155
f 2666//2666 2667//2667 2658//2658
f 2666//2666 2658//2658 2657//2657
f 2667//2667 2668//2668 2661//2661
f 2667//2667 2661//2661 2658//2658
f 2668//2668 2669//2669 2670//2670
f 2668//2668 2670//2670 2661//2661
f 2661//2661 2670//2670 2671//2671
f 2661//2661 2671//2671 2662//2662
f 2662//2662 2671//2671 2672//2672
f 2662//2662 2672//2672 2665//2665
f 2665//2665 2672//2672 2673//2673
f 2665//2665 2673//2673 2674//2674
f 2663//2663 2665//2665 2674//2674
f 2663//2663 2674//2674 2675//2675
f 2664//2664 2663//2663 2675//2675
f 2664//2664 2675//2675 2676//2676
f 157//157 2664//2664 2676//2676
f 157//157 2676//2676 158//158
f 156//156 2660//2660 2664//2664
f 156//156 2664//2664 157//157
f 155//155 2657//2657 2660//2660
f 155//155 2660//2660 156//156
f 2677//2677 2678//2678 2679//2679
f 2677//2677 2679//2679 2680//2680
f 2678//2678 2681//2681 2682//2682
f 2678//2678 2682//2682 2679//2679
f 2680//2680 2679//2679 2683//2683
f 2680//2680 2683//2683 2684//2684
f 2679//2679 2682//2682 2685//2685
f 2679//2679 2685//2685 2683//2683
f 2669//2669 2686//2686 2677//2677
f 2669//2669 2677//2677 2670//2670
f 2686//2686 2687//2687 2678//2678
f 2686//2686 2678//2678 2677//2677
f 2687//2687 2688//2688 2681//2681
f 2687//2687 2681//2681 2678//2678
f 2688//2688 1196//1196 1198//1198
f 2688//2688 1198//1198 2681//2681
f 2681//2681 1198//1198 1211//1211
f 2681//2681 1211//1211 2682//2682
f 2682//2682 1211//1211 1209//1209
f 2682//2682 1209//1209 2685//2685
f 2685//2685 1209//1209 1210//1210
f 2685//2685 1210//1210 2689//2689
f 2683//2683 2685//2685 2689//2689
f 2683//2683 2689//2689 2690//2690
f 2684//2684 2683//2683 2690//2690
f 2684//2684 2690//2690 2691//2691
f 2672//2672 2684//2684 2691//2691
f 2672//2672 2691//2691 2673//2673
f 2671//2671 2680//2680 2684//2684
f 2671//2671 2684//2684 2672//2672
f 2670//2670 2677//2677 2680//2680
f 2670//2670 2680//2680 2671//2671
f 2692//2692 2693//2693 2694//2694
f 2692//2692 2694//2694 2695//2695
f 2693//2693 2696//2696 2697//2697
f 2693//2693 2697//2697 2694//2694
f 2695//2695 2694//2694 2698//2698
f 2695//2695 2698//2698 2699//2699
f 2694//2694 2697//2697 2700//2700
f 2694//2694 2700//2700 2698//2698
f 10//10 12//12 2692//2692
f 10//10 2692//2692 2666//2666
f 12//12 25//25 2693//2693
f 12//12 2693//2693 2692//2692
f 25//25 23//23 2696//2696
f 25//25 2696//2696 2693//2693
f 23//23 24//24 2396//2396
f 23//23 2396//2396 2696//2696
f 2696//2696 2396//2396 2395//2395
f 2696//2696 2395//2395 2697//2697
f 2697//2697 2395//2395 2394//2394
f 2697//2697 2394//2394 2700//2700
f 2700//2700 2394//2394 2393//2393
f 2700//2700 2393//2393 2701//2701
f 2698//2698 2700//2700 2701//2701
f 2698//2698 2701//2701 2702//2702
f 2699//2699 2698//2698 2702//2702
f 2699//2699 2702//2702 2703//2703
f 2668//2668 2699//2699 2703//2703
f 2668//2668 2703//2703 2669//2669
f 2667//2667 2695//2695 2699//2699
f 2667//2667 2699//2699 2668//2668
f 2666//2666 2692//2692 2695//2695
f 2666//2666 2695//2695 2667//2667
f 2704//2704 2705//2705 2706//2706
f 2704//2704 2706//2706 2707//2707
f 2705//2705 2708//2708 2709//2709
f 2705//2705 2709//2709 2706//2706
f 2707//2707 2706//2706 2710//2710
f 2707//2707 2710//2710 2711//2711
f 2706//2706 2709//2709 2712//2712
f 2706//2706 2712//2712 2710//2710
f 2669//2669 2703//2703 2704//2704
f 2669//2669 2704//2704 2686//2686
f 2703//2703 2702//2702 2705//2705
f 2703//2703 2705//2705 2704//2704
f 2702//2702 2701//2701 2708//2708
f 2702//2702 2708//2708 2705//2705
f 2701//2701 2393//2393 2411//2411
f 2701//2701 2411//2411 2708//2708
f 2708//2708 2411//2411 2410//2410
f 2708//2708 2410//2410 2709//2709
f 2709//2709 2410//2410 2409//2409
f 2709//2709 2409//2409 2712//2712
f 2712//2712 2409//2409 654//654
f 2712//2712 654//654 1223//1223
f 2710//2710 2712//2712 1223//1223
f 2710//2710 1223//1223 1222//1222
f 2711//2711 2710//2710 1222//1222
f 2711//2711 1222//1222 1221//1221
f 2688//2688 2711//2711 1221//1221
f 2688//2688 1221//1221 1196//1196
f 2687//2687 2707//2707 2711//2711
f 2687//2687 2711//2711 2688//2688
f 2686//2686 2704//2704 2707//2707
f 2686//2686 2707//2707 2687//2687
f 2713//2713 2714//2714 2715//2715
f 2713//2713 2715//2715 2716//2716
f 2714//2714 2717//2717 2718//2718
f 2714//2714 2718//2718 2715//2715
f 2716//2716 2715//2715 2719//2719
f 2716//2716 2719//2719 2720//2720
f 2715//2715 2718//2718 2721//2721
f 2715//2715 2721//2721 2719//2719
f 40//40 2564//2564 2713//2713
f 40//40 2713//2713 250//250
f 2564//2564 2563//2563 2714//2714
f 2564//2564 2714//2714 2713//2713
f 2563//2563 2562//2562 2717//2717
f 2563//2563 2717//2717 2714//2714
f 2562//2562 2561//2561 2722//2722
f 2562//2562 2722//2722 2717//2717
f 2717//2717 2722//2722 2723//2723
f 2717//2717 2723//2723 2718//2718
f 2718//2718 2723//2723 2724//2724
f 2718//2718 2724//2724 2721//2721
f 2721//2721 2724//2724 2725//2725
f 2721//2721 2725//2725 2726//2726
f 2719//2719 2721//2721 2726//2726
f 2719//2719 2726//2726 2727//2727
f 2720//2720 2719//2719 2727//2727
f 2720//2720 2727//2727 2728//2728
f 252//252 2720//2720 2728//2728
f 252//252 2728//2728 253//253
f 251//251 2716//2716 2720//2720
f 251//251 2720//2720 252//252
f 250//250 2713//2713 2716//2716
f 250//250 2716//2716 251//251
f 2729//2729 2730//2730 2731//2731
f 2729//2729 2731//2731 2732//2732
f 2730//2730 2733//2733 2734//2734
f 2730//2730 2734//2734 2731//2731
f 2732//2732 2731//2731 2735//2735
f 2732//2732 2735//2735 2736//2736
f 2731//2731 2734//2734 2737//2737
f 2731//2731 2737//2737 2735//2735
f 2561//2561 2579//2579 2729//2729
f 2561//2561 2729//2729 2722//2722
f 2579//2579 2578//2578 2730//2730
f 2579//2579 2730//2730 2729//2729
f 2578//2578 2577//2577 2733//2733
f 2578//2578 2733//2733 2730//2730
f 2577//2577 1057//1057 1236//1236
f 2577//2577 1236//1236 2733//2733
f 2733//2733 1236//1236 1246//1246
f 2733//2733 1246//1246 2734//2734
f 2734//2734 1246//1246 1244//1244
f 2734//2734 1244//1244 2737//2737
f 2737//2737 1244//1244 1245//1245
f 2737//2737 1245//1245 2738//2738
f 2735//2735 2737//2737 2738//2738
f 2735//2735 2738//2738 2739//2739
f 2736//2736 2735//2735 2739//2739
f 2736//2736 2739//2739 2740//2740
f 2724//2724 2736//2736 2740//2740
f 2724//2724 2740//2740 2725//2725
f 2723//2723 2732//2732 2736//2736
f 2723//2723 2736//2736 2724//2724
f 2722//2722 2729//2729 2732//2732
f 2722//2722 2732//2732 2723//2723
f 2741//2741 2742//2742 2743//2743
f 2741//2741 2743//2743 2744//2744
f 2742//2742 2745//2745 2746//2746
f 2742//2742 2746//2746 2743//2743
f 2744//2744 2743//2743 2747//2747
f 2744//2744 2747//2747 2748//2748
f 2743//2743 2746//2746 2749//2749
f 2743//2743 2749//2749 2747//2747
f 298//298 2750//2750 2741//2741
f 298//298 2741//2741 330//330
f 2750//2750 2751//2751 2742//2742
f 2750//2750 2742//2742 2741//2741
f 2751//2751 2752//2752 2745//2745
f 2751//2751 2745//2745 2742//2742
f 2752//2752 2753//2753 2754//2754
f 2752//2752 2754//2754 2745//2745
f 2745//2745 2754//2754 2755//2755
f 2745//2745 2755//2755 2746//2746
f 2746//2746 2755//2755 2756//2756
f 2746//2746 2756//2756 2749//2749
f 2749//2749 2756//2756 2453//2453
f 2749//2749 2453//2453 2452//2452
f 2747//2747 2749//2749 2452//2452
f 2747//2747 2452//2452 2451//2451
f 2748//2748 2747//2747 2451//2451
f 2748//2748 2451//2451 2450//2450
f 332//332 2748//2748 2450//2450
f 332//332 2450//2450 333//333
f 331//331 2744//2744 2748//2748
f 331//331 2748//2748 332//332
f 330//330 2741//2741 2744//2744
f 330//330 2744//2744 331//331
f 2757//2757 2758//2758 2759//2759
f 2757//2757 2759//2759 2760//2760
f 2758//2758 2761//2761 2762//2762
f 2758//2758 2762//2762 2759//2759
f 2760//2760 2759//2759 2763//2763
f 2760//2760 2763//2763 2764//2764
f 2759//2759 2762//2762 2765//2765
f 2759//2759 2765//2765 2763//2763
f 2753//2753 2766//2766 2757//2757
f 2753//2753 2757//2757 2754//2754
f 2766//2766 2767//2767 2758//2758
f 2766//2766 2758//2758 2757//2757
f 2767//2767 2768//2768 2761//2761
f 2767//2767 2761//2761 2758//2758
f 2768//2768 1272//1272 1274//1274
f 2768//2768 1274//1274 2761//2761
f 2761//2761 1274//1274 1281//1281
f 2761//2761 1281//1281 2762//2762
f 2762//2762 1281//1281 1280//1280
f 2762//2762 1280//1280 2765//2765
f 2765//2765 1280//1280 885//885
f 2765//2765 885//885 2472//2472
f 2763//2763 2765//2765 2472//2472
f 2763//2763 2472//2472 2471//2471
f 2764//2764 2763//2763 2471//2471
f 2764//2764 2471//2471 2470//2470
f 2756//2756 2764//2764 2470//2470
f 2756//2756 2470//2470 2453//2453
f 2755//2755 2760//2760 2764//2764
f 2755//2755 2764//2764 2756//2756
f 2754//2754 2757//2757 2760//2760
f 2754//2754 2760//2760 2755//2755
f 2769//2769 2770//2770 2771//2771
f 2769//2769 2771//2771 2772//2772
f 2770//2770 2773//2773 2774//2774
f 2770//2770 2774//2774 2771//2771
f 2772//2772 2771//2771 2775//2775
f 2772//2772 2775//2775 2776//2776
f 2771//2771 2774//2774 2777//2777
f 2771//2771 2777//2777 2775//2775
f 60//60 2616//2616 2769//2769
f 60//60 2769//2769 61//61
f 2616//2616 2615//2615 2770//2770
f 2616//2616 2770//2770 2769//2769
f 2615//2615 2614//2614 2773//2773
f 2615//2615 2773//2773 2770//2770
f 2614//2614 2613//2613 2778//2778
f 2614//2614 2778//2778 2773//2773
f 2773//2773 2778//2778 2779//2779
f 2773//2773 2779//2779 2774//2774
f 2774//2774 2779//2779 2780//2780
f 2774//2774 2780//2780 2777//2777
f 2777//2777 2780//2780 2781//2781
f 2777//2777 2781//2781 2782//2782
f 2775//2775 2777//2777 2782//2782
f 2775//2775 2782//2782 2783//2783
f 2776//2776 2775//2775 2783//2783
f 2776//2776 2783//2783 2784//2784
f 64//64 2776//2776 2784//2784
f 64//64 2784//2784 65//65
f 63//63 2772//2772 2776//2776
f 63//63 2776//2776 64//64
f 61//61 2769//2769 2772//2772
f 61//61 2772//2772 63//63
f 2785//2785 2786//2786 2787//2787
f 2785//2785 2787//2787 2788//2788
f 2786//2786 2789//2789 2790//2790
f 2786//2786 2790//2790 2787//2787
f 2788//2788 2787//2787 2791//2791
f 2788//2788 2791//2791 2792//2792
f 2787//2787 2790//2790 2793//2793
f 2787//2787 2793//2793 2791//2791
f 2613//2613 2628//2628 2785//2785
f 2613//2613 2785//2785 2778//2778
f 2628//2628 2627//2627 2786//2786
f 2628//2628 2786//2786 2785//2785
f 2627//2627 2626//2626 2789//2789
f 2627//2627 2789//2789 2786//2786
f 2626//2626 1117//1117 1346//1346
f 2626//2626 1346//1346 2789//2789
f 2789//2789 1346//1346 1355//1355
f 2789//2789 1355//1355 2790//2790
f 2790//2790 1355//1355 1353//1353
f 2790//2790 1353//1353 2793//2793
f 2793//2793 1353//1353 1354//1354
f 2793//2793 1354//1354 2794//2794
f 2791//2791 2793//2793 2794//2794
f 2791//2791 2794//2794 2795//2795
f 2792//2792 2791//2791 2795//2795
f 2792//2792 2795//2795 2796//2796
f 2780//2780 2792//2792 2796//2796
f 2780//2780 2796//2796 2781//2781
f 2779//2779 2788//2788 2792//2792
f 2779//2779 2792//2792 2780//2780
f 2778//2778 2785//2785 2788//2788
f 2778//2778 2788//2788 2779//2779
f 2797//2797 2798//2798 2799//2799
f 2797//2797 2799//2799 2800//2800
f 2798//2798 2801//2801 2802//2802
f 2798//2798 2802//2802 2799//2799
f 2800//2800 2799//2799 2803//2803
f 2800//2800 2803//2803 2804//2804
f 2799//2799 2802//2802 2805//2805
f 2799//2799 2805//2805 2803//2803
f 175//175 2644//2644 2797//2797
f 175//175 2797//2797 176//176
f 2644//2644 2643//2643 2798//2798
f 2644//2644 2798//2798 2797//2797
f 2643//2643 2642//2642 2801//2801
f 2643//2643 2801//2801 2798//2798
f 2642//2642 2641//2641 2806//2806
f 2642//2642 2806//2806 2801//2801
f 2801//2801 2806//2806 2807//2807
f 2801//2801 2807//2807 2802//2802
f 2802//2802 2807//2807 2808//2808
f 2802//2802 2808//2808 2805//2805
f 2805//2805 2808//2808 2424//2424
f 2805//2805 2424//2424 2423//2423
f 2803//2803 2805//2805 2423//2423
f 2803//2803 2423//2423 2422//2422
f 2804//2804 2803//2803 2422//2422
f 2804//2804 2422//2422 2421//2421
f 179//179 2804//2804 2421//2421
f 179//179 2421//2421 180//180
f 178//178 2800//2800 2804//2804
f 178//178 2804//2804 179//179
f 176//176 2797//2797 2800//2800
f 176//176 2800//2800 178//178
f 2809//2809 2810//2810 2811//2811
f 2809//2809 2811//2811 2812//2812
f 2810//2810 2813//2813 2814//2814
f 2810//2810 2814//2814 2811//2811
f 2812//2812 2811//2811 2815//2815
f 2812//2812 2815//2815 2816//2816
f 2811//2811 2814//2814 2817//2817
f 2811//2811 2817//2817 2815//2815
f 2641//2641 2656//2656 2809//2809
f 2641//2641 2809//2809 2806//2806
f 2656//2656 2655//2655 2810//2810
f 2656//2656 2810//2810 2809//2809
f 2655//2655 2654//2654 2813//2813
f 2655//2655 2813//2813 2810//2810
f 2654//2654 1153//1153 1365//1365
f 2654//2654 1365//1365 2813//2813
f 2813//2813 1365//1365 1370//1370
f 2813//2813 1370//1370 2814//2814
f 2814//2814 1370//1370 1369//1369
f 2814//2814 1369//1369 2817//2817
f 2817//2817 1369//1369 840//840
f 2817//2817 840//840 2439//2439
f 2815//2815 2817//2817 2439//2439
f 2815//2815 2439//2439 2438//2438
f 2816//2816 2815//2815 2438//2438
f 2816//2816 2438//2438 2437//2437
f 2808//2808 2816//2816 2437//2437
f 2808//2808 2437//2437 2424//2424
f 2807//2807 2812//2812 2816//2816
f 2807//2807 2816//2816 2808//2808
f 2806//2806 2809//2809 2812//2812
f 2806//2806 2812//2812 2807//2807
f 2818//2818 2819//2819 2820//2820
f 2818//2818 2820//2820 2821//2821
f 2819//2819 2822//2822 2823//2823
f 2819//2819 2823//2823 2820//2820
f 2821//2821 2820//2820 2824//2824
f 2821//2821 2824//2824 2825//2825
f 2820//2820 2823//2823 2826//2826
f 2820//2820 2826//2826 2824//2824
f 158//158 2676//2676 2818//2818
f 158//158 2818//2818 350//350
f 2676//2676 2675//2675 2819//2819
f 2676//2676 2819//2819 2818//2818
f 2675//2675 2674//2674 2822//2822
f 2675//2675 2822//2822 2819//2819
f 2674//2674 2673//2673 2827//2827
f 2674//2674 2827//2827 2822//2822
f 2822//2822 2827//2827 2828//2828
f 2822//2822 2828//2828 2823//2823
f 2823//2823 2828//2828 2829//2829
f 2823//2823 2829//2829 2826//2826
f 2826//2826 2829//2829 2487//2487
f 2826//2826 2487//2487 2486//2486
f 2824//2824 2826//2826 2486//2486
f 2824//2824 2486//2486 2485//2485
f 2825//2825 2824//2824 2485//2485
f 2825//2825 2485//2485 2484//2484
f 352//352 2825//2825 2484//2484
f 352//352 2484//2484 110//110
f 351//351 2821//2821 2825//2825
f 351//351 2825//2825 352//352
f 350//350 2818//2818 2821//2821
f 350//350 2821//2821 351//351
f 2830//2830 2831//2831 2832//2832
f 2830//2830 2832//2832 2833//2833
f 2831//2831 2834//2834 2835//2835
f 2831//2831 2835//2835 2832//2832
f 2833//2833 2832//2832 2836//2836
f 2833//2833 2836//2836 2837//2837
f 2832//2832 2835//2835 2838//2838
f 2832//2832 2838//2838 2836//2836
f 2673//2673 2691//2691 2830//2830
f 2673//2673 2830//2830 2827//2827
f 2691//2691 2690//2690 2831//2831
f 2691//2691 2831//2831 2830//2830
f 2690//2690 2689//2689 2834//2834
f 2690//2690 2834//2834 2831//2831
f 2689//2689 1210//1210 1404//1404
f 2689//2689 1404//1404 2834//2834
f 2834//2834 1404//1404 1409//1409
f 2834//2834 1409//1409 2835//2835
f 2835//2835 1409//1409 1408//1408
f 2835//2835 1408//1408 2838//2838
f 2838//2838 1408//1408 924//924
f 2838//2838 924//924 2506//2506
f 2836//2836 2838//2838 2506//2506
f 2836//2836 2506//2506 2505//2505
f 2837//2837 2836//2836 2505//2505
f 2837//2837 2505//2505 2504//2504
f 2829//2829 2837//2837 2504//2504
f 2829//2829 2504//2504 2487//2487
f 2828//2828 2833//2833 2837//2837
f 2828//2828 2837//2837 2829//2829
f 2827//2827 2830//2830 2833//2833
f 2827//2827 2833//2833 2828//2828
f 2839//2839 2840//2840 2841//2841
f 2839//2839 2841//2841 2842//2842
f 2840//2840 2843//2843 2844//2844
f 2840//2840 2844//2844 2841//2841
f 2842//2842 2841//2841 2845//2845
f 2842//2842 2845//2845 2846//2846
f 2841//2841 2844//2844 2847//2847
f 2841//2841 2847//2847 2845//2845
f 253//253 2728//2728 2839//2839
f 253//253 2839//2839 425//425
f 2728//2728 2727//2727 2840//2840
f 2728//2728 2840//2840 2839//2839
f 2727//2727 2726//2726 2843//2843
f 2727//2727 2843//2843 2840//2840
f 2726//2726 2725//2725 2848//2848
f 2726//2726 2848//2848 2843//2843
f 2843//2843 2848//2848 2849//2849
f 2843//2843 2849//2849 2844//2844
f 2844//2844 2849//2849 2850//2850
f 2844//2844 2850//2850 2847//2847
f 2847//2847 2850//2850 2522//2522
f 2847//2847 2522//2522 2521//2521
f 2845//2845 2847//2847 2521//2521
f 2845//2845 2521//2521 2520//2520
f 2846//2846 2845//2845 2520//2520
f 2846//2846 2520//2520 2519//2519
f 427//427 2846//2846 2519//2519
f 427//427 2519//2519 200//200
f 426//426 2842//2842 2846//2846
f 426//426 2846//2846 427//427
f 425//425 2839//2839 2842//2842
f 425//425 2842//2842 426//426
f 2851//2851 2852//2852 2853//2853
f 2851//2851 2853//2853 2854//2854
f 2852//2852 2855//2855 2856//2856
f 2852//2852 2856//2856 2853//2853
f 2854//2854 2853//2853 2857//2857
f 2854//2854 2857//2857 2858//2858
f 2853//2853 2856//2856 2859//2859
f 2853//2853 2859//2859 2857//2857
f 2725//2725 2740//2740 2851//2851
f 2725//2725 2851//2851 2848//2848
f 2740//2740 2739//2739 2852//2852
f 2740//2740 2852//2852 2851//2851
f 2739//2739 2738//2738 2855//2855
f 2739//2739 2855//2855 2852//2852
f 2738//2738 1245//1245 1439//1439
f 2738//2738 1439//1439 2855//2855
f 2855//2855 1439//1439 1444//1444
f 2855//2855 1444//1444 2856//2856
f 2856//2856 1444//1444 1443//1443
f 2856//2856 1443//1443 2859//2859
f 2859//2859 1443//1443 944//944
f 2859//2859 944//944 2541//2541
f 2857//2857 2859//2859 2541//2541
f 2857//2857 2541//2541 2540//2540
f 2858//2858 2857//2857 2540//2540
f 2858//2858 2540//2540 2539//2539
f 2850//2850 2858//2858 2539//2539
f 2850//2850 2539//2539 2522//2522
f 2849//2849 2854//2854 2858//2858
f 2849//2849 2858//2858 2850//2850
f 2848//2848 2851//2851 2854//2854
f 2848//2848 2854//2854 2849//2849
f 2860//2860 2861//2861 2862//2862
f 2860//2860 2862//2862 2863//2863
f 2861//2861 2864//2864 2865//2865
f 2861//2861 2865//2865 2862//2862
f 2863//2863 2862//2862 2866//2866
f 2863//2863 2866//2866 2867//2867
f 2862//2862 2865//2865 2868//2868
f 2862//2862 2868//2868 2866//2866
f 65//65 2784//2784 2860//2860
f 65//65 2860//2860 295//295
f 2784//2784 2783//2783 2861//2861
f 2784//2784 2861//2861 2860//2860
f 2783//2783 2782//2782 2864//2864
f 2783//2783 2864//2864 2861//2861
f 2782//2782 2781//2781 2869//2869
f 2782//2782 2869//2869 2864//2864
f 2864//2864 2869//2869 2870//2870
f 2864//2864 2870//2870 2865//2865
f 2865//2865 2870//2870 2871//2871
f 2865//2865 2871//2871 2868//2868
f 2868//2868 2871//2871 2753//2753
f 2868//2868 2753//2753 2752//2752
f 2866//2866 2868//2868 2752//2752
f 2866//2866 2752//2752 2751//2751
f 2867//2867 2866//2866 2751//2751
f 2867//2867 2751//2751 2750//2750
f 297//297 2867//2867 2750//2750
f 297//297 2750//2750 298//298
f 296//296 2863//2863 2867//2867
f 296//296 2867//2867 297//297
f 295//295 2860//2860 2863//2863
f 295//295 2863//2863 296//296
f 2872//2872 2873//2873 2874//2874
f 2872//2872 2874//2874 2875//2875
f 2873//2873 2876//2876 2877//2877
f 2873//2873 2877//2877 2874//2874
f 2875//2875 2874//2874 2878//2878
f 2875//2875 2878//2878 2879//2879
f 2874//2874 2877//2877 2880//2880
f 2874//2874 2880//2880 2878//2878
f 2781//2781 2796//2796 2872//2872
f 2781//2781 2872//2872 2869//2869
f 2796//2796 2795//2795 2873//2873
f 2796//2796 2873//2873 2872//2872
f 2795//2795 2794//2794 2876//2876
f 2795//2795 2876//2876 2873//2873
f 2794//2794 1354//1354 1510//1510
f 2794//2794 1510//1510 2876//2876
f 2876//2876 1510//1510 1512//1512
f 2876//2876 1512//1512 2877//2877
f 2877//2877 1512//1512 1511//1511
f 2877//2877 1511//1511 2880//2880
f 2880//2880 1511//1511 1272//1272
f 2880//2880 1272//1272 2768//2768
f 2878//2878 2880//2880 2768//2768
f 2878//2878 2768//2768 2767//2767
f 2879//2879 2878//2878 2767//2767
f 2879//2879 2767//2767 2766//2766
f 2871//2871 2879//2879 2766//2766
f 2871//2871 2766//2766 2753//2753
f 2870//2870 2875//2875 2879//2879
f 2870//2870 2879//2879 2871//2871
f 2869//2869 2872//2872 2875//2875
f 2869//2869 2875//2875 2870//2870
