v 0.427337110042572 0.35871198773384094 0.21617400646209717
v 0.427337110042572 0.35871198773384094 0.12605157494544983
v 0.4240974485874176 0.35862746834754944 0.12605157494544983
v 0.4240974485874176 0.35862746834754944 0.21617400646209717
v 0.42798924446105957 0.35430267453193665 0.21617400646209717
v 0.42784085869789124 0.3537335991859436 0.21617400646209717
v 0.42784085869789124 0.3537335991859436 0.12605157494544983
v 0.42798924446105957 0.35430267453193665 0.12605157494544983
v 0.42755094170570374 0.3586888611316681 0.21617400646209717
v 0.42755094170570374 0.3586888611316681 0.12605157494544983
v 0.41437649726867676 0.35664913058280945 0.2176327407360077
v 0.4142289459705353 0.35664525628089905 0.21617400646209717
v 0.41420215368270874 0.3557508587837219 0.21617400646209717
v 0.4143514335155487 0.3557547330856323 0.21764181554317474
v 0.4149780869483948 0.3531813323497772 0.21753691136837006
v 0.41484853625297546 0.353177934885025 0.21617400646209717
v 0.4150623679161072 0.3531548082828522 0.21617400646209717
v 0.4151846468448639 0.35315799713134766 0.2174982875585556
v 0.4183020293712616 0.3532393276691437 0.21684785187244415
v 0.4161135256290436 0.35318222641944885 0.21862488985061646
v 0.4144231081008911 0.35486289858818054 0.2176327407360077
v 0.4155440032482147 0.35489213466644287 0.2189922034740448
v 0.41548529267311096 0.3557843267917633 0.21901701390743256
v 0.4159621000289917 0.353206992149353 0.2187303900718689
v 0.4149780869483948 0.3531813323497772 0.21753691136837006
v 0.4159621000289917 0.353206992149353 0.2187303900718689
v 0.4158429503440857 0.353420615196228 0.21880987286567688
v 0.41481736302375793 0.3533938527107239 0.21756599843502045
v 0.4181654751300812 0.3584727346897125 0.21684785187244415
v 0.41504809260368347 0.3583914041519165 0.2174982875585556
v 0.41597697138786316 0.3584156334400177 0.21862488985061646
v 0.41464507579803467 0.353954553604126 0.21759556233882904
v 0.4157128632068634 0.35398241877555847 0.21889065206050873
v 0.4148430824279785 0.35835734009742737 0.21753691136837006
v 0.41582709550857544 0.3583829998970032 0.2187303900718689
v 0.4146936237812042 0.35813671350479126 0.21756599843502045
v 0.415719211101532 0.3581634759902954 0.21880987286567688
v 0.41582709550857544 0.3583829998970032 0.2187303900718689
v 0.4148430824279785 0.35835734009742737 0.21753691136837006
v 0.41549739241600037 0.3566783666610718 0.2189922034740448
v 0.4156186282634735 0.35759565234184265 0.21889065206050873
v 0.4145508408546448 0.35756778717041016 0.21759556233882904
v 0.41548529267311096 0.3557843267917633 0.21901701390743256
v 0.4155440032482147 0.35489213466644287 0.2189922034740448
v 0.4167843461036682 0.3549244999885559 0.2195134311914444
v 0.41673997044563293 0.355817049741745 0.21952779591083527
v 0.4171414077281952 0.3532090485095978 0.21908476948738098
v 0.4170528054237366 0.3532337248325348 0.21921750903129578
v 0.4158429503440857 0.353420615196228 0.21880987286567688
v 0.4159621000289917 0.353206992149353 0.2187303900718689
v 0.4170528054237366 0.3532337248325348 0.21921750903129578
v 0.4169778525829315 0.353450208902359 0.21931666135787964
v 0.4157128632068634 0.35398241877555847 0.21889065206050873
v 0.41689446568489075 0.35401323437690735 0.2194114327430725
v 0.41691768169403076 0.3584131896495819 0.21921750903129578
v 0.41700485348701477 0.3584424555301666 0.21908476948738098
v 0.41582709550857544 0.3583829998970032 0.2187303900718689
v 0.415719211101532 0.3581634759902954 0.21880987286567688
v 0.4168541133403778 0.3581930696964264 0.21931666135787964
v 0.41691768169403076 0.3584131896495819 0.21921750903129578
v 0.4156186282634735 0.35759565234184265 0.21889065206050873
v 0.41549739241600037 0.3566783666610718 0.2189922034740448
v 0.41673773527145386 0.3567107319831848 0.2195134311914444
v 0.41680023074150085 0.35762646794319153 0.2194114327430725
v 0.41815799474716187 0.3549603223800659 0.2196991741657257
v 0.41812950372695923 0.35585328936576843 0.2196810245513916
v 0.418279767036438 0.3532387316226959 0.21932677924633026
v 0.41826575994491577 0.3532584607601166 0.21947361528873444
v 0.41826575994491577 0.3532584607601166 0.21947361528873444
v 0.4182346761226654 0.3534829914569855 0.21957997977733612
v 0.4182030260562897 0.35404738783836365 0.21965815126895905
v 0.4181302785873413 0.3584516942501068 0.21947361528873444
v 0.4181431829929352 0.35847213864326477 0.21932677924633026
v 0.4181109368801117 0.35822585225105286 0.21957997977733612
v 0.4181302785873413 0.3584516942501068 0.21947361528873444
v 0.4181113839149475 0.3567465543746948 0.2196991741657257
v 0.4181087911128998 0.3576606214046478 0.21965815126895905
v 0.41860634088516235 0.3549720048904419 0.21970275044441223
v 0.4185830354690552 0.35586512088775635 0.2196698635816574
v 0.4186513125896454 0.3532484173774719 0.2193610668182373
v 0.4186652898788452 0.35326316952705383 0.21950973570346832
v 0.4186652898788452 0.35326316952705383 0.21950973570346832
v 0.41864490509033203 0.35349369049072266 0.21961510181427002
v 0.4186301529407501 0.35405850410461426 0.2196865975856781
v 0.4185211658477783 0.35823655128479004 0.21961510181427002
v 0.4185295104980469 0.35846784710884094 0.21950973570346832
v 0.418559730052948 0.3567582368850708 0.21970275044441223
v 0.41853591799736023 0.35767173767089844 0.2196865975856781
v 0.4228341281414032 0.3625822961330414 0.21759554743766785
v 0.4228619933128357 0.36151450872421265 0.21889065206050873
v 0.42342981696128845 0.3614139258861542 0.21880987286567688
v 0.4234030544757843 0.36243951320648193 0.21756598353385925
v 0.4186601936817169 0.3623157739639282 0.21756598353385925
v 0.41865667700767517 0.3624507784843445 0.21617399156093597
v 0.41844427585601807 0.3622846007347107 0.21617399156093597
v 0.41844767332077026 0.3621550500392914 0.21753689646720886
v 0.4228341281414032 0.3625822961330414 0.21759554743766785
v 0.4228304624557495 0.36272287368774414 0.21617399156093597
v 0.4219115972518921 0.3629041910171509 0.21617399156093597
v 0.4219154715538025 0.3627566397190094 0.2176327258348465
v 0.4278486371040344 0.35429900884628296 0.21759556233882904
v 0.4267808496952057 0.35427114367485046 0.21889065206050873
v 0.4266802668571472 0.3537033200263977 0.21880987286567688
v 0.427705854177475 0.35373008251190186 0.21756599843502045
v 0.4201292395591736 0.36271002888679504 0.2176327258348465
v 0.4201584756374359 0.36158913373947144 0.2189922034740448
v 0.42105066776275635 0.3616478443145752 0.21901701390743256
v 0.42102107405662537 0.36278170347213745 0.21764180064201355
v 0.4184243381023407 0.36194849014282227 0.2174982726573944
v 0.4184485673904419 0.3610196113586426 0.21862488985061646
v 0.41847333312034607 0.36117103695869446 0.2187303900718689
v 0.41868695616722107 0.36129018664360046 0.21880987286567688
v 0.419220894575119 0.3624880611896515 0.21759554743766785
v 0.4192487597465515 0.36142027378082275 0.21889065206050873
v 0.4186601936817169 0.3623157739639282 0.21756598353385925
v 0.41868695616722107 0.36129018664360046 0.21880987286567688
v 0.4236236810684204 0.36229005455970764 0.21753689646720886
v 0.4236493408679962 0.3613060414791107 0.2187303900718689
v 0.42368197441101074 0.361156165599823 0.21862488985061646
v 0.42365774512290955 0.3620850443840027 0.2174982726573944
v 0.4234030544757843 0.36243951320648193 0.21756598353385925
v 0.42342981696128845 0.3614139258861542 0.21880987286567688
v 0.4219154715538025 0.3627566397190094 0.2176327258348465
v 0.4219447076320648 0.3616357445716858 0.2189922034740448
v 0.42019084095954895 0.36034879088401794 0.2195134311914444
v 0.42108339071273804 0.3603931665420532 0.21952779591083527
v 0.4184753894805908 0.35999172925949097 0.21908476948738098
v 0.41850006580352783 0.3600803315639496 0.21921750903129578
v 0.41847333312034607 0.36117103695869446 0.2187303900718689
v 0.41850006580352783 0.3600803315639496 0.21921750903129578
v 0.41871654987335205 0.36015528440475464 0.21931666135787964
v 0.4192795753479004 0.3602386713027954 0.2194114327430725
v 0.42367953062057495 0.3602154552936554 0.21921750903129578
v 0.42370879650115967 0.3601282835006714 0.21908476948738098
v 0.4236493408679962 0.3613060414791107 0.2187303900718689
v 0.42345941066741943 0.36027905344963074 0.21931666135787964
v 0.42367953062057495 0.3602154552936554 0.21921750903129578
v 0.42197707295417786 0.3603954017162323 0.2195134311914444
v 0.42289280891418457 0.3603329062461853 0.2194114327430725
v 0.42022666335105896 0.3589751422405243 0.2196991741657257
v 0.4211196303367615 0.35900363326072693 0.2196810245513916
v 0.41850507259368896 0.35885336995124817 0.21932677924633026
v 0.4185248017311096 0.3588673770427704 0.21947361528873444
v 0.4185248017311096 0.3588673770427704 0.21947361528873444
v 0.4187493324279785 0.35889846086502075 0.21957997977733612
v 0.4193137288093567 0.3589301109313965 0.21965815126895905
v 0.42371803522109985 0.35900285840034485 0.21947361528873444
v 0.4237384796142578 0.3589899241924286 0.21932677924633026
v 0.4234921932220459 0.35902220010757446 0.21957997977733612
v 0.42371803522109985 0.35900285840034485 0.21947361528873444
v 0.42201289534568787 0.35902175307273865 0.2196991741657257
v 0.42292696237564087 0.3590243458747864 0.21965815126895905
v 0.42023834586143494 0.3585267961025238 0.21970275044441223
v 0.4211314618587494 0.358550101518631 0.2196698635816574
v 0.4241337180137634 0.35860833525657654 0.21947361528873444
v 0.4241197407245636 0.3586280643939972 0.21932677924633026
v 0.4237481653690338 0.3586183786392212 0.2193610668182373
v 0.423734188079834 0.3586036264896393 0.21950973570346832
v 0.4241648018360138 0.35838380455970764 0.21957997977733612
v 0.4241337180137634 0.35860833525657654 0.21947361528873444
v 0.423734188079834 0.3586036264896393 0.21950973570346832
v 0.42375457286834717 0.35837310552597046 0.21961510181427002
v 0.4193248450756073 0.35850298404693604 0.2196865975856781
v 0.4187600314617157 0.3584882318973541 0.21961510181427002
v 0.423734188079834 0.3586036264896393 0.21950973570346832
v 0.4237481653690338 0.3586183786392212 0.2193610668182373
v 0.4235028922557831 0.35861197113990784 0.21961510181427002
v 0.42202457785606384 0.35857340693473816 0.21970275044441223
v 0.4229380786418915 0.3585972189903259 0.2196865975856781
v 0.4222702383995056 0.34915676712989807 0.21763275563716888
v 0.422274112701416 0.3490092158317566 0.21617402136325836
v 0.42318224906921387 0.34923815727233887 0.21617402136325836
v 0.4231785833835602 0.3493787348270416 0.21759557723999023
v 0.4279763698577881 0.3570038974285126 0.2176327407360077
v 0.4268554747104645 0.35697466135025024 0.2189922034740448
v 0.42691418528556824 0.3560824692249298 0.21901701390743256
v 0.4280480444431305 0.3561120629310608 0.21764181554317474
v 0.4272148311138153 0.35870879888534546 0.2174982875585556
v 0.4262859523296356 0.35868456959724426 0.21862488985061646
v 0.4264373779296875 0.3586598038673401 0.2187303900718689
v 0.4274213910102844 0.3586854636669159 0.21753691136837006
v 0.4274213910102844 0.3586854636669159 0.21753691136837006
v 0.4264373779296875 0.3586598038673401 0.2187303900718689
v 0.4265565276145935 0.3584461808204651 0.21880987286567688
v 0.42758211493492126 0.35847294330596924 0.21756599843502045
v 0.42775440216064453 0.35791224241256714 0.21759556233882904
v 0.4266866147518158 0.35788437724113464 0.21889065206050873
v 0.4275563955307007 0.35350945591926575 0.21753691136837006
v 0.42657238245010376 0.35348379611968994 0.2187303900718689
v 0.42642250657081604 0.3534511625766754 0.21862488985061646
v 0.4273513853549957 0.3534753918647766 0.2174982875585556
v 0.42657238245010376 0.35348379611968994 0.2187303900718689
v 0.4275563955307007 0.35350945591926575 0.21753691136837006
v 0.42802298069000244 0.35521766543388367 0.2176327407360077
v 0.42690208554267883 0.35518842935562134 0.2189922034740448
v 0.42691418528556824 0.3560824692249298 0.21901701390743256
v 0.4268554747104645 0.35697466135025024 0.2189922034740448
v 0.425615131855011 0.3569422960281372 0.2195134311914444
v 0.42565950751304626 0.3560497462749481 0.21952779591083527
v 0.425258070230484 0.35865774750709534 0.21908476948738098
v 0.4253466725349426 0.3586330711841583 0.21921750903129578
v 0.4265565276145935 0.3584461808204651 0.21880987286567688
v 0.4264373779296875 0.3586598038673401 0.2187303900718689
v 0.4253466725349426 0.3586330711841583 0.21921750903129578
v 0.4254216253757477 0.3584165871143341 0.21931666135787964
v 0.4266866147518158 0.35788437724113464 0.21889065206050873
v 0.42550501227378845 0.35785356163978577 0.2194114327430725
v 0.42548179626464844 0.3534536063671112 0.21921750903129578
v 0.42539462447166443 0.3534243404865265 0.21908476948738098
v 0.42657238245010376 0.35348379611968994 0.2187303900718689
v 0.4266802668571472 0.3537033200263977 0.21880987286567688
v 0.4255453944206238 0.3536737263202667 0.21931666135787964
v 0.42548179626464844 0.3534536063671112 0.21921750903129578
v 0.4267808496952057 0.35427114367485046 0.21889065206050873
v 0.42690208554267883 0.35518842935562134 0.2189922034740448
v 0.42566174268722534 0.3551560640335083 0.2195134311914444
v 0.42559924721717834 0.3542403280735016 0.2194114327430725
v 0.4242415130138397 0.3569064736366272 0.2196991741657257
v 0.42426997423171997 0.3560135066509247 0.2196810245513916
v 0.4241964519023895 0.35781940817832947 0.21965815126895905
v 0.4242691993713379 0.3534151017665863 0.21947361528873444
v 0.42425626516342163 0.35339465737342834 0.21932677924633026
v 0.4242885410785675 0.35364094376564026 0.21957997977733612
v 0.4242691993713379 0.3534151017665863 0.21947361528873444
v 0.4242880940437317 0.3551202416419983 0.2196991741657257
v 0.4242906868457794 0.3542061746120453 0.21965815126895905
v 0.42379313707351685 0.3568947911262512 0.21970275044441223
v 0.423816442489624 0.35600167512893677 0.2196698635816574
v 0.4238746762275696 0.35299941897392273 0.21947361528873444
v 0.42389440536499023 0.35301339626312256 0.21932677924633026
v 0.42388471961021423 0.35338497161865234 0.2193610668182373
v 0.4238699674606323 0.3533989489078522 0.21950973570346832
v 0.4237693250179291 0.35780829191207886 0.2196865975856781
v 0.4238699674606323 0.3533989489078522 0.21950973570346832
v 0.42388471961021423 0.35338497161865234 0.2193610668182373
v 0.4238783121109009 0.3536302447319031 0.21961510181427002
v 0.4238699674606323 0.3533989489078522 0.21950973570346832
v 0.4238397479057312 0.3551085591316223 0.21970275044441223
v 0.42386355996131897 0.3541950583457947 0.2196865975856781
v 0.41874173283576965 0.34978175163269043 0.2174983024597168
v 0.41871750354766846 0.3507106304168701 0.21862488985061646
v 0.41866040229797363 0.35289913415908813 0.21684785187244415
v 0.4222702383995056 0.34915676712989807 0.21763275563716888
v 0.4222410023212433 0.3502776622772217 0.2189922034740448
v 0.42134881019592285 0.3502189517021179 0.21901701390743256
v 0.42137840390205383 0.34908509254455566 0.21764183044433594
v 0.4239751398563385 0.34991830587387085 0.2174983024597168
v 0.4239509105682373 0.35084718465805054 0.21862488985061646
v 0.42392614483833313 0.35069575905799866 0.2187303900718689
v 0.42395180463790894 0.34971174597740173 0.21753692626953125
v 0.42371252179145813 0.35057660937309265 0.21880987286567688
v 0.4237392842769623 0.3495510518550873 0.21756601333618164
v 0.41869068145751953 0.35173851251602173 0.21908476948738098
v 0.4231785833835602 0.3493787348270416 0.21759557723999023
v 0.4231507182121277 0.35044652223587036 0.21889065206050873
v 0.4237392842769623 0.3495510518550873 0.21756601333618164
v 0.42371252179145813 0.35057660937309265 0.21880987286567688
v 0.4187757968902588 0.3495767414569855 0.21753692626953125
v 0.418750137090683 0.3505607545375824 0.2187303900718689
v 0.4189964234828949 0.3494272828102112 0.21756601333618164
v 0.41896966099739075 0.35045287013053894 0.21880987286567688
v 0.4195690155029297 0.349143922328949 0.21617402136325836
v 0.4204878807067871 0.34896260499954224 0.21617402136325836
v 0.4204840064048767 0.3491101562976837 0.21763275563716888
v 0.419565349817276 0.34928449988365173 0.21759557723999023
v 0.4204840064048767 0.3491101562976837 0.21763275563716888
v 0.4204547703266144 0.3502310514450073 0.2189922034740448
v 0.4195374846458435 0.35035228729248047 0.21889065206050873
v 0.419565349817276 0.34928449988365173 0.21759557723999023
v 0.42220863699913025 0.35151800513267517 0.2195134311914444
v 0.42131608724594116 0.3514736294746399 0.21952779591083527
v 0.4239240884780884 0.35187506675720215 0.21908476948738098
v 0.42389941215515137 0.35178646445274353 0.21921750903129578
v 0.42392614483833313 0.35069575905799866 0.2187303900718689
v 0.42389941215515137 0.35178646445274353 0.21921750903129578
v 0.42368292808532715 0.3517115116119385 0.21931666135787964
v 0.4231199026107788 0.3516281247138977 0.2194114327430725
v 0.4234030544757843 0.36243951320648193 0.21756598353385925
v 0.42339953780174255 0.3625745177268982 0.21617399156093597
v 0.41871994733810425 0.3516513407230377 0.21921750903129578
v 0.418750137090683 0.3505607545375824 0.2187303900718689
v 0.41896966099739075 0.35045287013053894 0.21880987286567688
v 0.41894006729125977 0.3515877425670624 0.21931666135787964
v 0.41871994733810425 0.3516513407230377 0.21921750903129578
v 0.42042240500450134 0.3514713943004608 0.2195134311914444
v 0.41950666904449463 0.3515338897705078 0.2194114327430725
v 0.4186609983444214 0.35287684202194214 0.21932677924633026
v 0.4186513125896454 0.3532484173774719 0.2193610668182373
v 0.4186513125896454 0.3532484173774719 0.21684785187244415
v 0.42217281460762024 0.3528916537761688 0.2196991741657257
v 0.4212798476219177 0.3528631627559662 0.2196810245513916
v 0.4238746762275696 0.35299941897392273 0.21947361528873444
v 0.4236501455307007 0.35296833515167236 0.21957997977733612
v 0.4230857491493225 0.35293668508529663 0.21965815126895905
v 0.41868144273757935 0.35286393761634827 0.21947361528873444
v 0.4189072847366333 0.35284459590911865 0.21957997977733612
v 0.41868144273757935 0.35286393761634827 0.21947361528873444
v 0.42038658261299133 0.35284504294395447 0.2196991741657257
v 0.41947251558303833 0.35284245014190674 0.21965815126895905
v 0.42216113209724426 0.3533399999141693 0.21970275044441223
v 0.4212680160999298 0.35331669449806213 0.2196698635816574
v 0.4186652898788452 0.35326316952705383 0.21950973570346832
v 0.4230746328830719 0.3533638119697571 0.2196865975856781
v 0.4236394464969635 0.353378564119339 0.21961510181427002
v 0.42037490010261536 0.35329338908195496 0.21970275044441223
v 0.4194613993167877 0.3532695770263672 0.2196865975856781
v 0.4188965857028961 0.3532548248767853 0.21961510181427002
v 0.42365455627441406 0.3622073233127594 0.21617399156093597
v 0.42365455627441406 0.3622073233127594 0.12605156004428864
v 0.4236202836036682 0.36241960525512695 0.12605156004428864
v 0.4236202836036682 0.36241960525512695 0.21617399156093597
v 0.42339953780174255 0.3625745177268982 0.12605156004428864
v 0.4228304624557495 0.36272290349006653 0.12605156004428864
v 0.42101719975471497 0.3629309833049774 0.21617399156093597
v 0.4219115972518921 0.3629041910171509 0.12605156004428864
v 0.42101719975471497 0.3629309833049774 0.12605156004428864
v 0.424234002828598 0.3533940613269806 0.21684785187244415
v 0.42339953780174255 0.3625745177268982 0.12605156004428864
v 0.42339953780174255 0.3625745177268982 0.21617399156093597
v 0.41427555680274963 0.35485902428627014 0.21617400646209717
v 0.41866040229797363 0.35289913415908813 0.21617400646209717
v 0.41874492168426514 0.3496594727039337 0.21617402136325836
v 0.4145044982433319 0.3539508879184723 0.21617400646209717
v 0.4146823585033417 0.35339033603668213 0.21617400646209717
v 0.4183020293712616 0.3532393276691437 0.21617400646209717
v 0.41492581367492676 0.358388215303421 0.21617400646209717
v 0.4147135317325592 0.35835394263267517 0.21617400646209717
v 0.414410263299942 0.35756412148475647 0.21617400646209717
v 0.4147135317325592 0.35835394263267517 0.21617400646209717
v 0.41455861926078796 0.3581331968307495 0.21617400646209717
v 0.4201292395591736 0.36271002888679504 0.2176327258348465
v 0.4201253652572632 0.3628575801849365 0.21617399156093597
v 0.41921722888946533 0.36262866854667664 0.21617399156093597
v 0.419220894575119 0.3624880611896515 0.21759554743766785
v 0.4185056686401367 0.35883110761642456 0.21684785187244415
v 0.41851475834846497 0.35848182439804077 0.21684785187244415
v 0.41851475834846497 0.35848182439804077 0.2193610668182373
v 0.4185295104980469 0.35846784710884094 0.21950973570346832
v 0.41851475834846497 0.35848182439804077 0.2193610668182373
v 0.41484853625297546 0.353177934885025 0.21617400646209717
v 0.42374280095100403 0.34941601753234863 0.21617402136325836
v 0.4237392842769623 0.3495510518550873 0.21756601333618164
v 0.42102107405662537 0.36278170347213745 0.21764180064201355
v 0.4184211492538452 0.362070769071579 0.21617399156093597
v 0.424234002828598 0.3533940613269806 0.21617400646209717
v 0.42747366428375244 0.3534785807132721 0.21617400646209717
v 0.4238938093185425 0.35303568840026855 0.21684785187244415
v 0.4281705319881439 0.35522153973579407 0.21617400646209717
v 0.41851475834846497 0.35848182439804077 0.21617400646209717
v 0.41851475834846497 0.35848182439804077 0.12605157494544983
v 0.4181654751300812 0.3584727346897125 0.12605157494544983
v 0.4181654751300812 0.3584727346897125 0.21617400646209717
v 0.423978328704834 0.34979602694511414 0.21617402136325836
v 0.4238938093185425 0.35303568840026855 0.21617400646209717
v 0.42373907566070557 0.358967661857605 0.21684785187244415
v 0.42373907566070557 0.358967661857605 0.21617400646209717
v 0.4277171194553375 0.358476459980011 0.21617400646209717
v 0.42755094170570374 0.3586888611316681 0.21617400646209717
v 0.42819732427597046 0.3561159372329712 0.21617400646209717
v 0.42812392115592957 0.357007771730423 0.21617400646209717
v 0.4278949797153473 0.3579159080982208 0.21617400646209717
v 0.42768594622612 0.35351285338401794 0.21617400646209717
v 0.42768594622612 0.35351285338401794 0.21617400646209717
v 0.4185056686401367 0.35883110761642456 0.21617400646209717
v 0.4240974485874176 0.35862746834754944 0.21684785187244415
v 0.42374280095100403 0.34941601753234863 0.21617402136325836
v 0.42395520210266113 0.3495821952819824 0.21617402136325836
v 0.4237481653690338 0.3586183786392212 0.21684785187244415
v 0.42388471961021423 0.35338497161865234 0.21684785187244415
v 0.42388471961021423 0.35338497161865234 0.21684785187244415
v 0.42138227820396423 0.3489358127117157 0.21617402136325836
v 0.42137840390205383 0.34908509254455566 0.21764183044433594
v 0.4189964234828949 0.3494272828102112 0.21756601333618164
v 0.418779194355011 0.34944719076156616 0.21617402136325836
v 0.41865667700767517 0.3624507784843445 0.21617399156093597
v 0.4186601936817169 0.3623157739639282 0.21756598353385925
v 0.4186513125896454 0.3532484173774719 0.21684785187244415
v 0.41899994015693665 0.3492922782897949 0.21617402136325836
v 0.4185295104980469 0.35846784710884094 0.21950973570346832
v 0.4190160632133484 0.35362759232521057 0.21966241300106049
v 0.4195917844772339 0.3536672294139862 0.21967153251171112
v 0.4203896224498749 0.353691041469574 0.219634011387825
v 0.4212576448917389 0.35371389985084534 0.21960395574569702
v 0.4221256673336029 0.35373634099960327 0.219634011387825
v 0.4229236841201782 0.3537541329860687 0.21967153251171112
v 0.4235006868839264 0.35374459624290466 0.21966241300106049
v 0.41902947425842285 0.354202002286911 0.2196710854768753
v 0.4196086823940277 0.3542432188987732 0.2196178138256073
v 0.42038342356681824 0.35426658391952515 0.21953050792217255
v 0.4212426245212555 0.3542892038822174 0.21948395669460297
v 0.42210182547569275 0.35431140661239624 0.21953050792217255
v 0.4228767454624176 0.354328453540802 0.2196178138256073
v 0.4234573245048523 0.3543175458908081 0.2196710854768753
v 0.4190137982368469 0.35500213503837585 0.2196321189403534
v 0.4195949137210846 0.35502177476882935 0.21952781081199646
v 0.4203660190105438 0.3550421893596649 0.21939155459403992
v 0.42122241854667664 0.3550645112991333 0.219322070479393
v 0.42207881808280945 0.35508689284324646 0.21939155459403992
v 0.4228499233722687 0.3551067113876343 0.21952781081199646
v 0.42343127727508545 0.3551173508167267 0.2196321189403534
v 0.4189918339252472 0.35587579011917114 0.2196011245250702
v 0.41957345604896545 0.3558909595012665 0.21947930753231049
v 0.4203440546989441 0.3559110760688782 0.21931950747966766
v 0.4211997389793396 0.35593339800834656 0.21923387050628662
v 0.4220554232597351 0.35595571994781494 0.21931950747966766
v 0.42282602190971375 0.35597583651542664 0.21947930753231049
v 0.423407644033432 0.355991005897522 0.2196011245250702
v 0.41896820068359375 0.35674944519996643 0.2196321189403534
v 0.4195495545864105 0.35676008462905884 0.21952781081199646
v 0.42032065987586975 0.35677990317344666 0.21939155459403992
v 0.42117705941200256 0.3568022847175598 0.219322070479393
v 0.4220334589481354 0.3568246066570282 0.21939155459403992
v 0.4228045642375946 0.35684502124786377 0.21952781081199646
v 0.4233856797218323 0.35686466097831726 0.2196321189403534
v 0.4189421534538269 0.357549250125885 0.2196710854768753
v 0.4195227324962616 0.3575383424758911 0.2196178138256073
v 0.42029765248298645 0.3575553894042969 0.21953050792217255
v 0.4211568534374237 0.3575775921344757 0.21948395669460297
v 0.42201605439186096 0.35760021209716797 0.21953050792217255
v 0.4227907955646515 0.3576235771179199 0.2196178138256073
v 0.42337000370025635 0.3576647937297821 0.2196710854768753
v 0.4188987910747528 0.35812219977378845 0.21966241300106049
v 0.419475793838501 0.3581126630306244 0.21967153251171112
v 0.4202738106250763 0.35813045501708984 0.219634011387825
v 0.4211418330669403 0.3581528961658478 0.21960395574569702
v 0.4220098555088043 0.35817572474479675 0.219634011387825
v 0.4228076934814453 0.3581995666027069 0.21967153251171112
v 0.4233834445476532 0.35823920369148254 0.21966241300106049
v 0.41851475834846497 0.35848182439804077 0.21684785187244415
v 0.4237481653690338 0.3586183786392212 0.21684785187244415
v 0.42388471961021423 0.35338497161865234 0.21617400646209717
v 0.42388471961021423 0.35338497161865234 0.21617400646209717
v 0.4237481653690338 0.3586183786392212 0.21617400646209717
v 0.4237481653690338 0.3586183786392212 0.21617400646209717
v 0.41851475834846497 0.35848182439804077 0.21617400646209717
v 0.4186513125896454 0.3532484173774719 0.21617400646209717
v 0.4186513125896454 0.3532484173774719 0.21617400646209717
v 0.4189964234828949 0.3494272828102112 0.21756601333618164
v 0.41899994015693665 0.3492922782897949 0.21617402136325836
v 0.4275563955307007 0.35350945591926575 0.1246982291340828
v 0.42768594622612 0.35351285338401794 0.12605157494544983
v 0.42747366428375244 0.3534785807132721 0.12605157494544983
v 0.4273513853549957 0.3534753918647766 0.12473684549331665
v 0.424234002828598 0.3533940613269806 0.1253872960805893
v 0.42642250657081604 0.3534511625766754 0.1236102357506752
v 0.42802298069000244 0.35521766543388367 0.12460239231586456
v 0.42690208554267883 0.35518842935562134 0.12324292212724686
v 0.42691418528556824 0.3560824692249298 0.1232181191444397
v 0.4280480444431305 0.3561120629310608 0.12459331750869751
v 0.42657238245010376 0.35348379611968994 0.12350474298000336
v 0.4275563955307007 0.35350945591926575 0.1246982291340828
v 0.42657238245010376 0.35348379611968994 0.12350474298000336
v 0.4266802668571472 0.3537033200263977 0.12342526018619537
v 0.427705854177475 0.35373008251190186 0.12466912716627121
v 0.4240974485874176 0.35862746834754944 0.1253872960805893
v 0.4272148311138153 0.35870879888534546 0.12473684549331665
v 0.4262859523296356 0.35868456959724426 0.1236102357506752
v 0.4278486371040344 0.35429900884628296 0.12463956326246262
v 0.4267808496952057 0.35427114367485046 0.12334448844194412
v 0.4274213910102844 0.3586854636669159 0.1246982291340828
v 0.4264373779296875 0.3586598038673401 0.12350474298000336
v 0.42758211493492126 0.35847294330596924 0.12466912716627121
v 0.4265565276145935 0.3584461808204651 0.12342526018619537
v 0.4264373779296875 0.3586598038673401 0.12350474298000336
v 0.4274213910102844 0.3586854636669159 0.1246982291340828
v 0.4279763698577881 0.3570038974285126 0.12460239231586456
v 0.4268554747104645 0.35697466135025024 0.12324292212724686
v 0.4266866147518158 0.35788437724113464 0.12334448844194412
v 0.42775440216064453 0.35791224241256714 0.12463956326246262
v 0.42691418528556824 0.3560824692249298 0.1232181191444397
v 0.42690208554267883 0.35518842935562134 0.12324292212724686
v 0.42566174268722534 0.3551560640335083 0.12272169440984726
v 0.42565950751304626 0.3560497462749481 0.12270733714103699
v 0.42539462447166443 0.3534243404865265 0.12315035611391068
v 0.42548179626464844 0.3534536063671112 0.12301762402057648
v 0.4266802668571472 0.3537033200263977 0.12342526018619537
v 0.42657238245010376 0.35348379611968994 0.12350474298000336
v 0.42548179626464844 0.3534536063671112 0.12301762402057648
v 0.4255453646183014 0.3536737263202667 0.12291847169399261
v 0.4267808496952057 0.35427114367485046 0.12334448844194412
v 0.42559924721717834 0.3542403280735016 0.12282370030879974
v 0.4253466725349426 0.3586330711841583 0.12301762402057648
v 0.425258070230484 0.35865774750709534 0.12315035611391068
v 0.4264373779296875 0.3586598038673401 0.12350474298000336
v 0.4265565276145935 0.3584461808204651 0.12342526018619537
v 0.4254216253757477 0.3584165871143341 0.12291847914457321
v 0.4253466725349426 0.3586330711841583 0.12301762402057648
v 0.4266866147518158 0.35788437724113464 0.12334448844194412
v 0.4268554747104645 0.35697466135025024 0.12324292212724686
v 0.425615131855011 0.3569422960281372 0.12272169440984726
v 0.42550501227378845 0.35785356163978577 0.12282370030879974
v 0.4242880940437317 0.3551202416419983 0.12253595888614655
v 0.42426997423171997 0.3560135066509247 0.12255410850048065
v 0.42425626516342163 0.35339465737342834 0.12290836125612259
v 0.4242691993713379 0.3534151017665863 0.12276151776313782
v 0.4242691993713379 0.3534151017665863 0.12276151776313782
v 0.4242885410785675 0.35364094376564026 0.12265515327453613
v 0.4242906868457794 0.3542061746120453 0.12257697433233261
v 0.4241337180137634 0.35860833525657654 0.12276151776313782
v 0.4241197407245636 0.3586280643939972 0.12290836125612259
v 0.4241648018360138 0.35838380455970764 0.12265515327453613
v 0.4241337180137634 0.35860833525657654 0.12276151776313782
v 0.42424148321151733 0.3569064736366272 0.12253595888614655
v 0.4241964519023895 0.35781940817832947 0.12257697433233261
v 0.4238397479057312 0.3551085591316223 0.12253238260746002
v 0.423816442489624 0.35600167512893677 0.12256526947021484
v 0.42388471961021423 0.35338497161865234 0.12287406623363495
v 0.4238699674606323 0.3533989489078522 0.12272539734840393
v 0.4238699674606323 0.3533989489078522 0.12272539734840393
v 0.4238783121109009 0.3536302447319031 0.12262003123760223
v 0.42386355996131897 0.3541950583457947 0.12254854291677475
v 0.42375457286834717 0.35837310552597046 0.12262003123760223
v 0.423734188079834 0.3586036264896393 0.12272539734840393
v 0.42379313707351685 0.3568947911262512 0.12253238260746002
v 0.4237693250179291 0.35780829191207886 0.12254854291677475
v 0.419220894575119 0.3624880611896515 0.12463955581188202
v 0.4192487597465515 0.36142027378082275 0.12334448099136353
v 0.41868695616722107 0.36129018664360046 0.12342525273561478
v 0.4186601936817169 0.3623157739639282 0.12466912716627121
v 0.419220894575119 0.3624880611896515 0.12463955581188202
v 0.41921722888946533 0.36262863874435425 0.12605156004428864
v 0.4201253652572632 0.3628575801849365 0.12605156004428864
v 0.4201292395591736 0.36271002888679504 0.12460238486528397
v 0.41464507579803467 0.353954553604126 0.12463957071304321
v 0.4157128632068634 0.35398241877555847 0.12334448844194412
v 0.4158429503440857 0.353420615196228 0.12342526018619537
v 0.41481736302375793 0.3533938527107239 0.1246691346168518
v 0.4219154715538025 0.3627566397190094 0.12460238486528397
v 0.4219447076320648 0.3616357445716858 0.12324291467666626
v 0.42105066776275635 0.3616478443145752 0.1232181191444397
v 0.42102107405662537 0.36278170347213745 0.12459331005811691
v 0.42365774512290955 0.3620850443840027 0.12473683804273605
v 0.42368197441101074 0.361156165599823 0.1236102283000946
v 0.4236493408679962 0.3613060414791107 0.12350473552942276
v 0.4236236810684204 0.36229005455970764 0.1246982216835022
v 0.42342981696128845 0.3614139258861542 0.12342525273561478
v 0.4234030544757843 0.36243951320648193 0.12466911971569061
v 0.4228341281414032 0.3625822961330414 0.12463955581188202
v 0.4228619933128357 0.36151450872421265 0.12334448099136353
v 0.4234030544757843 0.36243951320648193 0.12466911971569061
v 0.42342981696128845 0.3614139258861542 0.12342525273561478
v 0.41844767332077026 0.3621550500392914 0.1246982216835022
v 0.41847333312034607 0.36117103695869446 0.12350473552942276
v 0.4184485673904419 0.3610196113586426 0.1236102283000946
v 0.4184243381023407 0.36194849014282227 0.12473683804273605
v 0.4186601936817169 0.3623157739639282 0.12466912716627121
v 0.41868695616722107 0.36129018664360046 0.12342525273561478
v 0.4201292395591736 0.36271002888679504 0.12460238486528397
v 0.4201584756374359 0.36158913373947144 0.12324291467666626
v 0.42197707295417786 0.3603954017162323 0.12272168695926666
v 0.42108339071273804 0.3603931665420532 0.12270732969045639
v 0.42370879650115967 0.3601282835006714 0.12315034866333008
v 0.42367953062057495 0.3602154552936554 0.12301761656999588
v 0.4236493408679962 0.3613060414791107 0.12350473552942276
v 0.42367953062057495 0.3602154552936554 0.12301761656999588
v 0.42345941066741943 0.36027902364730835 0.12291847169399261
v 0.42289280891418457 0.3603329062461853 0.12282369285821915
v 0.41850006580352783 0.3600803315639496 0.12301761656999588
v 0.4184753894805908 0.35999172925949097 0.12315034866333008
v 0.41847333312034607 0.36117103695869446 0.12350473552942276
v 0.41871654987335205 0.360155314207077 0.12291847169399261
v 0.41850006580352783 0.3600803315639496 0.12301761656999588
v 0.42019084095954895 0.36034879088401794 0.12272168695926666
v 0.4192795753479004 0.3602386713027954 0.12282369285821915
v 0.42201289534568787 0.35902175307273865 0.12253595143556595
v 0.4211196303367615 0.35900363326072693 0.12255410104990005
v 0.4237384796142578 0.3589899241924286 0.12290835380554199
v 0.42371803522109985 0.35900285840034485 0.12276151031255722
v 0.42371803522109985 0.35900285840034485 0.12276151031255722
v 0.4234921932220459 0.35902220010757446 0.12265514582395554
v 0.42292696237564087 0.3590243458747864 0.12257696688175201
v 0.4185248017311096 0.3588673770427704 0.12276151031255722
v 0.41850507259368896 0.35885336995124817 0.12290835380554199
v 0.4187493324279785 0.35889846086502075 0.12265514582395554
v 0.4185248017311096 0.3588673770427704 0.12276151031255722
v 0.42022666335105896 0.3589751422405243 0.12253595143556595
v 0.4193137288093567 0.3589301109313965 0.12257696688175201
v 0.42202457785606384 0.35857340693473816 0.12253238260746002
v 0.4211314618587494 0.358550101518631 0.12256526947021484
v 0.4181302785873413 0.3584516942501068 0.12276151776313782
v 0.4181431829929352 0.35847213864326477 0.12290836125612259
v 0.41851475834846497 0.35848182439804077 0.12287406623363495
v 0.4185295104980469 0.35846784710884094 0.12272539734840393
v 0.4181109368801117 0.35822585225105286 0.12265515327453613
v 0.4181302785873413 0.3584516942501068 0.12276151776313782
v 0.4185295104980469 0.35846784710884094 0.12272539734840393
v 0.4185211658477783 0.35823655128479004 0.12262003123760223
v 0.4229380786418915 0.3585972189903259 0.12254854291677475
v 0.4235028922557831 0.35861197113990784 0.12262003123760223
v 0.4185295104980469 0.35846784710884094 0.12272539734840393
v 0.41851475834846497 0.35848182439804077 0.12287406623363495
v 0.4187600314617157 0.3584882318973541 0.12262003123760223
v 0.42023834586143494 0.3585267961025238 0.12253238260746002
v 0.4193248450756073 0.35850298404693604 0.12254854291677475
v 0.4204840064048767 0.3491101562976837 0.12460240721702576
v 0.4204878807067871 0.34896260499954224 0.12605158984661102
v 0.4195690155029297 0.349143922328949 0.12605158984661102
v 0.419565349817276 0.34928449988365173 0.12463957816362381
v 0.41437649726867676 0.35664913058280945 0.12460239976644516
v 0.41549739241600037 0.3566783666610718 0.12324292212724686
v 0.41548529267311096 0.3557843267917633 0.1232181265950203
v 0.4143514335155487 0.3557547330856323 0.12459331750869751
v 0.41504809260368347 0.3583914041519165 0.12473684549331665
v 0.41597697138786316 0.3584156334400177 0.1236102357506752
v 0.41582709550857544 0.3583829998970032 0.12350474298000336
v 0.4148430824279785 0.35835734009742737 0.1246982291340828
v 0.4148430824279785 0.35835734009742737 0.1246982291340828
v 0.41582709550857544 0.3583829998970032 0.12350474298000336
v 0.415719211101532 0.3581634759902954 0.12342526018619537
v 0.4146936237812042 0.35813671350479126 0.1246691346168518
v 0.4145508408546448 0.35756778717041016 0.12463957071304321
v 0.4156186282634735 0.35759565234184265 0.12334448844194412
v 0.4149780869483948 0.3531813323497772 0.1246982291340828
v 0.4159621000289917 0.353206992149353 0.12350474298000336
v 0.4161135256290436 0.35318222641944885 0.1236102357506752
v 0.4151846468448639 0.35315799713134766 0.12473684549331665
v 0.4159621000289917 0.353206992149353 0.12350474298000336
v 0.4149780869483948 0.3531813323497772 0.1246982291340828
v 0.4144231081008911 0.35486289858818054 0.12460239976644516
v 0.4155440032482147 0.35489213466644287 0.12324292212724686
v 0.41548529267311096 0.3557843267917633 0.1232181265950203
v 0.41549739241600037 0.3566783666610718 0.12324292212724686
v 0.41673773527145386 0.3567107319831848 0.12272169440984726
v 0.41673997044563293 0.355817049741745 0.12270733714103699
v 0.41700485348701477 0.3584424555301666 0.12315035611391068
v 0.41691768169403076 0.3584131896495819 0.12301762402057648
v 0.415719211101532 0.3581634759902954 0.12342526018619537
v 0.41582709550857544 0.3583829998970032 0.12350474298000336
v 0.41691768169403076 0.3584131896495819 0.12301762402057648
v 0.4168541133403778 0.3581930696964264 0.12291847914457321
v 0.4156186282634735 0.35759565234184265 0.12334448844194412
v 0.41680023074150085 0.35762646794319153 0.12282370030879974
v 0.4170528054237366 0.3532337248325348 0.12301762402057648
v 0.4171414077281952 0.3532090485095978 0.12315035611391068
v 0.4159621000289917 0.353206992149353 0.12350474298000336
v 0.4158429503440857 0.353420615196228 0.12342526018619537
v 0.41697782278060913 0.353450208902359 0.12291847914457321
v 0.4170528054237366 0.3532337248325348 0.12301762402057648
v 0.4157128632068634 0.35398241877555847 0.12334448844194412
v 0.4155440032482147 0.35489213466644287 0.12324292212724686
v 0.4167843461036682 0.3549244999885559 0.12272169440984726
v 0.41689446568489075 0.35401323437690735 0.12282370030879974
v 0.4181113839149475 0.3567465543746948 0.12253595888614655
v 0.41812950372695923 0.35585328936576843 0.12255410850048065
v 0.4181087911128998 0.3576606214046478 0.12257697433233261
v 0.41826575994491577 0.3532584607601166 0.12276151776313782
v 0.418279767036438 0.3532387316226959 0.12290836125612259
v 0.4182346761226654 0.3534829914569855 0.12265515327453613
v 0.41826575994491577 0.3532584607601166 0.12276151776313782
v 0.41815799474716187 0.3549603223800659 0.12253595888614655
v 0.4182030260562897 0.35404738783836365 0.12257697433233261
v 0.418559730052948 0.3567582368850708 0.12253238260746002
v 0.4185830354690552 0.35586512088775635 0.12256526947021484
v 0.41868144273757935 0.35286393761634827 0.12276152521371841
v 0.4186609983444214 0.35287684202194214 0.12290836870670319
v 0.4186513125896454 0.3532484173774719 0.12287406623363495
v 0.4186652898788452 0.35326316952705383 0.12272539734840393
v 0.41853591799736023 0.35767173767089844 0.12254854291677475
v 0.4186652898788452 0.35326316952705383 0.12272539734840393
v 0.4186513125896454 0.3532484173774719 0.12287406623363495
v 0.41864490509033203 0.35349369049072266 0.12262003123760223
v 0.4186652898788452 0.35326316952705383 0.12272539734840393
v 0.41860634088516235 0.3549720048904419 0.12253238260746002
v 0.4186301529407501 0.35405850410461426 0.12254854291677475
v 0.4239751398563385 0.34991830587387085 0.12473685294389725
v 0.4239509105682373 0.35084718465805054 0.1236102432012558
v 0.4238938093185425 0.35303568840026855 0.1253872960805893
v 0.4204840064048767 0.3491101562976837 0.12460240721702576
v 0.4204547703266144 0.3502310514450073 0.12324292957782745
v 0.42134881019592285 0.3502189517021179 0.12321813404560089
v 0.42137840390205383 0.34908509254455566 0.1245933249592781
v 0.41874173283576965 0.34978175163269043 0.12473685294389725
v 0.41871750354766846 0.3507106304168701 0.1236102432012558
v 0.418750137090683 0.3505607545375824 0.12350475043058395
v 0.4187757968902588 0.3495767414569855 0.12469823658466339
v 0.41896966099739075 0.35045287013053894 0.12342526763677597
v 0.4189964234828949 0.34942731261253357 0.1246691420674324
v 0.4239240884780884 0.35187506675720215 0.12315036356449127
v 0.419565349817276 0.34928449988365173 0.12463957816362381
v 0.4195374846458435 0.35035228729248047 0.12334449589252472
v 0.4189964234828949 0.34942731261253357 0.1246691420674324
v 0.41896966099739075 0.35045287013053894 0.12342526763677597
v 0.42395180463790894 0.34971174597740173 0.12469823658466339
v 0.42392614483833313 0.35069575905799866 0.12350475043058395
v 0.4237392842769623 0.3495510220527649 0.1246691420674324
v 0.42371252179145813 0.35057660937309265 0.12342526763677597
v 0.42318224906921387 0.34923815727233887 0.12605158984661102
v 0.422274112701416 0.3490092158317566 0.12605158984661102
v 0.4222702383995056 0.34915676712989807 0.12460240721702576
v 0.4231785833835602 0.3493787348270416 0.12463957816362381
v 0.4222702383995056 0.34915676712989807 0.12460240721702576
v 0.4222410023212433 0.3502776622772217 0.12324292957782745
v 0.4231507182121277 0.35044652223587036 0.12334449589252472
v 0.4231785833835602 0.3493787348270416 0.12463957816362381
v 0.42042240500450134 0.3514713943004608 0.12272170186042786
v 0.42131608724594116 0.3514736294746399 0.12270734459161758
v 0.41869068145751953 0.35173851251602173 0.12315036356449127
v 0.41871994733810425 0.3516513407230377 0.12301763147115707
v 0.418750137090683 0.3505607545375824 0.12350475043058395
v 0.41871994733810425 0.3516513407230377 0.12301763147115707
v 0.41894006729125977 0.35158777236938477 0.12291848659515381
v 0.41950666904449463 0.3515338897705078 0.12282370775938034
v 0.4186601936817169 0.3623157739639282 0.12466912716627121
v 0.41865667700767517 0.3624507784843445 0.12605156004428864
v 0.42389941215515137 0.35178646445274353 0.12301763147115707
v 0.42392614483833313 0.35069575905799866 0.12350475043058395
v 0.42371252179145813 0.35057660937309265 0.12342526763677597
v 0.42368292808532715 0.3517114818096161 0.12291848659515381
v 0.42389941215515137 0.35178646445274353 0.12301763147115707
v 0.42220863699913025 0.35151800513267517 0.12272170186042786
v 0.4231199026107788 0.3516281247138977 0.12282370775938034
v 0.42389440536499023 0.35301339626312256 0.12290836870670319
v 0.42388471961021423 0.35338497161865234 0.12287406623363495
v 0.42388471961021423 0.35338497161865234 0.1253872811794281
v 0.42038658261299133 0.35284504294395447 0.12253596633672714
v 0.4212798476219177 0.3528631627559662 0.12255411595106125
v 0.41868144273757935 0.35286393761634827 0.12276152521371841
v 0.4189072847366333 0.35284459590911865 0.12265516072511673
v 0.41947251558303833 0.35284245014190674 0.12257698178291321
v 0.4238746762275696 0.35299941897392273 0.12276152521371841
v 0.4236501455307007 0.35296833515167236 0.12265516072511673
v 0.4238746762275696 0.35299941897392273 0.12276152521371841
v 0.42217281460762024 0.3528916537761688 0.12253596633672714
v 0.4230857491493225 0.35293668508529663 0.12257698178291321
v 0.42037490010261536 0.35329338908195496 0.12253238260746002
v 0.4212680160999298 0.35331669449806213 0.12256526947021484
v 0.4238699674606323 0.3533989489078522 0.12272539734840393
v 0.4194613993167877 0.3532695770263672 0.12254854291677475
v 0.4188965857028961 0.3532548248767853 0.12262003123760223
v 0.42216113209724426 0.3533399999141693 0.12253238260746002
v 0.4230746328830719 0.3533638119697571 0.12254854291677475
v 0.4236394464969635 0.353378564119339 0.12262003123760223
v 0.4183020293712616 0.3532393276691437 0.1253872960805893
v 0.42819732427597046 0.3561159372329712 0.12605157494544983
v 0.4281705319881439 0.35522153973579407 0.12605157494544983
v 0.424234002828598 0.3533940613269806 0.12605157494544983
v 0.42373907566070557 0.358967661857605 0.1253872960805893
v 0.4237481653690338 0.3586183786392212 0.1253872960805893
v 0.4237481653690338 0.3586183786392212 0.12287406623363495
v 0.423734188079834 0.3586036264896393 0.12272539734840393
v 0.4237481653690338 0.3586183786392212 0.12287406623363495
v 0.41899994015693665 0.3492922782897949 0.12605158984661102
v 0.4189964234828949 0.34942731261253357 0.1246691420674324
v 0.41866040229797363 0.35289913415908813 0.1253872960805893
v 0.4145044982433319 0.3539508879184723 0.12605157494544983
v 0.41427555680274963 0.35485902428627014 0.12605157494544983
v 0.4185056686401367 0.35883110761642456 0.1253872960805893
v 0.4185056686401367 0.35883110761642456 0.12605157494544983
v 0.4184211492538452 0.362070769071579 0.12605156004428864
v 0.4147135317325592 0.35835394263267517 0.12605157494544983
v 0.41492581367492676 0.358388215303421 0.12605157494544983
v 0.41455861926078796 0.3581331968307495 0.12605157494544983
v 0.4147135317325592 0.35835394263267517 0.12605157494544983
v 0.414410263299942 0.35756412148475647 0.12605157494544983
v 0.4150623679161072 0.3531548082828522 0.12605157494544983
v 0.41484853625297546 0.353177934885025 0.12605157494544983
v 0.41899994015693665 0.3492922782897949 0.12605158984661102
v 0.418779194355011 0.34944719076156616 0.12605158984661102
v 0.41851475834846497 0.35848182439804077 0.1253872811794281
v 0.4186513125896454 0.3532484173774719 0.1253872960805893
v 0.4186513125896454 0.3532484173774719 0.1253872960805893
v 0.41420215368270874 0.3557508587837219 0.12605157494544983
v 0.4237392842769623 0.3495510220527649 0.1246691420674324
v 0.42388471961021423 0.35338497161865234 0.1253872811794281
v 0.423734188079834 0.3586036264896393 0.12272539734840393
v 0.423500657081604 0.35374459624290466 0.12257272750139236
v 0.4229236841201782 0.3537541329860687 0.12256359308958054
v 0.4221256673336029 0.35373634099960327 0.12260112911462784
v 0.4212576448917389 0.35371389985084534 0.12263118475675583
v 0.4203896224498749 0.353691041469574 0.12260112911462784
v 0.4195917844772339 0.3536672294139862 0.12256359308958054
v 0.419016033411026 0.35362759232521057 0.12257272750139236
v 0.4234573245048523 0.3543175160884857 0.12256404757499695
v 0.4228767454624176 0.354328453540802 0.12261731922626495
v 0.42210182547569275 0.35431140661239624 0.1227046325802803
v 0.4212426245212555 0.3542892038822174 0.12275117635726929
v 0.42038342356681824 0.35426658391952515 0.1227046325802803
v 0.4196086823940277 0.3542432188987732 0.12261731922626495
v 0.41902947425842285 0.3542020320892334 0.12256404757499695
v 0.42343127727508545 0.3551173508167267 0.12260301411151886
v 0.4228499233722687 0.3551067113876343 0.12270732969045639
v 0.42207881808280945 0.35508689284324646 0.12284357845783234
v 0.42122241854667664 0.3550645112991333 0.12291306257247925
v 0.4203660190105438 0.3550421893596649 0.12284357845783234
v 0.4195949137210846 0.35502177476882935 0.12270732969045639
v 0.4190137982368469 0.35500213503837585 0.12260301411151886
v 0.423407644033432 0.355991005897522 0.12263401597738266
v 0.42282602190971375 0.35597583651542664 0.12275583297014236
v 0.4220554232597351 0.35595571994781494 0.12291562557220459
v 0.4211997389793396 0.35593339800834656 0.12300126254558563
v 0.4203440546989441 0.3559110760688782 0.12291562557220459
v 0.41957345604896545 0.3558909595012665 0.12275583297014236
v 0.4189918339252472 0.35587579011917114 0.12263401597738266
v 0.4233856797218323 0.35686466097831726 0.12260301411151886
v 0.4228045642375946 0.35684502124786377 0.12270732969045639
v 0.4220334589481354 0.3568246066570282 0.12284357845783234
v 0.42117705941200256 0.3568022847175598 0.12291306257247925
v 0.42032065987586975 0.35677990317344666 0.12284357845783234
v 0.4195495545864105 0.35676008462905884 0.12270732969045639
v 0.41896820068359375 0.35674944519996643 0.12260301411151886
v 0.42337000370025635 0.3576647639274597 0.12256404757499695
v 0.4227907955646515 0.3576235771179199 0.12261731922626495
v 0.42201605439186096 0.35760021209716797 0.1227046325802803
v 0.4211568534374237 0.3575775921344757 0.12275117635726929
v 0.42029765248298645 0.3575553894042969 0.1227046325802803
v 0.4195227324962616 0.3575383424758911 0.12261731922626495
v 0.4189421534538269 0.3575492799282074 0.12256404757499695
v 0.4233834445476532 0.35823920369148254 0.12257272750139236
v 0.4228076934814453 0.3581995666027069 0.12256359308958054
v 0.4220098555088043 0.35817575454711914 0.12260112911462784
v 0.4211418330669403 0.3581528961658478 0.12263118475675583
v 0.4202738106250763 0.35813042521476746 0.12260112911462784
v 0.419475793838501 0.3581126630306244 0.12256359308958054
v 0.4188987910747528 0.35812219977378845 0.12257272750139236
v 0.4181654751300812 0.3584727346897125 0.1253872960805893
v 0.4237481653690338 0.3586183786392212 0.1253872960805893
v 0.41851475834846497 0.35848182439804077 0.1253872811794281
v 0.41866040229797363 0.35289913415908813 0.12605157494544983
v 0.4186513125896454 0.3532484173774719 0.12605157494544983
v 0.42373907566070557 0.358967661857605 0.12605157494544983
v 0.4237481653690338 0.3586183786392212 0.12605157494544983
v 0.4277171194553375 0.358476459980011 0.12605157494544983
v 0.4278949797153473 0.3579159080982208 0.12605157494544983
v 0.42768594622612 0.35351285338401794 0.12605157494544983
v 0.423978328704834 0.34979602694511414 0.12605158984661102
v 0.4238938093185425 0.35303568840026855 0.12605157494544983
v 0.42812392115592957 0.357007771730423 0.12605157494544983
v 0.42388471961021423 0.35338497161865234 0.12605157494544983
v 0.41874492168426514 0.3496594727039337 0.12605158984661102
v 0.42374280095100403 0.34941601753234863 0.12605158984661102
v 0.42395520210266113 0.3495821952819824 0.12605158984661102
v 0.42388471961021423 0.35338497161865234 0.12605157494544983
v 0.42755094170570374 0.3586888611316681 0.12605157494544983
v 0.41865667700767517 0.3624507784843445 0.12605156004428864
v 0.41844427585601807 0.3622846007347107 0.12605156004428864
v 0.42374280095100403 0.34941601753234863 0.12605158984661102
v 0.4183020293712616 0.3532393276691437 0.12605157494544983
v 0.42138227820396423 0.3489358127117157 0.12605158984661102
v 0.4142289459705353 0.35664525628089905 0.12605157494544983
v 0.4146823585033417 0.35339033603668213 0.12605157494544983
v 0.41484853625297546 0.353177934885025 0.12605157494544983
v 0.4237481653690338 0.3586183786392212 0.12605157494544983
v 0.41851475834846497 0.35848182439804077 0.12605157494544983
v 0.4186513125896454 0.3532484173774719 0.12605157494544983
v 0.4219154715538025 0.3627566397190094 0.12460238486528397
v 0.4228341281414032 0.3625822961330414 0.12463955581188202
v 0.42102107405662537 0.36278170347213745 0.12459331005811691
v 0.42137840390205383 0.34908509254455566 0.1245933249592781
v 0.4234030544757843 0.36243951320648193 0.12466911971569061
v 0.4237392842769623 0.3495510220527649 0.1246691420674324
vt 0.956803560256958 0.9686417579650879
vt 0.9568038582801819 0.17427396774291992
vt 0.9282386898994446 0.17427396774291992
vt 0.9282386898994446 0.9686416387557983
vt 0.1468268632888794 0.17870020866394043
vt 0.13217921555042267 0.17870044708251953
vt 0.1321791708469391 0.973068118095398
vt 0.14682689309120178 0.9730679988861084
vt 0.9586822986602783 0.9686417579650879
vt 0.9586824774742126 0.1742740273475647
vt 0.0826089084148407 0.985843300819397
vt 0.08260886371135712 0.9729856252670288
vt 0.05944754183292389 0.9729857444763184
vt 0.05944754183292389 0.9859234094619751
vt 0.8902398347854614 0.980654776096344
vt 0.891382098197937 0.9686417579650879
vt 0.8895036578178406 0.9686418771743774
vt 0.8884252309799194 0.9803143739700317
vt 0.8609384894371033 0.974581241607666
vt 0.8802350163459778 0.9902445077896118
vt 0.0362861305475235 0.985843300819397
vt 0.03628617525100708 0.9978251457214355
vt 0.05944749712944031 0.9980438351631165
vt 0.8815633058547974 0.9911743402481079
vt -0.007667809724807739 0.9849981665611267
vt -0.007667854428291321 0.9955171942710876
vt -0.00205153226852417 0.9962177276611328
vt -0.0020515769720077515 0.9852547645568848
vt 0.9891259670257568 0.9745811223983765
vt 0.9616389870643616 0.9803141355514526
vt 0.9698293805122375 0.9902446269989014
vt 0.012596234679222107 0.9855154752731323
vt 0.012596145272254944 0.9969298839569092
vt 0.9598247408866882 0.9806547164916992
vt 0.9685011506080627 0.9911744594573975
vt 0.12094661593437195 0.98525470495224
vt 0.12094661593437195 0.9962179064750671
vt 0.1265629380941391 0.9955170154571533
vt 0.1265629231929779 0.9849981665611267
vt 0.0826089084148407 0.9978252053260803
vt 0.10629889369010925 0.996929943561554
vt 0.10629880428314209 0.9855154752731323
vt 0.7740932106971741 0.8197815418243408
vt 0.7734687924385071 0.7966264486312866
vt 0.7625332474708557 0.7967739701271057
vt 0.7630311250686646 0.8199305534362793
vt 0.8711718320846558 0.9942981600761414
vt 0.8719469904899597 0.9954678416252136
vt 0.7706561088562012 0.758323073387146
vt 0.7695795297622681 0.7527209520339966
vt 0.7599635124206543 0.7528060078620911
vt 0.7606505155563354 0.7584580779075623
vt 0.7718705534934998 0.7729558944702148
vt 0.7614530324935913 0.7730963230133057
vt 0.9781174063682556 0.9954681396484375
vt 0.9788925647735596 0.9942981600761414
vt 0.7713891267776489 0.8869394659996033
vt 0.7723143696784973 0.881310224533081
vt 0.762308657169342 0.8814451098442078
vt 0.7617743015289307 0.8871137499809265
vt 0.7731338739395142 0.8666501045227051
vt 0.7740932106971741 0.8429449796676636
vt 0.763157844543457 0.8430924415588379
vt 0.7627162933349609 0.8667905330657959
vt 0.7504225969314575 0.7969372868537903
vt 0.7507805228233337 0.8200957775115967
vt 0.8611348271369934 0.9964312314987183
vt 0.8612533807754517 0.9977255463600159
vt 0.7492684721946716 0.7527714967727661
vt 0.7495695948600769 0.7586075067520142
vt 0.7499158382415771 0.7732518315315247
vt 0.9888110160827637 0.9977254867553711
vt 0.9889295101165771 0.9964311122894287
vt 0.7512279152870178 0.8815944194793701
vt 0.7510841488838196 0.8874365091323853
vt 0.7510472536087036 0.8432558178901672
vt 0.7511792778968811 0.8669461607933044
vt 0.7464696168899536 0.7969905138015747
vt 0.7467818856239319 0.8201497793197632
vt 0.8578585982322693 0.996733546257019
vt 0.8577319979667664 0.9980437159538269
vt 0.7457455396652222 0.7526700496673584
vt 0.745952844619751 0.7586563229560852
vt 0.7461502552032471 0.7733026742935181
vt 0.7476109266281128 0.8816431760787964
vt 0.7475652098655701 0.8876328468322754
vt 0.7470940947532654 0.8433091640472412
vt 0.7474135160446167 0.8669968843460083
vt 0.710091769695282 0.9918662309646606
vt 0.7097183465957642 0.9641770720481873
vt 0.7046983242034912 0.9612531661987305
vt 0.7050567865371704 0.987847626209259
vt 0.3604262173175812 0.9809110164642334
vt 0.3639277219772339 0.9686414003372192
vt 0.3597643971443176 0.9686415195465088
vt 0.35640478134155273 0.9806547164916992
vt 0.8527517318725586 0.9976361989974976
vt 0.8527518510818481 0.9851061105728149
vt 0.8446971774101257 0.9851060509681702
vt 0.8446971774101257 0.9979639053344727
vt 0.1468268632888794 0.16617023944854736
vt 0.14682692289352417 0.15475600957870483
vt 0.13217926025390625 0.15546822547912598
vt 0.13217921555042267 0.16643106937408447
vt 0.733963131904602 0.9966832399368286
vt 0.7335712909698486 0.9676175713539124
vt 0.7257095575332642 0.968641996383667
vt 0.7261059284210205 0.9980437755584717
vt 0.35106784105300903 0.9803143739700317
vt 0.3269786238670349 0.9902445077896118
vt 0.3308855891227722 0.9911743402481079
vt 0.33382946252822876 0.9918748736381531
vt 0.7419477701187134 0.9914367198944092
vt 0.7415744066238403 0.9637476801872253
vt 0.7468723654747009 0.9872838854789734
vt 0.7465137839317322 0.9606895446777344
vt 0.45953884720802307 0.162345290184021
vt 0.43401962518692017 0.1518254280090332
vt 0.43011271953582764 0.15275532007217407
vt 0.45420193672180176 0.1626853346824646
vt 0.4635603725910187 0.16208887100219727
vt 0.43696361780166626 0.15112507343292236
vt 0.7182149291038513 0.9968956708908081
vt 0.7178229093551636 0.967829704284668
vt 0.7331376075744629 0.9354541301727295
vt 0.7252708673477173 0.9361066818237305
vt 0.30032241344451904 0.9942981004714966
vt 0.3026021420955658 0.995468020439148
vt 0.7483834028244019 0.9577200412750244
vt 0.748017430305481 0.9294391870498657
vt 0.746117115020752 0.9312610626220703
vt 0.7411612868309021 0.9331077933311462
vt 0.4057362675666809 0.14753174781799316
vt 0.40345650911331177 0.14870178699493408
vt 0.7027493119239807 0.9583353996276855
vt 0.7043015360832214 0.931824803352356
vt 0.70235276222229 0.9300547242164612
vt 0.7173892259597778 0.9356664419174194
vt 0.7093052864074707 0.9335372447967529
vt 0.7326573133468628 0.8998345732688904
vt 0.7247850894927979 0.9000752568244934
vt 0.27080151438713074 0.9964311122894287
vt 0.2711501717567444 0.9977254271507263
vt 0.7476540803909302 0.8979891538619995
vt 0.7456777095794678 0.8986703157424927
vt 0.7407037615776062 0.8991752862930298
vt 0.37428444623947144 0.14527422189712524
vt 0.37393563985824585 0.1465686559677124
vt 0.703862190246582 0.8992340564727783
vt 0.7018680572509766 0.898606538772583
vt 0.7169089317321777 0.9000468850135803
vt 0.7088478803634644 0.8996047377586365
vt 0.7325006127357483 0.888208270072937
vt 0.7246264815330505 0.8883144855499268
vt 0.9285534024238586 0.9977253675460815
vt 0.9284350275993347 0.9964311122894287
vt 0.9251587986946106 0.996733546257019
vt 0.9250321984291077 0.9980440139770508
vt 0.6978537440299988 0.8823142051696777
vt 0.6981548070907593 0.8881500959396362
vt 0.7016777992248535 0.888251543045044
vt 0.7014704942703247 0.8822653293609619
vt 0.7405545711517334 0.8880996108055115
vt 0.745534360408783 0.8880324959754944
vt 0.36392781138420105 0.14495599269866943
vt 0.364300012588501 0.14626652002334595
vt 0.7037187814712524 0.8885963559150696
vt 0.7167524099349976 0.8884207010269165
vt 0.7086985111236572 0.8885291814804077
vt 0.7871280312538147 0.997963547706604
vt 0.7871280312538147 0.9851064085960388
vt 0.7790735363960266 0.9851055145263672
vt 0.7790735363960266 0.9976351261138916
vt 0.21683958172798157 0.1658424735069275
vt 0.2168397456407547 0.15386080741882324
vt 0.19367831945419312 0.15364211797714233
vt 0.19367840886116028 0.16576266288757324
vt 0.9557254314422607 0.980314314365387
vt 0.9475349187850952 0.9902445077896118
vt 0.9488636255264282 0.991174578666687
vt 0.9575400352478027 0.9806547164916992
vt 0.26079362630844116 0.1666877269744873
vt 0.2607935667037964 0.15616869926452637
vt 0.25517740845680237 0.15546810626983643
vt 0.25517737865448 0.16643112897872925
vt 0.24052965641021729 0.16617035865783691
vt 0.24052973091602325 0.1547560691833496
vt 0.8925245404243469 0.9806547164916992
vt 0.9012009501457214 0.9911743402481079
vt 0.9025295376777649 0.9902447462081909
vt 0.8943389654159546 0.9803143739700317
vt 0.12656298279762268 0.1561686396598816
vt 0.12656298279762268 0.16668760776519775
vt 0.1705169379711151 0.16584265232086182
vt 0.17051702737808228 0.1538606882095337
vt 0.6733300685882568 0.8211400508880615
vt 0.6739545464515686 0.8442951440811157
vt 0.68489009141922 0.8441476821899414
vt 0.6843920946121216 0.8209909200668335
vt 0.9384721517562866 0.9942982196807861
vt 0.939247190952301 0.9954679012298584
vt 0.6767669916152954 0.8825984001159668
vt 0.6778436899185181 0.8882005214691162
vt 0.6874597668647766 0.8881157636642456
vt 0.6867730021476746 0.8824635744094849
vt 0.6755528450012207 0.8679657578468323
vt 0.6859701871871948 0.8678252696990967
vt 0.9108172059059143 0.9954679012298584
vt 0.9115926027297974 0.9942983388900757
vt 0.6760340929031372 0.7539822459220886
vt 0.6751089692115784 0.7596114277839661
vt 0.6851146817207336 0.7594764232635498
vt 0.6856489777565002 0.7538078427314758
vt 0.6742895841598511 0.774271547794342
vt 0.6733300685882568 0.7979766726493835
vt 0.6842656135559082 0.7978290915489197
vt 0.6847070455551147 0.7741310596466064
vt 0.6970007419586182 0.8439843654632568
vt 0.6966427564620972 0.8208258152008057
vt 0.697507381439209 0.8676696419715881
vt 0.9215109944343567 0.9977254867553711
vt 0.9216295480728149 0.9964311718940735
vt 0.6961954832077026 0.7593270540237427
vt 0.6963392496109009 0.7534849643707275
vt 0.6963761448860168 0.7976658344268799
vt 0.6962441205978394 0.7739755511283875
vt 0.7009536027908325 0.8439310789108276
vt 0.700641393661499 0.8207719326019287
vt 0.5598394274711609 0.14527428150177002
vt 0.5601880550384521 0.1465686559677124
vt 0.5698236227035522 0.14626628160476685
vt 0.5701960325241089 0.14495611190795898
vt 0.7012730836868286 0.8676187992095947
vt 0.9250321984291077 0.9980440139770508
vt 0.9249055981636047 0.9967334270477295
vt 0.6998124122619629 0.759278416633606
vt 0.6998581290245056 0.7532886862754822
vt 0.7003292441368103 0.7976125478744507
vt 0.700009822845459 0.773924708366394
vt 0.5830559730529785 0.980314314365387
vt 0.6071451306343079 0.9902445077896118
vt 0.6638995409011841 0.9745811223983765
vt 0.7134602069854736 0.6442384123802185
vt 0.713852047920227 0.6733040809631348
vt 0.7217137217521667 0.6722796559333801
vt 0.7213175296783447 0.6428776979446411
vt 0.47992193698883057 0.16268539428710938
vt 0.5040109753608704 0.1527552604675293
vt 0.5001041889190674 0.1518254280090332
vt 0.4745849668979645 0.16234499216079712
vt 0.4971602261066437 0.1511249542236328
vt 0.47056347131729126 0.16208887100219727
vt 0.6338013410568237 0.9942982196807861
vt 0.7054755687713623 0.6494848728179932
vt 0.7058489918708801 0.6771740317344666
vt 0.7005509734153748 0.6536376476287842
vt 0.7009094953536987 0.680232048034668
vt 0.57771897315979 0.9806545972824097
vt 0.6032382249832153 0.9911743402481079
vt 0.5736974477767944 0.9809110164642334
vt 0.600294291973114 0.9918748140335083
vt 0.810932457447052 0.9851056933403015
vt 0.8028779625892639 0.9851064682006836
vt 0.8028779029846191 0.9979636669158936
vt 0.810932457447052 0.9976351261138916
vt 0.7292084693908691 0.6440261006355286
vt 0.7296003103256226 0.6730918884277344
vt 0.7377049922943115 0.6767445206642151
vt 0.7373316287994385 0.6490553617477417
vt 0.7142856121063232 0.7054674029350281
vt 0.7221524715423584 0.7048149108886719
vt 0.530667245388031 0.14870166778564453
vt 0.5283874273300171 0.1475316286087036
vt 0.6990397572517395 0.6832014322280884
vt 0.6994059085845947 0.7114825248718262
vt 0.7013062238693237 0.709660530090332
vt 0.7062619924545288 0.7078138589859009
vt 0.8577319979667664 0.99737548828125
vt 0.8577319979667664 0.9851061105728149
vt 0.6315215229988098 0.9954680800437927
vt 0.7446740865707397 0.6825861930847168
vt 0.7427250146865845 0.6796683073043823
vt 0.7431219220161438 0.7090966701507568
vt 0.7450705170631409 0.7108668088912964
vt 0.7300340533256531 0.7052551507949829
vt 0.7381179928779602 0.707384467124939
vt 0.6633219718933105 0.9964311718940735
vt 0.6729575395584106 0.9967334866523743
vt 0.6729575991630554 0.974581241607666
vt 0.7147660255432129 0.7410869598388672
vt 0.7226383090019226 0.7408463954925537
vt 0.6997691988945007 0.7429324388504028
vt 0.7017455697059631 0.7422512769699097
vt 0.7067194581031799 0.7417463064193726
vt 0.6629735231399536 0.9977254867553711
vt 0.7435612678527832 0.741687536239624
vt 0.7455552816390991 0.7423151135444641
vt 0.7305141687393188 0.7408746480941772
vt 0.7385754585266113 0.7413167953491211
vt 0.7149227857589722 0.7527132630348206
vt 0.7227968573570251 0.7526071667671204
vt 0.6733300685882568 0.9980437755584717
vt 0.7068688273429871 0.7528219223022461
vt 0.7018890380859375 0.7528891563415527
vt 0.7306709885597229 0.7525009512901306
vt 0.7387248873710632 0.7523924112319946
vt 0.743704617023468 0.7523252964019775
vt 0.45737341046333313 0.17435818910598755
vt 0.4573732614517212 0.9687258005142212
vt 0.4628985822200775 0.968725860118866
vt 0.4628986716270447 0.17435824871063232
vt 0.8577319979667664 0.19073843955993652
vt 0.8527518510818481 0.19073855876922607
vt 0.8368223905563354 0.9851061701774597
vt 0.8446971774101257 0.19073832035064697
vt 0.8368223905563354 0.19073837995529175
vt 0.9218258857727051 0.9745813012123108
vt 0.4670619070529938 0.9687259793281555
vt 0.4670618772506714 0.1743585467338562
vt 0.03628608584403992 0.9729856252670288
vt 0.6638994216918945 0.9686416983604431
vt 0.5798845291137695 0.9686416387557983
vt 0.012596234679222107 0.9729855060577393
vt -0.002051621675491333 0.9729854464530945
vt 0.8609384894371033 0.9686417579650879
vt 0.9605609178543091 0.9686416387557983
vt 0.9586822986602783 0.9686417579650879
vt 0.10629884898662567 0.9729855060577393
vt 0.12656286358833313 0.9729853272438049
vt 0.12094661593437195 0.9729853868484497
vt 0.8289474248886108 0.9979639053344727
vt 0.8289474248886108 0.9851060509681702
vt 0.8208929300308228 0.9851061105728149
vt 0.8208928108215332 0.9976361989974976
vt 0.2702241539955139 0.9745811223983765
vt 0.2611658275127411 0.9745810627937317
vt 0.26116591691970825 0.9967334270477295
vt 0.992332398891449 0.9980437755584717
vt 0.9922056198120117 0.9967336654663086
vt -0.007667765021324158 0.9729853868484497
vt 0.7740933895111084 0.9851051568984985
vt 0.7740933895111084 0.9973742365837097
vt 0.8368222713470459 0.9980437755584717
vt 0.3542391061782837 0.9686416387557983
vt 0.9218258857727051 0.9686418771743774
vt 0.8932607173919678 0.9686417579650879
vt 0.5607655048370361 0.16841864585876465
vt 0.17051687836647034 0.17870032787322998
vt 0.992205798625946 0.9686417579650879
vt 0.992205798625946 0.17427390813827515
vt 0.9891260862350464 0.17427384853363037
vt 0.9891260862350464 0.9686417579650879
vt 0.47675058245658875 0.17435801029205322
vt 0.5607654452323914 0.17435818910598755
vt 0.3733583688735962 0.1684187650680542
vt 0.37335821986198425 0.174358069896698
vt 0.25517737865448 0.17870044708251953
vt 0.26079365611076355 0.1787007451057434
vt 0.19367823004722595 0.1787002682685852
vt 0.2168397456407547 0.17870020866394043
vt 0.2405296415090561 0.17870032787322998
vt 0.891382098197937 0.9686417579650879
vt 0.12656284868717194 0.1787005066871643
vt 0.2702242136001587 0.9686416983604431
vt 0.9282386898994446 0.974581241607666
vt 0.46706193685531616 0.17435836791992188
vt 0.47122523188591003 0.1743583083152771
vt 0.36430004239082336 0.16841864585876465
vt 0.569823682308197 0.16841864585876465
vt 0.9249055981636047 0.974581241607666
vt 0.7950029373168945 0.9851065874099731
vt 0.7950029373168945 0.9980437159538269
vt 0.7423664331436157 0.6530739665031433
vt 0.5743591785430908 0.9686416387557983
vt 0.8159126043319702 0.9851060509681702
vt 0.8159124851226807 0.99737548828125
vt 0.8578586578369141 0.9745811820030212
vt 0.5701959133148193 0.9686415195465088
vt 0.26079362630844116 0.9980438947677612
vt 0.7426952719688416 0.7619194984436035
vt 0.7376226186752319 0.7626255750656128
vt 0.7305885553359985 0.7627989053726196
vt 0.722935676574707 0.7629068493843079
vt 0.7152825593948364 0.7630051970481873
vt 0.7082467079162598 0.7630217671394348
vt 0.703156590461731 0.7624524831771851
vt 0.742645800113678 0.7767989635467529
vt 0.7375422120094299 0.7775436639785767
vt 0.7307120561599731 0.7777179479598999
vt 0.7231367826461792 0.7778249382972717
vt 0.7155615091323853 0.7779220938682556
vt 0.7087289690971375 0.7779320478439331
vt 0.7036073207855225 0.7773253321647644
vt 0.7428796887397766 0.7975436449050903
vt 0.737756609916687 0.7977294325828552
vt 0.7309584617614746 0.7978287935256958
vt 0.7234077453613281 0.7979298830032349
vt 0.7158573865890503 0.7980324625968933
vt 0.7090590000152588 0.7981162071228027
vt 0.7039327621459961 0.7980687618255615
vt 0.7431777715682983 0.8201982975006104
vt 0.7380499839782715 0.8202674388885498
vt 0.7312557101249695 0.8203590512275696
vt 0.7237116694450378 0.820460855960846
vt 0.7161675691604614 0.8205625414848328
vt 0.7093733549118042 0.820654034614563
vt 0.7042455077171326 0.8207231760025024
vt 0.7434905171394348 0.8428528308868408
vt 0.7383644580841064 0.8428052663803101
vt 0.7315660119056702 0.842889130115509
vt 0.7240153551101685 0.8429915904998779
vt 0.7164649963378906 0.8430929183959961
vt 0.7096667289733887 0.8431922197341919
vt 0.7045436501502991 0.8433780670166016
vt 0.743816077709198 0.8635962605476379
vt 0.7386942505836487 0.8629894256591797
vt 0.7318618297576904 0.8629995584487915
vt 0.7242863774299622 0.8630965948104858
vt 0.7167112827301025 0.863203763961792
vt 0.7098811268806458 0.8633780479431152
vt 0.7047775983810425 0.8641226291656494
vt 0.7442666888237 0.8784690499305725
vt 0.7391766905784607 0.8778998851776123
vt 0.7321406006813049 0.8779163360595703
vt 0.7244875431060791 0.8780148029327393
vt 0.7168347835540771 0.8781226873397827
vt 0.7098007202148438 0.8782960176467896
vt 0.7047280073165894 0.879002034664154
vt 0.9922057390213013 0.9745810627937317
vt 0.9251587986946106 0.9745810031890869
vt 0.5698236227035522 0.17435812950134277
vt 0.9249055981636047 0.9686418771743774
vt 0.364300012588501 0.17435812950134277
vt 0.9251588582992554 0.9686417579650879
vt 0.2611658275127411 0.9686416387557983
vt 0.6729575991630554 0.9686417579650879
vt 0.8578585982322693 0.9686417579650879
vt 0.8159126043319702 0.9973740577697754
vt 0.8159127235412598 0.985105037689209
vt 0.8925243616104126 0.16234499216079712
vt 0.891382098197937 0.17427390813827515
vt 0.8932608962059021 0.17427408695220947
vt 0.8943387866020203 0.16268563270568848
vt 0.9218258857727051 0.16841870546340942
vt 0.9025293588638306 0.1527552604675293
vt 0.17051690816879272 0.9858416318893433
vt 0.17051687836647034 0.9978252649307251
vt 0.19367823004722595 0.9980438351631165
vt 0.19367824494838715 0.9859215021133423
vt 0.9012009501457214 0.15182530879974365
vt 0.12656284868717194 0.9849972724914551
vt 0.1265629529953003 0.9955177307128906
vt 0.1321791708469391 0.996218204498291
vt 0.1321791708469391 0.9852536916732788
vt 0.9282386898994446 0.1684187650680542
vt 0.9557256102561951 0.1626855731010437
vt 0.9475350379943848 0.15275537967681885
vt 0.14682695269584656 0.9855139851570129
vt 0.1468268632888794 0.9969301819801331
vt 0.9575399160385132 0.16234517097473145
vt 0.9488636255264282 0.15182530879974365
vt 0.2551773190498352 0.9852536916732788
vt 0.25517737865448 0.9962183237075806
vt 0.26079362630844116 0.9955178499221802
vt 0.2607935070991516 0.9849972724914551
vt 0.21683958172798157 0.9858415126800537
vt 0.21683965623378754 0.9978252649307251
vt 0.2405296266078949 0.9969301223754883
vt 0.2405296415090561 0.9855141043663025
vt 0.7740932703018188 0.4646155834197998
vt 0.7734687924385071 0.44146043062210083
vt 0.7625332474708557 0.44160783290863037
vt 0.7630314230918884 0.4647645950317383
vt 0.9115925431251526 0.14870178699493408
vt 0.9108173847198486 0.14753174781799316
vt 0.7706561088562012 0.4031572937965393
vt 0.7695795893669128 0.397554874420166
vt 0.7599635124206543 0.3976399302482605
vt 0.760650634765625 0.40329205989837646
vt 0.7718705534934998 0.41778993606567383
vt 0.7614530324935913 0.4179302453994751
vt 0.939247190952301 0.14753180742263794
vt 0.9384720325469971 0.14870178699493408
vt 0.7713891863822937 0.5317733883857727
vt 0.7723143696784973 0.5261442065238953
vt 0.762308657169342 0.526279091835022
vt 0.7617743611335754 0.531947672367096
vt 0.7731336951255798 0.5114841461181641
vt 0.7740932106971741 0.4877789616584778
vt 0.7631576657295227 0.4879264831542969
vt 0.7627163529396057 0.5116245150566101
vt 0.7504225373268127 0.44177109003067017
vt 0.750780463218689 0.4649299383163452
vt 0.9216295480728149 0.14656871557235718
vt 0.9215109944343567 0.14527451992034912
vt 0.7492684721946716 0.3976054787635803
vt 0.7495695948600769 0.40344148874282837
vt 0.7499158978462219 0.4180857539176941
vt 0.9285534024238586 0.14527446031570435
vt 0.9284350275993347 0.14656871557235718
vt 0.7512279152870178 0.5264284014701843
vt 0.7510841488838196 0.5322705507278442
vt 0.7510471343994141 0.48808974027633667
vt 0.7511792778968811 0.5117800235748291
vt 0.7464696168899536 0.44182443618774414
vt 0.7467819452285767 0.46498382091522217
vt 0.9249055981636047 0.14626657962799072
vt 0.925032377243042 0.14495599269866943
vt 0.7457455396652222 0.39750397205352783
vt 0.745952844619751 0.4034903049468994
vt 0.7461503148078918 0.4181366562843323
vt 0.7476109266281128 0.5264771580696106
vt 0.7475651502609253 0.5324667692184448
vt 0.7470940947532654 0.4881429672241211
vt 0.7474134564399719 0.5118308067321777
vt 0.710091769695282 0.6367001533508301
vt 0.7097184062004089 0.6090109944343567
vt 0.7046983242034912 0.6060872077941895
vt 0.7050567865371704 0.6326816082000732
vt 0.8208931088447571 0.1782923936843872
vt 0.8208931088447571 0.19073832035064697
vt 0.8289476037025452 0.19073843955993652
vt 0.8289476037025452 0.1779649257659912
vt 0.012596279382705688 0.1661718487739563
vt 0.012596234679222107 0.1547558307647705
vt -0.0020513981580734253 0.15546762943267822
vt -0.0020514875650405884 0.16643232107162476
vt 0.733963131904602 0.641517162322998
vt 0.7335711717605591 0.6124513149261475
vt 0.7257095575332642 0.613476037979126
vt 0.7261059284210205 0.6428777575492859
vt 0.454201877117157 0.980314314365387
vt 0.43011268973350525 0.9902446866035461
vt 0.43401962518692017 0.9911744594573975
vt 0.459538996219635 0.980654776096344
vt 0.43696358799934387 0.991875171661377
vt 0.46356040239334106 0.980911374092102
vt 0.7419477701187134 0.6362707614898682
vt 0.7415744662284851 0.60858154296875
vt 0.7468724250793457 0.632117748260498
vt 0.746513843536377 0.605523407459259
vt 0.35640472173690796 0.16234499216079712
vt 0.3308855891227722 0.15182524919509888
vt 0.3269787132740021 0.15275514125823975
vt 0.35106778144836426 0.16268551349639893
vt 0.36042624711990356 0.1620885133743286
vt 0.33382946252822876 0.15112453699111938
vt 0.7182148098945618 0.641729474067688
vt 0.7178229093551636 0.6126636266708374
vt 0.7331376075744629 0.5802881121635437
vt 0.7252708673477173 0.5809406042098999
vt 0.40345650911331177 0.9942981004714966
vt 0.4057362675666809 0.9954680800437927
vt 0.7483835220336914 0.6025540828704834
vt 0.7480174899101257 0.5742731094360352
vt 0.7461170554161072 0.5760950446128845
vt 0.7411613464355469 0.5779417753219604
vt 0.3026021122932434 0.1475316286087036
vt 0.3003222942352295 0.14870166778564453
vt 0.7027492523193359 0.603169322013855
vt 0.7043015360832214 0.5766587257385254
vt 0.7023528218269348 0.5748887658119202
vt 0.7173893451690674 0.5805003643035889
vt 0.7093052864074707 0.5783712863922119
vt 0.7326573729515076 0.5446684956550598
vt 0.7247850298881531 0.5449092388153076
vt 0.373935729265213 0.9964311122894287
vt 0.3742842972278595 0.9977254867553711
vt 0.747654139995575 0.5428229570388794
vt 0.7456777095794678 0.5435042381286621
vt 0.740703821182251 0.544009268283844
vt 0.2711501717567444 0.14527422189712524
vt 0.27080148458480835 0.14656853675842285
vt 0.703862190246582 0.5440680384635925
vt 0.7018680572509766 0.5434404611587524
vt 0.7169091105461121 0.5448809266090393
vt 0.70884770154953 0.5444388389587402
vt 0.7325006127357483 0.5330422520637512
vt 0.7246264815330505 0.5331484079360962
vt 0.9888110160827637 0.14527446031570435
vt 0.9889296293258667 0.14656853675842285
vt 0.992205798625946 0.1462664008140564
vt 0.992332398891449 0.14495587348937988
vt 0.697853684425354 0.5271481871604919
vt 0.698154866695404 0.5329840183258057
vt 0.7016777992248535 0.5330855846405029
vt 0.7014704942703247 0.5270993113517761
vt 0.7405544519424438 0.5329336524009705
vt 0.7455344200134277 0.5328664779663086
vt 0.26079368591308594 0.14495587348937988
vt 0.2611657977104187 0.14626634120941162
vt 0.7037186622619629 0.5334302186965942
vt 0.716752290725708 0.5332546234130859
vt 0.7086985111236572 0.5333631038665771
vt 0.8028777837753296 0.1779646873474121
vt 0.8028779029846191 0.19073879718780518
vt 0.810932457447052 0.1907380223274231
vt 0.810932457447052 0.17829161882400513
vt 0.08260904252529144 0.16584444046020508
vt 0.08260899782180786 0.15386056900024414
vt 0.05944758653640747 0.153641939163208
vt 0.05944763123989105 0.1657642126083374
vt 0.9616391658782959 0.1626855731010437
vt 0.9698295593261719 0.15275514125823975
vt 0.9685011506080627 0.1518254280090332
vt 0.9598245620727539 0.16234511137008667
vt 0.12656302750110626 0.1666886806488037
vt 0.12656301259994507 0.15616822242736816
vt 0.12094663828611374 0.1554674506187439
vt 0.12094677239656448 0.16643238067626953
vt 0.10629902780056 0.16617178916931152
vt 0.10629889369010925 0.15475565195083618
vt 0.8902400135993958 0.16234499216079712
vt 0.8815631866455078 0.1518254280090332
vt 0.8802350163459778 0.15275508165359497
vt 0.8884252309799194 0.16268563270568848
vt -0.007667720317840576 0.15616804361343384
vt -0.007667765021324158 0.16668862104415894
vt 0.0362861305475235 0.16584420204162598
vt 0.03628617525100708 0.15386056900024414
vt 0.6733301281929016 0.4659740924835205
vt 0.6739545464515686 0.48912906646728516
vt 0.68489009141922 0.4889816641807556
vt 0.6843920350074768 0.4658249616622925
vt 0.9788925647735596 0.14870178699493408
vt 0.9781174659729004 0.14753174781799316
vt 0.676767110824585 0.5274323225021362
vt 0.6778436899185181 0.5330345630645752
vt 0.6874597072601318 0.532949686050415
vt 0.6867728233337402 0.5272974967956543
vt 0.6755527853965759 0.5127997398376465
vt 0.6859703063964844 0.5126593112945557
vt 0.8719469904899597 0.14753174781799316
vt 0.8711718320846558 0.14870202541351318
vt 0.6760340929031372 0.3988161087036133
vt 0.6751089096069336 0.4044455289840698
vt 0.6851146817207336 0.4043104648590088
vt 0.6856489777565002 0.39864182472229004
vt 0.6742895841598511 0.41910552978515625
vt 0.6733300685882568 0.4428105354309082
vt 0.6842656135559082 0.44266313314437866
vt 0.6847070455551147 0.41896510124206543
vt 0.6970007419586182 0.4888184666633606
vt 0.6966427564620972 0.46565985679626465
vt 0.6975073218345642 0.5125036835670471
vt 0.8612532615661621 0.14527422189712524
vt 0.8611346483230591 0.14656877517700195
vt 0.6961956024169922 0.40416109561920166
vt 0.6963393688201904 0.3983191251754761
vt 0.6963761448860168 0.44249987602233887
vt 0.6962440609931946 0.4188094735145569
vt 0.7009537220001221 0.48876500129699707
vt 0.700641393661499 0.4656059145927429
vt 0.6629735231399536 0.14527446031570435
vt 0.6633220314979553 0.1465686559677124
vt 0.6729576587677002 0.14626646041870117
vt 0.6733301281929016 0.1449560523033142
vt 0.7012730240821838 0.5124529600143433
vt 0.8577319979667664 0.1449560523033142
vt 0.8578585982322693 0.14626634120941162
vt 0.6998124122619629 0.4041123390197754
vt 0.6998581886291504 0.3981226682662964
vt 0.7003291845321655 0.4424464702606201
vt 0.7000098824501038 0.41875869035720825
vt 0.4799218475818634 0.9803143739700317
vt 0.5040109753608704 0.9902446269989014
vt 0.5607655048370361 0.9745810031890869
vt 0.7134602069854736 0.28907227516174316
vt 0.7138521671295166 0.318138062953949
vt 0.7217138409614563 0.3171137571334839
vt 0.7213173508644104 0.28771185874938965
vt 0.5830559730529785 0.1626853346824646
vt 0.6071450114250183 0.15275508165359497
vt 0.6032382249832153 0.15182530879974365
vt 0.57771897315979 0.16234493255615234
vt 0.6002943515777588 0.1511244773864746
vt 0.5736975073814392 0.16208845376968384
vt 0.5306673049926758 0.9942981004714966
vt 0.7054755687713623 0.29431891441345215
vt 0.7058488130569458 0.3220078945159912
vt 0.70055091381073 0.2984718084335327
vt 0.7009093761444092 0.3250662088394165
vt 0.4745849370956421 0.9806547164916992
vt 0.5001041293144226 0.9911743998527527
vt 0.4705633521080017 0.9809112548828125
vt 0.4971602261066437 0.9918752908706665
vt 0.7790735363960266 0.19073796272277832
vt 0.7871280908584595 0.19073879718780518
vt 0.7871280312538147 0.17796456813812256
vt 0.7790735363960266 0.17829149961471558
vt 0.7292085289955139 0.2888600826263428
vt 0.7296003699302673 0.31792575120925903
vt 0.7377049326896667 0.3215785026550293
vt 0.7373315095901489 0.29388946294784546
vt 0.7142857313156128 0.35030150413513184
vt 0.7221524715423584 0.34964895248413086
vt 0.6338013410568237 0.1487014889717102
vt 0.6315215826034546 0.14753174781799316
vt 0.6990399360656738 0.32803553342819214
vt 0.6994059085845947 0.3563165068626404
vt 0.7013062238693237 0.354494571685791
vt 0.7062620520591736 0.3526477813720703
vt 0.8159127831459045 0.17855310440063477
vt 0.8159127235412598 0.19073843955993652
vt 0.5283874273300171 0.995468020439148
vt 0.7446740865707397 0.3274202346801758
vt 0.7427250146865845 0.3245023488998413
vt 0.7431219220161438 0.35393065214157104
vt 0.7450705766677856 0.35570091009140015
vt 0.7300338745117188 0.3500891923904419
vt 0.7381179928779602 0.3522183895111084
vt 0.560187816619873 0.9964311122894287
vt 0.5698236227035522 0.9967334270477295
vt 0.5698236227035522 0.9745811223983765
vt 0.7147659063339233 0.3859211206436157
vt 0.7226381301879883 0.3856804370880127
vt 0.699769139289856 0.3877664804458618
vt 0.7017457485198975 0.3870854377746582
vt 0.7067193984985352 0.38658034801483154
vt 0.5598394870758057 0.9977254867553711
vt 0.7435610890388489 0.386521577835083
vt 0.7455552816390991 0.38714897632598877
vt 0.730514407157898 0.38570863008499146
vt 0.7385755181312561 0.3861507177352905
vt 0.7149227857589722 0.39754724502563477
vt 0.7227967977523804 0.39744120836257935
vt 0.5701959133148193 0.9980438351631165
vt 0.7068688273429871 0.3976559638977051
vt 0.701889157295227 0.39772307872772217
vt 0.7306710481643677 0.3973349928855896
vt 0.738724946975708 0.3972264528274536
vt 0.743704617023468 0.397159218788147
vt 0.8609384894371033 0.16841888427734375
vt 0.19367825984954834 0.9730677008628845
vt 0.17051678895950317 0.9730678796768188
vt 0.9218257069587708 0.17427396774291992
vt 0.37335824966430664 0.9745811223983765
vt 0.364300012588501 0.9745811223983765
vt 0.364300012588501 0.9967334270477295
vt 0.925032377243042 0.14495599269866943
vt 0.9251587986946106 0.14626652002334595
vt 0.8159126043319702 0.19073736667633057
vt 0.8159126043319702 0.17855161428451538
vt 0.6638995409011841 0.16841858625411987
vt 0.012596279382705688 0.1786177158355713
vt 0.0362861305475235 0.1786179542541504
vt 0.2702241837978363 0.1684187650680542
vt 0.2702242136001587 0.1742740273475647
vt 0.35423916578292847 0.17427408695220947
vt 0.9586824774742126 0.1742740273475647
vt 0.9605609178543091 0.17427390813827515
vt 0.12094666063785553 0.1786177158355713
vt 0.12656286358833313 0.1786174774169922
vt 0.10629884898662567 0.17861777544021606
vt 0.8895034790039062 0.17427390813827515
vt 0.891382098197937 0.17427390813827515
vt 0.5701959729194641 0.17427384853363037
vt 0.5743592977523804 0.17427390813827515
vt 0.2611658573150635 0.16841858625411987
vt 0.6729575991630554 0.1684187650680542
vt 0.8578585982322693 0.1684187650680542
vt 0.05944758653640747 0.1786181926727295
vt 0.7423665523529053 0.2979080080986023
vt 0.9249055981636047 0.16841870546340942
vt 0.3639277517795563 0.9980438351631165
vt 0.7426953315734863 0.4067534804344177
vt 0.7376226186752319 0.40745943784713745
vt 0.7305885553359985 0.40763288736343384
vt 0.722935676574707 0.40774083137512207
vt 0.715282678604126 0.407839298248291
vt 0.7082464694976807 0.4078556299209595
vt 0.7031566500663757 0.40728652477264404
vt 0.7426456809043884 0.4216330051422119
vt 0.7375422716140747 0.4223775863647461
vt 0.7307120561599731 0.42255187034606934
vt 0.7231369018554688 0.42265892028808594
vt 0.7155616283416748 0.4227561354637146
vt 0.7087289094924927 0.4227660894393921
vt 0.7036073207855225 0.4221593737602234
vt 0.7428796291351318 0.44237762689590454
vt 0.7377564907073975 0.4425634741783142
vt 0.7309582829475403 0.44266271591186523
vt 0.7234079837799072 0.4427640438079834
vt 0.7158573865890503 0.4428664445877075
vt 0.709058940410614 0.4429502487182617
vt 0.7039328217506409 0.44290268421173096
vt 0.7431778311729431 0.4650323987007141
vt 0.7380500435829163 0.46510136127471924
vt 0.7312557697296143 0.46519309282302856
vt 0.7237116694450378 0.4652947187423706
vt 0.7161675691604614 0.4653964638710022
vt 0.7093733549118042 0.465488076210022
vt 0.7042455673217773 0.465557336807251
vt 0.74349045753479 0.48768675327301025
vt 0.7383643388748169 0.48763930797576904
vt 0.7315659523010254 0.48772311210632324
vt 0.7240153551101685 0.4878256320953369
vt 0.7164649367332458 0.4879266619682312
vt 0.7096667289733887 0.4880262613296509
vt 0.7045437693595886 0.48821210861206055
vt 0.743816077709198 0.5084302425384521
vt 0.7386941313743591 0.5078235268592834
vt 0.7318618297576904 0.5078335404396057
vt 0.7242864370346069 0.5079307556152344
vt 0.7167112827301025 0.508037805557251
vt 0.709881067276001 0.5082119703292847
vt 0.7047774791717529 0.5089566707611084
vt 0.7442666888237 0.5233029723167419
vt 0.7391767501831055 0.5227338075637817
vt 0.7321406602859497 0.5227502584457397
vt 0.7244876623153687 0.5228486657142639
vt 0.7168346643447876 0.5229567289352417
vt 0.7098007202148438 0.5231299996376038
vt 0.7047280073165894 0.5238360166549683
vt 0.9891260862350464 0.16841858625411987
vt 0.9251588582992554 0.16841864585876465
vt 0.992205798625946 0.16841864585876465
vt 0.6638994216918945 0.17427396774291992
vt 0.6729575395584106 0.17427396774291992
vt 0.3733583092689514 0.9687258005142212
vt 0.364300012588501 0.968725860118866
vt 0.2551773488521576 0.973068118095398
vt 0.24052956700325012 0.9730679988861084
vt 0.1265629380941391 0.973068356513977
vt 0.4767504930496216 0.968725860118866
vt 0.5607654452323914 0.9687258005142212
vt 0.21683961153030396 0.9730677604675293
vt 0.5698236227035522 0.9687257409095764
vt 0.5798845291137695 0.17427396774291992
vt 0.4670619070529938 0.9687259793281555
vt 0.47122520208358765 0.9687259197235107
vt 0.9249055981636047 0.17427396774291992
vt 0.2607935965061188 0.973068118095398
vt 0.36392778158187866 0.17427361011505127
vt 0.3597643971443176 0.17427372932434082
vt 0.7740932106971741 0.19073742628097534
vt 0.8609384894371033 0.17427408695220947
vt 0.7950029969215393 0.19073891639709473
vt 0.08260895311832428 0.1786179542541504
vt -0.002051442861557007 0.1786177158355713
vt -0.007667765021324158 0.1786177158355713
vt 0.9251587986946106 0.17427384853363037
vt 0.2611658573150635 0.17427396774291992
vt 0.8578585982322693 0.17427396774291992
vt 0.8446972370147705 0.17796486616134644
vt 0.8527518510818481 0.17829251289367676
vt 0.8368225693702698 0.17788469791412354
vt 0.7950030565261841 0.17788481712341309
vt 0.8577320575714111 0.17855286598205566
vt 0.7740932106971741 0.17855161428451538
vn 0.040906865149736404 0.999157726764679 0.0032291265670210123
vn 0.04091738164424896 0.999157190322876 -0.003250587498769164
vn -0.02608943171799183 0.9996596574783325 -1.7881393432617188e-07
vn -0.02608943171799183 0.9996596574783325 -1.7881393432617188e-07
vn 0.9738937616348267 -0.22191672027111053 0.047789208590984344
vn 0.9019550681114197 -0.42968177795410156 0.04301742836833
vn 0.9019443988800049 -0.4296768009662628 -0.043292853981256485
vn 0.9738799333572388 -0.221913680434227 -0.04808526113629341
vn 0.343232125043869 0.9390878081321716 0.01748654432594776
vn 0.34327447414398193 0.9390701651573181 -0.017606625333428383
vn -0.9182791709899902 0.10957837104797363 0.38046786189079285
vn -0.9924542903900146 0.11210925877094269 0.049657829105854034
vn -0.9983854293823242 -0.026045743376016617 0.05047796294093132
vn -0.9228053689002991 -0.024073582142591476 0.3845135271549225
vn -0.34648388624191284 -0.9253755807876587 0.1537173092365265
vn -0.3432321846485138 -0.9390878677368164 0.017486877739429474
vn -0.040906865149736404 -0.999157726764679 0.0032294834963977337
vn -0.046654537320137024 -0.9983235001564026 0.03425910696387291
vn 0.026079056784510612 -0.9996600151062012 1.7881393432617188e-07
vn -0.02447759173810482 -0.9970375895500183 0.07291826605796814
vn -0.9113168120384216 -0.15730777382850647 0.38046795129776
vn -0.591582715511322 -0.12413784861564636 0.7966302037239075
vn -0.5949229598045349 -0.01551926601678133 0.8036328554153442
vn -0.23382778465747833 -0.9123512506484985 0.3360649049282074
vn -0.34648388624191284 -0.9253755807876587 0.1537173092365265
vn -0.23382778465747833 -0.9123512506484985 0.3360649049282074
vn -0.5501476526260376 -0.39902520179748535 0.7335643172264099
vn -0.8188796043395996 -0.4605990946292877 0.3424685001373291
vn -0.026079056784510612 0.9996600151062012 -1.7881393432617188e-07
vn -0.09864401817321777 0.9945328831672668 0.03425874188542366
vn -0.07643019407987595 0.9944050908088684 0.0729178860783577
vn -0.8898248672485352 -0.2634170651435852 0.3725898563861847
vn -0.5847146511077881 -0.21697305142879486 0.7816849946975708
vn -0.3942609429359436 0.9060489535331726 0.1537320762872696
vn -0.2810814082622528 0.8989234566688538 0.3360501825809479
vn -0.8417813181877136 0.41727662086486816 0.3424682319164276
vn -0.5702043175697327 0.3697991669178009 0.7335637211799622
vn -0.2810814082622528 0.8989234566688538 0.3360501825809479
vn -0.3942609429359436 0.9060489535331726 0.1537320762872696
vn -0.5972505211830139 0.09312570095062256 0.7966300845146179
vn -0.5952322483062744 0.18619266152381897 0.7816847562789917
vn -0.9023489952087402 0.2166638821363449 0.37258967757225037
vn -0.5949229598045349 -0.01551926601678133 0.8036328554153442
vn -0.591582715511322 -0.12413784861564636 0.7966302037239075
vn -0.26471927762031555 -0.07509725540876389 0.9613969922065735
vn -0.2546590268611908 -0.006642274092882872 0.9670080542564392
vn 0.00010713360097724944 -0.9968423843383789 0.07940493524074554
vn -0.11087357997894287 -0.9075735211372375 0.4049905836582184
vn -0.5501476526260376 -0.39902520179748535 0.7335643172264099
vn -0.23382778465747833 -0.9123512506484985 0.3360649049282074
vn -0.11087357997894287 -0.9075735211372375 0.4049905836582184
vn -0.280108779668808 -0.3410909175872803 0.897327184677124
vn -0.5847146511077881 -0.21697305142879486 0.7816849946975708
vn -0.28313225507736206 -0.15944166481494904 0.9457347989082336
vn -0.1580394059419632 0.9005729556083679 0.40495923161506653
vn -0.0518687441945076 0.9954921007156372 0.0794045701622963
vn -0.2810814082622528 0.8989234566688538 0.3360501825809479
vn -0.5702043175697327 0.3697991669178009 0.7335637211799622
vn -0.2975122630596161 0.3260241150856018 0.8973265290260315
vn -0.1580394059419632 0.9005729556083679 0.40495923161506653
vn -0.5952322483062744 0.18619266152381897 0.7816847562789917
vn -0.5972505211830139 0.09312570095062256 0.7966300845146179
vn -0.26827478408813477 0.0611950121819973 0.9613967537879944
vn -0.2910604774951935 0.14446456730365753 0.9457345604896545
vn -0.07683122903108597 -0.024356482550501823 0.9967465996742249
vn -0.05683838203549385 -0.001481502316892147 0.9983823895454407
vn 0.012551833875477314 -0.9976205825805664 0.06779108196496964
vn -0.04016708582639694 -0.9172899127006531 0.3961891531944275
vn -0.04016708582639694 -0.9172899127006531 0.3961891531944275
vn -0.12803176045417786 -0.30410176515579224 0.943996787071228
vn -0.11334684491157532 -0.10661939531564713 0.9878182411193848
vn -0.08792289346456528 0.9139624834060669 0.39615926146507263
vn -0.03947102278470993 0.9969191551208496 0.06778020411729813
vn -0.14371353387832642 0.2970147430896759 0.9439961314201355
vn -0.08792289346456528 0.9139624834060669 0.39615926146507263
vn -0.07799673825502396 0.020319921895861626 0.9967464804649353
vn -0.1187518760561943 0.10056695342063904 0.9878180027008057
vn 0.05902158096432686 0.012405190616846085 0.99817955493927
vn 0.08816929906606674 0.002301444998010993 0.9961028099060059
vn -0.3276706039905548 -0.941464900970459 0.07921978831291199
vn -0.30248531699180603 -0.6827041506767273 0.6651448607444763
vn -0.30248531699180603 -0.6827041506767273 0.6651448607444763
vn -0.11242473870515823 -0.23430612683296204 0.9656403660774231
vn -0.01972920261323452 -0.0660264864563942 0.9976228475570679
vn -0.12448861449956894 0.22812791168689728 0.9656398296356201
vn -0.3376700282096863 0.6660048961639404 0.6651439666748047
vn 0.05958804860711098 -0.009308326058089733 0.9981797337532043
vn -0.023145074024796486 0.06491055339574814 0.9976226091384888
vn 0.2168876975774765 0.9291190505027771 0.2994953691959381
vn 0.18893083930015564 0.623262882232666 0.7588469386100769
vn 0.36742520332336426 0.598565399646759 0.711841344833374
vn 0.3683135211467743 0.8789187073707581 0.30306270718574524
vn -0.413639634847641 0.8585191369056702 0.30306270718574524
vn -0.42152056097984314 0.9057175517082214 0.04467666149139404
vn -0.8091530203819275 0.5867873430252075 0.030854320153594017
vn -0.770670473575592 0.5713534951210022 0.28217390179634094
vn 0.2168876975774765 0.9291190505027771 0.2994953691959381
vn 0.2192653864622116 0.9745152592658997 0.047358229756355286
vn 0.10323502868413925 0.9934832453727722 0.048307426273822784
vn 0.10430779308080673 0.9539452195167542 0.28126198053359985
vn 0.9023491144180298 -0.2166629582643509 0.3725898563861847
vn 0.595232367515564 -0.1861906796693802 0.7816849946975708
vn 0.5702046751976013 -0.3697975277900696 0.7335643172264099
vn 0.8417816162109375 -0.41727587580680847 0.3424685001373291
vn -0.1539049595594406 0.9472090601921082 0.28126198053359985
vn -0.12959425151348114 0.63384610414505 0.7625249624252319
vn -0.016601601615548134 0.6363718509674072 0.7712037563323975
vn -0.025034744292497635 0.9596297144889832 0.28015029430389404
vn -0.9974797368049622 0.054824743419885635 0.045036863535642624
vn -0.9966666102409363 0.017512639984488487 0.07968064397573471
vn -0.8064896464347839 0.3087426424026489 0.5042346119880676
vn -0.39813482761383057 0.5785935521125793 0.7118414044380188
vn -0.26503726840019226 0.9165465831756592 0.2994953691959381
vn -0.22117094695568085 0.612564206123352 0.7588469386100769
vn -0.413639634847641 0.8585191369056702 0.30306270718574524
vn -0.39813482761383057 0.5785935521125793 0.7118414044380188
vn 0.7398316264152527 0.6107593774795532 0.28217390179634094
vn 0.7892946600914001 0.3503733277320862 0.5042345523834229
vn 0.994397759437561 0.06945538520812988 0.07968063652515411
vn 0.9932644367218018 0.10675914585590363 0.04503687098622322
vn 0.3683135211467743 0.8789187073707581 0.30306270718574524
vn 0.36742520332336426 0.598565399646759 0.711841344833374
vn 0.10430779308080673 0.9539452195167542 0.28126198053359985
vn 0.09636904299259186 0.6397410035133362 0.7625249624252319
vn -0.07832635194063187 0.27462562918663025 0.9583557844161987
vn -0.006882285699248314 0.26381221413612366 0.9645496010780334
vn -0.996827244758606 -0.004190210253000259 0.07948491722345352
vn -0.8013938665390015 0.15186180174350739 0.5785378217697144
vn -0.8064896464347839 0.3087426424026489 0.5042346119880676
vn -0.8013938665390015 0.15186180174350739 0.5785378217697144
vn -0.3373909592628479 0.28965887427330017 0.8956925272941589
vn -0.15991193056106567 0.2871241867542267 0.944451093673706
vn 0.7923856377601624 0.19344018399715424 0.5785377621650696
vn 0.9956899285316467 0.04779043421149254 0.07948491722345352
vn 0.7892946600914001 0.3503733277320862 0.5042345523834229
vn 0.3218291997909546 0.30685654282569885 0.8956925272941589
vn 0.7923856377601624 0.19344018399715424 0.5785377621650696
vn 0.06390078365802765 0.2783360481262207 0.9583557844161987
vn 0.14472372829914093 0.2950715124607086 0.944451093673706
vn -0.025018541142344475 0.07788161933422089 0.9966485500335693
vn -0.0015053295064717531 0.05770326033234596 0.9983326196670532
vn -0.9976577758789062 -0.013097517192363739 0.06713728606700897
vn -0.8053392767906189 0.06668829172849655 0.5890511274337769
vn -0.8053392767906189 0.06668829172849655 0.5890511274337769
vn -0.29886528849601746 0.13108104467391968 0.9452498555183411
vn -0.10647786408662796 0.1137869581580162 0.9877827763557434
vn 0.8007667064666748 0.10858827829360962 0.5890511274337769
vn 0.9969835877418518 0.03893854469060898 0.06713727861642838
vn 0.2916242182254791 0.14648568630218506 0.9452498555183411
vn 0.8007667064666748 0.10858827829360962 0.5890511274337769
vn 0.020923789590597153 0.07908016443252563 0.9966485500335693
vn 0.1004001796245575 0.1191839799284935 0.9877827763557434
vn 0.012662241235375404 -0.06008980795741081 0.9981127381324768
vn 0.002295516896992922 -0.0879904255270958 0.9961186647415161
vn 0.04014897719025612 0.9173036217689514 0.39615926146507263
vn -0.012562401592731476 0.9976211190223694 0.06778019666671753
vn 0.3276293873786926 0.9414811134338379 0.07919891923666
vn 0.30248501896858215 0.6827052235603333 0.6651439666748047
vn 0.1280316412448883 0.3041039705276489 0.943996012210846
vn 0.04014897719025612 0.9173036217689514 0.39615926146507263
vn 0.30248501896858215 0.6827052235603333 0.6651439666748047
vn 0.11242466419935226 0.23430848121643066 0.9656398296356201
vn -0.05727614089846611 0.007216619793325663 0.9983322620391846
vn -0.22112566232681274 0.0911635085940361 0.9709750413894653
vn 0.30248501896858215 0.6827052235603333 0.6651439666748047
vn 0.3276293873786926 0.9414811134338379 0.07919891923666
vn 0.21607165038585663 0.1025690883398056 0.9709750413894653
vn -0.009511853568255901 -0.06066827476024628 0.9981126189231873
vn 0.05682201310992241 0.010193204507231712 0.9983322620391846
vn 0.15390503406524658 -0.947208821773529 0.28126248717308044
vn 0.15489520132541656 -0.9867491126060486 0.048307787626981735
vn 0.2697787582874298 -0.9617570638656616 0.04735857620835304
vn 0.2650374472141266 -0.9165464639663696 0.2994959056377411
vn 0.9113167524337769 0.15730874240398407 0.38046786189079285
vn 0.5915825963020325 0.12413989007472992 0.7966300249099731
vn 0.5949229598045349 0.01552134845405817 0.8036328554153442
vn 0.9228053689002991 0.024074578657746315 0.3845135271549225
vn 0.046654533594846725 0.9983235001564026 0.03425874561071396
vn 0.024477588012814522 0.9970375895500183 0.0729178935289383
vn 0.2338276505470276 0.9123516082763672 0.3360643982887268
vn 0.3464837670326233 0.9253756403923035 0.15371692180633545
vn 0.3464837670326233 0.9253756403923035 0.15371692180633545
vn 0.2338276505470276 0.9123516082763672 0.3360643982887268
vn 0.5501472353935242 0.3990267813205719 0.7335636019706726
vn 0.8188793659210205 0.460599809885025 0.3424682319164276
vn 0.889824628829956 0.26341795921325684 0.372589647769928
vn 0.5847144722938538 0.21697500348091125 0.7816846370697021
vn 0.39424780011177063 -0.9060543775558472 0.15373331308364868
vn 0.28108158707618713 -0.8989232182502747 0.33605071902275085
vn 0.07643027603626251 -0.9944058656692505 0.07290763407945633
vn 0.09864402562379837 -0.9945328831672668 0.03425910696387291
vn 0.28108158707618713 -0.8989232182502747 0.33605071902275085
vn 0.39424780011177063 -0.9060543775558472 0.15373331308364868
vn 0.918279230594635 -0.10957739502191544 0.38046795129776
vn 0.5972506403923035 -0.0931236520409584 0.7966302037239075
vn 0.5949229598045349 0.01552134845405817 0.8036328554153442
vn 0.5915825963020325 0.12413989007472992 0.7966300249099731
vn 0.2647191882133484 0.07509972155094147 0.9613967537879944
vn 0.2546590268611908 0.006644779350608587 0.9670080542564392
vn -0.0001071335791493766 0.9968423843383789 0.0794045701622963
vn 0.11086824536323547 0.9075881838798523 0.40495923161506653
vn 0.5501472353935242 0.3990267813205719 0.7335636019706726
vn 0.2338276505470276 0.9123516082763672 0.3360643982887268
vn 0.11086824536323547 0.9075881838798523 0.40495923161506653
vn 0.28010860085487366 0.3410930335521698 0.8973265290260315
vn 0.5847144722938538 0.21697500348091125 0.7816846370697021
vn 0.2831321656703949 0.15944407880306244 0.9457345604896545
vn 0.15803849697113037 -0.9005667567253113 0.4049732983112335
vn 0.051868755370378494 -0.9954921007156372 0.07940493524074554
vn 0.28108158707618713 -0.8989232182502747 0.33605071902275085
vn 0.5702046751976013 -0.3697975277900696 0.7335643172264099
vn 0.2975124418735504 -0.3260219693183899 0.897327184677124
vn 0.15803849697113037 -0.9005667567253113 0.4049732983112335
vn 0.595232367515564 -0.1861906796693802 0.7816849946975708
vn 0.5972506403923035 -0.0931236520409584 0.7966302037239075
vn 0.26827481389045715 -0.061192527413368225 0.9613968729972839
vn 0.29106056690216064 -0.14446218311786652 0.9457347989082336
vn 0.07683120667934418 0.02435906231403351 0.9967464804649353
vn 0.056838374584913254 0.001484088832512498 0.9983823895454407
vn 0.11334680020809174 0.10662192106246948 0.9878180027008057
vn 0.08794030547142029 -0.9139478206634521 0.3961891233921051
vn 0.03948155418038368 -0.9969180822372437 0.06779108196496964
vn 0.14371363818645477 -0.2970125079154968 0.943996787071228
vn 0.08794030547142029 -0.9139478206634521 0.3961891233921051
vn 0.07799673080444336 -0.02031734213232994 0.9967465996742249
vn 0.1187518909573555 -0.10056441277265549 0.9878182411193848
vn -0.059021592140197754 -0.012402606196701527 0.9981797337532043
vn -0.08816931396722794 -0.0022988643031567335 0.9961028099060059
vn 0.8053393959999084 -0.06668677181005478 0.5890511870384216
vn 0.9976577758789062 0.013097691349685192 0.06713728606700897
vn 0.3763136863708496 -0.9231005311012268 0.0792052298784256
vn 0.33767035603523254 -0.6660038232803345 0.6651448607444763
vn 0.019729185849428177 0.06602904945611954 0.9976226091384888
vn 0.33767035603523254 -0.6660038232803345 0.6651448607444763
vn 0.3763136863708496 -0.9231005311012268 0.0792052298784256
vn 0.12448867410421371 -0.22812552750110626 0.9656403660774231
vn 0.33767035603523254 -0.6660038232803345 0.6651448607444763
vn -0.05958804860711098 0.009310911409556866 0.99817955493927
vn 0.023145068436861038 -0.0649079829454422 0.9976228475570679
vn -0.9932644367218018 -0.10675902664661407 0.04503690078854561
vn -0.994397759437561 -0.06945517659187317 0.07968065142631531
vn -0.9996599555015564 -0.026079056784510612 5.736859961689642e-14
vn 0.15390503406524658 -0.947208821773529 0.28126248717308044
vn 0.12959440052509308 -0.6338448524475098 0.7625260353088379
vn 0.01660161279141903 -0.6363705396652222 0.7712047696113586
vn 0.02503475546836853 -0.959629476070404 0.28015080094337463
vn 0.9974798560142517 -0.05482463538646698 0.04503690078854561
vn 0.9966666102409363 -0.017512433230876923 0.0796806588768959
vn 0.806489884853363 -0.3087414503097534 0.5042348504066467
vn 0.7706707715988159 -0.571353018283844 0.2821741998195648
vn 0.3981351852416992 -0.5785922408103943 0.7118422389030457
vn 0.41363993287086487 -0.8585189580917358 0.3030632734298706
vn -0.9956899285316467 -0.04779022932052612 0.07948493212461472
vn 0.2650374472141266 -0.9165464639663696 0.2994959056377411
vn 0.22117117047309875 -0.6125628352165222 0.7588478922843933
vn 0.41363993287086487 -0.8585189580917358 0.3030632734298706
vn 0.3981351852416992 -0.5785922408103943 0.7118422389030457
vn -0.7398319244384766 -0.610758900642395 0.2821741998195648
vn -0.7892950177192688 -0.35037219524383545 0.5042348504066467
vn -0.3683137595653534 -0.878918468952179 0.3030632436275482
vn -0.3674255907535553 -0.598564088344574 0.7118422389030457
vn -0.2192654013633728 -0.9745152592658997 0.04735857993364334
vn -0.10323504358530045 -0.9934832453727722 0.048307791352272034
vn -0.1043078675866127 -0.9539451599121094 0.2812625467777252
vn -0.21688784658908844 -0.9291189312934875 0.2994959056377411
vn -0.1043078675866127 -0.9539451599121094 0.2812625467777252
vn -0.09636915475130081 -0.6397398114204407 0.7625260353088379
vn -0.18893101811408997 -0.623261570930481 0.7588478922843933
vn -0.21688784658908844 -0.9291189312934875 0.2994959056377411
vn 0.07832638919353485 -0.2746233344078064 0.9583563804626465
vn 0.006882281042635441 -0.26380985975265503 0.9645501375198364
vn 0.996827244758606 0.004190417006611824 0.07948493212461472
vn 0.801393985748291 -0.151860311627388 0.5785380005836487
vn 0.806489884853363 -0.3087414503097534 0.5042348504066467
vn 0.801393985748291 -0.151860311627388 0.5785380005836487
vn 0.3373911678791046 -0.28965669870376587 0.8956931233406067
vn 0.15991204977035522 -0.2871219515800476 0.9444518089294434
vn 0.3683135211467743 0.8789187073707581 0.30306270718574524
vn 0.37372273206710815 0.9264638423919678 0.04467666149139404
vn -0.7923856973648071 -0.19343870878219604 0.5785379409790039
vn -0.7892950177192688 -0.35037219524383545 0.5042348504066467
vn -0.3674255907535553 -0.598564088344574 0.7118422389030457
vn -0.3218293786048889 -0.30685439705848694 0.8956931233406067
vn -0.7923856973648071 -0.19343870878219604 0.5785379409790039
vn -0.06390083581209183 -0.27833372354507446 0.9583563804626465
vn -0.1447238326072693 -0.29506927728652954 0.9444518089294434
vn -0.9969835877418518 -0.03893836960196495 0.06713727861642838
vn -0.3276706039905548 -0.941464900970459 0.07921978831291199
vn -0.29710227251052856 -0.954845666885376 1.6929615753724647e-07
vn 0.025018535554409027 -0.07787906378507614 0.9966487884521484
vn 0.0015053206589072943 -0.057700689882040024 0.9983328580856323
vn 0.8053393959999084 -0.06668677181005478 0.5890511870384216
vn 0.2988653779029846 -0.13107863068580627 0.9452502131462097
vn 0.10647788643836975 -0.11378443986177444 0.9877831935882568
vn -0.8007668256759644 -0.10858675837516785 0.5890511870384216
vn -0.2916243374347687 -0.14648330211639404 0.9452502131462097
vn -0.8007668256759644 -0.10858675837516785 0.5890511870384216
vn -0.020923804491758347 -0.07907760143280029 0.9966487884521484
vn -0.10040023177862167 -0.11918146163225174 0.9877831935882568
vn -0.012662247754633427 0.06009237840771675 0.9981124997138977
vn -0.0022955257445573807 0.08799298852682114 0.9961184859275818
vn -0.30248531699180603 -0.6827041506767273 0.6651448607444763
vn 0.05727613717317581 -0.007214033510535955 0.9983322620391846
vn 0.22112570703029633 -0.09116102010011673 0.9709752798080444
vn 0.00951184332370758 0.06067085266113281 0.9981124997138977
vn -0.0568220280110836 -0.010190620087087154 0.9983323812484741
vn -0.2160717099905014 -0.10256659984588623 0.9709752798080444
vn 0.9950660467147827 0.0991458147764206 0.0036840413231402636
vn 0.9950659275054932 0.0991457998752594 -0.0037145139649510384
vn 0.7773318886756897 0.6283226013183594 -0.031076164916157722
vn 0.777457058429718 0.6281787157058716 0.030854320153594017
vn 0.3736613094806671 0.9264737367630005 -0.04498494416475296
vn 0.21926800906658173 0.9744997024536133 -0.04766390472650528
vn -0.02604791522026062 0.9984661340713501 0.04885578155517578
vn 0.10322421789169312 0.9934695959091187 -0.04861178621649742
vn -0.02604753151535988 0.9984514117240906 -0.049156174063682556
vn 0.026079056784510612 -0.9996600151062012 1.7881393432617188e-07
vn 0.3736613094806671 0.9264737367630005 -0.04498494416475296
vn 0.37372273206710815 0.9264638423919678 0.04467666149139404
vn -0.9852589964866638 -0.1637035757303238 0.04965788125991821
vn -0.9996599555015564 -0.026079056784510612 5.736859961689642e-14
vn -0.9950660467147827 -0.09914580732584 0.0036840676330029964
vn -0.9609984159469604 -0.2723941206932068 0.04778921976685524
vn -0.8783245086669922 -0.4761256277561188 0.0430174358189106
vn 0.026079056784510612 -0.9996600151062012 1.7881393432617188e-07
vn -0.09294767677783966 0.9956657290458679 0.0032291265670210123
vn -0.3917296826839447 0.9199142456054688 0.01748654618859291
vn -0.9738937616348267 0.22191683948040009 0.04778911545872688
vn -0.3917296826839447 0.9199142456054688 0.01748654618859291
vn -0.9019551873207092 0.4296819269657135 0.043017271906137466
vn -0.1539049595594406 0.9472090601921082 0.28126198053359985
vn -0.15489520132541656 0.9867491722106934 0.04830742999911308
vn -0.26977869868278503 0.9617570042610168 0.04735822230577469
vn -0.26503726840019226 0.9165465831756592 0.2994953691959381
vn -0.9996598958969116 -0.02607905864715576 5.736859284063284e-14
vn -0.3464718461036682 0.9380604028701782 -1.6929689650169166e-07
vn -0.37627291679382324 0.9231176972389221 0.07919891923666
vn -0.3376700282096863 0.6660048961639404 0.6651439666748047
vn -0.37627291679382324 0.9231176972389221 0.07919891923666
vn -0.3432321846485138 -0.9390878677368164 0.017486877739429474
vn 0.4215206205844879 -0.9057175517082214 0.0446770004928112
vn 0.41363993287086487 -0.8585189580917358 0.3030632734298706
vn -0.025034744292497635 0.9596297144889832 0.28015029430389404
vn -0.998881995677948 0.047127850353717804 0.0036840413231402636
vn 0.026079056784510612 -0.9996600151062012 1.7881393432617188e-07
vn 0.09294767677783966 -0.9956657290458679 0.0032294834963977337
vn 0.9996599555015564 0.026079056784510612 -5.736859961689642e-14
vn 0.9924544095993042 -0.11210914701223373 0.04965788871049881
vn -0.3464718461036682 0.9380604028701782 -1.6929689650169166e-07
vn -0.3464718461036682 0.9380604028701782 -1.6929689650169166e-07
vn -0.026068685576319695 0.9996602535247803 -1.7881393432617188e-07
vn -0.026068685576319695 0.9996602535247803 -1.7881393432617188e-07
vn 0.998881995677948 -0.04712783917784691 0.0036840676330029964
vn 0.9996599555015564 0.026079056784510612 -5.736859961689642e-14
vn 0.9996599555015564 0.026079056784510612 -5.736859961689642e-14
vn 0.9996599555015564 0.026079056784510612 -5.736859961689642e-14
vn 0.8783243894577026 0.47612571716308594 0.04301726445555687
vn 0.343232125043869 0.9390878081321716 0.01748654432594776
vn 0.9983854293823242 0.026045873761177063 0.05047796294093132
vn 0.9852589964866638 0.16370369493961334 0.049657829105854034
vn 0.9609982967376709 0.27239421010017395 0.04778912290930748
vn 0.3917296230792999 -0.9199141263961792 0.017486875876784325
vn 0.3917296230792999 -0.9199141263961792 0.017486875876784325
vn -0.9996599555015564 -0.026079056784510612 5.736859961689642e-14
vn -0.026079056784510612 0.9996600151062012 -1.7881393432617188e-07
vn 0.4215206205844879 -0.9057175517082214 0.0446770004928112
vn 0.8091530203819275 -0.5867872834205627 0.03085453435778618
vn 0.29708975553512573 0.9548496007919312 -1.692969391342558e-07
vn 0.34648415446281433 -0.9380558133125305 1.6929612911553704e-07
vn 0.34648415446281433 -0.9380558133125305 1.6929612911553704e-07
vn 0.02604791708290577 -0.9984661936759949 0.04885614663362503
vn 0.02503475546836853 -0.959629476070404 0.28015080094337463
vn -0.3683137595653534 -0.878918468952179 0.3030632436275482
vn -0.777457058429718 -0.6281786561012268 0.03085453435778618
vn -0.42152056097984314 0.9057175517082214 0.04467666149139404
vn -0.413639634847641 0.8585191369056702 0.30306270718574524
vn -0.29710227251052856 -0.954845666885376 1.6929615753724647e-07
vn -0.37372279167175293 -0.9264638423919678 0.0446770004928112
vn -0.3376700282096863 0.6660048961639404 0.6651439666748047
vn -0.039995819330215454 -0.046435222029685974 0.9981203079223633
vn 0.015970660373568535 0.067537821829319 0.9975888729095459
vn 0.03858203813433647 0.14923062920570374 0.9880494475364685
vn -0.004645588807761669 0.17807537317276 0.9840059280395508
vn -0.046310439705848694 0.14701595902442932 0.9880494475364685
vn -0.019470326602458954 0.06661323457956314 0.9975888729095459
vn 0.042362626641988754 -0.044286660850048065 0.9981202483177185
vn 0.07594534754753113 0.026579037308692932 0.9967576265335083
vn 0.09648467600345612 0.10210660845041275 0.9900832772254944
vn 0.07803557068109512 0.16633622348308563 0.9829764366149902
vn -0.004960906226187944 0.1901620775461197 0.9817401170730591
vn -0.08660219609737396 0.16204115748405457 0.9829764366149902
vn -0.10167725384235382 0.09693697094917297 0.9900832772254944
vn -0.07722782343626022 0.022583067417144775 0.9967576265335083
vn 0.14834202826023102 0.04774193465709686 0.9877830743789673
vn 0.16101190447807312 0.08816537261009216 0.9830066561698914
vn 0.1181674376130104 0.12669344246387482 0.9848783612251282
vn -0.0036866720765829086 0.14131826162338257 0.9899574518203735
vn -0.1246124804019928 0.12035982310771942 0.9848783612251282
vn -0.1653898060321808 0.07965022325515747 0.9830066561698914
vn -0.150629460811615 0.039942383766174316 0.9877830743789673
vn 0.17896421253681183 0.00467008026316762 0.983844518661499
vn 0.18949148058891296 0.0049447123892605305 0.9818698763847351
vn 0.13933135569095612 0.003636148991063237 0.9902390837669373
vn -4.663299524310105e-09 1.295348283747444e-06 1.0
vn -0.13933135569095612 -0.003633583663031459 0.9902390837669373
vn -0.18949148058891296 -0.004942168481647968 0.9818698763847351
vn -0.17896421253681183 -0.004667531233280897 0.983844518661499
vn 0.15062947571277618 -0.03993983194231987 0.9877831935882568
vn 0.16538985073566437 -0.07964769750833511 0.9830068945884705
vn 0.12461251765489578 -0.12035731226205826 0.984878659248352
vn 0.0036866639275103807 -0.1413157433271408 0.9899577498435974
vn -0.11816747486591339 -0.12669093906879425 0.984878659248352
vn -0.1610119342803955 -0.0881628468632698 0.9830068945884705
vn -0.1483420431613922 -0.04773937910795212 0.9877831935882568
vn 0.07722782343626022 -0.02258048765361309 0.9967577457427979
vn 0.10167726874351501 -0.09693443030118942 0.9900835156440735
vn 0.08660221844911575 -0.16203869879245758 0.9829768538475037
vn 0.004960899241268635 -0.1901596188545227 0.9817405939102173
vn -0.0780356153845787 -0.16633373498916626 0.9829767942428589
vn -0.0964847132563591 -0.1021040678024292 0.9900835156440735
vn -0.07594536989927292 -0.026576459407806396 0.9967577457427979
vn -0.04236263036727905 0.0442892387509346 0.998120129108429
vn 0.019470317289233208 -0.0666106641292572 0.9975889921188354
vn 0.04631044715642929 -0.14701344072818756 0.9880497455596924
vn 0.004645582288503647 -0.17807291448116302 0.984006404876709
vn -0.03858206421136856 -0.14922812581062317 0.9880498647689819
vn -0.01597067154943943 -0.06753524392843246 0.9975889921188354
vn 0.03999580442905426 0.04643780365586281 0.998120129108429
vn -0.3464718461036682 0.9380604028701782 -1.6929689650169166e-07
vn 0.29708975553512573 0.9548496007919312 -1.692969391342558e-07
vn 0.34648415446281433 -0.9380558133125305 1.6929612911553704e-07
vn 0.34648415446281433 -0.9380558133125305 1.6929612911553704e-07
vn 0.29708975553512573 0.9548496007919312 -1.692969391342558e-07
vn 0.29708975553512573 0.9548496007919312 -1.692969391342558e-07
vn -0.3464718461036682 0.9380604028701782 -1.6929689650169166e-07
vn -0.29710227251052856 -0.954845666885376 1.6929615753724647e-07
vn -0.29710227251052856 -0.954845666885376 1.6929615753724647e-07
vn -0.3683137595653534 -0.878918468952179 0.3030632436275482
vn -0.37372279167175293 -0.9264638423919678 0.0446770004928112
vn 0.3941861689090729 -0.9060640335083008 -0.15383510291576385
vn 0.39177098870277405 -0.919894278049469 -0.01760629191994667
vn 0.09295815229415894 -0.9956647157669067 -0.0032502305693924427
vn 0.09863340109586716 -0.9945332407951355 -0.03428000584244728
vn 0.026079056784510612 -0.9996600151062012 1.7881393432617188e-07
vn 0.07643019407987595 -0.9944050908088684 -0.0729178860783577
vn 0.9181541204452515 -0.10958104580640793 -0.3807689845561981
vn 0.5972505211830139 -0.09312570095062256 -0.7966300845146179
vn 0.5949229598045349 0.01551926601678133 -0.8036328554153442
vn 0.92267906665802 0.024070287123322487 -0.3848169147968292
vn 0.2810799181461334 -0.8989187479019165 -0.3360643982887268
vn 0.3941861689090729 -0.9060640335083008 -0.15383510291576385
vn 0.2810799181461334 -0.8989187479019165 -0.3360643982887268
vn 0.5702043175697327 -0.3697991669178009 -0.7335637211799622
vn 0.8416677713394165 -0.41727831959724426 -0.34274518489837646
vn -0.026079056784510612 0.9996600151062012 -1.7881393432617188e-07
vn 0.04664391651749611 0.9983232617378235 -0.03428037092089653
vn 0.02447759173810482 0.9970375895500183 -0.07291826605796814
vn 0.9022262692451477 -0.2166660726070404 -0.37288540601730347
vn 0.5952322483062744 -0.18619266152381897 -0.7816847562789917
vn 0.34640759229660034 0.9253844618797302 -0.1538354754447937
vn 0.23382778465747833 0.9123512506484985 -0.3360649049282074
vn 0.8187739253044128 0.46059927344322205 -0.3427209258079529
vn 0.5501476526260376 0.39902520179748535 -0.7335643172264099
vn 0.23382778465747833 0.9123512506484985 -0.3360649049282074
vn 0.34640759229660034 0.9253844618797302 -0.1538354754447937
vn 0.9111917614936829 0.15730391442775726 -0.3807690441608429
vn 0.591582715511322 0.12413784861564636 -0.7966302037239075
vn 0.5847146511077881 0.21697305142879486 -0.7816849946975708
vn 0.8897022008895874 0.26341283321380615 -0.3728855550289154
vn 0.5949229598045349 0.01551926601678133 -0.8036328554153442
vn 0.5972505211830139 -0.09312570095062256 -0.7966300845146179
vn 0.26827478408813477 -0.0611950121819973 -0.9613967537879944
vn 0.2546590268611908 0.006642274092882872 -0.9670080542564392
vn 0.0518687441945076 -0.9954921007156372 -0.0794045701622963
vn 0.15803837776184082 -0.9005670547485352 -0.4049726724624634
vn 0.5702043175697327 -0.3697991669178009 -0.7335637211799622
vn 0.2810799181461334 -0.8989187479019165 -0.3360643982887268
vn 0.15803837776184082 -0.9005670547485352 -0.4049726724624634
vn 0.2975122630596161 -0.3260241150856018 -0.8973265290260315
vn 0.5952322483062744 -0.18619266152381897 -0.7816847562789917
vn 0.2910604774951935 -0.14446456730365753 -0.9457345604896545
vn 0.11086833477020264 0.9075878858566284 -0.40495988726615906
vn -0.00010713360097724944 0.9968423843383789 -0.07940493524074554
vn 0.23382778465747833 0.9123512506484985 -0.3360649049282074
vn 0.5501476526260376 0.39902520179748535 -0.7335643172264099
vn 0.280108779668808 0.3410909175872803 -0.897327184677124
vn 0.11086833477020264 0.9075878858566284 -0.40495988726615906
vn 0.5847146511077881 0.21697305142879486 -0.7816849946975708
vn 0.591582715511322 0.12413784861564636 -0.7966302037239075
vn 0.26471927762031555 0.07509725540876389 -0.9613969922065735
vn 0.28313225507736206 0.15944166481494904 -0.9457347989082336
vn 0.07799673825502396 -0.020319921895861626 -0.9967464804649353
vn 0.05683838203549385 0.001481502316892147 -0.9983823895454407
vn 0.039481546729803085 -0.9969180226325989 -0.06779070943593979
vn 0.08794023841619492 -0.9139481782913208 -0.3961884677410126
vn 0.08794023841619492 -0.9139481782913208 -0.3961884677410126
vn 0.14371353387832642 -0.2970147430896759 -0.9439961314201355
vn 0.1187518760561943 -0.10056695342063904 -0.9878180027008057
vn 0.040149006992578506 0.9173032641410828 -0.39615994691848755
vn -0.012562405318021774 0.9976211786270142 -0.06778057664632797
vn 0.12803176045417786 0.30410176515579224 -0.943996787071228
vn 0.040149006992578506 0.9173032641410828 -0.39615994691848755
vn 0.07683122903108597 0.024356482550501823 -0.9967465996742249
vn 0.11334684491157532 0.10661939531564713 -0.9878182411193848
vn -0.05958804860711098 0.009308326058089733 -0.9981797337532043
vn -0.08816929906606674 -0.002301444998010993 -0.9961028099060059
vn 0.376313179731369 -0.9230995178222656 -0.07921945303678513
vn 0.3376700282096863 -0.6660048961639404 -0.6651439666748047
vn 0.3376700282096863 -0.6660048961639404 -0.6651439666748047
vn 0.12448861449956894 -0.22812791168689728 -0.9656398296356201
vn 0.023145074024796486 -0.06491055339574814 -0.9976226091384888
vn 0.11242473870515823 0.23430612683296204 -0.9656403660774231
vn 0.30248531699180603 0.6827041506767273 -0.6651448607444763
vn -0.05902158096432686 -0.012405190616846085 -0.99817955493927
vn 0.01972920261323452 0.0660264864563942 -0.9976228475570679
vn -0.2650265395641327 0.916404128074646 -0.29994070529937744
vn -0.22117117047309875 0.6125628352165222 -0.7588478922843933
vn -0.3981351852416992 0.5785922408103943 -0.7118422389030457
vn -0.4137030839920044 0.8583575487136841 -0.303433895111084
vn -0.2650265395641327 0.916404128074646 -0.29994070529937744
vn -0.26978057622909546 0.9617415070533752 -0.047663912177085876
vn -0.15488369762897491 0.9867360591888428 -0.04861178621649742
vn -0.15390723943710327 0.9470710754394531 -0.28172460198402405
vn -0.8897020816802979 -0.26341375708580017 -0.37288540601730347
vn -0.5847144722938538 -0.21697500348091125 -0.7816846370697021
vn -0.5501472353935242 -0.3990267813205719 -0.7335636019706726
vn -0.818773627281189 -0.46059998869895935 -0.342720627784729
vn 0.10431724041700363 0.9538077712059021 -0.2817246615886688
vn 0.09636915475130081 0.6397398114204407 -0.7625260353088379
vn -0.01660161279141903 0.6363705396652222 -0.7712047696113586
vn -0.025031130760908127 0.9594905972480774 -0.2806265950202942
vn 0.993272602558136 0.10667019337415695 -0.045067593455314636
vn 0.994397759437561 0.06945517659187317 -0.07968065142631531
vn 0.7892950177192688 0.35037219524383545 -0.5042348504066467
vn 0.7399272918701172 0.6105531454086304 -0.2823695242404938
vn 0.3674255907535553 0.598564088344574 -0.7118422389030457
vn 0.3683852255344391 0.8787605166435242 -0.3034338653087616
vn 0.21688438951969147 0.9289761781692505 -0.29994070529937744
vn 0.18893101811408997 0.623261570930481 -0.7588478922843933
vn 0.3683852255344391 0.8787605166435242 -0.3034338653087616
vn 0.3674255907535553 0.598564088344574 -0.7118422389030457
vn -0.7707552909851074 0.5711425542831421 -0.2823695242404938
vn -0.806489884853363 0.3087414503097534 -0.5042348504066467
vn -0.9966666102409363 0.017512433230876923 -0.0796806588768959
vn -0.9974832534790039 0.05473548173904419 -0.04506758973002434
vn -0.4137030839920044 0.8583575487136841 -0.303433895111084
vn -0.3981351852416992 0.5785922408103943 -0.7118422389030457
vn -0.15390723943710327 0.9470710754394531 -0.28172460198402405
vn -0.12959440052509308 0.6338448524475098 -0.7625260353088379
vn 0.06390083581209183 0.27833372354507446 -0.9583563804626465
vn -0.006882281042635441 0.26380985975265503 -0.9645501375198364
vn 0.9956899285316467 0.04779022932052612 -0.07948493212461472
vn 0.7923856973648071 0.19343870878219604 -0.5785379409790039
vn 0.7892950177192688 0.35037219524383545 -0.5042348504066467
vn 0.7923856973648071 0.19343870878219604 -0.5785379409790039
vn 0.3218293786048889 0.30685439705848694 -0.8956931233406067
vn 0.1447238326072693 0.29506927728652954 -0.9444518089294434
vn -0.801393985748291 0.151860311627388 -0.5785380005836487
vn -0.996827244758606 -0.004190417006611824 -0.07948493212461472
vn -0.806489884853363 0.3087414503097534 -0.5042348504066467
vn -0.3373911678791046 0.28965669870376587 -0.8956931233406067
vn -0.801393985748291 0.151860311627388 -0.5785380005836487
vn -0.07832638919353485 0.2746233344078064 -0.9583563804626465
vn -0.15991204977035522 0.2871219515800476 -0.9444518089294434
vn 0.020923804491758347 0.07907760143280029 -0.9966487884521484
vn -0.0015053206589072943 0.057700689882040024 -0.9983328580856323
vn 0.9969835877418518 0.03893836960196495 -0.06713727861642838
vn 0.8007668256759644 0.10858675837516785 -0.5890511870384216
vn 0.8007668256759644 0.10858675837516785 -0.5890511870384216
vn 0.29165196418762207 0.14648276567459106 -0.9452417492866516
vn 0.10040023177862167 0.11918146163225174 -0.9877831935882568
vn -0.8053393959999084 0.06668677181005478 -0.5890511870384216
vn -0.9976577758789062 -0.013097691349685192 -0.06713728606700897
vn -0.2988929748535156 0.13107667863368988 -0.9452417492866516
vn -0.8053393959999084 0.06668677181005478 -0.5890511870384216
vn -0.025018535554409027 0.07787906378507614 -0.9966487884521484
vn -0.10647788643836975 0.11378443986177444 -0.9877831935882568
vn -0.00951184332370758 -0.06067085266113281 -0.9981124997138977
vn 0.0022955257445573807 -0.08799298852682114 -0.9961184859275818
vn -0.08792296051979065 0.913962185382843 -0.39615994691848755
vn -0.03947103023529053 0.9969192147254944 -0.06778057664632797
vn -0.37627291679382324 0.9231175780296326 -0.07919926196336746
vn -0.33769142627716064 0.6659981608390808 -0.6651398539543152
vn -0.14371363818645477 0.2970125079154968 -0.943996787071228
vn -0.08792296051979065 0.913962185382843 -0.39615994691848755
vn -0.33769142627716064 0.6659981608390808 -0.6651398539543152
vn -0.12448867410421371 0.22812552750110626 -0.9656403660774231
vn 0.0568220280110836 0.010190620087087154 -0.9983323812484741
vn 0.2160717099905014 0.10256659984588623 -0.9709752798080444
vn -0.33769142627716064 0.6659981608390808 -0.6651398539543152
vn -0.37627291679382324 0.9231175780296326 -0.07919926196336746
vn -0.22112570703029633 0.09116102010011673 -0.9709752798080444
vn 0.012662247754633427 -0.06009237840771675 -0.9981124997138977
vn -0.05727613717317581 0.007214033510535955 -0.9983322620391846
vn -0.10431718081235886 -0.9538078904151917 -0.28172412514686584
vn -0.10322419553995132 -0.9934694766998291 -0.048611417412757874
vn -0.21926799416542053 -0.9744997024536133 -0.047663554549217224
vn -0.21688424050807953 -0.9289763569831848 -0.29994016885757446
vn -0.9181541800498962 0.10958006232976913 -0.3807690441608429
vn -0.5972506403923035 0.0931236520409584 -0.7966302037239075
vn -0.5949229598045349 -0.01552134845405817 -0.8036328554153442
vn -0.9226789474487305 -0.024071281775832176 -0.38481688499450684
vn -0.09863340854644775 0.9945332407951355 -0.03428036719560623
vn -0.07643021643161774 0.9944050908088684 -0.07291826605796814
vn -0.28108009696006775 0.8989183902740479 -0.3360649049282074
vn -0.3941862881183624 0.9060639142990112 -0.1538354754447937
vn -0.3941862881183624 0.9060639142990112 -0.1538354754447937
vn -0.28108009696006775 0.8989183902740479 -0.3360649049282074
vn -0.5702046751976013 0.3697975277900696 -0.7335643172264099
vn -0.8416760563850403 0.41728153824806213 -0.3427209258079529
vn -0.9022263884544373 0.2166651338338852 -0.3728855550289154
vn -0.595232367515564 0.1861906796693802 -0.7816849946975708
vn -0.3464074730873108 -0.9253845810890198 -0.15383510291576385
vn -0.23382887244224548 -0.9123563766479492 -0.3360501825809479
vn -0.024477588012814522 -0.9970375895500183 -0.0729178935289383
vn -0.04664391279220581 -0.9983232617378235 -0.03428000956773758
vn -0.23382887244224548 -0.9123563766479492 -0.3360501825809479
vn -0.3464074730873108 -0.9253845810890198 -0.15383510291576385
vn -0.9111917018890381 -0.15730489790439606 -0.3807689845561981
vn -0.5915825963020325 -0.12413989007472992 -0.7966300249099731
vn -0.5949229598045349 -0.01552134845405817 -0.8036328554153442
vn -0.5972506403923035 0.0931236520409584 -0.7966302037239075
vn -0.26827481389045715 0.061192527413368225 -0.9613968729972839
vn -0.2546590268611908 -0.006644779350608587 -0.9670080542564392
vn -0.051868755370378494 0.9954921007156372 -0.07940493524074554
vn -0.15803952515125275 0.900572657585144 -0.40495988726615906
vn -0.5702046751976013 0.3697975277900696 -0.7335643172264099
vn -0.28108009696006775 0.8989183902740479 -0.3360649049282074
vn -0.15803952515125275 0.900572657585144 -0.40495988726615906
vn -0.2975124418735504 0.3260219693183899 -0.897327184677124
vn -0.595232367515564 0.1861906796693802 -0.7816849946975708
vn -0.29106056690216064 0.14446218311786652 -0.9457347989082336
vn -0.11086752265691757 -0.9075822830200195 -0.4049726724624634
vn 0.0001071335791493766 -0.9968423843383789 -0.0794045701622963
vn -0.23382887244224548 -0.9123563766479492 -0.3360501825809479
vn -0.5501472353935242 -0.3990267813205719 -0.7335636019706726
vn -0.28010860085487366 -0.3410930335521698 -0.8973265290260315
vn -0.11086752265691757 -0.9075822830200195 -0.4049726724624634
vn -0.5847144722938538 -0.21697500348091125 -0.7816846370697021
vn -0.5915825963020325 -0.12413989007472992 -0.7966300249099731
vn -0.2647191882133484 -0.07509972155094147 -0.9613967537879944
vn -0.2831321656703949 -0.15944407880306244 -0.9457345604896545
vn -0.07799673080444336 0.02031734213232994 -0.9967465996742249
vn -0.056838374584913254 -0.001484088832512498 -0.9983823895454407
vn -0.1187518909573555 0.10056441277265549 -0.9878182411193848
vn -0.04016704857349396 -0.917290210723877 -0.3961884677410126
vn 0.012551832012832165 -0.9976205825805664 -0.06779070943593979
vn -0.1280316412448883 -0.3041039705276489 -0.943996012210846
vn -0.04016704857349396 -0.917290210723877 -0.3961884677410126
vn -0.07683120667934418 -0.02435906231403351 -0.9967464804649353
vn -0.11334680020809174 -0.10662192106246948 -0.9878180027008057
vn 0.05958804860711098 -0.009310911409556866 -0.99817955493927
vn 0.08816931396722794 0.0022988643031567335 -0.9961028099060059
vn -0.8007667064666748 -0.10858827829360962 -0.5890511274337769
vn -0.9969835877418518 -0.03893854469060898 -0.06713727861642838
vn -0.3276705741882324 -0.9414649605751038 -0.07921945303678513
vn -0.30248501896858215 -0.6827052235603333 -0.6651439666748047
vn -0.023145068436861038 0.0649079829454422 -0.9976228475570679
vn -0.30248501896858215 -0.6827052235603333 -0.6651439666748047
vn -0.3276705741882324 -0.9414649605751038 -0.07921945303678513
vn -0.11242466419935226 -0.23430848121643066 -0.9656398296356201
vn -0.30248501896858215 -0.6827052235603333 -0.6651439666748047
vn 0.059021592140197754 0.012402606196701527 -0.9981797337532043
vn -0.019729185849428177 -0.06602904945611954 -0.9976226091384888
vn 0.9974832534790039 -0.05473559722304344 -0.04506755992770195
vn 0.9966666102409363 -0.017512639984488487 -0.07968064397573471
vn 0.9996598958969116 0.02607905864715576 -5.736859284063284e-14
vn -0.10431718081235886 -0.9538078904151917 -0.28172412514686584
vn -0.09636904299259186 -0.6397410035133362 -0.7625249624252319
vn 0.016601601615548134 -0.6363718509674072 -0.7712037563323975
vn 0.02503111958503723 -0.9594907760620117 -0.2806260883808136
vn -0.993272602558136 -0.1066703051328659 -0.04506756365299225
vn -0.994397759437561 -0.06945538520812988 -0.07968063652515411
vn -0.7892946600914001 -0.3503733277320862 -0.5042345523834229
vn -0.7399269342422485 -0.6105535626411438 -0.2823692262172699
vn -0.36742520332336426 -0.598565399646759 -0.711841344833374
vn -0.36838504672050476 -0.8787608742713928 -0.303433358669281
vn 0.996827244758606 0.004190210253000259 -0.07948491722345352
vn -0.21688424050807953 -0.9289763569831848 -0.29994016885757446
vn -0.18893083930015564 -0.623262882232666 -0.7588469386100769
vn -0.36838504672050476 -0.8787608742713928 -0.303433358669281
vn -0.36742520332336426 -0.598565399646759 -0.711841344833374
vn 0.7707549929618835 -0.5711430311203003 -0.2823692262172699
vn 0.8064896464347839 -0.3087426424026489 -0.5042346119880676
vn 0.4137028455734253 -0.8583577871322632 -0.303433358669281
vn 0.39813482761383057 -0.5785935521125793 -0.7118414044380188
vn 0.26978054642677307 -0.9617414474487305 -0.04766355827450752
vn 0.15488366782665253 -0.9867360591888428 -0.048611417412757874
vn 0.1539071649312973 -0.947071373462677 -0.28172412514686584
vn 0.26502642035484314 -0.9164043664932251 -0.29994019865989685
vn 0.1539071649312973 -0.947071373462677 -0.28172412514686584
vn 0.12959425151348114 -0.63384610414505 -0.7625249624252319
vn 0.22117094695568085 -0.612564206123352 -0.7588469386100769
vn 0.26502642035484314 -0.9164043664932251 -0.29994019865989685
vn -0.06390078365802765 -0.2783360481262207 -0.9583557844161987
vn 0.006882285699248314 -0.26381221413612366 -0.9645496010780334
vn -0.9956899285316467 -0.04779043421149254 -0.07948491722345352
vn -0.7923856377601624 -0.19344018399715424 -0.5785377621650696
vn -0.7892946600914001 -0.3503733277320862 -0.5042345523834229
vn -0.7923856377601624 -0.19344018399715424 -0.5785377621650696
vn -0.3218291997909546 -0.30685654282569885 -0.8956925272941589
vn -0.14472372829914093 -0.2950715124607086 -0.944451093673706
vn -0.4137030839920044 0.8583575487136841 -0.303433895111084
vn -0.42145970463752747 0.9057307243347168 -0.04498494416475296
vn 0.8013938665390015 -0.15186180174350739 -0.5785378217697144
vn 0.8064896464347839 -0.3087426424026489 -0.5042346119880676
vn 0.39813482761383057 -0.5785935521125793 -0.7118414044380188
vn 0.3373909592628479 -0.28965887427330017 -0.8956925272941589
vn 0.8013938665390015 -0.15186180174350739 -0.5785378217697144
vn 0.07832635194063187 -0.27462562918663025 -0.9583557844161987
vn 0.15991193056106567 -0.2871241867542267 -0.944451093673706
vn 0.9976577758789062 0.013097517192363739 -0.06713728606700897
vn 0.376313179731369 -0.9230995178222656 -0.07921945303678513
vn 0.34648415446281433 -0.9380558133125305 1.6929612911553704e-07
vn -0.020923789590597153 -0.07908016443252563 -0.9966485500335693
vn 0.0015053295064717531 -0.05770326033234596 -0.9983326196670532
vn -0.8007667064666748 -0.10858827829360962 -0.5890511274337769
vn -0.2916518449783325 -0.14648517966270447 -0.945241391658783
vn -0.1004001796245575 -0.1191839799284935 -0.9877827763557434
vn 0.8053392767906189 -0.06668829172849655 -0.5890511274337769
vn 0.2988928556442261 -0.1310790777206421 -0.945241391658783
vn 0.8053392767906189 -0.06668829172849655 -0.5890511274337769
vn 0.025018541142344475 -0.07788161933422089 -0.9966485500335693
vn 0.10647786408662796 -0.1137869581580162 -0.9877827763557434
vn 0.009511853568255901 0.06066827476024628 -0.9981126189231873
vn -0.002295516896992922 0.0879904255270958 -0.9961186647415161
vn 0.3376700282096863 -0.6660048961639404 -0.6651439666748047
vn -0.05682201310992241 -0.010193204507231712 -0.9983322620391846
vn -0.21607165038585663 -0.1025690883398056 -0.9709750413894653
vn -0.012662241235375404 0.06008980795741081 -0.9981127381324768
vn 0.05727614089846611 -0.007216619793325663 -0.9983322620391846
vn 0.22112566232681274 -0.0911635085940361 -0.9709750413894653
vn 0.026079056784510612 -0.9996600151062012 1.7881393432617188e-07
vn 0.9983684420585632 0.0260453000664711 -0.05081435665488243
vn 0.9924373626708984 -0.11211156100034714 -0.04999137297272682
vn 0.026079056784510612 -0.9996600151062012 1.7881393432617188e-07
vn 0.9996599555015564 0.026079056784510612 -5.736859961689642e-14
vn 0.29708975553512573 0.9548496007919312 -1.692969391342558e-07
vn 0.3276293873786926 0.9414809346199036 -0.07919926196336746
vn 0.30248531699180603 0.6827041506767273 -0.6651448607444763
vn 0.3276293873786926 0.9414809346199036 -0.07919926196336746
vn -0.37366124987602234 -0.9264737367630005 -0.0449846051633358
vn -0.36838504672050476 -0.8787608742713928 -0.303433358669281
vn -0.9996599555015564 -0.026079056784510612 5.736859961689642e-14
vn -0.9609845876693726 -0.27239033579826355 -0.04808526858687401
vn -0.9852418899536133 -0.16370509564876556 -0.04999136924743652
vn -0.9996598958969116 -0.02607905864715576 5.736859284063284e-14
vn -0.9996599555015564 -0.026079056784510612 5.736859961689642e-14
vn -0.9988818764686584 0.04712783172726631 -0.0037145139649510384
vn -0.39177101850509644 0.9198943376541138 -0.017606625333428383
vn -0.09295815974473953 0.9956647157669067 -0.0032505877315998077
vn -0.9019443988800049 0.42967668175697327 -0.043293021619319916
vn -0.39177101850509644 0.9198943376541138 -0.017606625333428383
vn -0.9738799333572388 0.22191356122493744 -0.04808535426855087
vn -0.04091738164424896 -0.999157190322876 -0.0032502305693924427
vn -0.34327441453933716 -0.9390701055526733 -0.01760629191994667
vn -0.37366124987602234 -0.9264737367630005 -0.0449846051633358
vn -0.7773318886756897 -0.6283227205276489 -0.031075945124030113
vn -0.3464718461036682 0.9380604028701782 -1.6929689650169166e-07
vn -0.29710227251052856 -0.954845666885376 1.6929615753724647e-07
vn -0.29710227251052856 -0.954845666885376 1.6929615753724647e-07
vn -0.9983684420585632 -0.026045430451631546 -0.05081435665488243
vn 0.4137028455734253 -0.8583577871322632 -0.303433358669281
vn 0.34648415446281433 -0.9380558133125305 1.6929612911553704e-07
vn 0.30248531699180603 0.6827041506767273 -0.6651448607444763
vn 0.04236263036727905 -0.0442892387509346 -0.998120129108429
vn -0.019470317289233208 0.0666106641292572 -0.9975889921188354
vn -0.04634059965610504 0.14701247215270996 -0.9880484938621521
vn -0.004645582288503647 0.17807291448116302 -0.984006404876709
vn 0.03861222043633461 0.14922872185707092 -0.9880484938621521
vn 0.01597067154943943 0.06753524392843246 -0.9975889921188354
vn -0.03999580442905426 -0.04643780365586281 -0.998120129108429
vn -0.07722782343626022 0.02258048765361309 -0.9967577457427979
vn -0.10167726874351501 0.09693443030118942 -0.9900835156440735
vn -0.08660221844911575 0.16203869879245758 -0.9829768538475037
vn -0.004960899241268635 0.1901596188545227 -0.9817405939102173
vn 0.0780356153845787 0.16633373498916626 -0.9829767942428589
vn 0.0964847132563591 0.1021040678024292 -0.9900835156440735
vn 0.07594536989927292 0.026576459407806396 -0.9967577457427979
vn -0.15062947571277618 0.03993983194231987 -0.9877831935882568
vn -0.16538985073566437 0.07964769750833511 -0.9830068945884705
vn -0.12461251765489578 0.12035731226205826 -0.984878659248352
vn -0.0036866639275103807 0.1413157433271408 -0.9899577498435974
vn 0.11816747486591339 0.12669093906879425 -0.984878659248352
vn 0.1610119342803955 0.0881628468632698 -0.9830068945884705
vn 0.1483420431613922 0.04773937910795212 -0.9877831935882568
vn -0.17896421253681183 -0.00467008026316762 -0.983844518661499
vn -0.18949148058891296 -0.0049447123892605305 -0.9818698763847351
vn -0.13933135569095612 -0.003636148991063237 -0.9902390837669373
vn 4.663299524310105e-09 -1.295348283747444e-06 -1.0
vn 0.13933135569095612 0.003633583663031459 -0.9902390837669373
vn 0.18949148058891296 0.004942168481647968 -0.9818698763847351
vn 0.17896421253681183 0.004667531233280897 -0.983844518661499
vn -0.14834202826023102 -0.04774193465709686 -0.9877830743789673
vn -0.16101190447807312 -0.08816537261009216 -0.9830066561698914
vn -0.1181674376130104 -0.12669344246387482 -0.9848783612251282
vn 0.0036866720765829086 -0.14131826162338257 -0.9899574518203735
vn 0.1246124804019928 -0.12035982310771942 -0.9848783612251282
vn 0.1653898060321808 -0.07965022325515747 -0.9830066561698914
vn 0.150629460811615 -0.039942383766174316 -0.9877830743789673
vn -0.07594534754753113 -0.026579037308692932 -0.9967576265335083
vn -0.09648467600345612 -0.10210660845041275 -0.9900832772254944
vn -0.07803557068109512 -0.16633622348308563 -0.9829764366149902
vn 0.004960906226187944 -0.1901620775461197 -0.9817401170730591
vn 0.08660219609737396 -0.16204115748405457 -0.9829764366149902
vn 0.10167725384235382 -0.09693697094917297 -0.9900832772254944
vn 0.07722782343626022 -0.022583067417144775 -0.9967576265335083
vn 0.039995819330215454 0.046435222029685974 -0.9981203079223633
vn -0.015970660373568535 -0.067537821829319 -0.9975888729095459
vn -0.03861219808459282 -0.1492312252521515 -0.9880481362342834
vn 0.004645588807761669 -0.17807537317276 -0.9840059280395508
vn 0.046340588480234146 -0.14701497554779053 -0.9880481362342834
vn 0.019470326602458954 -0.06661323457956314 -0.9975888729095459
vn -0.042362626641988754 0.044286660850048065 -0.9981202483177185
vn -0.026079056784510612 0.9996600151062012 -1.7881393432617188e-07
vn 0.29708975553512573 0.9548496007919312 -1.692969391342558e-07
vn -0.3464718461036682 0.9380604028701782 -1.6929689650169166e-07
vn -0.9996599555015564 -0.026079056784510612 5.736859961689642e-14
vn -0.29710227251052856 -0.954845666885376 1.6929615753724647e-07
vn 0.9996599555015564 0.026079056784510612 -5.736859961689642e-14
vn 0.2970771789550781 0.9548534750938416 -1.69297678098701e-07
vn 0.8783140182495117 0.4761199653148651 -0.043293021619319916
vn 0.9609847068786621 0.2723902463912964 -0.04808536544442177
vn 0.39177098870277405 -0.919894278049469 -0.01760629191994667
vn 0.9988818764686584 -0.04712784290313721 -0.0037144876550883055
vn 0.9996599555015564 0.026079056784510612 -5.736859961689642e-14
vn 0.9852418899536133 0.163704976439476 -0.0499914176762104
vn 0.34648415446281433 -0.9380558133125305 1.6929612911553704e-07
vn -0.9950659275054932 -0.09914580732584 -0.0037144876550883055
vn 0.4214596748352051 -0.9057307243347168 -0.0449846051633358
vn 0.8090354800224304 -0.586937665939331 -0.031075945124030113
vn 0.34648415446281433 -0.9380558133125305 1.6929612911553704e-07
vn 0.34327447414398193 0.9390701651573181 -0.017606625333428383
vn -0.42145970463752747 0.9057307243347168 -0.04498494416475296
vn -0.8090354800224304 0.5869375467300415 -0.031076164916157722
vn 0.4214596748352051 -0.9057307243347168 -0.0449846051633358
vn 0.026079056784510612 -0.9996600151062012 1.7881393432617188e-07
vn 0.02604752965271473 -0.9984514117240906 -0.049155812710523605
vn -0.9924373626708984 0.11211143434047699 -0.0499914214015007
vn -0.8783139586448669 -0.47612008452415466 -0.043292853981256485
vn -0.34327441453933716 -0.9390701055526733 -0.01760629191994667
vn 0.2970771789550781 0.9548534750938416 -1.69297678098701e-07
vn -0.3464718461036682 0.9380604028701782 -1.6929689650169166e-07
vn -0.29710227251052856 -0.954845666885376 1.6929615753724647e-07
vn 0.10431724041700363 0.9538077712059021 -0.2817246615886688
vn 0.21688438951969147 0.9289761781692505 -0.29994070529937744
vn -0.025031130760908127 0.9594905972480774 -0.2806265950202942
vn 0.02503111958503723 -0.9594907760620117 -0.2806260883808136
vn 0.3683852255344391 0.8787605166435242 -0.3034338653087616
vn 0.4137028455734253 -0.8583577871322632 -0.303433358669281
f 1/1/1 2/2/2 3/3/3
f 1/1/1 3/3/3 4/4/4
f 5/5/5 6/6/6 7/7/7
f 5/5/5 7/7/7 8/8/8
f 1/1/1 9/9/9 10/10/10
f 1/1/1 10/10/10 2/2/2
f 11/11/11 12/12/12 13/13/13
f 11/11/11 13/13/13 14/14/14
f 15/15/15 16/16/16 17/17/17
f 15/15/15 17/17/17 18/18/18
f 19/19/19 20/20/20 18/18/18
f 21/21/21 22/22/22 23/23/23
f 21/21/21 23/23/23 14/14/14
f 18/18/18 20/20/20 24/24/24
f 18/18/18 24/24/24 15/15/15
f 25/25/25 26/26/26 27/27/27
f 25/25/25 27/27/27 28/28/28
f 29/29/29 30/30/30 31/31/31
f 32/32/32 33/33/33 22/22/22
f 32/32/32 22/22/22 21/21/21
f 28/28/28 27/27/27 33/33/33
f 28/28/28 33/33/33 32/32/32
f 34/34/34 35/35/35 31/31/31
f 34/34/34 31/31/31 30/30/30
f 36/36/36 37/37/37 38/38/38
f 36/36/36 38/38/38 39/39/39
f 11/11/11 40/40/40 41/41/41
f 11/11/11 41/41/41 42/42/42
f 14/14/14 23/23/23 40/40/40
f 14/14/14 40/40/40 11/11/11
f 43/43/43 44/44/44 45/45/45
f 43/43/43 45/45/45 46/46/46
f 24/24/24 20/20/20 47/47/47
f 24/24/24 47/47/47 48/48/48
f 49/49/49 50/50/50 51/51/51
f 49/49/49 51/51/51 52/52/52
f 44/44/44 53/53/53 54/54/54
f 44/44/44 54/54/54 45/45/45
f 20/20/20 19/19/19 47/47/47
f 53/53/53 49/49/49 52/52/52
f 53/53/53 52/52/52 54/54/54
f 31/31/31 35/35/35 55/55/55
f 31/31/31 55/55/55 56/56/56
f 57/57/57 58/58/58 59/59/59
f 57/57/57 59/59/59 60/60/60
f 61/61/61 62/62/62 63/63/63
f 61/61/61 63/63/63 64/64/64
f 62/62/62 43/43/43 46/46/46
f 62/62/62 46/46/46 63/63/63
f 58/58/58 61/61/61 64/64/64
f 58/58/58 64/64/64 59/59/59
f 46/46/46 45/45/45 65/65/65
f 46/46/46 65/65/65 66/66/66
f 48/48/48 47/47/47 67/67/67
f 48/48/48 67/67/67 68/68/68
f 52/52/52 51/51/51 69/69/69
f 52/52/52 69/69/69 70/70/70
f 45/45/45 54/54/54 71/71/71
f 45/45/45 71/71/71 65/65/65
f 54/54/54 52/52/52 70/70/70
f 54/54/54 70/70/70 71/71/71
f 56/56/56 55/55/55 72/72/72
f 56/56/56 72/72/72 73/73/73
f 60/60/60 59/59/59 74/74/74
f 60/60/60 74/74/74 75/75/75
f 64/64/64 63/63/63 76/76/76
f 64/64/64 76/76/76 77/77/77
f 29/29/29 31/31/31 56/56/56
f 63/63/63 46/46/46 66/66/66
f 63/63/63 66/66/66 76/76/76
f 59/59/59 64/64/64 77/77/77
f 59/59/59 77/77/77 74/74/74
f 66/66/66 65/65/65 78/78/78
f 66/66/66 78/78/78 79/79/79
f 68/68/68 67/67/67 80/80/80
f 68/68/68 80/80/80 81/81/81
f 70/70/70 69/69/69 82/82/82
f 70/70/70 82/82/82 83/83/83
f 65/65/65 71/71/71 84/84/84
f 65/65/65 84/84/84 78/78/78
f 71/71/71 70/70/70 83/83/83
f 71/71/71 83/83/83 84/84/84
f 75/75/75 74/74/74 85/85/85
f 75/75/75 85/85/85 86/86/86
f 77/77/77 76/76/76 87/87/87
f 77/77/77 87/87/87 88/88/88
f 76/76/76 66/66/66 79/79/79
f 76/76/76 79/79/79 87/87/87
f 74/74/74 77/77/77 88/88/88
f 74/74/74 88/88/88 85/85/85
f 89/89/89 90/90/90 91/91/91
f 89/89/89 91/91/91 92/92/92
f 93/93/93 94/94/94 95/95/95
f 93/93/93 95/95/95 96/96/96
f 97/97/97 98/98/98 99/99/99
f 97/97/97 99/99/99 100/100/100
f 101/101/101 102/102/102 103/103/103
f 101/101/101 103/103/103 104/104/104
f 105/105/105 106/106/106 107/107/107
f 105/105/105 107/107/107 108/108/108
f 109/109/109 110/110/110 111/111/111
f 109/109/109 111/111/111 96/96/96
f 96/96/96 111/111/111 112/112/112
f 96/96/96 112/112/112 93/93/93
f 113/113/113 114/114/114 106/106/106
f 113/113/113 106/106/106 105/105/105
f 115/115/115 116/116/116 114/114/114
f 115/115/115 114/114/114 113/113/113
f 117/117/117 118/118/118 119/119/119
f 117/117/117 119/119/119 120/120/120
f 121/121/121 122/122/122 118/118/118
f 121/121/121 118/118/118 117/117/117
f 123/123/123 124/124/124 90/90/90
f 123/123/123 90/90/90 89/89/89
f 108/108/108 107/107/107 124/124/124
f 108/108/108 124/124/124 123/123/123
f 107/107/107 106/106/106 125/125/125
f 107/107/107 125/125/125 126/126/126
f 111/111/111 110/110/110 127/127/127
f 111/111/111 127/127/127 128/128/128
f 116/116/116 129/129/129 130/130/130
f 116/116/116 130/130/130 131/131/131
f 106/106/106 114/114/114 132/132/132
f 106/106/106 132/132/132 125/125/125
f 114/114/114 116/116/116 131/131/131
f 114/114/114 131/131/131 132/132/132
f 119/119/119 118/118/118 133/133/133
f 119/119/119 133/133/133 134/134/134
f 135/135/135 91/91/91 136/136/136
f 135/135/135 136/136/136 137/137/137
f 90/90/90 124/124/124 138/138/138
f 90/90/90 138/138/138 139/139/139
f 124/124/124 107/107/107 126/126/126
f 124/124/124 126/126/126 138/138/138
f 91/91/91 90/90/90 139/139/139
f 91/91/91 139/139/139 136/136/136
f 126/126/126 125/125/125 140/140/140
f 126/126/126 140/140/140 141/141/141
f 128/128/128 127/127/127 142/142/142
f 128/128/128 142/142/142 143/143/143
f 131/131/131 130/130/130 144/144/144
f 131/131/131 144/144/144 145/145/145
f 125/125/125 132/132/132 146/146/146
f 125/125/125 146/146/146 140/140/140
f 132/132/132 131/131/131 145/145/145
f 132/132/132 145/145/145 146/146/146
f 134/134/134 133/133/133 147/147/147
f 134/134/134 147/147/147 148/148/148
f 137/137/137 136/136/136 149/149/149
f 137/137/137 149/149/149 150/150/150
f 139/139/139 138/138/138 151/151/151
f 139/139/139 151/151/151 152/152/152
f 138/138/138 126/126/126 141/141/141
f 138/138/138 141/141/141 151/151/151
f 136/136/136 139/139/139 152/152/152
f 136/136/136 152/152/152 149/149/149
f 141/141/141 140/140/140 153/153/153
f 141/141/141 153/153/153 154/154/154
f 155/155/155 156/156/156 157/157/157
f 155/155/155 157/157/157 158/158/158
f 159/159/159 160/160/160 161/161/161
f 159/159/159 161/161/161 162/162/162
f 140/140/140 146/146/146 163/163/163
f 140/140/140 163/163/163 153/153/153
f 146/146/146 145/145/145 164/164/164
f 146/146/146 164/164/164 163/163/163
f 148/148/148 147/147/147 165/165/165
f 148/148/148 165/165/165 166/166/166
f 150/150/150 149/149/149 167/167/167
f 150/150/150 167/167/167 161/161/161
f 152/152/152 151/151/151 168/168/168
f 152/152/152 168/168/168 169/169/169
f 151/151/151 141/141/141 154/154/154
f 151/151/151 154/154/154 168/168/168
f 149/149/149 152/152/152 169/169/169
f 149/149/149 169/169/169 167/167/167
f 170/170/170 171/171/171 172/172/172
f 170/170/170 172/172/172 173/173/173
f 174/174/174 175/175/175 176/176/176
f 174/174/174 176/176/176 177/177/177
f 178/178/178 179/179/179 180/180/180
f 178/178/178 180/180/180 181/181/181
f 182/182/182 183/183/183 184/184/184
f 182/182/182 184/184/184 185/185/185
f 186/186/186 187/187/187 175/175/175
f 186/186/186 175/175/175 174/174/174
f 185/185/185 184/184/184 187/187/187
f 185/185/185 187/187/187 186/186/186
f 188/188/188 189/189/189 190/190/190
f 188/188/188 190/190/190 191/191/191
f 104/104/104 103/103/103 192/192/192
f 104/104/104 192/192/192 193/193/193
f 194/194/194 195/195/195 102/102/102
f 194/194/194 102/102/102 101/101/101
f 177/177/177 176/176/176 195/195/195
f 177/177/177 195/195/195 194/194/194
f 196/196/196 197/197/197 198/198/198
f 196/196/196 198/198/198 199/199/199
f 180/180/180 179/179/179 200/200/200
f 180/180/180 200/200/200 201/201/201
f 202/202/202 203/203/203 204/204/204
f 202/202/202 204/204/204 205/205/205
f 197/197/197 206/206/206 207/207/207
f 197/197/197 207/207/207 198/198/198
f 206/206/206 202/202/202 205/205/205
f 206/206/206 205/205/205 207/207/207
f 190/190/190 189/189/189 208/208/208
f 190/190/190 208/208/208 209/209/209
f 210/210/210 211/211/211 212/212/212
f 210/210/210 212/212/212 213/213/213
f 214/214/214 215/215/215 216/216/216
f 214/214/214 216/216/216 217/217/217
f 215/215/215 196/196/196 199/199/199
f 215/215/215 199/199/199 216/216/216
f 211/211/211 214/214/214 217/217/217
f 211/211/211 217/217/217 212/212/212
f 199/199/199 198/198/198 218/218/218
f 199/199/199 218/218/218 219/219/219
f 201/201/201 200/200/200 156/156/156
f 201/201/201 156/156/156 155/155/155
f 205/205/205 204/204/204 160/160/160
f 205/205/205 160/160/160 159/159/159
f 198/198/198 207/207/207 220/220/220
f 198/198/198 220/220/220 218/218/218
f 207/207/207 205/205/205 159/159/159
f 207/207/207 159/159/159 220/220/220
f 209/209/209 208/208/208 221/221/221
f 209/209/209 221/221/221 222/222/222
f 213/213/213 212/212/212 223/223/223
f 213/213/213 223/223/223 224/224/224
f 217/217/217 216/216/216 225/225/225
f 217/217/217 225/225/225 226/226/226
f 216/216/216 199/199/199 219/219/219
f 216/216/216 219/219/219 225/225/225
f 212/212/212 217/217/217 226/226/226
f 212/212/212 226/226/226 223/223/223
f 219/219/219 218/218/218 227/227/227
f 219/219/219 227/227/227 228/228/228
f 229/229/229 230/230/230 231/231/231
f 229/229/229 231/231/231 232/232/232
f 218/218/218 220/220/220 233/233/233
f 218/218/218 233/233/233 227/227/227
f 220/220/220 159/159/159 162/162/162
f 220/220/220 162/162/162 233/233/233
f 222/222/222 221/221/221 234/234/234
f 222/222/222 234/234/234 235/235/235
f 224/224/224 223/223/223 236/236/236
f 224/224/224 236/236/236 237/237/237
f 226/226/226 225/225/225 238/238/238
f 226/226/226 238/238/238 239/239/239
f 225/225/225 219/219/219 228/228/228
f 225/225/225 228/228/228 238/238/238
f 223/223/223 226/226/226 239/239/239
f 223/223/223 239/239/239 236/236/236
f 240/240/240 241/241/241 242/242/242
f 243/243/243 244/244/244 245/245/245
f 243/243/243 245/245/245 246/246/246
f 247/247/247 248/248/248 249/249/249
f 247/247/247 249/249/249 250/250/250
f 250/250/250 249/249/249 251/251/251
f 250/250/250 251/251/251 252/252/252
f 242/242/242 241/241/241 253/253/253
f 254/254/254 255/255/255 244/244/244
f 254/254/254 244/244/244 243/243/243
f 256/256/256 257/257/257 255/255/255
f 256/256/256 255/255/255 254/254/254
f 258/258/258 259/259/259 241/241/241
f 258/258/258 241/241/241 240/240/240
f 260/260/260 261/261/261 259/259/259
f 260/260/260 259/259/259 258/258/258
f 262/262/262 263/263/263 264/264/264
f 262/262/262 264/264/264 265/265/265
f 266/266/266 267/267/267 268/268/268
f 266/266/266 268/268/268 269/269/269
f 246/246/246 245/245/245 267/267/267
f 246/246/246 267/267/267 266/266/266
f 245/245/245 244/244/244 270/270/270
f 245/245/245 270/270/270 271/271/271
f 249/249/249 248/248/248 272/272/272
f 249/249/249 272/272/272 273/273/273
f 257/257/257 274/274/274 275/275/275
f 257/257/257 275/275/275 276/276/276
f 244/244/244 255/255/255 277/277/277
f 244/244/244 277/277/277 270/270/270
f 278/278/278 279/279/279 98/98/98
f 278/278/278 98/98/98 97/97/97
f 255/255/255 257/257/257 276/276/276
f 255/255/255 276/276/276 277/277/277
f 241/241/241 259/259/259 280/280/280
f 241/241/241 280/280/280 253/253/253
f 281/281/281 282/282/282 283/283/283
f 281/281/281 283/283/283 284/284/284
f 268/268/268 267/267/267 285/285/285
f 268/268/268 285/285/285 286/286/286
f 242/242/242 287/287/287 288/288/288
f 242/242/242 288/288/288 289/289/289
f 267/267/267 245/245/245 271/271/271
f 267/267/267 271/271/271 285/285/285
f 282/282/282 268/268/268 286/286/286
f 282/282/282 286/286/286 283/283/283
f 271/271/271 270/270/270 290/290/290
f 271/271/271 290/290/290 291/291/291
f 273/273/273 272/272/272 230/230/230
f 273/273/273 230/230/230 229/229/229
f 276/276/276 275/275/275 292/292/292
f 276/276/276 292/292/292 293/293/293
f 270/270/270 277/277/277 294/294/294
f 270/270/270 294/294/294 290/290/290
f 277/277/277 276/276/276 293/293/293
f 277/277/277 293/293/293 294/294/294
f 253/253/253 280/280/280 295/295/295
f 253/253/253 295/295/295 287/287/287
f 284/284/284 283/283/283 296/296/296
f 284/284/284 296/296/296 297/297/297
f 286/286/286 285/285/285 298/298/298
f 286/286/286 298/298/298 299/299/299
f 285/285/285 271/271/271 291/291/291
f 285/285/285 291/291/291 298/298/298
f 283/283/283 286/286/286 299/299/299
f 283/283/283 299/299/299 296/296/296
f 291/291/291 290/290/290 300/300/300
f 291/291/291 300/300/300 301/301/301
f 287/287/287 295/295/295 302/302/302
f 287/287/287 302/302/302 288/288/288
f 290/290/290 294/294/294 303/303/303
f 290/290/290 303/303/303 300/300/300
f 294/294/294 293/293/293 304/304/304
f 294/294/294 304/304/304 303/303/303
f 299/299/299 298/298/298 305/305/305
f 299/299/299 305/305/305 306/306/306
f 298/298/298 291/291/291 301/301/301
f 298/298/298 301/301/301 305/305/305
f 296/296/296 299/299/299 306/306/306
f 296/296/296 306/306/306 307/307/307
f 308/308/308 309/309/309 310/310/310
f 308/308/308 310/310/310 311/311/311
f 98/98/98 279/279/279 312/312/312
f 98/98/98 312/312/312 313/313/313
f 314/314/314 99/99/99 315/315/315
f 314/314/314 315/315/315 316/316/316
f 317/317/317 209/209/209 222/222/222
f 317/317/317 190/190/190 209/209/209
f 98/98/98 313/313/313 315/315/315
f 98/98/98 315/315/315 99/99/99
f 311/311/311 310/310/310 318/318/318
f 311/311/311 318/318/318 319/319/319
f 42/42/42 41/41/41 37/37/37
f 42/42/42 37/37/37 36/36/36
f 13/13/13 320/320/320 21/21/21
f 13/13/13 21/21/21 14/14/14
f 242/242/242 321/321/321 322/322/322
f 242/242/242 322/322/322 240/240/240
f 323/323/323 324/324/324 28/28/28
f 323/323/323 28/28/28 32/32/32
f 17/17/17 325/325/325 19/19/19
f 17/17/17 19/19/19 18/18/18
f 30/30/30 326/326/326 327/327/327
f 30/30/30 327/327/327 34/34/34
f 328/328/328 12/12/12 11/11/11
f 328/328/328 11/11/11 42/42/42
f 329/329/329 330/330/330 36/36/36
f 329/329/329 36/36/36 39/39/39
f 331/331/331 332/332/332 333/333/333
f 331/331/331 333/333/333 334/334/334
f 142/142/142 335/335/335 336/336/336
f 142/142/142 336/336/336 337/337/337
f 127/127/127 335/335/335 142/142/142
f 73/73/73 72/72/72 338/338/338
f 73/73/73 338/338/338 339/339/339
f 28/28/28 324/324/324 340/340/340
f 28/28/28 340/340/340 25/25/25
f 317/317/317 191/191/191 190/190/190
f 172/172/172 341/341/341 342/342/342
f 172/172/172 342/342/342 173/173/173
f 100/100/100 99/99/99 314/314/314
f 100/100/100 314/314/314 343/343/343
f 96/96/96 95/95/95 344/344/344
f 96/96/96 344/344/344 109/109/109
f 308/308/308 311/311/311 117/117/117
f 308/308/308 117/117/117 120/120/120
f 317/317/317 345/345/345 346/346/346
f 317/317/317 346/346/346 191/191/191
f 272/272/272 347/347/347 230/230/230
f 5/5/5 348/348/348 194/194/194
f 5/5/5 194/194/194 101/101/101
f 248/248/248 347/347/347 272/272/272
f 349/349/349 350/350/350 351/351/351
f 349/349/349 351/351/351 352/352/352
f 353/353/353 354/354/354 347/347/347
f 353/353/353 347/347/347 247/247/247
f 355/355/355 356/356/356 308/308/308
f 355/355/355 308/308/308 120/120/120
f 9/9/9 1/1/1 178/178/178
f 9/9/9 178/178/178 181/181/181
f 185/185/185 357/357/357 358/358/358
f 185/185/185 358/358/358 182/182/182
f 355/355/355 120/120/120 119/119/119
f 359/359/359 360/360/360 174/174/174
f 359/359/359 174/174/174 177/177/177
f 361/361/361 357/357/357 185/185/185
f 361/361/361 185/185/185 186/186/186
f 346/346/346 362/362/362 188/188/188
f 346/346/346 188/188/188 191/191/191
f 363/363/363 6/6/6 104/104/104
f 363/363/363 104/104/104 193/193/193
f 344/344/344 364/364/364 335/335/335
f 344/344/344 335/335/335 109/109/109
f 1/1/1 4/4/4 365/365/365
f 1/1/1 365/365/365 178/178/178
f 117/117/117 311/311/311 319/319/319
f 117/117/117 319/319/319 121/121/121
f 252/252/252 366/366/366 367/367/367
f 252/252/252 367/367/367 250/250/250
f 355/355/355 148/148/148 166/166/166
f 355/355/355 166/166/166 368/368/368
f 230/230/230 347/347/347 369/369/369
f 230/230/230 369/369/369 231/231/231
f 355/355/355 134/134/134 148/148/148
f 355/355/355 119/119/119 134/134/134
f 317/317/317 222/222/222 235/235/235
f 317/317/317 235/235/235 370/370/370
f 293/293/293 292/292/292 237/237/237
f 293/293/293 237/237/237 304/304/304
f 247/247/247 347/347/347 248/248/248
f 264/264/264 263/263/263 371/371/371
f 264/264/264 371/371/371 372/372/372
f 194/194/194 348/348/348 359/359/359
f 194/194/194 359/359/359 177/177/177
f 367/367/367 353/353/353 247/247/247
f 367/367/367 247/247/247 250/250/250
f 269/269/269 268/268/268 282/282/282
f 269/269/269 282/282/282 373/373/373
f 21/21/21 320/320/320 323/323/323
f 21/21/21 323/323/323 32/32/32
f 371/371/371 171/171/171 170/170/170
f 371/371/371 170/170/170 372/372/372
f 104/104/104 6/6/6 5/5/5
f 104/104/104 5/5/5 101/101/101
f 322/322/322 374/374/374 258/258/258
f 322/322/322 258/258/258 240/240/240
f 333/333/333 375/375/375 376/376/376
f 333/333/333 376/376/376 334/334/334
f 67/67/67 19/19/19 377/377/377
f 67/67/67 377/377/377 80/80/80
f 343/343/343 314/314/314 332/332/332
f 343/343/343 332/332/332 331/331/331
f 374/374/374 378/378/378 260/260/260
f 374/374/374 260/260/260 258/258/258
f 47/47/47 19/19/19 67/67/67
f 242/242/242 253/253/253 287/287/287
f 297/297/297 296/296/296 307/307/307
f 297/297/297 307/307/307 82/82/82
f 109/109/109 335/335/335 110/110/110
f 143/143/143 142/142/142 337/337/337
f 143/143/143 337/337/337 379/379/379
f 145/145/145 144/144/144 86/86/86
f 145/145/145 86/86/86 164/164/164
f 82/82/82 307/307/307 380/380/380
f 82/82/82 380/380/380 83/83/83
f 307/307/307 306/306/306 381/381/381
f 307/307/307 381/381/381 380/380/380
f 306/306/306 305/305/305 382/382/382
f 306/306/306 382/382/382 381/381/381
f 305/305/305 301/301/301 383/383/383
f 305/305/305 383/383/383 382/382/382
f 301/301/301 300/300/300 384/384/384
f 301/301/301 384/384/384 383/383/383
f 300/300/300 303/303/303 385/385/385
f 300/300/300 385/385/385 384/384/384
f 303/303/303 304/304/304 386/386/386
f 303/303/303 386/386/386 385/385/385
f 304/304/304 237/237/237 236/236/236
f 304/304/304 236/236/236 386/386/386
f 83/83/83 380/380/380 387/387/387
f 83/83/83 387/387/387 84/84/84
f 380/380/380 381/381/381 388/388/388
f 380/380/380 388/388/388 387/387/387
f 381/381/381 382/382/382 389/389/389
f 381/381/381 389/389/389 388/388/388
f 382/382/382 383/383/383 390/390/390
f 382/382/382 390/390/390 389/389/389
f 383/383/383 384/384/384 391/391/391
f 383/383/383 391/391/391 390/390/390
f 384/384/384 385/385/385 392/392/392
f 384/384/384 392/392/392 391/391/391
f 385/385/385 386/386/386 393/393/393
f 385/385/385 393/393/393 392/392/392
f 386/386/386 236/236/236 239/239/239
f 386/386/386 239/239/239 393/393/393
f 84/84/84 387/387/387 394/394/394
f 84/84/84 394/394/394 78/78/78
f 387/387/387 388/388/388 395/395/395
f 387/387/387 395/395/395 394/394/394
f 388/388/388 389/389/389 396/396/396
f 388/388/388 396/396/396 395/395/395
f 389/389/389 390/390/390 397/397/397
f 389/389/389 397/397/397 396/396/396
f 390/390/390 391/391/391 398/398/398
f 390/390/390 398/398/398 397/397/397
f 391/391/391 392/392/392 399/399/399
f 391/391/391 399/399/399 398/398/398
f 392/392/392 393/393/393 400/400/400
f 392/392/392 400/400/400 399/399/399
f 393/393/393 239/239/239 238/238/238
f 393/393/393 238/238/238 400/400/400
f 78/78/78 394/394/394 401/401/401
f 78/78/78 401/401/401 79/79/79
f 394/394/394 395/395/395 402/402/402
f 394/394/394 402/402/402 401/401/401
f 395/395/395 396/396/396 403/403/403
f 395/395/395 403/403/403 402/402/402
f 396/396/396 397/397/397 404/404/404
f 396/396/396 404/404/404 403/403/403
f 397/397/397 398/398/398 405/405/405
f 397/397/397 405/405/405 404/404/404
f 398/398/398 399/399/399 406/406/406
f 398/398/398 406/406/406 405/405/405
f 399/399/399 400/400/400 407/407/407
f 399/399/399 407/407/407 406/406/406
f 400/400/400 238/238/238 228/228/228
f 400/400/400 228/228/228 407/407/407
f 79/79/79 401/401/401 408/408/408
f 79/79/79 408/408/408 87/87/87
f 401/401/401 402/402/402 409/409/409
f 401/401/401 409/409/409 408/408/408
f 402/402/402 403/403/403 410/410/410
f 402/402/402 410/410/410 409/409/409
f 403/403/403 404/404/404 411/411/411
f 403/403/403 411/411/411 410/410/410
f 404/404/404 405/405/405 412/412/412
f 404/404/404 412/412/412 411/411/411
f 405/405/405 406/406/406 413/413/413
f 405/405/405 413/413/413 412/412/412
f 406/406/406 407/407/407 414/414/414
f 406/406/406 414/414/414 413/413/413
f 407/407/407 228/228/228 227/227/227
f 407/407/407 227/227/227 414/414/414
f 87/87/87 408/408/408 415/415/415
f 87/87/87 415/415/415 88/88/88
f 408/408/408 409/409/409 416/416/416
f 408/408/408 416/416/416 415/415/415
f 409/409/409 410/410/410 417/417/417
f 409/409/409 417/417/417 416/416/416
f 410/410/410 411/411/411 418/418/418
f 410/410/410 418/418/418 417/417/417
f 411/411/411 412/412/412 419/419/419
f 411/411/411 419/419/419 418/418/418
f 412/412/412 413/413/413 420/420/420
f 412/412/412 420/420/420 419/419/419
f 413/413/413 414/414/414 421/421/421
f 413/413/413 421/421/421 420/420/420
f 414/414/414 227/227/227 233/233/233
f 414/414/414 233/233/233 421/421/421
f 88/88/88 415/415/415 422/422/422
f 88/88/88 422/422/422 85/85/85
f 415/415/415 416/416/416 423/423/423
f 415/415/415 423/423/423 422/422/422
f 416/416/416 417/417/417 424/424/424
f 416/416/416 424/424/424 423/423/423
f 417/417/417 418/418/418 425/425/425
f 417/417/417 425/425/425 424/424/424
f 418/418/418 419/419/419 426/426/426
f 418/418/418 426/426/426 425/425/425
f 419/419/419 420/420/420 427/427/427
f 419/419/419 427/427/427 426/426/426
f 420/420/420 421/421/421 428/428/428
f 420/420/420 428/428/428 427/427/427
f 421/421/421 233/233/233 162/162/162
f 421/421/421 162/162/162 428/428/428
f 85/85/85 422/422/422 164/164/164
f 85/85/85 164/164/164 86/86/86
f 422/422/422 423/423/423 163/163/163
f 422/422/422 163/163/163 164/164/164
f 423/423/423 424/424/424 153/153/153
f 423/423/423 153/153/153 163/163/163
f 424/424/424 425/425/425 154/154/154
f 424/424/424 154/154/154 153/153/153
f 425/425/425 426/426/426 168/168/168
f 425/425/425 168/168/168 154/154/154
f 426/426/426 427/427/427 169/169/169
f 426/426/426 169/169/169 168/168/168
f 427/427/427 428/428/428 167/167/167
f 427/427/427 167/167/167 169/169/169
f 428/428/428 162/162/162 161/161/161
f 428/428/428 161/161/161 167/167/167
f 110/110/110 335/335/335 127/127/127
f 365/365/365 179/179/179 178/178/178
f 29/29/29 56/56/56 73/73/73
f 29/29/29 73/73/73 339/339/339
f 29/29/29 339/339/339 429/429/429
f 179/179/179 365/365/365 200/200/200
f 200/200/200 365/365/365 156/156/156
f 174/174/174 360/360/360 361/361/361
f 174/174/174 361/361/361 186/186/186
f 156/156/156 365/365/365 430/430/430
f 156/156/156 430/430/430 157/157/157
f 369/369/369 347/347/347 354/354/354
f 369/369/369 354/354/354 431/431/431
f 370/370/370 432/432/432 345/345/345
f 370/370/370 345/345/345 317/317/317
f 368/368/368 433/433/433 356/356/356
f 368/368/368 356/356/356 355/355/355
f 429/429/429 349/349/349 352/352/352
f 429/429/429 352/352/352 29/29/29
f 430/430/430 365/365/365 4/4/4
f 430/430/430 4/4/4 434/434/434
f 336/336/336 335/335/335 364/364/364
f 336/336/336 364/364/364 435/435/435
f 289/289/289 436/436/436 321/321/321
f 289/289/289 321/321/321 242/242/242
f 377/377/377 19/19/19 325/325/325
f 377/377/377 325/325/325 437/437/437
f 36/36/36 330/330/330 328/328/328
f 36/36/36 328/328/328 42/42/42
f 438/438/438 439/439/439 262/262/262
f 438/438/438 262/262/262 265/265/265
f 29/29/29 352/352/352 326/326/326
f 29/29/29 326/326/326 30/30/30
f 440/440/440 441/441/441 442/442/442
f 440/440/440 442/442/442 443/443/443
f 444/444/444 445/445/445 443/443/443
f 446/446/446 447/447/447 448/448/448
f 446/446/446 448/448/448 449/449/449
f 443/443/443 445/445/445 450/450/450
f 443/443/443 450/450/450 440/440/440
f 451/451/451 452/452/452 453/453/453
f 451/451/451 453/453/453 454/454/454
f 455/455/455 456/456/456 457/457/457
f 458/458/458 459/459/459 447/447/447
f 458/458/458 447/447/447 446/446/446
f 454/454/454 453/453/453 459/459/459
f 454/454/454 459/459/459 458/458/458
f 460/460/460 461/461/461 457/457/457
f 460/460/460 457/457/457 456/456/456
f 462/462/462 463/463/463 464/464/464
f 462/462/462 464/464/464 465/465/465
f 466/466/466 467/467/467 468/468/468
f 466/466/466 468/468/468 469/469/469
f 449/449/449 448/448/448 467/467/467
f 449/449/449 467/467/467 466/466/466
f 470/470/470 471/471/471 472/472/472
f 470/470/470 472/472/472 473/473/473
f 450/450/450 445/445/445 474/474/474
f 450/450/450 474/474/474 475/475/475
f 476/476/476 477/477/477 478/478/478
f 476/476/476 478/478/478 479/479/479
f 471/471/471 480/480/480 481/481/481
f 471/471/471 481/481/481 472/472/472
f 445/445/445 444/444/444 474/474/474
f 480/480/480 476/476/476 479/479/479
f 480/480/480 479/479/479 481/481/481
f 457/457/457 461/461/461 482/482/482
f 457/457/457 482/482/482 483/483/483
f 484/484/484 485/485/485 486/486/486
f 484/484/484 486/486/486 487/487/487
f 488/488/488 489/489/489 490/490/490
f 488/488/488 490/490/490 491/491/491
f 489/489/489 470/470/470 473/473/473
f 489/489/489 473/473/473 490/490/490
f 485/485/485 488/488/488 491/491/491
f 485/485/485 491/491/491 486/486/486
f 473/473/473 472/472/472 492/492/492
f 473/473/473 492/492/492 493/493/493
f 475/475/475 474/474/474 494/494/494
f 475/475/475 494/494/494 495/495/495
f 479/479/479 478/478/478 496/496/496
f 479/479/479 496/496/496 497/497/497
f 472/472/472 481/481/481 498/498/498
f 472/472/472 498/498/498 492/492/492
f 481/481/481 479/479/479 497/497/497
f 481/481/481 497/497/497 498/498/498
f 483/483/483 482/482/482 499/499/499
f 483/483/483 499/499/499 500/500/500
f 487/487/487 486/486/486 501/501/501
f 487/487/487 501/501/501 502/502/502
f 491/491/491 490/490/490 503/503/503
f 491/491/491 503/503/503 504/504/504
f 455/455/455 457/457/457 483/483/483
f 490/490/490 473/473/473 493/493/493
f 490/490/490 493/493/493 503/503/503
f 486/486/486 491/491/491 504/504/504
f 486/486/486 504/504/504 501/501/501
f 493/493/493 492/492/492 505/505/505
f 493/493/493 505/505/505 506/506/506
f 495/495/495 494/494/494 507/507/507
f 495/495/495 507/507/507 508/508/508
f 497/497/497 496/496/496 509/509/509
f 497/497/497 509/509/509 510/510/510
f 492/492/492 498/498/498 511/511/511
f 492/492/492 511/511/511 505/505/505
f 498/498/498 497/497/497 510/510/510
f 498/498/498 510/510/510 511/511/511
f 502/502/502 501/501/501 512/512/512
f 502/502/502 512/512/512 513/513/513
f 504/504/504 503/503/503 514/514/514
f 504/504/504 514/514/514 515/515/515
f 503/503/503 493/493/493 506/506/506
f 503/503/503 506/506/506 514/514/514
f 501/501/501 504/504/504 515/515/515
f 501/501/501 515/515/515 512/512/512
f 516/516/516 517/517/517 518/518/518
f 516/516/516 518/518/518 519/519/519
f 520/520/520 521/521/521 522/522/522
f 520/520/520 522/522/522 523/523/523
f 524/524/524 525/525/525 526/526/526
f 524/524/524 526/526/526 527/527/527
f 528/528/528 529/529/529 530/530/530
f 528/528/528 530/530/530 531/531/531
f 532/532/532 533/533/533 534/534/534
f 532/532/532 534/534/534 535/535/535
f 535/535/535 534/534/534 536/536/536
f 535/535/535 536/536/536 537/537/537
f 538/538/538 539/539/539 529/529/529
f 538/538/538 529/529/529 528/528/528
f 540/540/540 541/541/541 539/539/539
f 540/540/540 539/539/539 538/538/538
f 542/542/542 543/543/543 544/544/544
f 542/542/542 544/544/544 545/545/545
f 546/546/546 547/547/547 543/543/543
f 546/546/546 543/543/543 542/542/542
f 548/548/548 549/549/549 517/517/517
f 548/548/548 517/517/517 516/516/516
f 531/531/531 530/530/530 549/549/549
f 531/531/531 549/549/549 548/548/548
f 530/530/530 529/529/529 550/550/550
f 530/530/530 550/550/550 551/551/551
f 534/534/534 533/533/533 552/552/552
f 534/534/534 552/552/552 553/553/553
f 541/541/541 554/554/554 555/555/555
f 541/541/541 555/555/555 556/556/556
f 529/529/529 539/539/539 557/557/557
f 529/529/529 557/557/557 550/550/550
f 539/539/539 541/541/541 556/556/556
f 539/539/539 556/556/556 557/557/557
f 544/544/544 543/543/543 558/558/558
f 544/544/544 558/558/558 559/559/559
f 560/560/560 518/518/518 561/561/561
f 560/560/560 561/561/561 562/562/562
f 517/517/517 549/549/549 563/563/563
f 517/517/517 563/563/563 564/564/564
f 549/549/549 530/530/530 551/551/551
f 549/549/549 551/551/551 563/563/563
f 518/518/518 517/517/517 564/564/564
f 518/518/518 564/564/564 561/561/561
f 551/551/551 550/550/550 565/565/565
f 551/551/551 565/565/565 566/566/566
f 553/553/553 552/552/552 567/567/567
f 553/553/553 567/567/567 568/568/568
f 556/556/556 555/555/555 569/569/569
f 556/556/556 569/569/569 570/570/570
f 550/550/550 557/557/557 571/571/571
f 550/550/550 571/571/571 565/565/565
f 557/557/557 556/556/556 570/570/570
f 557/557/557 570/570/570 571/571/571
f 559/559/559 558/558/558 572/572/572
f 559/559/559 572/572/572 573/573/573
f 562/562/562 561/561/561 574/574/574
f 562/562/562 574/574/574 575/575/575
f 564/564/564 563/563/563 576/576/576
f 564/564/564 576/576/576 577/577/577
f 563/563/563 551/551/551 566/566/566
f 563/563/563 566/566/566 576/576/576
f 561/561/561 564/564/564 577/577/577
f 561/561/561 577/577/577 574/574/574
f 566/566/566 565/565/565 578/578/578
f 566/566/566 578/578/578 579/579/579
f 580/580/580 581/581/581 582/582/582
f 580/580/580 582/582/582 583/583/583
f 584/584/584 585/585/585 586/586/586
f 584/584/584 586/586/586 587/587/587
f 565/565/565 571/571/571 588/588/588
f 565/565/565 588/588/588 578/578/578
f 571/571/571 570/570/570 589/589/589
f 571/571/571 589/589/589 588/588/588
f 573/573/573 572/572/572 590/590/590
f 573/573/573 590/590/590 591/591/591
f 575/575/575 574/574/574 592/592/592
f 575/575/575 592/592/592 586/586/586
f 577/577/577 576/576/576 593/593/593
f 577/577/577 593/593/593 594/594/594
f 576/576/576 566/566/566 579/579/579
f 576/576/576 579/579/579 593/593/593
f 574/574/574 577/577/577 594/594/594
f 574/574/574 594/594/594 592/592/592
f 595/595/595 596/596/596 597/597/597
f 595/595/595 597/597/597 598/598/598
f 599/599/599 600/600/600 601/601/601
f 599/599/599 601/601/601 602/602/602
f 603/603/603 604/604/604 605/605/605
f 603/603/603 605/605/605 606/606/606
f 607/607/607 608/608/608 609/609/609
f 607/607/607 609/609/609 610/610/610
f 611/611/611 612/612/612 600/600/600
f 611/611/611 600/600/600 599/599/599
f 610/610/610 609/609/609 612/612/612
f 610/610/610 612/612/612 611/611/611
f 613/613/613 614/614/614 615/615/615
f 613/613/613 615/615/615 616/616/616
f 527/527/527 526/526/526 617/617/617
f 527/527/527 617/617/617 618/618/618
f 619/619/619 620/620/620 525/525/525
f 619/619/619 525/525/525 524/524/524
f 602/602/602 601/601/601 620/620/620
f 602/602/602 620/620/620 619/619/619
f 621/621/621 622/622/622 623/623/623
f 621/621/621 623/623/623 624/624/624
f 605/605/605 604/604/604 625/625/625
f 605/605/605 625/625/625 626/626/626
f 627/627/627 628/628/628 629/629/629
f 627/627/627 629/629/629 630/630/630
f 622/622/622 631/631/631 632/632/632
f 622/622/622 632/632/632 623/623/623
f 631/631/631 627/627/627 630/630/630
f 631/631/631 630/630/630 632/632/632
f 615/615/615 614/614/614 633/633/633
f 615/615/615 633/633/633 634/634/634
f 635/635/635 636/636/636 637/637/637
f 635/635/635 637/637/637 638/638/638
f 639/639/639 640/640/640 641/641/641
f 639/639/639 641/641/641 642/642/642
f 640/640/640 621/621/621 624/624/624
f 640/640/640 624/624/624 641/641/641
f 636/636/636 639/639/639 642/642/642
f 636/636/636 642/642/642 637/637/637
f 624/624/624 623/623/623 643/643/643
f 624/624/624 643/643/643 644/644/644
f 626/626/626 625/625/625 581/581/581
f 626/626/626 581/581/581 580/580/580
f 630/630/630 629/629/629 585/585/585
f 630/630/630 585/585/585 584/584/584
f 623/623/623 632/632/632 645/645/645
f 623/623/623 645/645/645 643/643/643
f 632/632/632 630/630/630 584/584/584
f 632/632/632 584/584/584 645/645/645
f 634/634/634 633/633/633 646/646/646
f 634/634/634 646/646/646 647/647/647
f 638/638/638 637/637/637 648/648/648
f 638/638/638 648/648/648 649/649/649
f 642/642/642 641/641/641 650/650/650
f 642/642/642 650/650/650 651/651/651
f 641/641/641 624/624/624 644/644/644
f 641/641/641 644/644/644 650/650/650
f 637/637/637 642/642/642 651/651/651
f 637/637/637 651/651/651 648/648/648
f 644/644/644 643/643/643 652/652/652
f 644/644/644 652/652/652 653/653/653
f 654/654/654 655/655/655 656/656/656
f 654/654/654 656/656/656 657/657/657
f 643/643/643 645/645/645 658/658/658
f 643/643/643 658/658/658 652/652/652
f 645/645/645 584/584/584 587/587/587
f 645/645/645 587/587/587 658/658/658
f 647/647/647 646/646/646 659/659/659
f 647/647/647 659/659/659 660/660/660
f 649/649/649 648/648/648 661/661/661
f 649/649/649 661/661/661 662/662/662
f 651/651/651 650/650/650 663/663/663
f 651/651/651 663/663/663 664/664/664
f 650/650/650 644/644/644 653/653/653
f 650/650/650 653/653/653 663/663/663
f 648/648/648 651/651/651 664/664/664
f 648/648/648 664/664/664 661/661/661
f 665/665/665 666/666/666 667/667/667
f 668/668/668 669/669/669 670/670/670
f 668/668/668 670/670/670 671/671/671
f 672/672/672 673/673/673 674/674/674
f 672/672/672 674/674/674 675/675/675
f 675/675/675 674/674/674 676/676/676
f 675/675/675 676/676/676 677/677/677
f 667/667/667 666/666/666 678/678/678
f 679/679/679 680/680/680 669/669/669
f 679/679/679 669/669/669 668/668/668
f 681/681/681 682/682/682 680/680/680
f 681/681/681 680/680/680 679/679/679
f 683/683/683 684/684/684 666/666/666
f 683/683/683 666/666/666 665/665/665
f 685/685/685 686/686/686 684/684/684
f 685/685/685 684/684/684 683/683/683
f 687/687/687 688/688/688 689/689/689
f 687/687/687 689/689/689 690/690/690
f 691/691/691 692/692/692 693/693/693
f 691/691/691 693/693/693 694/694/694
f 671/671/671 670/670/670 692/692/692
f 671/671/671 692/692/692 691/691/691
f 670/670/670 669/669/669 695/695/695
f 670/670/670 695/695/695 696/696/696
f 674/674/674 673/673/673 697/697/697
f 674/674/674 697/697/697 698/698/698
f 682/682/682 699/699/699 700/700/700
f 682/682/682 700/700/700 701/701/701
f 669/669/669 680/680/680 702/702/702
f 669/669/669 702/702/702 695/695/695
f 703/703/703 704/704/704 521/521/521
f 703/703/703 521/521/521 520/520/520
f 680/680/680 682/682/682 701/701/701
f 680/680/680 701/701/701 702/702/702
f 666/666/666 684/684/684 705/705/705
f 666/666/666 705/705/705 678/678/678
f 706/706/706 707/707/707 708/708/708
f 706/706/706 708/708/708 709/709/709
f 693/693/693 692/692/692 710/710/710
f 693/693/693 710/710/710 711/711/711
f 667/667/667 712/712/712 713/713/713
f 667/667/667 713/713/713 714/714/714
f 692/692/692 670/670/670 696/696/696
f 692/692/692 696/696/696 710/710/710
f 707/707/707 693/693/693 711/711/711
f 707/707/707 711/711/711 708/708/708
f 696/696/696 695/695/695 715/715/715
f 696/696/696 715/715/715 716/716/716
f 698/698/698 697/697/697 655/655/655
f 698/698/698 655/655/655 654/654/654
f 701/701/701 700/700/700 717/717/717
f 701/701/701 717/717/717 718/718/718
f 695/695/695 702/702/702 719/719/719
f 695/695/695 719/719/719 715/715/715
f 702/702/702 701/701/701 718/718/718
f 702/702/702 718/718/718 719/719/719
f 678/678/678 705/705/705 720/720/720
f 678/678/678 720/720/720 712/712/712
f 709/709/709 708/708/708 721/721/721
f 709/709/709 721/721/721 722/722/722
f 711/711/711 710/710/710 723/723/723
f 711/711/711 723/723/723 724/724/724
f 710/710/710 696/696/696 716/716/716
f 710/710/710 716/716/716 723/723/723
f 708/708/708 711/711/711 724/724/724
f 708/708/708 724/724/724 721/721/721
f 716/716/716 715/715/715 725/725/725
f 716/716/716 725/725/725 726/726/726
f 712/712/712 720/720/720 727/727/727
f 712/712/712 727/727/727 713/713/713
f 715/715/715 719/719/719 728/728/728
f 715/715/715 728/728/728 725/725/725
f 719/719/719 718/718/718 729/729/729
f 719/719/719 729/729/729 728/728/728
f 724/724/724 723/723/723 730/730/730
f 724/724/724 730/730/730 731/731/731
f 723/723/723 716/716/716 726/726/726
f 723/723/723 726/726/726 730/730/730
f 721/721/721 724/724/724 731/731/731
f 721/721/721 731/731/731 732/732/732
f 733/733/733 634/634/634 647/647/647
f 733/733/733 615/615/615 634/634/634
f 469/469/469 468/468/468 463/463/463
f 469/469/469 463/463/463 462/462/462
f 734/734/734 735/735/735 446/446/446
f 734/734/734 446/446/446 449/449/449
f 442/442/442 736/736/736 444/444/444
f 442/442/442 444/444/444 443/443/443
f 567/567/567 737/737/737 738/738/738
f 567/567/567 738/738/738 739/739/739
f 552/552/552 737/737/737 567/567/567
f 500/500/500 499/499/499 740/740/740
f 500/500/500 740/740/740 741/741/741
f 733/733/733 616/616/616 615/615/615
f 597/597/597 742/742/742 743/743/743
f 597/597/597 743/743/743 598/598/598
f 697/697/697 744/744/744 655/655/655
f 745/745/745 746/746/746 619/619/619
f 745/745/745 619/619/619 524/524/524
f 673/673/673 744/744/744 697/697/697
f 747/747/747 748/748/748 749/749/749
f 747/747/747 749/749/749 545/545/545
f 750/750/750 751/751/751 603/603/603
f 750/750/750 603/603/603 606/606/606
f 610/610/610 752/752/752 753/753/753
f 610/610/610 753/753/753 607/607/607
f 747/747/747 545/545/545 544/544/544
f 754/754/754 752/752/752 610/610/610
f 754/754/754 610/610/610 611/611/611
f 755/755/755 756/756/756 613/613/613
f 755/755/755 613/613/613 616/616/616
f 677/677/677 757/757/757 758/758/758
f 677/677/677 758/758/758 675/675/675
f 747/747/747 573/573/573 591/591/591
f 747/747/747 591/591/591 759/759/759
f 655/655/655 744/744/744 760/760/760
f 655/655/655 760/760/760 656/656/656
f 747/747/747 559/559/559 573/573/573
f 747/747/747 544/544/544 559/559/559
f 733/733/733 647/647/647 660/660/660
f 733/733/733 660/660/660 761/761/761
f 718/718/718 717/717/717 662/662/662
f 718/718/718 662/662/662 729/729/729
f 672/672/672 744/744/744 673/673/673
f 619/619/619 746/746/746 762/762/762
f 619/619/619 762/762/762 602/602/602
f 694/694/694 693/693/693 707/707/707
f 694/694/694 707/707/707 763/763/763
f 494/494/494 444/444/444 764/764/764
f 494/494/494 764/764/764 507/507/507
f 474/474/474 444/444/444 494/494/494
f 667/667/667 678/678/678 712/712/712
f 722/722/722 721/721/721 732/732/732
f 722/722/722 732/732/732 509/509/509
f 532/532/532 737/737/737 533/533/533
f 568/568/568 567/567/567 739/739/739
f 568/568/568 739/739/739 765/765/765
f 570/570/570 569/569/569 513/513/513
f 570/570/570 513/513/513 589/589/589
f 509/509/509 732/732/732 766/766/766
f 509/509/509 766/766/766 510/510/510
f 732/732/732 731/731/731 767/767/767
f 732/732/732 767/767/767 766/766/766
f 731/731/731 730/730/730 768/768/768
f 731/731/731 768/768/768 767/767/767
f 730/730/730 726/726/726 769/769/769
f 730/730/730 769/769/769 768/768/768
f 726/726/726 725/725/725 770/770/770
f 726/726/726 770/770/770 769/769/769
f 725/725/725 728/728/728 771/771/771
f 725/725/725 771/771/771 770/770/770
f 728/728/728 729/729/729 772/772/772
f 728/728/728 772/772/772 771/771/771
f 729/729/729 662/662/662 661/661/661
f 729/729/729 661/661/661 772/772/772
f 510/510/510 766/766/766 773/773/773
f 510/510/510 773/773/773 511/511/511
f 766/766/766 767/767/767 774/774/774
f 766/766/766 774/774/774 773/773/773
f 767/767/767 768/768/768 775/775/775
f 767/767/767 775/775/775 774/774/774
f 768/768/768 769/769/769 776/776/776
f 768/768/768 776/776/776 775/775/775
f 769/769/769 770/770/770 777/777/777
f 769/769/769 777/777/777 776/776/776
f 770/770/770 771/771/771 778/778/778
f 770/770/770 778/778/778 777/777/777
f 771/771/771 772/772/772 779/779/779
f 771/771/771 779/779/779 778/778/778
f 772/772/772 661/661/661 664/664/664
f 772/772/772 664/664/664 779/779/779
f 511/511/511 773/773/773 780/780/780
f 511/511/511 780/780/780 505/505/505
f 773/773/773 774/774/774 781/781/781
f 773/773/773 781/781/781 780/780/780
f 774/774/774 775/775/775 782/782/782
f 774/774/774 782/782/782 781/781/781
f 775/775/775 776/776/776 783/783/783
f 775/775/775 783/783/783 782/782/782
f 776/776/776 777/777/777 784/784/784
f 776/776/776 784/784/784 783/783/783
f 777/777/777 778/778/778 785/785/785
f 777/777/777 785/785/785 784/784/784
f 778/778/778 779/779/779 786/786/786
f 778/778/778 786/786/786 785/785/785
f 779/779/779 664/664/664 663/663/663
f 779/779/779 663/663/663 786/786/786
f 505/505/505 780/780/780 787/787/787
f 505/505/505 787/787/787 506/506/506
f 780/780/780 781/781/781 788/788/788
f 780/780/780 788/788/788 787/787/787
f 781/781/781 782/782/782 789/789/789
f 781/781/781 789/789/789 788/788/788
f 782/782/782 783/783/783 790/790/790
f 782/782/782 790/790/790 789/789/789
f 783/783/783 784/784/784 791/791/791
f 783/783/783 791/791/791 790/790/790
f 784/784/784 785/785/785 792/792/792
f 784/784/784 792/792/792 791/791/791
f 785/785/785 786/786/786 793/793/793
f 785/785/785 793/793/793 792/792/792
f 786/786/786 663/663/663 653/653/653
f 786/786/786 653/653/653 793/793/793
f 506/506/506 787/787/787 794/794/794
f 506/506/506 794/794/794 514/514/514
f 787/787/787 788/788/788 795/795/795
f 787/787/787 795/795/795 794/794/794
f 788/788/788 789/789/789 796/796/796
f 788/788/788 796/796/796 795/795/795
f 789/789/789 790/790/790 797/797/797
f 789/789/789 797/797/797 796/796/796
f 790/790/790 791/791/791 798/798/798
f 790/790/790 798/798/798 797/797/797
f 791/791/791 792/792/792 799/799/799
f 791/791/791 799/799/799 798/798/798
f 792/792/792 793/793/793 800/800/800
f 792/792/792 800/800/800 799/799/799
f 793/793/793 653/653/653 652/652/652
f 793/793/793 652/652/652 800/800/800
f 514/514/514 794/794/794 801/801/801
f 514/514/514 801/801/801 515/515/515
f 794/794/794 795/795/795 802/802/802
f 794/794/794 802/802/802 801/801/801
f 795/795/795 796/796/796 803/803/803
f 795/795/795 803/803/803 802/802/802
f 796/796/796 797/797/797 804/804/804
f 796/796/796 804/804/804 803/803/803
f 797/797/797 798/798/798 805/805/805
f 797/797/797 805/805/805 804/804/804
f 798/798/798 799/799/799 806/806/806
f 798/798/798 806/806/806 805/805/805
f 799/799/799 800/800/800 807/807/807
f 799/799/799 807/807/807 806/806/806
f 800/800/800 652/652/652 658/658/658
f 800/800/800 658/658/658 807/807/807
f 515/515/515 801/801/801 808/808/808
f 515/515/515 808/808/808 512/512/512
f 801/801/801 802/802/802 809/809/809
f 801/801/801 809/809/809 808/808/808
f 802/802/802 803/803/803 810/810/810
f 802/802/802 810/810/810 809/809/809
f 803/803/803 804/804/804 811/811/811
f 803/803/803 811/811/811 810/810/810
f 804/804/804 805/805/805 812/812/812
f 804/804/804 812/812/812 811/811/811
f 805/805/805 806/806/806 813/813/813
f 805/805/805 813/813/813 812/812/812
f 806/806/806 807/807/807 814/814/814
f 806/806/806 814/814/814 813/813/813
f 807/807/807 658/658/658 587/587/587
f 807/807/807 587/587/587 814/814/814
f 512/512/512 808/808/808 589/589/589
f 512/512/512 589/589/589 513/513/513
f 808/808/808 809/809/809 588/588/588
f 808/808/808 588/588/588 589/589/589
f 809/809/809 810/810/810 578/578/578
f 809/809/809 578/578/578 588/588/588
f 810/810/810 811/811/811 579/579/579
f 810/810/810 579/579/579 578/578/578
f 811/811/811 812/812/812 593/593/593
f 811/811/811 593/593/593 579/579/579
f 812/812/812 813/813/813 594/594/594
f 812/812/812 594/594/594 593/593/593
f 813/813/813 814/814/814 592/592/592
f 813/813/813 592/592/592 594/594/594
f 814/814/814 587/587/587 586/586/586
f 814/814/814 586/586/586 592/592/592
f 533/533/533 737/737/737 552/552/552
f 815/815/815 604/604/604 603/603/603
f 455/455/455 483/483/483 500/500/500
f 455/455/455 500/500/500 741/741/741
f 455/455/455 741/741/741 816/816/816
f 604/604/604 815/815/815 625/625/625
f 625/625/625 815/815/815 581/581/581
f 581/581/581 815/815/815 817/817/817
f 581/581/581 817/817/817 582/582/582
f 760/760/760 744/744/744 818/818/818
f 760/760/760 818/818/818 819/819/819
f 738/738/738 737/737/737 820/820/820
f 738/738/738 820/820/820 821/821/821
f 462/462/462 822/822/822 823/823/823
f 462/462/462 823/823/823 469/469/469
f 5/5/5 8/8/8 735/735/735
f 5/5/5 735/735/735 348/348/348
f 359/359/359 348/348/348 735/735/735
f 359/359/359 735/735/735 734/734/734
f 328/328/328 330/330/330 752/752/752
f 328/328/328 752/752/752 754/754/754
f 363/363/363 824/824/824 7/7/7
f 363/363/363 7/7/7 6/6/6
f 361/361/361 823/823/823 822/822/822
f 361/361/361 822/822/822 357/357/357
f 346/346/346 442/442/442 441/441/441
f 346/346/346 441/441/441 362/362/362
f 353/353/353 825/825/825 826/826/826
f 353/353/353 826/826/826 354/354/354
f 374/374/374 758/758/758 757/757/757
f 374/374/374 757/757/757 378/378/378
f 359/359/359 734/734/734 827/827/827
f 359/359/359 827/827/827 360/360/360
f 431/431/431 354/354/354 826/826/826
f 431/431/431 826/826/826 828/828/828
f 322/322/322 829/829/829 758/758/758
f 322/322/322 758/758/758 374/374/374
f 367/367/367 366/366/366 830/830/830
f 367/367/367 830/830/830 831/831/831
f 361/361/361 360/360/360 827/827/827
f 361/361/361 827/827/827 823/823/823
f 329/329/329 753/753/753 752/752/752
f 329/329/329 752/752/752 330/330/330
f 353/353/353 367/367/367 831/831/831
f 353/353/353 831/831/831 825/825/825
f 432/432/432 832/832/832 736/736/736
f 432/432/432 736/736/736 345/345/345
f 358/358/358 357/357/357 822/822/822
f 358/358/358 822/822/822 833/833/833
f 346/346/346 345/345/345 736/736/736
f 346/346/346 736/736/736 442/442/442
f 262/262/262 439/439/439 742/742/742
f 262/262/262 742/742/742 597/597/597
f 95/95/95 94/94/94 834/834/834
f 95/95/95 834/834/834 835/835/835
f 172/172/172 687/687/687 836/836/836
f 172/172/172 836/836/836 341/341/341
f 322/322/322 321/321/321 818/818/818
f 322/322/322 818/818/818 829/829/829
f 344/344/344 95/95/95 835/835/835
f 344/344/344 835/835/835 749/749/749
f 17/17/17 755/755/755 837/837/837
f 17/17/17 837/837/837 325/325/325
f 371/371/371 838/838/838 688/688/688
f 371/371/371 688/688/688 171/171/171
f 314/314/314 316/316/316 522/522/522
f 314/314/314 522/522/522 332/332/332
f 262/262/262 597/597/597 596/596/596
f 262/262/262 596/596/596 263/263/263
f 13/13/13 12/12/12 839/839/839
f 13/13/13 839/839/839 762/762/762
f 323/323/323 320/320/320 746/746/746
f 323/323/323 746/746/746 745/745/745
f 326/326/326 352/352/352 351/351/351
f 326/326/326 351/351/351 751/751/751
f 340/340/340 324/324/324 840/840/840
f 340/340/340 840/840/840 841/841/841
f 333/333/333 521/521/521 704/704/704
f 333/333/333 704/704/704 375/375/375
f 172/172/172 171/171/171 688/688/688
f 172/172/172 688/688/688 687/687/687
f 328/328/328 754/754/754 839/839/839
f 328/328/328 839/839/839 12/12/12
f 17/17/17 16/16/16 756/756/756
f 17/17/17 756/756/756 755/755/755
f 308/308/308 356/356/356 820/820/820
f 308/308/308 820/820/820 309/309/309
f 13/13/13 762/762/762 746/746/746
f 13/13/13 746/746/746 320/320/320
f 344/344/344 749/749/749 748/748/748
f 344/344/344 748/748/748 364/364/364
f 326/326/326 751/751/751 750/750/750
f 326/326/326 750/750/750 327/327/327
f 371/371/371 263/263/263 596/596/596
f 371/371/371 596/596/596 838/838/838
f 333/333/333 332/332/332 522/522/522
f 333/333/333 522/522/522 521/521/521
f 323/323/323 745/745/745 840/840/840
f 323/323/323 840/840/840 324/324/324
f 433/433/433 821/821/821 820/820/820
f 433/433/433 820/820/820 356/356/356
f 434/434/434 4/4/4 3/3/3
f 434/434/434 3/3/3 842/842/842
f 435/435/435 364/364/364 748/748/748
f 435/435/435 748/748/748 843/843/843
f 436/436/436 819/819/819 818/818/818
f 436/436/436 818/818/818 321/321/321
f 437/437/437 325/325/325 837/837/837
f 437/437/437 837/837/837 844/844/844
f 466/466/466 827/827/827 734/734/734
f 466/466/466 734/734/734 449/449/449
f 537/537/537 318/318/318 310/310/310
f 537/537/537 310/310/310 535/535/535
f 667/667/667 826/826/826 825/825/825
f 667/667/667 825/825/825 665/665/665
f 8/8/8 7/7/7 454/454/454
f 8/8/8 454/454/454 458/458/458
f 456/456/456 2/2/2 10/10/10
f 456/456/456 10/10/10 460/460/460
f 823/823/823 827/827/827 466/466/466
f 823/823/823 466/466/466 469/469/469
f 833/833/833 822/822/822 462/462/462
f 833/833/833 462/462/462 465/465/465
f 845/845/845 315/315/315 313/313/313
f 845/845/845 313/313/313 846/846/846
f 454/454/454 7/7/7 824/824/824
f 454/454/454 824/824/824 451/451/451
f 523/523/523 522/522/522 316/316/316
f 523/523/523 316/316/316 847/847/847
f 535/535/535 310/310/310 309/309/309
f 535/535/535 309/309/309 532/532/532
f 749/749/749 835/835/835 542/542/542
f 749/749/749 542/542/542 545/545/545
f 733/733/733 837/837/837 755/755/755
f 733/733/733 755/755/755 616/616/616
f 829/829/829 818/818/818 744/744/744
f 829/829/829 744/744/744 672/672/672
f 762/762/762 839/839/839 599/599/599
f 762/762/762 599/599/599 602/602/602
f 841/841/841 840/840/840 527/527/527
f 841/841/841 527/527/527 618/618/618
f 309/309/309 820/820/820 737/737/737
f 309/309/309 737/737/737 532/532/532
f 751/751/751 351/351/351 815/815/815
f 751/751/751 815/815/815 603/603/603
f 542/542/542 835/835/835 834/834/834
f 542/542/542 834/834/834 546/546/546
f 689/689/689 688/688/688 838/838/838
f 689/689/689 838/838/838 848/848/848
f 758/758/758 829/829/829 672/672/672
f 758/758/758 672/672/672 675/675/675
f 446/446/446 735/735/735 8/8/8
f 446/446/446 8/8/8 458/458/458
f 838/838/838 596/596/596 595/595/595
f 838/838/838 595/595/595 848/848/848
f 527/527/527 840/840/840 745/745/745
f 527/527/527 745/745/745 524/524/524
f 825/825/825 831/831/831 683/683/683
f 825/825/825 683/683/683 665/665/665
f 313/313/313 312/312/312 849/849/849
f 313/313/313 849/849/849 846/846/846
f 847/847/847 316/316/316 315/315/315
f 847/847/847 315/315/315 845/845/845
f 831/831/831 830/830/830 685/685/685
f 831/831/831 685/685/685 683/683/683
f 599/599/599 839/839/839 754/754/754
f 599/599/599 754/754/754 611/611/611
f 761/761/761 844/844/844 837/837/837
f 761/761/761 837/837/837 733/733/733
f 759/759/759 843/843/843 748/748/748
f 759/759/759 748/748/748 747/747/747
f 816/816/816 842/842/842 3/3/3
f 816/816/816 3/3/3 455/455/455
f 817/817/817 815/815/815 351/351/351
f 817/817/817 351/351/351 350/350/350
f 714/714/714 828/828/828 826/826/826
f 714/714/714 826/826/826 667/667/667
f 764/764/764 444/444/444 736/736/736
f 764/764/764 736/736/736 832/832/832
f 850/850/850 836/836/836 687/687/687
f 850/850/850 687/687/687 690/690/690
f 455/455/455 3/3/3 2/2/2
f 455/455/455 2/2/2 456/456/456
